{
	"__comment": "Designed by DevastMc",
	"gui_light": "front",
	"textures": {
		"furnaceonbutton": "blocks/furnaceonbutton"
	},
	"elements": [ 	 
		{
			"__comment": "Box1",
			"from": [ -13.5, 0.5, 9 ],
			"to": [ 28.5, 15.5, 10 ],
			"faces": {
				"down": { "uv": [ 0.5, 5.375, 4, 5.4375 ], "texture": "#furnaceonbutton" },
				"up": { "uv": [ 0.5, 4.25, 4, 4.1875 ], "texture": "#furnaceonbutton" },
				"north": { "uv": [ 4, 4.1875, 0.5, 5.4375 ], "texture": "#furnaceonbutton" },
				"south": { "uv": [ 0.5, 4.1875, 4, 5.4375 ], "texture": "#furnaceonbutton" },
				"west": { "uv": [ 0.5, 4.1875, 0.5625, 5.4375 ], "texture": "#furnaceonbutton" },
				"east": { "uv": [ 4, 5.4375, 3.9375, 4.1875 ], "texture": "#furnaceonbutton", "rotation": 180 }
			}
		}
	],
	"display": {
		"thirdperson_righthand": {
			"scale":  [ 0.0001, 0.0001, 0.0001 ]
		},
		"firstperson_righthand": {
			"scale":  [ 0.0001, 0.0001, 0.0001 ]
		},
		"gui": {
			"translation":  [ 17.26, -37, -26.43 ],
			"scale":  [ 1.3, 1.4, 1 ]
		},
		"ground": {
			"scale":  [ 0.0001, 0.0001, 0.0001 ]
		}
	}
}