

{
  "upgrade.twig1": {
    "stream": false,
    "category": "master",
    "sounds": [
      "upgrade/twig1"
    ]
  },
  "upgrade.twig2": {
    "category": "master",
    "sounds": [
      "upgrade/twig2"
    ]
  },
  "upgrade.twig3": {
    "category": "master",
    "sounds": [
      "upgrade/twig3"
    ]
  },
  "upgrade.stone1": {
    "category": "master",
    "sounds": [
      "upgrade/stone_1"
    ]
  },
  "upgrade.stone2": {
    "category": "master",
    "sounds": [
      "upgrade/stone_2"
    ]
  },
  "upgrade.stone3": {
    "category": "master",
    "sounds": [
      "upgrade/stone_3"
    ]
  },
  "upgrade.metal1": {
    "category": "master",
    "sounds": [
      "upgrade/metal_2"
    ]
  },
  "upgrade.metal2": {
    "category": "master",
    "sounds": [
      "upgrade/metal_2"
    ]
  },
  "upgrade.metal3": {
    "category": "master",
    "sounds": [
      "upgrade/metal_3"
    ]
  },
  "repair.spary": {
    "category": "master",
    "sounds": [
      "repairbench/skinchange_spraypaint"
    ]
  },
  "pickup.plant1": {
    "category": "master",
    "sounds": [
      "plants/pickplant1"
    ]
  },
  "pickup.plant2": {
    "category": "master",
    "sounds": [
      "plants/pickplant2"
    ]
  },
  "guns.ak": {
    "category": "master",
    "sounds": [
      "guns/ak"
    ]
  },
  "guns.eoka": {
    "category": "master",
    "sounds": [
      "guns/eoka_shoot"
    ]
  },
  "guns.eoka.hit": {
    "category": "master",
    "sounds": [
      "guns/eoka_hit"
    ]
  },
  "guns.revolver.shoot": {
    "category": "master",
    "sounds": [
      "guns/revolver_shoot"
    ]
  },
  "guns.revolver.reload": {
    "category": "master",
    "sounds": [
      "guns/revolver_reload"
    ]
  },
  "guns.revolver.noammo": {
    "category": "master",
    "sounds": [
      "guns/revolver_noammo"
    ]
  },
  "guns.doublebarrel.shoot": {
    "category": "master",
    "sounds": [
      "guns/doublebarrel"
    ]
  },
  "guns.doublebarrel.insetshell": {
    "category": "master",
    "sounds": [
      "guns/doubebarrel_insertshells"
    ]
  },
  "guns.doublebarrel.reload": {
    "category": "master",
    "sounds": [
      "guns/doublebarrel_reload"
    ]
  },
  "guns.doublebarrel.unload": {
    "category": "master",
    "sounds": [
      "guns/doublebarrel_unload"
    ]
  },
  "guns.doublebarrel.noammo": {
    "category": "master",
    "sounds": [
      "guns/doublebarrel_noammo"
    ]
  },
  "guns.nailgun.shoot": {
    "category": "master",
    "sounds": [
      "guns/nailgun"
    ]
  },
  "guns.nailgun.reload": {
    "category": "master",
    "sounds": [
      "guns/nailgun_reload"
    ]
  },
  "guns.custom.reload": {
    "category": "master",
    "sounds": [
      "guns/custom_reload"
    ]
  },
  "guns.custom.shoot": {
    "category": "master",
    "sounds": [
      "guns/custom"
    ]
  },
  "guns.sar.shoot": {
    "category": "master",
    "sounds": [
      "guns/sar"
    ]
  },
  "guns.sar.reload": {
    "category": "master",
    "sounds": [
      "guns/sar_reload"
    ]
  },
  "barrel.break1": {
    "category": "master",
    "stream": false,
    "sounds": [
      "barrels/barrelbreak_1"
    ]
  },
  "barrel.break2": {
    "category": "master",
    "stream": false,
    "sounds": [
      "barrels/barrelbreak_2"
    ]
  },
  "barrel.impact": {
    "category": "master",
    "stream": false,
    "sounds": [
      "barrels/barrel_impact"
    ]
  },
  "furnace.loop": {
    "category": "master",
    "sounds": [
      "furnace/furnaceloop"
    ]
  },
  "furnace.open": {
    "category": "master",
    "stream": false,
    "sounds": [
      "furnace/furnaceopen"
    ]
  },
  "furnace.close": {
    "category": "master",
    "sounds": [
      "furnace/furnaceclose"
    ]
  },
  "furnace.start": {
    "category": "master",
    "sounds": [
      "furnace/furnacestart"
    ]
  },
  "furnace.stop": {
    "category": "master",
    "sounds": [
      "furnace/furnacestop"
    ]
  },
  "tree.spraypaint": {
    "category": "master",
    "sounds": [
      "trees/spraypaint"
    ]
  },
  "tree.hitbonus": {
    "category": "master",
    "sounds": [
      "trees/treebonus"
    ]
  },
  "tree.fall": {
    "category": "master",
    "sounds": [
      "trees/treefall"
    ]
  },
  "tree.fallstart": {
    "category": "master",
    "sounds": [
      "trees/treefallstart"
    ]
  },
  "rock.hittree": {
    "category": "master",
    "sounds": [
      "trees/rockhittree"
    ]
  },
  "hatchet.hittree": {
    "category": "master",
    "sounds": [
      "trees/metalaxehit"
    ]
  },
  "stonehatchet.hittree": {
    "category": "master",
    "sounds": [
      "trees/stoneaxehit"
    ]
  },
  "satchel.fuse": {
    "category": "master",
    "sounds": [
      "satchel/fuse"
    ]
  },
  "satchel.deploy": {
    "category": "master",
    "sounds": [
      "satchel/satchel-deploy"
    ]
  },
  "satchel.explode1": {
    "category": "master",
    "sounds": [
      "satchel/satchel-explode-1"
    ]
  },
  "satchel.explode2": {
    "category": "master",
    "sounds": [
      "satchel/satchel-explode-2"
    ]
  },
  "satchel.throw": {
    "category": "master",
    "sounds": [
      "satchel/satchel-throw"
    ]
  },
  "satchel.throw1": {
    "category": "master",
    "sounds": [
      "satchel/satchel-throw-1"
    ]
  },
  "ore.orebreak1": {
    "category": "master",
    "sounds": [
      "ores/orebreak1"
    ]
  },
  "ore.orebreak2": {
    "category": "master",
    "sounds": [
      "ores/orebreak2"
    ]
  },
  "ore.orebreak3": {
    "category": "master",
    "sounds": [
      "ores/orebreak3"
    ]
  },
  "ore.orehit1": {
    "category": "master",
    "sounds": [
      "ores/orehit1"
    ]
  },
  "ore.orehit2": {
    "category": "master",
    "sounds": [
      "ores/orehit2"
    ]
  },
  "ore.orehit3": {
    "category": "master",
    "sounds": [
      "ores/orehit3"
    ]
  },
  "ore.orehit4": {
    "category": "master",
    "sounds": [
      "ores/orehit4"
    ]
  },
  "ore.orehitx": {
    "category": "master",
    "sounds": [
      "ores/orehitx"
    ]
  },
  "ore.pickorehit": {
    "category": "master",
    "sounds": [
      "ores/pickorehit"
    ]
  },
  "ore.stonetoolhit": {
    "category": "master",
    "sounds": [
      "ores/stonetoolhit"
    ]
  },
  "ore.icepick": {
    "category": "master",
    "sounds": [
      "ores/icepick"
    ]
  }
}
 