{
	"__comment": "Designed by DEVASTMC",
	"textures": {
		"texture": "blocks/downed"
	},
	"elements": [ 	 
		{
			"__comment": "Box1",
			"from": [ -7, -0.5, 3.5 ],
			"to": [ -3, 11, 8 ],
			"rotation": { "origin": [ -3, -0.5, 3.5 ], "axis": "z", "angle": -45 },
			"faces": {
				"down": { "uv": [ 7, 4, 6.5, 2.5 ], "texture": "#texture", "rotation": 180 },
				"up": { "uv": [ 6.5, 2.5, 7, 4 ], "texture": "#texture" },
				"north": { "uv": [ 7, 4, 6.5, 2.5 ], "texture": "#texture" },
				"south": { "uv": [ 7, 4, 6.5, 2.5 ], "texture": "#texture", "rotation": 180 },
				"west": { "uv": [ 7, 4, 6.5, 2.5 ], "texture": "#texture", "rotation": 180 },
				"east": { "uv": [ 6.5, 2.5, 7, 4 ], "texture": "#texture" }
			}
		},
		{
			"__comment": "Box1",
			"from": [ -1.4999, -0.5, 8 ],
			"to": [ 2.5001, 11, 12.5 ],
			"rotation": { "origin": [ -3, -0.5, 3.5 ], "axis": "z", "angle": -22.5 },
			"faces": {
				"down": { "uv": [ 6, 4, 5.5, 2.5 ], "texture": "#texture", "rotation": 180 },
				"up": { "uv": [ 5.5, 2.5, 6, 4 ], "texture": "#texture" },
				"north": { "uv": [ 6, 4, 5.5, 2.5 ], "texture": "#texture" },
				"south": { "uv": [ 6, 4, 5.5, 2.5 ], "texture": "#texture", "rotation": 180 },
				"west": { "uv": [ 6, 4, 5.5, 2.5 ], "texture": "#texture", "rotation": 180 },
				"east": { "uv": [ 5.5, 2.5, 6, 4 ], "texture": "#texture" }
			}
		},
		{
			"__comment": "Box1",
			"from": [ -7.0199, 10.54, 3.5 ],
			"to": [ -3.0199, 22.54, 12.5 ],
			"rotation": { "origin": [ -3, -0.5, 3.5 ], "axis": "z", "angle": -45 },
			"faces": {
				"down": { "uv": [ 6, 4, 5.5, 2.5 ], "texture": "#texture", "rotation": 270 },
				"up": { "uv": [ 5.5, 2.5, 6, 4 ], "texture": "#texture", "rotation": 270 },
				"north": { "uv": [ 6, 4, 5.5, 2.5 ], "texture": "#texture", "rotation": 180 },
				"south": { "uv": [ 6, 4, 5.5, 2.5 ], "texture": "#texture" },
				"west": { "uv": [ 3.5, 4, 2.5, 2.5 ], "texture": "#texture", "rotation": 180 },
				"east": { "uv": [ 4, 2.5, 5, 4 ], "texture": "#texture" }
			}
		},
		{
			"__comment": "Box1",
			"from": [ 0.2864, 12.7394, -1 ],
			"to": [ 11.7864, 16.7394, 3.5 ],
			"faces": {
				"down": { "uv": [ 1.5, 2.5, 2, 4 ], "texture": "#texture", "rotation": 90 },
				"up": { "uv": [ 1.5, 2.5, 2, 4 ], "texture": "#texture", "rotation": 270 },
				"north": { "uv": [ 2, 4, 1.5, 2.5 ], "texture": "#texture", "rotation": 270 },
				"south": { "uv": [ 2, 4, 1.5, 2.5 ], "texture": "#texture", "rotation": 270 },
				"west": { "uv": [ 1.5, 2.5, 2, 4 ], "texture": "#texture", "rotation": 180 },
				"east": { "uv": [ 1.5, 2.5, 2, 4 ], "texture": "#texture" }
			}
		},
		{
			"__comment": "Box1",
			"from": [ 7.2367, 11.3172, 12.271 ],
			"to": [ 10.7367, 23.3172, 16.771 ],
			"rotation": { "origin": [ 27, 22, 3.5 ], "axis": "z", "angle": 22.5 },
			"faces": {
				"down": { "uv": [ 1, 4, 0.5, 2.5 ], "texture": "#texture", "rotation": 180 },
				"up": { "uv": [ 0.5, 2.5, 1, 4 ], "texture": "#texture" },
				"north": { "uv": [ 0.5, 2.5, 1, 4 ], "texture": "#texture", "rotation": 180 },
				"south": { "uv": [ 0.5, 2.5, 1, 4 ], "texture": "#texture" },
				"west": { "uv": [ 0.5, 2.5, 1, 4 ], "texture": "#texture", "rotation": 180 },
				"east": { "uv": [ 1, 4, 0.5, 2.5 ], "texture": "#texture" }
			}
		},
		{
			"__comment": "Box1",
			"from": [ 0.2629, 21.5163, 4 ],
			"to": [ 8.2629, 29.5163, 12 ],
			"rotation": { "origin": [ -3, -0.5, 3.5 ], "axis": "z", "angle": -22.5 },
			"faces": {
				"down": { "uv": [ 3, 1, 2, 0 ], "texture": "#texture", "rotation": 90 },
				"up": { "uv": [ 1, 0, 2, 1 ], "texture": "#texture", "rotation": 270 },
				"north": { "uv": [ 1, 2, 0, 1 ], "texture": "#texture", "rotation": 180 },
				"south": { "uv": [ 3, 2, 2, 1 ], "texture": "#texture", "rotation": 180 },
				"west": { "uv": [ 2, 2, 1, 1 ], "texture": "#texture", "rotation": 180 },
				"east": { "uv": [ 3, 1, 4, 2 ], "texture": "#texture" }
			}
		}
	],
	"display": {
		"head": {
			"rotation":  [ 0, -90, 0 ],
			"translation":  [ 0, -31.3, 0 ],
			"scale":  [ 1.5, 1.5, 1.5 ]
		}
	}
}