{
	"__comment": "Designed by DEVASTMC",
	"textures": {
		"texture": "blocks/downed"
	},
	"elements": [ 	 
		{
			"__comment": "Box1",
			"from": [ -6, 0, 3.5 ],
			"to": [ 5.5, 4, 8 ],
			"faces": {
				"down": { "uv": [ 6.5, 2.5, 7, 4 ], "texture": "#texture", "rotation": 90 },
				"up": { "uv": [ 6.5, 2.5, 7, 4 ], "texture": "#texture", "rotation": 90 },
				"north": { "uv": [ 6.5, 2.5, 7, 4 ], "texture": "#texture", "rotation": 90 },
				"south": { "uv": [ 6.5, 2.5, 7, 4 ], "texture": "#texture", "rotation": 90 },
				"west": { "uv": [ 6.5, 2.5, 7, 4 ], "texture": "#texture", "rotation": 90 },
				"east": { "uv": [ 6.5, 2.5, 7, 4 ], "texture": "#texture", "rotation": 90 }
			}
		},
		{
			"__comment": "Box1",
			"from": [ -6.5669, -0.4333, 8 ],
			"to": [ 4.9331, 3.5667, 12.5 ],
			"faces": {
				"down": { "uv": [ 5.5, 2.5, 6, 4 ], "texture": "#texture", "rotation": 90 },
				"up": { "uv": [ 5.5, 2.5, 6, 4 ], "texture": "#texture", "rotation": 90 },
				"north": { "uv": [ 5.5, 2.5, 6, 4 ], "texture": "#texture", "rotation": 90 },
				"south": { "uv": [ 5.5, 2.5, 6, 4 ], "texture": "#texture", "rotation": 90 },
				"west": { "uv": [ 5.5, 2.5, 6, 4 ], "texture": "#texture", "rotation": 90 },
				"east": { "uv": [ 5.5, 2.5, 6, 4 ], "texture": "#texture", "rotation": 90 }
			}
		},
		{
			"__comment": "Box1",
			"from": [ 5.1802, 0.1369, 3.5 ],
			"to": [ 17.1802, 4.1369, 12.5 ],
			"faces": {
				"down": { "uv": [ 4, 2.5, 5, 4 ], "texture": "#texture", "rotation": 90 },
				"up": { "uv": [ 2.5, 2.5, 3.5, 4 ], "texture": "#texture", "rotation": 90 },
				"north": { "uv": [ 5.5, 2.5, 6, 4 ], "texture": "#texture", "rotation": 270 },
				"south": { "uv": [ 5.5, 2.5, 6, 4 ], "texture": "#texture", "rotation": 270 },
				"west": { "uv": [ 5.5, 2.5, 6, 4 ], "texture": "#texture", "rotation": 180 },
				"east": { "uv": [ 5.5, 2.5, 6, 4 ], "texture": "#texture" }
			}
		},
		{
			"__comment": "Box1",
			"from": [ 19.2136, 11.7604, -1 ],
			"to": [ 30.7136, 15.7604, 3.5 ],
			"rotation": { "origin": [ 7.5, 26, 3.5 ], "axis": "z", "angle": -45 },
			"faces": {
				"down": { "uv": [ 1.5, 2.5, 2, 4 ], "texture": "#texture", "rotation": 90 },
				"up": { "uv": [ 1.5, 2.5, 2, 4 ], "texture": "#texture", "rotation": 270 },
				"north": { "uv": [ 1.5, 2.5, 2, 4 ], "texture": "#texture", "rotation": 270 },
				"south": { "uv": [ 1.5, 2.5, 2, 4 ], "texture": "#texture", "rotation": 270 },
				"west": { "uv": [ 1.5, 2.5, 2, 4 ], "texture": "#texture", "rotation": 180 },
				"east": { "uv": [ 1.5, 2.5, 2, 4 ], "texture": "#texture" }
			}
		},
		{
			"__comment": "Box1",
			"from": [ 4.5, 0, 12.5 ],
			"to": [ 16.5, 3.5, 17 ],
			"faces": {
				"down": { "uv": [ 1, 4, 0.5, 2.5 ], "texture": "#texture", "rotation": 90 },
				"up": { "uv": [ 1, 4, 0.5, 2.5 ], "texture": "#texture", "rotation": 90 },
				"north": { "uv": [ 1, 4, 0.5, 2.5 ], "texture": "#texture", "rotation": 270 },
				"south": { "uv": [ 1, 4, 0.5, 2.5 ], "texture": "#texture", "rotation": 270 },
				"west": { "uv": [ 0.5, 2.5, 1, 4 ], "texture": "#texture", "rotation": 90 },
				"east": { "uv": [ 0.5, 2.5, 1, 4 ], "texture": "#texture", "rotation": 90 }
			}
		},
		{
			"__comment": "Box1",
			"from": [ 24.1037, -4.4279, 4 ],
			"to": [ 32, 3.572098, 12 ],
			"rotation": { "origin": [ 15, -16.5, 3.5 ], "axis": "z", "angle": 22.5 },
			"faces": {
				"down": { "uv": [ 3, 1, 4, 2 ], "texture": "#texture", "rotation": 90 },
				"up": { "uv": [ 1, 1, 2, 2 ], "texture": "#texture", "rotation": 90 },
				"north": { "uv": [ 0, 1, 1, 2 ], "texture": "#texture", "rotation": 270 },
				"south": { "uv": [ 2, 1, 3, 2 ], "texture": "#texture", "rotation": 90 },
				"west": { "uv": [ 2, 0, 3, 1 ], "texture": "#texture" },
				"east": { "uv": [ 1, 0, 2, 1 ], "texture": "#texture" }
			}
		}
	],
	"display": {
		"head": {
			"rotation":  [ 0, -90, 0 ],
			"translation":  [ 0, -31.3, 0 ],
			"scale":  [ 1.5, 1.5, 1.5 ]
		}
	}
}