{
	"__comment": "Designed by DevastMc",
	"textures": {
		"eoka": "blocks/eoka"
	},
	"elements": [ 	 
		{
			"__comment": "Voxels",
			"from": [ -4, 12, 7 ],
			"to": [ 0, 13, 7.5 ],
			"faces": {
				"down": { "uv": [ 10.25, 10, 11.25, 10.125 ], "texture": "#eoka" },
				"up": { "uv": [ 8.75, 9.875, 9.75, 9.75 ], "texture": "#eoka" },
				"north": { "uv": [ 2.75, 4.75, 1.75, 5 ], "texture": "#eoka" },
				"south": { "uv": [ 1.75, 5, 2.75, 5.25 ], "texture": "#eoka" },
				"west": { "uv": [ 6.5, 2.625, 6.625, 2.875 ], "texture": "#eoka" },
				"east": { "uv": [ 2.75, 9.5, 2.625, 9.75 ], "texture": "#eoka" }
			}
		},
		{
			"__comment": "Voxels",
			"from": [ -4, 12, 7.5 ],
			"to": [ 0, 12.5, 9 ],
			"faces": {
				"down": { "uv": [ 0, 3.25, 1, 3.625 ], "texture": "#eoka" },
				"up": { "uv": [ 15, 15.5, 16, 15.125 ], "texture": "#eoka" },
				"south": { "uv": [ 14.75, 9.875, 15.75, 10 ], "texture": "#eoka" },
				"west": { "uv": [ 15.625, 14.125, 16, 14.25 ], "texture": "#eoka" },
				"east": { "uv": [ 2.125, 4, 1.75, 4.125 ], "texture": "#eoka" }
			}
		},
		{
			"__comment": "Voxels",
			"from": [ -4, 12.5, 8.5 ],
			"to": [ 2.5, 13, 9.5 ],
			"faces": {
				"down": { "uv": [ 4.375, 11.625, 6, 11.875 ], "texture": "#eoka" },
				"up": { "uv": [ 2.75, 11.875, 4.375, 11.625 ], "texture": "#eoka" },
				"north": { "uv": [ 4.375, 5.375, 2.75, 5.5 ], "texture": "#eoka" },
				"south": { "uv": [ 2.75, 5.25, 4.375, 5.375 ], "texture": "#eoka" },
				"west": { "uv": [ 15.75, 9.75, 16, 9.875 ], "texture": "#eoka" },
				"east": { "uv": [ 16, 9.625, 15.75, 9.75 ], "texture": "#eoka" }
			}
		},
		{
			"__comment": "Voxels",
			"from": [ -4, 13, 6.5 ],
			"to": [ -1, 13.5, 7.5 ],
			"faces": {
				"down": { "uv": [ 2, 0.625, 2.75, 0.875 ], "texture": "#eoka" },
				"up": { "uv": [ 2, 0.625, 2.75, 0.375 ], "texture": "#eoka" },
				"north": { "uv": [ 6.5, 8.625, 5.75, 8.75 ], "texture": "#eoka" },
				"south": { "uv": [ 5.75, 9.25, 6.5, 9.375 ], "texture": "#eoka" },
				"west": { "uv": [ 12.5, 9.375, 12.75, 9.5 ], "texture": "#eoka" },
				"east": { "uv": [ 13, 9.375, 12.75, 9.5 ], "texture": "#eoka" }
			}
		},
		{
			"__comment": "Voxels",
			"from": [ -4, 13, 8.5 ],
			"to": [ -1, 13.5, 9.5 ],
			"faces": {
				"up": { "uv": [ 15.25, 11.875, 16, 11.625 ], "texture": "#eoka" },
				"north": { "uv": [ 6.5, 9.375, 5.75, 9.5 ], "texture": "#eoka" },
				"south": { "uv": [ 13.375, 9.5, 14.125, 9.625 ], "texture": "#eoka" },
				"west": { "uv": [ 13, 9.375, 13.25, 9.5 ], "texture": "#eoka" },
				"east": { "uv": [ 13.5, 9.375, 13.25, 9.5 ], "texture": "#eoka" }
			}
		},
		{
			"__comment": "Voxels",
			"from": [ -4, 13.5, 7 ],
			"to": [ 8.5, 14, 7.5 ],
			"faces": {
				"down": { "uv": [ 12.625, 14.75, 15.75, 14.875 ], "texture": "#eoka" },
				"up": { "uv": [ 9.5, 14.875, 12.625, 14.75 ], "texture": "#eoka" },
				"north": { "uv": [ 12.25, 11.625, 9.125, 11.75 ], "texture": "#eoka" },
				"south": { "uv": [ 9.25, 11.875, 12.375, 12 ], "texture": "#eoka" },
				"west": { "uv": [ 5.125, 9.375, 5.25, 9.5 ], "texture": "#eoka" },
				"east": { "uv": [ 5.75, 0.375, 5.625, 0.5 ], "texture": "#eoka" }
			}
		},
		{
			"__comment": "Voxels",
			"from": [ -4, 14, 7.5 ],
			"to": [ 8, 14.5, 8.5 ],
			"faces": {
				"down": { "uv": [ 7, 14.25, 10, 14.5 ], "texture": "#eoka" },
				"up": { "uv": [ 7, 14.75, 10, 14.5 ], "texture": "#eoka" },
				"north": { "uv": [ 11.75, 11.5, 8.75, 11.625 ], "texture": "#eoka" },
				"south": { "uv": [ 5.75, 11.5, 8.75, 11.625 ], "texture": "#eoka" },
				"west": { "uv": [ 13.75, 9.375, 14, 9.5 ], "texture": "#eoka" },
				"east": { "uv": [ 14.25, 9.375, 14, 9.5 ], "texture": "#eoka" }
			}
		},
		{
			"__comment": "Voxels",
			"from": [ -3.5, 11.5, 7 ],
			"to": [ 15.5, 12, 8.5 ],
			"faces": {
				"down": { "uv": [ 0, 14.75, 4.75, 15.125 ], "texture": "#eoka" },
				"up": { "uv": [ 4.75, 15.125, 9.5, 14.75 ], "texture": "#eoka" },
				"north": { "uv": [ 6, 13.75, 1.25, 13.875 ], "texture": "#eoka" },
				"south": { "uv": [ 6, 13.75, 10.75, 13.875 ], "texture": "#eoka" },
				"west": { "uv": [ 4.875, 8.125, 5.25, 8.25 ], "texture": "#eoka" },
				"east": { "uv": [ 5.25, 8, 4.875, 8.125 ], "texture": "#eoka" }
			}
		},
		{
			"__comment": "Voxels",
			"from": [ -3.5, 11.5, 8.5 ],
			"to": [ 15, 12, 9 ],
			"faces": {
				"down": { "uv": [ 5.875, 13.5, 10.5, 13.625 ], "texture": "#eoka" },
				"up": { "uv": [ 1.25, 13.625, 5.875, 13.5 ], "texture": "#eoka" },
				"south": { "uv": [ 5.875, 13.625, 10.5, 13.75 ], "texture": "#eoka" },
				"west": { "uv": [ 5.625, 0.25, 5.75, 0.375 ], "texture": "#eoka" },
				"east": { "uv": [ 6.5, 4.125, 6.375, 4.25 ], "texture": "#eoka" }
			}
		},
		{
			"__comment": "Voxels",
			"from": [ -3.5, 12, 6.5 ],
			"to": [ 0, 13, 7 ],
			"faces": {
				"down": { "uv": [ 4.375, 5.25, 5.25, 5.375 ], "texture": "#eoka" },
				"up": { "uv": [ 4.375, 4.625, 5.25, 4.5 ], "texture": "#eoka" },
				"north": { "uv": [ 2.125, 2.625, 1.25, 2.875 ], "texture": "#eoka" },
				"west": { "uv": [ 6.5, 6.125, 6.625, 6.375 ], "texture": "#eoka" },
				"east": { "uv": [ 6.625, 5.875, 6.5, 6.125 ], "texture": "#eoka" }
			}
		},
		{
			"__comment": "Voxels",
			"from": [ -3.5, 12, 9 ],
			"to": [ 0, 12.5, 9.5 ],
			"faces": {
				"down": { "uv": [ 4.375, 4.75, 5.25, 4.875 ], "texture": "#eoka" },
				"south": { "uv": [ 4.375, 4.625, 5.25, 4.75 ], "texture": "#eoka" },
				"west": { "uv": [ 6.375, 4, 6.5, 4.125 ], "texture": "#eoka" },
				"east": { "uv": [ 6.5, 2.625, 6.375, 2.75 ], "texture": "#eoka" }
			}
		},
		{
			"__comment": "Voxels",
			"from": [ -3.5, 12.5, 7.5 ],
			"to": [ 2.5, 13, 8.5 ],
			"faces": {
				"down": { "uv": [ 1.25, 11.625, 2.75, 11.875 ], "texture": "#eoka" },
				"up": { "uv": [ 1.25, 11.625, 2.75, 11.375 ], "texture": "#eoka" },
				"north": { "uv": [ 2.75, 1.375, 1.25, 1.5 ], "texture": "#eoka" },
				"west": { "uv": [ 14.5, 9.375, 14.75, 9.5 ], "texture": "#eoka" },
				"east": { "uv": [ 15, 9.375, 14.75, 9.5 ], "texture": "#eoka" }
			}
		},
		{
			"__comment": "Voxels",
			"from": [ -3.5, 13.5, 6.5 ],
			"to": [ 8, 14, 7 ],
			"faces": {
				"down": { "uv": [ 2.75, 11.25, 5.625, 11.375 ], "texture": "#eoka" },
				"up": { "uv": [ 5.625, 11.375, 8.5, 11.25 ], "texture": "#eoka" },
				"north": { "uv": [ 11.375, 11.25, 8.5, 11.375 ], "texture": "#eoka" },
				"west": { "uv": [ 6.375, 2.5, 6.5, 2.625 ], "texture": "#eoka" },
				"east": { "uv": [ 6.5, 1.875, 6.375, 2 ], "texture": "#eoka" }
			}
		},
		{
			"__comment": "Voxels",
			"from": [ -3.5, 13.5, 7.5 ],
			"to": [ 9, 14, 8.5 ],
			"faces": {
				"down": { "uv": [ 12.625, 14.875, 15.75, 15.125 ], "texture": "#eoka" },
				"up": { "uv": [ 9.5, 15.125, 12.625, 14.875 ], "texture": "#eoka" },
				"north": { "uv": [ 9.125, 11.625, 6, 11.75 ], "texture": "#eoka" },
				"south": { "uv": [ 9.125, 11.75, 12.25, 11.875 ], "texture": "#eoka" },
				"west": { "uv": [ 6.875, 9.25, 7.125, 9.375 ], "texture": "#eoka" },
				"east": { "uv": [ 7.375, 9.25, 7.125, 9.375 ], "texture": "#eoka" }
			}
		},
		{
			"__comment": "Voxels",
			"from": [ -3.5, 13.5, 8.5 ],
			"to": [ 7.5, 14.5, 9 ],
			"faces": {
				"down": { "uv": [ 2.75, 10.875, 5.5, 11 ], "texture": "#eoka" },
				"up": { "uv": [ 11.375, 11.125, 14.125, 11 ], "texture": "#eoka" },
				"north": { "uv": [ 15.625, 14.25, 12.875, 14.5 ], "texture": "#eoka" },
				"south": { "uv": [ 12.875, 14.5, 15.625, 14.75 ], "texture": "#eoka" },
				"west": { "uv": [ 6.5, 4.125, 6.625, 4.375 ], "texture": "#eoka" },
				"east": { "uv": [ 6.625, 3.875, 6.5, 4.125 ], "texture": "#eoka" }
			}
		},
		{
			"__comment": "Voxels",
			"from": [ -3.5, 13.5, 9 ],
			"to": [ 8.5, 14, 9.5 ],
			"faces": {
				"down": { "uv": [ 2.75, 11.5, 5.75, 11.625 ], "texture": "#eoka" },
				"up": { "uv": [ 12.25, 11.75, 15.25, 11.625 ], "texture": "#eoka" },
				"north": { "uv": [ 15.25, 11.75, 12.25, 11.875 ], "texture": "#eoka" },
				"south": { "uv": [ 7, 14.125, 10, 14.25 ], "texture": "#eoka" },
				"west": { "uv": [ 6.375, 1.75, 6.5, 1.875 ], "texture": "#eoka" },
				"east": { "uv": [ 6.5, 1.625, 6.375, 1.75 ], "texture": "#eoka" }
			}
		},
		{
			"__comment": "Voxels",
			"from": [ -3.5, 14, 7 ],
			"to": [ 8, 14.5, 7.5 ],
			"faces": {
				"up": { "uv": [ 5.625, 11.25, 8.5, 11.125 ], "texture": "#eoka" },
				"north": { "uv": [ 11.375, 11.125, 8.5, 11.25 ], "texture": "#eoka" },
				"west": { "uv": [ 6.375, 1.5, 6.5, 1.625 ], "texture": "#eoka" },
				"east": { "uv": [ 6.5, 1.125, 6.375, 1.25 ], "texture": "#eoka" }
			}
		},
		{
			"__comment": "Voxels",
			"from": [ -2, 9.5, 7 ],
			"to": [ 2.5, 10.5, 7.5 ],
			"faces": {
				"down": { "uv": [ 9.875, 10.5, 11, 10.625 ], "texture": "#eoka" },
				"up": { "uv": [ 11, 10.5, 12.125, 10.375 ], "texture": "#eoka" },
				"north": { "uv": [ 2.375, 6.5, 1.25, 6.75 ], "texture": "#eoka" },
				"south": { "uv": [ 1.25, 5.75, 2.375, 6 ], "texture": "#eoka" },
				"west": { "uv": [ 6.625, 6.75, 6.75, 7 ], "texture": "#eoka" },
				"east": { "uv": [ 6.75, 7, 6.625, 7.25 ], "texture": "#eoka" }
			}
		},
		{
			"__comment": "Voxels",
			"from": [ -2, 9.5, 7.5 ],
			"to": [ 17.5, 10, 8 ],
			"faces": {
				"down": { "uv": [ 6.25, 14, 11.125, 14.125 ], "texture": "#eoka" },
				"up": { "uv": [ 11.125, 14, 16, 13.875 ], "texture": "#eoka" },
				"north": { "uv": [ 16, 14, 11.125, 14.125 ], "texture": "#eoka" },
				"south": { "uv": [ 6.25, 13.875, 11.125, 14 ], "texture": "#eoka" },
				"west": { "uv": [ 6.75, 5, 6.875, 5.125 ], "texture": "#eoka" },
				"east": { "uv": [ 6.875, 5.125, 6.75, 5.25 ], "texture": "#eoka" }
			}
		},
		{
			"__comment": "Voxels",
			"from": [ -2, 9.5, 8 ],
			"to": [ 5.5, 10.5, 8.5 ],
			"faces": {
				"down": { "uv": [ 14.125, 12.75, 16, 12.875 ], "texture": "#eoka" },
				"up": { "uv": [ 14.125, 13.5, 16, 13.375 ], "texture": "#eoka" },
				"north": { "uv": [ 4.625, 12.5, 2.75, 12.75 ], "texture": "#eoka" },
				"south": { "uv": [ 3, 14.125, 4.875, 14.375 ], "texture": "#eoka" },
				"west": { "uv": [ 6.5, 1.125, 6.625, 1.375 ], "texture": "#eoka" },
				"east": { "uv": [ 6.625, 1.375, 6.5, 1.625 ], "texture": "#eoka" }
			}
		},
		{
			"__comment": "Voxels",
			"from": [ -2, 9.5, 8.5 ],
			"to": [ 0.5, 10.5, 9 ],
			"faces": {
				"down": { "uv": [ 5.75, 0.875, 6.375, 1 ], "texture": "#eoka" },
				"up": { "uv": [ 5.75, 0.875, 6.375, 0.75 ], "texture": "#eoka" },
				"south": { "uv": [ 2.125, 2.625, 2.75, 2.875 ], "texture": "#eoka" },
				"west": { "uv": [ 6.5, 1.625, 6.625, 1.875 ], "texture": "#eoka" },
				"east": { "uv": [ 6.625, 1.875, 6.5, 2.125 ], "texture": "#eoka" }
			}
		},
		{
			"__comment": "Voxels",
			"from": [ -2, 10, 6.5 ],
			"to": [ 1, 10.5, 7 ],
			"faces": {
				"down": { "uv": [ 5.75, 5.875, 6.5, 6 ], "texture": "#eoka" },
				"up": { "uv": [ 5.75, 6.125, 6.5, 6 ], "texture": "#eoka" },
				"north": { "uv": [ 6.5, 6.375, 5.75, 6.5 ], "texture": "#eoka" },
				"west": { "uv": [ 6.75, 6.5, 6.875, 6.625 ], "texture": "#eoka" },
				"east": { "uv": [ 6.875, 6.625, 6.75, 6.75 ], "texture": "#eoka" }
			}
		},
		{
			"__comment": "Voxels",
			"from": [ -2, 10, 7.5 ],
			"to": [ 1, 10.5, 8 ],
			"faces": {
				"up": { "uv": [ 5.75, 7.375, 6.5, 7.25 ], "texture": "#eoka" },
				"west": { "uv": [ 6.75, 6.75, 6.875, 6.875 ], "texture": "#eoka" },
				"east": { "uv": [ 6.875, 6.875, 6.75, 7 ], "texture": "#eoka" }
			}
		},
		{
			"__comment": "Voxels",
			"from": [ -2, 10, 9 ],
			"to": [ 16.5, 10.5, 9.5 ],
			"faces": {
				"down": { "uv": [ 10.5, 13.5, 15.125, 13.625 ], "texture": "#eoka" },
				"up": { "uv": [ 10.75, 13.875, 15.375, 13.75 ], "texture": "#eoka" },
				"north": { "uv": [ 5.875, 13.625, 1.25, 13.75 ], "texture": "#eoka" },
				"south": { "uv": [ 1.25, 13.375, 5.875, 13.5 ], "texture": "#eoka" },
				"west": { "uv": [ 6.75, 7.25, 6.875, 7.375 ], "texture": "#eoka" },
				"east": { "uv": [ 6.875, 7.375, 6.75, 7.5 ], "texture": "#eoka" }
			}
		},
		{
			"__comment": "Voxels",
			"from": [ -2, 10.5, 6 ],
			"to": [ 0, 13.5, 6.5 ],
			"faces": {
				"down": { "uv": [ 5.25, 5.375, 5.75, 5.5 ], "texture": "#eoka" },
				"up": { "uv": [ 5.25, 5.625, 5.75, 5.5 ], "texture": "#eoka" },
				"north": { "uv": [ 0.5, 1, 0, 1.75 ], "texture": "#eoka" },
				"south": { "uv": [ 0.5, 2.5, 1, 3.25 ], "texture": "#eoka" },
				"west": { "uv": [ 1.125, 12, 1.25, 12.75 ], "texture": "#eoka" },
				"east": { "uv": [ 1.25, 11, 1.125, 11.75 ], "texture": "#eoka" }
			}
		},
		{
			"__comment": "Voxels",
			"from": [ -2, 10.5, 6.5 ],
			"to": [ 0, 12, 7 ],
			"faces": {
				"south": { "uv": [ 2.125, 3.75, 2.625, 4.125 ], "texture": "#eoka" },
				"west": { "uv": [ 6.5, 7.875, 6.625, 8.25 ], "texture": "#eoka" },
				"east": { "uv": [ 6.625, 8.25, 6.5, 8.625 ], "texture": "#eoka" }
			}
		},
		{
			"__comment": "Voxels",
			"from": [ -2, 10.5, 7 ],
			"to": [ 0, 11.5, 10 ],
			"faces": {
				"down": { "uv": [ 0, 2.5, 0.5, 3.25 ], "texture": "#eoka" },
				"up": { "uv": [ 1.25, 12.625, 1.75, 11.875 ], "texture": "#eoka" },
				"south": { "uv": [ 5.25, 9.5, 5.75, 9.75 ], "texture": "#eoka" },
				"west": { "uv": [ 2, 1.125, 2.75, 1.375 ], "texture": "#eoka" },
				"east": { "uv": [ 2, 0.875, 1.25, 1.125 ], "texture": "#eoka" }
			}
		},
		{
			"__comment": "Voxels",
			"from": [ -2, 11, 5.5 ],
			"to": [ 0, 13, 6 ],
			"faces": {
				"down": { "uv": [ 5.25, 5.75, 5.75, 5.875 ], "texture": "#eoka" },
				"up": { "uv": [ 5.25, 6.25, 5.75, 6.125 ], "texture": "#eoka" },
				"north": { "uv": [ 1.75, 4.75, 1.25, 5.25 ], "texture": "#eoka" },
				"west": { "uv": [ 5.625, 8, 5.75, 8.5 ], "texture": "#eoka" },
				"east": { "uv": [ 5.625, 8.75, 5.5, 9.25 ], "texture": "#eoka" }
			}
		},
		{
			"__comment": "Voxels",
			"from": [ -2, 11, 10 ],
			"to": [ 1.5, 13, 10.5 ],
			"faces": {
				"down": { "uv": [ 11.375, 9.625, 12.25, 9.75 ], "texture": "#eoka" },
				"up": { "uv": [ 12.25, 9.75, 13.125, 9.625 ], "texture": "#eoka" },
				"north": { "uv": [ 0.875, 5.75, 0, 6.25 ], "texture": "#eoka" },
				"south": { "uv": [ 15, 15.5, 15.875, 16 ], "texture": "#eoka" },
				"west": { "uv": [ 2.625, 3.25, 2.75, 3.75 ], "texture": "#eoka" },
				"east": { "uv": [ 16, 15.5, 15.875, 16 ], "texture": "#eoka" }
			}
		},
		{
			"__comment": "Voxels",
			"from": [ -2, 11.5, 9 ],
			"to": [ 14, 12, 9.5 ],
			"faces": {
				"down": { "uv": [ 10.75, 13.125, 14.75, 13.25 ], "texture": "#eoka" },
				"up": { "uv": [ 6.75, 13.25, 10.75, 13.125 ], "texture": "#eoka" },
				"south": { "uv": [ 11, 13.25, 15, 13.375 ], "texture": "#eoka" },
				"west": { "uv": [ 12, 9, 12.125, 9.125 ], "texture": "#eoka" },
				"east": { "uv": [ 11.75, 9, 11.625, 9.125 ], "texture": "#eoka" }
			}
		},
		{
			"__comment": "Voxels",
			"from": [ -2, 11.5, 9.5 ],
			"to": [ 11.5, 12, 10 ],
			"faces": {
				"down": { "uv": [ 2.75, 12, 6.125, 12.125 ], "texture": "#eoka" },
				"up": { "uv": [ 6.375, 12.25, 9.75, 12.125 ], "texture": "#eoka" },
				"south": { "uv": [ 9.75, 12.125, 13.125, 12.25 ], "texture": "#eoka" },
				"west": { "uv": [ 11.5, 9, 11.625, 9.125 ], "texture": "#eoka" },
				"east": { "uv": [ 11.5, 9, 11.375, 9.125 ], "texture": "#eoka" }
			}
		},
		{
			"__comment": "Voxels",
			"from": [ -2, 12, 9.5 ],
			"to": [ 0, 13, 10 ],
			"faces": {
				"up": { "uv": [ 5.25, 7.875, 5.75, 7.75 ], "texture": "#eoka" },
				"north": { "uv": [ 5.75, 9.75, 5.25, 10 ], "texture": "#eoka" },
				"west": { "uv": [ 6.5, 4.375, 6.625, 4.625 ], "texture": "#eoka" },
				"east": { "uv": [ 6.625, 4.625, 6.5, 4.875 ], "texture": "#eoka" }
			}
		},
		{
			"__comment": "Voxels",
			"from": [ -2, 13, 7.5 ],
			"to": [ -1, 13.5, 8.5 ],
			"faces": {
				"west": { "uv": [ 15.25, 9.375, 15.5, 9.5 ], "texture": "#eoka" },
				"east": { "uv": [ 15.25, 9.375, 15, 9.5 ], "texture": "#eoka" }
			}
		},
		{
			"__comment": "Voxels",
			"from": [ -2, 13, 9.5 ],
			"to": [ -1.5, 14, 10 ],
			"faces": {
				"up": { "uv": [ 9.125, 9.125, 9.25, 9 ], "texture": "#eoka" },
				"north": { "uv": [ 6.625, 4.875, 6.5, 5.125 ], "texture": "#eoka" },
				"south": { "uv": [ 6.5, 5.125, 6.625, 5.375 ], "texture": "#eoka" },
				"west": { "uv": [ 6.5, 5.375, 6.625, 5.625 ], "texture": "#eoka" },
				"east": { "uv": [ 6.625, 5.625, 6.5, 5.875 ], "texture": "#eoka" }
			}
		},
		{
			"__comment": "Voxels",
			"from": [ -1.5, 13.5, 6 ],
			"to": [ 6, 14, 6.5 ],
			"faces": {
				"down": { "uv": [ 2.75, 7.125, 4.625, 7.25 ], "texture": "#eoka" },
				"up": { "uv": [ 2.75, 7.125, 4.625, 7 ], "texture": "#eoka" },
				"north": { "uv": [ 4.625, 6.875, 2.75, 7 ], "texture": "#eoka" },
				"west": { "uv": [ 8.25, 9, 8.375, 9.125 ], "texture": "#eoka" },
				"east": { "uv": [ 8, 9, 7.875, 9.125 ], "texture": "#eoka" }
			}
		},
		{
			"__comment": "Voxels",
			"from": [ -1, 13, 5.5 ],
			"to": [ 1, 13.5, 6 ],
			"faces": {
				"down": { "uv": [ 4.75, 7.25, 5.25, 7.375 ], "texture": "#eoka" },
				"up": { "uv": [ 4.75, 7.5, 5.25, 7.375 ], "texture": "#eoka" },
				"north": { "uv": [ 16, 11.875, 15.5, 12 ], "texture": "#eoka" },
				"south": { "uv": [ 5.25, 3.5, 5.75, 3.625 ], "texture": "#eoka" },
				"west": { "uv": [ 6.625, 0.375, 6.75, 0.5 ], "texture": "#eoka" },
				"east": { "uv": [ 6.75, 0.5, 6.625, 0.625 ], "texture": "#eoka" }
			}
		},
		{
			"__comment": "Voxels",
			"from": [ -1, 13, 9 ],
			"to": [ 10, 13.5, 9.5 ],
			"faces": {
				"down": { "uv": [ 12.875, 14.125, 15.625, 14.25 ], "texture": "#eoka" },
				"up": { "uv": [ 11, 11, 13.75, 10.875 ], "texture": "#eoka" },
				"north": { "uv": [ 11, 10.875, 8.25, 11 ], "texture": "#eoka" },
				"south": { "uv": [ 5.5, 10.875, 8.25, 11 ], "texture": "#eoka" },
				"east": { "uv": [ 6.5, 1.25, 6.375, 1.375 ], "texture": "#eoka" }
			}
		},
		{
			"__comment": "Voxels",
			"from": [ -1, 13, 9.5 ],
			"to": [ 8.5, 13.5, 10 ],
			"faces": {
				"down": { "uv": [ 2.75, 9.875, 5.125, 10 ], "texture": "#eoka" },
				"up": { "uv": [ 13.625, 12.375, 16, 12.25 ], "texture": "#eoka" },
				"south": { "uv": [ 2.75, 10, 5.125, 10.125 ], "texture": "#eoka" },
				"west": { "uv": [ 6.375, 1.375, 6.5, 1.5 ], "texture": "#eoka" },
				"east": { "uv": [ 6.5, 2, 6.375, 2.125 ], "texture": "#eoka" }
			}
		},
		{
			"__comment": "Voxels",
			"from": [ -1, 13.5, 9.5 ],
			"to": [ 7.5, 14, 10 ],
			"faces": {
				"up": { "uv": [ 2.75, 7.875, 4.875, 7.75 ], "texture": "#eoka" },
				"south": { "uv": [ 2.75, 8.375, 4.875, 8.5 ], "texture": "#eoka" },
				"west": { "uv": [ 6.375, 2.125, 6.5, 2.25 ], "texture": "#eoka" },
				"east": { "uv": [ 6.5, 2.75, 6.375, 2.875 ], "texture": "#eoka" }
			}
		},
		{
			"__comment": "Voxels",
			"from": [ -0.5, 10, 6 ],
			"to": [ 0, 10.5, 6.5 ],
			"faces": {
				"down": { "uv": [ 6.375, 2.875, 6.5, 3 ], "texture": "#eoka" },
				"north": { "uv": [ 6.5, 3.125, 6.375, 3.25 ], "texture": "#eoka" },
				"west": { "uv": [ 6.375, 3.625, 6.5, 3.75 ], "texture": "#eoka" },
				"east": { "uv": [ 6.5, 3.75, 6.375, 3.875 ], "texture": "#eoka" }
			}
		},
		{
			"__comment": "Voxels",
			"from": [ -0.5, 13, 10 ],
			"to": [ 2.5, 13.5, 10.5 ],
			"faces": {
				"down": { "uv": [ 5.75, 8.5, 6.5, 8.625 ], "texture": "#eoka" },
				"up": { "uv": [ 5.75, 8.5, 6.5, 8.375 ], "texture": "#eoka" },
				"south": { "uv": [ 5.75, 7.875, 6.5, 8 ], "texture": "#eoka" },
				"west": { "uv": [ 6.375, 3.875, 6.5, 4 ], "texture": "#eoka" },
				"east": { "uv": [ 5.75, 0, 5.625, 0.125 ], "texture": "#eoka" }
			}
		},
		{
			"__comment": "Voxels",
			"from": [ -0.5, 14, 6.5 ],
			"to": [ 0, 14.5, 7 ],
			"faces": {
				"up": { "uv": [ 5.625, 1.25, 5.75, 1.125 ], "texture": "#eoka" },
				"north": { "uv": [ 5.75, 1.25, 5.625, 1.375 ], "texture": "#eoka" },
				"west": { "uv": [ 5.625, 1.5, 5.75, 1.625 ], "texture": "#eoka" },
				"east": { "uv": [ 5.25, 9.625, 5.125, 9.75 ], "texture": "#eoka" }
			}
		},
		{
			"__comment": "Voxels",
			"from": [ -0.5, 14, 9 ],
			"to": [ 0, 14.5, 9.5 ],
			"faces": {
				"up": { "uv": [ 5.125, 10, 5.25, 9.875 ], "texture": "#eoka" },
				"south": { "uv": [ 10.75, 8.875, 10.875, 9 ], "texture": "#eoka" },
				"west": { "uv": [ 10.375, 8.875, 10.5, 9 ], "texture": "#eoka" },
				"east": { "uv": [ 10.375, 8.875, 10.25, 9 ], "texture": "#eoka" }
			}
		},
		{
			"__comment": "Voxels",
			"from": [ -0.5, 14.5, 7.5 ],
			"to": [ 0.5, 15, 8.5 ],
			"faces": {
				"up": { "uv": [ 1, 1, 1.25, 0.75 ], "texture": "#eoka" },
				"north": { "uv": [ 14.375, 9.25, 14.125, 9.375 ], "texture": "#eoka" },
				"south": { "uv": [ 5, 8.625, 5.25, 8.75 ], "texture": "#eoka" },
				"west": { "uv": [ 1, 0.625, 1.25, 0.75 ], "texture": "#eoka" },
				"east": { "uv": [ 7, 9, 6.75, 9.125 ], "texture": "#eoka" }
			}
		},
		{
			"__comment": "Voxels",
			"from": [ 0, 10.5, 9 ],
			"to": [ 16, 11, 9.5 ],
			"faces": {
				"up": { "uv": [ 2.75, 13.125, 6.75, 13 ], "texture": "#eoka" },
				"north": { "uv": [ 10.75, 13, 6.75, 13.125 ], "texture": "#eoka" },
				"south": { "uv": [ 10.75, 13, 14.75, 13.125 ], "texture": "#eoka" },
				"east": { "uv": [ 10.125, 8.875, 10, 9 ], "texture": "#eoka" }
			}
		},
		{
			"__comment": "Voxels",
			"from": [ 0, 10.5, 9.5 ],
			"to": [ 11.5, 11.5, 10 ],
			"faces": {
				"down": { "uv": [ 2.75, 11, 5.625, 11.125 ], "texture": "#eoka" },
				"north": { "uv": [ 12.875, 14.5, 10, 14.75 ], "texture": "#eoka" },
				"south": { "uv": [ 10, 14.25, 12.875, 14.5 ], "texture": "#eoka" },
				"east": { "uv": [ 6.75, 6.25, 6.625, 6.5 ], "texture": "#eoka" }
			}
		},
		{
			"__comment": "Voxels",
			"from": [ 0, 11.5, 5.5 ],
			"to": [ 8, 12, 7 ],
			"faces": {
				"down": { "uv": [ 3, 14.375, 5, 14.75 ], "texture": "#eoka" },
				"up": { "uv": [ 5, 14.75, 7, 14.375 ], "texture": "#eoka" },
				"north": { "uv": [ 4.75, 7.375, 2.75, 7.5 ], "texture": "#eoka" },
				"west": { "uv": [ 2, 3.125, 2.375, 3.25 ], "texture": "#eoka" },
				"east": { "uv": [ 6.125, 0.625, 5.75, 0.75 ], "texture": "#eoka" }
			}
		},
		{
			"__comment": "Voxels",
			"from": [ 0, 12.5, 5.5 ],
			"to": [ 7, 13, 6.5 ],
			"faces": {
				"down": { "uv": [ 13.75, 12.5, 15.5, 12.75 ], "texture": "#eoka" },
				"up": { "uv": [ 13.25, 15.375, 15, 15.125 ], "texture": "#eoka" },
				"north": { "uv": [ 4.5, 5.875, 2.75, 6 ], "texture": "#eoka" },
				"south": { "uv": [ 2.75, 6, 4.5, 6.125 ], "texture": "#eoka" },
				"west": { "uv": [ 8.25, 9.125, 8.5, 9.25 ], "texture": "#eoka" },
				"east": { "uv": [ 8.25, 9.125, 8, 9.25 ], "texture": "#eoka" }
			}
		},
		{
			"__comment": "Voxels",
			"from": [ 0, 12.5, 6.5 ],
			"to": [ 4, 13, 7 ],
			"faces": {
				"down": { "uv": [ 6.75, 9.75, 7.75, 9.875 ], "texture": "#eoka" },
				"up": { "uv": [ 7.75, 9.875, 8.75, 9.75 ], "texture": "#eoka" },
				"south": { "uv": [ 10.75, 9.75, 11.75, 9.875 ], "texture": "#eoka" },
				"east": { "uv": [ 8.125, 8.875, 8, 9 ], "texture": "#eoka" }
			}
		},
		{
			"__comment": "Voxels",
			"from": [ 0, 12.5, 7 ],
			"to": [ 2.5, 13, 7.5 ],
			"faces": {
				"down": { "uv": [ 15.375, 13.75, 16, 13.875 ], "texture": "#eoka" },
				"up": { "uv": [ 4.625, 7.25, 5.25, 7.125 ], "texture": "#eoka" },
				"east": { "uv": [ 7.625, 8.875, 7.5, 9 ], "texture": "#eoka" }
			}
		},
		{
			"__comment": "Voxels",
			"from": [ 0, 12.5, 9.5 ],
			"to": [ 2.5, 13, 10 ],
			"faces": {
				"down": { "uv": [ 5.75, 3, 6.375, 3.125 ], "texture": "#eoka" },
				"south": { "uv": [ 5.75, 4.125, 6.375, 4.25 ], "texture": "#eoka" },
				"east": { "uv": [ 7.375, 8.875, 7.25, 9 ], "texture": "#eoka" }
			}
		},
		{
			"__comment": "Voxels",
			"from": [ 0, 13, 6 ],
			"to": [ 8.5, 13.5, 6.5 ],
			"faces": {
				"down": { "uv": [ 2.75, 8, 4.875, 8.125 ], "texture": "#eoka" },
				"up": { "uv": [ 2.75, 7.625, 4.875, 7.5 ], "texture": "#eoka" },
				"north": { "uv": [ 4.875, 8.125, 2.75, 8.25 ], "texture": "#eoka" },
				"south": { "uv": [ 2.75, 8.25, 4.875, 8.375 ], "texture": "#eoka" },
				"east": { "uv": [ 7.125, 8.875, 7, 9 ], "texture": "#eoka" }
			}
		},
		{
			"__comment": "Voxels",
			"from": [ 0.5, 10, 8.5 ],
			"to": [ 17, 10.5, 9 ],
			"faces": {
				"down": { "uv": [ 5.875, 13.375, 10, 13.5 ], "texture": "#eoka" },
				"up": { "uv": [ 10, 13.5, 14.125, 13.375 ], "texture": "#eoka" },
				"north": { "uv": [ 6.875, 13.25, 2.75, 13.375 ], "texture": "#eoka" },
				"south": { "uv": [ 6.875, 13.25, 11, 13.375 ], "texture": "#eoka" },
				"east": { "uv": [ 7, 1.625, 6.875, 1.75 ], "texture": "#eoka" }
			}
		},
		{
			"__comment": "Voxels",
			"from": [ 0.5, 10.5, 6 ],
			"to": [ 14.5, 11, 9 ],
			"faces": {
				"down": { "uv": [ 9.75, 15.25, 13.25, 16 ], "texture": "#eoka" },
				"up": { "uv": [ 6.25, 16, 9.75, 15.25 ], "texture": "#eoka" },
				"north": { "uv": [ 13.25, 15.125, 9.75, 15.25 ], "texture": "#eoka" },
				"west": { "uv": [ 11.875, 9.5, 12.625, 9.625 ], "texture": "#eoka" },
				"east": { "uv": [ 16, 10, 15.25, 10.125 ], "texture": "#eoka" }
			}
		},
		{
			"__comment": "Voxels",
			"from": [ 0.5, 11, 5.5 ],
			"to": [ 1.5, 11.5, 9.5 ],
			"faces": {
				"down": { "uv": [ 1.25, 3.75, 1.5, 4.75 ], "texture": "#eoka" },
				"up": { "uv": [ 1.5, 4.75, 1.75, 3.75 ], "texture": "#eoka" },
				"north": { "uv": [ 8, 9.125, 7.75, 9.25 ], "texture": "#eoka" },
				"west": { "uv": [ 13.125, 10.25, 14.125, 10.375 ], "texture": "#eoka" },
				"east": { "uv": [ 15.125, 10.25, 14.125, 10.375 ], "texture": "#eoka" }
			}
		},
		{
			"__comment": "Voxels",
			"from": [ 0.5, 12, 5.5 ],
			"to": [ 7.5, 12.5, 6 ],
			"faces": {
				"up": { "uv": [ 14.25, 11.5, 16, 11.375 ], "texture": "#eoka" },
				"north": { "uv": [ 16, 11.25, 14.25, 11.375 ], "texture": "#eoka" },
				"south": { "uv": [ 14.25, 11.125, 16, 11.25 ], "texture": "#eoka" },
				"west": { "uv": [ 6.875, 2, 7, 2.125 ], "texture": "#eoka" },
				"east": { "uv": [ 7, 2.125, 6.875, 2.25 ], "texture": "#eoka" }
			}
		},
		{
			"__comment": "Voxels",
			"from": [ 0.5, 12, 6 ],
			"to": [ 5.5, 12.5, 10 ],
			"faces": {
				"down": { "uv": [ 0, 13.75, 1.25, 14.75 ], "texture": "#eoka" },
				"up": { "uv": [ 0, 13.75, 1.25, 12.75 ], "texture": "#eoka" },
				"south": { "uv": [ 2.75, 0.125, 4, 0.25 ], "texture": "#eoka" },
				"west": { "uv": [ 11.25, 10.125, 12.25, 10.25 ], "texture": "#eoka" },
				"east": { "uv": [ 13.25, 10.125, 12.25, 10.25 ], "texture": "#eoka" }
			}
		},
		{
			"__comment": "Voxels",
			"from": [ 1.5, 10, 6.5 ],
			"to": [ 3, 10.5, 7 ],
			"faces": {
				"down": { "uv": [ 5.25, 1.5, 5.625, 1.625 ], "texture": "#eoka" },
				"north": { "uv": [ 5.25, 7.625, 4.875, 7.75 ], "texture": "#eoka" },
				"south": { "uv": [ 4.875, 7.75, 5.25, 7.875 ], "texture": "#eoka" },
				"west": { "uv": [ 6.875, 2.25, 7, 2.375 ], "texture": "#eoka" },
				"east": { "uv": [ 7, 2.375, 6.875, 2.5 ], "texture": "#eoka" }
			}
		},
		{
			"__comment": "Voxels",
			"from": [ 1.5, 10, 7.5 ],
			"to": [ 17, 10.5, 8 ],
			"faces": {
				"up": { "uv": [ 2.75, 12.875, 6.625, 12.75 ], "texture": "#eoka" },
				"north": { "uv": [ 10.5, 12.75, 6.625, 12.875 ], "texture": "#eoka" },
				"south": { "uv": [ 6.75, 12.875, 10.625, 13 ], "texture": "#eoka" },
				"west": { "uv": [ 6.875, 2.75, 7, 2.875 ], "texture": "#eoka" },
				"east": { "uv": [ 7, 2.875, 6.875, 3 ], "texture": "#eoka" }
			}
		},
		{
			"__comment": "Voxels",
			"from": [ 1.5, 11, 6 ],
			"to": [ 14, 11.5, 9.5 ],
			"faces": {
				"down": { "uv": [ 0, 15.125, 3.125, 16 ], "texture": "#eoka" },
				"up": { "uv": [ 3.125, 16, 6.25, 15.125 ], "texture": "#eoka" },
				"north": { "uv": [ 15.5, 11.875, 12.375, 12 ], "texture": "#eoka" },
				"south": { "uv": [ 6, 11.75, 9.125, 11.875 ], "texture": "#eoka" },
				"east": { "uv": [ 14, 9.625, 13.125, 9.75 ], "texture": "#eoka" }
			}
		},
		{
			"__comment": "Voxels",
			"from": [ 1.5, 11.5, 10 ],
			"to": [ 4, 12.5, 10.5 ],
			"faces": {
				"down": { "uv": [ 5.75, 4, 6.375, 4.125 ], "texture": "#eoka" },
				"up": { "uv": [ 5.75, 4, 6.375, 3.875 ], "texture": "#eoka" },
				"north": { "uv": [ 2.75, 1.625, 2.125, 1.875 ], "texture": "#eoka" },
				"south": { "uv": [ 5.25, 10.375, 5.875, 10.625 ], "texture": "#eoka" },
				"east": { "uv": [ 6.625, 2.875, 6.5, 3.125 ], "texture": "#eoka" }
			}
		},
		{
			"__comment": "Voxels",
			"from": [ 1.5, 12.5, 10 ],
			"to": [ 2.5, 13, 10.5 ],
			"faces": {
				"south": { "uv": [ 14.25, 9.375, 14.5, 9.5 ], "texture": "#eoka" },
				"east": { "uv": [ 7, 3.125, 6.875, 3.25 ], "texture": "#eoka" }
			}
		},
		{
			"__comment": "Voxels",
			"from": [ 1.5, 13, 6.5 ],
			"to": [ 2, 13.5, 7 ],
			"faces": {
				"south": { "uv": [ 6.875, 4.625, 7, 4.75 ], "texture": "#eoka" },
				"west": { "uv": [ 6.875, 6, 7, 6.125 ], "texture": "#eoka" },
				"east": { "uv": [ 7, 6.125, 6.875, 6.25 ], "texture": "#eoka" }
			}
		},
		{
			"__comment": "Voxels",
			"from": [ 2, 14.5, 8 ],
			"to": [ 5.5, 15, 8.5 ],
			"faces": {
				"up": { "uv": [ 9.625, 9.75, 10.5, 9.625 ], "texture": "#eoka" },
				"north": { "uv": [ 9.625, 9.625, 8.75, 9.75 ], "texture": "#eoka" },
				"south": { "uv": [ 15.125, 13.625, 16, 13.75 ], "texture": "#eoka" },
				"west": { "uv": [ 6.875, 6.75, 7, 6.875 ], "texture": "#eoka" },
				"east": { "uv": [ 7, 6.875, 6.875, 7 ], "texture": "#eoka" }
			}
		},
		{
			"__comment": "Voxels",
			"from": [ 2.5, 10, 7 ],
			"to": [ 17, 10.5, 7.5 ],
			"faces": {
				"down": { "uv": [ 6.375, 12.25, 10, 12.375 ], "texture": "#eoka" },
				"up": { "uv": [ 10.125, 12.75, 13.75, 12.625 ], "texture": "#eoka" },
				"north": { "uv": [ 13.75, 12.5, 10.125, 12.625 ], "texture": "#eoka" },
				"east": { "uv": [ 7, 7.375, 6.875, 7.5 ], "texture": "#eoka" }
			}
		},
		{
			"__comment": "Voxels",
			"from": [ 2.5, 12.5, 9 ],
			"to": [ 4, 13, 9.5 ],
			"faces": {
				"north": { "uv": [ 6.125, 0.5, 5.75, 0.625 ], "texture": "#eoka" },
				"south": { "uv": [ 6.125, 0.625, 6.5, 0.75 ], "texture": "#eoka" },
				"east": { "uv": [ 7, 7.625, 6.875, 7.75 ], "texture": "#eoka" }
			}
		},
		{
			"__comment": "Voxels",
			"from": [ 2.5, 13, 6.5 ],
			"to": [ 9.5, 13.5, 9 ],
			"faces": {
				"down": { "uv": [ 13.25, 15.375, 15, 16 ], "texture": "#eoka" },
				"up": { "uv": [ 1.25, 14.75, 3, 14.125 ], "texture": "#eoka" },
				"north": { "uv": [ 4.5, 5.5, 2.75, 5.625 ], "texture": "#eoka" },
				"west": { "uv": [ 5.75, 3.75, 6.375, 3.875 ], "texture": "#eoka" },
				"east": { "uv": [ 6.375, 3.625, 5.75, 3.75 ], "texture": "#eoka" }
			}
		},
		{
			"__comment": "Voxels",
			"from": [ 2.5, 14, 6.5 ],
			"to": [ 7.5, 14.5, 7 ],
			"faces": {
				"up": { "uv": [ 2.75, 0.5, 4, 0.375 ], "texture": "#eoka" },
				"north": { "uv": [ 4, 0, 2.75, 0.125 ], "texture": "#eoka" },
				"west": { "uv": [ 6.875, 8, 7, 8.125 ], "texture": "#eoka" },
				"east": { "uv": [ 7, 8.125, 6.875, 8.25 ], "texture": "#eoka" }
			}
		},
		{
			"__comment": "Voxels",
			"from": [ 2.5, 14, 9 ],
			"to": [ 7.5, 14.5, 9.5 ],
			"faces": {
				"up": { "uv": [ 4, 0.5, 5.25, 0.375 ], "texture": "#eoka" },
				"south": { "uv": [ 4, 0, 5.25, 0.125 ], "texture": "#eoka" },
				"west": { "uv": [ 6.875, 8.25, 7, 8.375 ], "texture": "#eoka" },
				"east": { "uv": [ 7, 8.375, 6.875, 8.5 ], "texture": "#eoka" }
			}
		},
		{
			"__comment": "Voxels",
			"from": [ 2.5, 14.5, 7 ],
			"to": [ 7.5, 15, 7.5 ],
			"faces": {
				"up": { "uv": [ 4, 1.625, 5.25, 1.5 ], "texture": "#eoka" },
				"north": { "uv": [ 4, 1.375, 2.75, 1.5 ], "texture": "#eoka" },
				"south": { "uv": [ 2.75, 1.625, 4, 1.75 ], "texture": "#eoka" },
				"west": { "uv": [ 6.875, 8.75, 7, 8.875 ], "texture": "#eoka" },
				"east": { "uv": [ 7, 8.875, 6.875, 9 ], "texture": "#eoka" }
			}
		},
		{
			"__comment": "Voxels",
			"from": [ 2.5, 14.5, 7.5 ],
			"to": [ 5.5, 15, 8 ],
			"faces": {
				"up": { "uv": [ 5.75, 5.125, 6.5, 5 ], "texture": "#eoka" },
				"west": { "uv": [ 6.75, 0, 6.875, 0.125 ], "texture": "#eoka" },
				"east": { "uv": [ 6.875, 0.125, 6.75, 0.25 ], "texture": "#eoka" }
			}
		},
		{
			"__comment": "Voxels",
			"from": [ 2.5, 14.5, 8.5 ],
			"to": [ 7.5, 15, 9 ],
			"faces": {
				"up": { "uv": [ 2.75, 0.875, 4, 0.75 ], "texture": "#eoka" },
				"north": { "uv": [ 4, 0.875, 2.75, 1 ], "texture": "#eoka" },
				"south": { "uv": [ 2.75, 1, 4, 1.125 ], "texture": "#eoka" },
				"west": { "uv": [ 6.75, 0.25, 6.875, 0.375 ], "texture": "#eoka" },
				"east": { "uv": [ 6.875, 0.375, 6.75, 0.5 ], "texture": "#eoka" }
			}
		},
		{
			"__comment": "Voxels",
			"from": [ 3, 9.5, 7 ],
			"to": [ 17.5, 10, 7.5 ],
			"faces": {
				"down": { "uv": [ 2.75, 12.25, 6.375, 12.375 ], "texture": "#eoka" },
				"up": { "uv": [ 10.5, 12.875, 14.125, 12.75 ], "texture": "#eoka" },
				"north": { "uv": [ 6.375, 12.125, 2.75, 12.25 ], "texture": "#eoka" },
				"west": { "uv": [ 6.75, 0.5, 6.875, 0.625 ], "texture": "#eoka" },
				"east": { "uv": [ 6.875, 0.625, 6.75, 0.75 ], "texture": "#eoka" }
			}
		},
		{
			"__comment": "Voxels",
			"from": [ 3, 9.5, 8.5 ],
			"to": [ 17.5, 10, 9 ],
			"faces": {
				"down": { "uv": [ 6.5, 12.625, 10.125, 12.75 ], "texture": "#eoka" },
				"up": { "uv": [ 6.375, 12.5, 10, 12.375 ], "texture": "#eoka" },
				"north": { "uv": [ 10.125, 12.5, 6.5, 12.625 ], "texture": "#eoka" },
				"south": { "uv": [ 2.75, 12.375, 6.375, 12.5 ], "texture": "#eoka" },
				"west": { "uv": [ 6.75, 1.75, 6.875, 1.875 ], "texture": "#eoka" },
				"east": { "uv": [ 6.875, 1.875, 6.75, 2 ], "texture": "#eoka" }
			}
		},
		{
			"__comment": "Voxels",
			"from": [ 3, 11, 5.5 ],
			"to": [ 4, 11.5, 6 ],
			"faces": {
				"down": { "uv": [ 9.375, 9.25, 9.625, 9.375 ], "texture": "#eoka" },
				"north": { "uv": [ 9.125, 9.25, 8.875, 9.375 ], "texture": "#eoka" },
				"west": { "uv": [ 6.75, 3, 6.875, 3.125 ], "texture": "#eoka" },
				"east": { "uv": [ 6.875, 3.125, 6.75, 3.25 ], "texture": "#eoka" }
			}
		},
		{
			"__comment": "Voxels",
			"from": [ 3, 12.5, 7 ],
			"to": [ 4, 13, 9 ],
			"faces": {
				"west": { "uv": [ 5.25, 6.625, 5.75, 6.75 ], "texture": "#eoka" },
				"east": { "uv": [ 5.75, 7, 5.25, 7.125 ], "texture": "#eoka" }
			}
		},
		{
			"__comment": "Voxels",
			"from": [ 3, 12.5, 9.5 ],
			"to": [ 4, 13, 10.5 ],
			"faces": {
				"down": { "uv": [ 2.5, 8.25, 2.75, 8.5 ], "texture": "#eoka" },
				"up": { "uv": [ 2.5, 8.75, 2.75, 8.5 ], "texture": "#eoka" },
				"south": { "uv": [ 15.75, 9.875, 16, 10 ], "texture": "#eoka" },
				"west": { "uv": [ 5.5, 7.875, 5.75, 8 ], "texture": "#eoka" },
				"east": { "uv": [ 5.25, 8.5, 5, 8.625 ], "texture": "#eoka" }
			}
		},
		{
			"__comment": "Voxels",
			"from": [ 3, 13, 5.5 ],
			"to": [ 4, 13.5, 6 ],
			"faces": {
				"up": { "uv": [ 5, 9.125, 5.25, 9 ], "texture": "#eoka" },
				"north": { "uv": [ 5.25, 9.125, 5, 9.25 ], "texture": "#eoka" },
				"west": { "uv": [ 6.75, 4.5, 6.875, 4.625 ], "texture": "#eoka" },
				"east": { "uv": [ 6.875, 4.625, 6.75, 4.75 ], "texture": "#eoka" }
			}
		},
		{
			"__comment": "Voxels",
			"from": [ 3, 13, 10 ],
			"to": [ 3.5, 13.5, 10.5 ],
			"faces": {
				"up": { "uv": [ 6.75, 5, 6.875, 4.875 ], "texture": "#eoka" },
				"south": { "uv": [ 6.75, 6.125, 6.875, 6.25 ], "texture": "#eoka" },
				"west": { "uv": [ 6.75, 7, 6.875, 7.125 ], "texture": "#eoka" },
				"east": { "uv": [ 6.875, 7.125, 6.75, 7.25 ], "texture": "#eoka" }
			}
		},
		{
			"__comment": "Voxels",
			"from": [ 3.5, 10, 6.5 ],
			"to": [ 16.5, 10.5, 7 ],
			"faces": {
				"down": { "uv": [ 2.75, 11.875, 6, 12 ], "texture": "#eoka" },
				"up": { "uv": [ 9.5, 12.125, 12.75, 12 ], "texture": "#eoka" },
				"north": { "uv": [ 9.25, 11.875, 6, 12 ], "texture": "#eoka" },
				"west": { "uv": [ 6.75, 8, 6.875, 8.125 ], "texture": "#eoka" },
				"east": { "uv": [ 6.875, 8.125, 6.75, 8.25 ], "texture": "#eoka" }
			}
		},
		{
			"__comment": "Voxels",
			"from": [ 4.5, 11, 5.5 ],
			"to": [ 5.5, 11.5, 6 ],
			"faces": {
				"down": { "uv": [ 13.25, 9.125, 13.5, 9.25 ], "texture": "#eoka" },
				"north": { "uv": [ 10.5, 9.125, 10.25, 9.25 ], "texture": "#eoka" },
				"west": { "uv": [ 6.75, 8.5, 6.875, 8.625 ], "texture": "#eoka" },
				"east": { "uv": [ 6.875, 8.625, 6.75, 8.75 ], "texture": "#eoka" }
			}
		},
		{
			"__comment": "Voxels",
			"from": [ 5.5, 10, 6 ],
			"to": [ 15, 10.5, 6.5 ],
			"faces": {
				"down": { "uv": [ 2.75, 9.625, 5.125, 9.75 ], "texture": "#eoka" },
				"up": { "uv": [ 2.75, 9.625, 5.125, 9.5 ], "texture": "#eoka" },
				"north": { "uv": [ 5.125, 9.375, 2.75, 9.5 ], "texture": "#eoka" },
				"west": { "uv": [ 15.875, 9, 16, 9.125 ], "texture": "#eoka" },
				"east": { "uv": [ 15.875, 9, 15.75, 9.125 ], "texture": "#eoka" }
			}
		},
		{
			"__comment": "Voxels",
			"from": [ 5.5, 10, 8 ],
			"to": [ 17, 10.5, 8.5 ],
			"faces": {
				"down": { "uv": [ 11.375, 11.375, 14.25, 11.5 ], "texture": "#eoka" },
				"up": { "uv": [ 8.5, 11.5, 11.375, 11.375 ], "texture": "#eoka" },
				"east": { "uv": [ 15.375, 9, 15.25, 9.125 ], "texture": "#eoka" }
			}
		},
		{
			"__comment": "Voxels",
			"from": [ 6, 9.5, 8 ],
			"to": [ 17.5, 10, 8.5 ],
			"faces": {
				"down": { "uv": [ 11.75, 11.5, 14.625, 11.625 ], "texture": "#eoka" },
				"up": { "uv": [ 13.125, 12.25, 16, 12.125 ], "texture": "#eoka" },
				"west": { "uv": [ 14.125, 9, 14.25, 9.125 ], "texture": "#eoka" },
				"east": { "uv": [ 14.125, 9, 14, 9.125 ], "texture": "#eoka" }
			}
		},
		{
			"__comment": "Voxels",
			"from": [ 6.5, 12, 6 ],
			"to": [ 11, 12.5, 10 ],
			"faces": {
				"down": { "uv": [ 0, 11.75, 1.125, 12.75 ], "texture": "#eoka" },
				"up": { "uv": [ 0, 11.75, 1.125, 10.75 ], "texture": "#eoka" },
				"north": { "uv": [ 15, 10.625, 13.875, 10.75 ], "texture": "#eoka" },
				"south": { "uv": [ 12.75, 10.625, 13.875, 10.75 ], "texture": "#eoka" },
				"west": { "uv": [ 10.75, 9.875, 11.75, 10 ], "texture": "#eoka" },
				"east": { "uv": [ 12.75, 9.875, 11.75, 10 ], "texture": "#eoka" }
			}
		},
		{
			"__comment": "Voxels",
			"from": [ 6.5, 12.5, 6.5 ],
			"to": [ 11.5, 13, 9.5 ],
			"faces": {
				"down": { "uv": [ 0, 9.25, 1.25, 10 ], "texture": "#eoka" },
				"up": { "uv": [ 0, 10.75, 1.25, 10 ], "texture": "#eoka" },
				"north": { "uv": [ 4, 2.625, 2.75, 2.75 ], "texture": "#eoka" },
				"south": { "uv": [ 4, 2.125, 5.25, 2.25 ], "texture": "#eoka" },
				"west": { "uv": [ 5.75, 8.125, 6.5, 8.25 ], "texture": "#eoka" },
				"east": { "uv": [ 6.5, 8, 5.75, 8.125 ], "texture": "#eoka" }
			}
		},
		{
			"__comment": "Voxels",
			"from": [ 6.5, 14.5, 7.5 ],
			"to": [ 7.5, 15, 8.5 ],
			"faces": {
				"up": { "uv": [ 2.5, 8, 2.75, 7.75 ], "texture": "#eoka" },
				"west": { "uv": [ 8.75, 9.125, 9, 9.25 ], "texture": "#eoka" },
				"east": { "uv": [ 8.75, 9.125, 8.5, 9.25 ], "texture": "#eoka" }
			}
		},
		{
			"__comment": "Voxels",
			"from": [ 7, 9.5, 6.5 ],
			"to": [ 17, 10, 7 ],
			"faces": {
				"down": { "uv": [ 2.75, 10.375, 5.25, 10.5 ], "texture": "#eoka" },
				"up": { "uv": [ 2.75, 10.75, 5.25, 10.625 ], "texture": "#eoka" },
				"north": { "uv": [ 15.25, 10.75, 12.75, 10.875 ], "texture": "#eoka" },
				"west": { "uv": [ 13.125, 9, 13.25, 9.125 ], "texture": "#eoka" },
				"east": { "uv": [ 13.125, 9, 13, 9.125 ], "texture": "#eoka" }
			}
		},
		{
			"__comment": "Voxels",
			"from": [ 7, 9.5, 9 ],
			"to": [ 17, 10, 9.5 ],
			"faces": {
				"down": { "uv": [ 7.75, 10.75, 10.25, 10.875 ], "texture": "#eoka" },
				"up": { "uv": [ 2.75, 10.625, 5.25, 10.5 ], "texture": "#eoka" },
				"south": { "uv": [ 2.75, 10.125, 5.25, 10.25 ], "texture": "#eoka" },
				"west": { "uv": [ 12.875, 9, 13, 9.125 ], "texture": "#eoka" },
				"east": { "uv": [ 12.875, 9, 12.75, 9.125 ], "texture": "#eoka" }
			}
		},
		{
			"__comment": "Voxels",
			"from": [ 7, 12.5, 6 ],
			"to": [ 9.5, 13, 6.5 ],
			"faces": {
				"up": { "uv": [ 5.75, 3.5, 6.375, 3.375 ], "texture": "#eoka" },
				"north": { "uv": [ 6.375, 3.25, 5.75, 3.375 ], "texture": "#eoka" },
				"east": { "uv": [ 11.375, 9, 11.25, 9.125 ], "texture": "#eoka" }
			}
		},
		{
			"__comment": "Voxels",
			"from": [ 7, 12.5, 9.5 ],
			"to": [ 10, 13, 10 ],
			"faces": {
				"up": { "uv": [ 5.75, 5.5, 6.5, 5.375 ], "texture": "#eoka" },
				"south": { "uv": [ 5.75, 5.125, 6.5, 5.25 ], "texture": "#eoka" },
				"west": { "uv": [ 10.875, 9, 11, 9.125 ], "texture": "#eoka" },
				"east": { "uv": [ 10.875, 9, 10.75, 9.125 ], "texture": "#eoka" }
			}
		},
		{
			"__comment": "Voxels",
			"from": [ 7.5, 10, 9.5 ],
			"to": [ 10.5, 10.5, 10 ],
			"faces": {
				"down": { "uv": [ 5.75, 4.75, 6.5, 4.875 ], "texture": "#eoka" },
				"south": { "uv": [ 5.75, 4.375, 6.5, 4.5 ], "texture": "#eoka" },
				"west": { "uv": [ 10.125, 9, 10.25, 9.125 ], "texture": "#eoka" },
				"east": { "uv": [ 10.125, 9, 10, 9.125 ], "texture": "#eoka" }
			}
		},
		{
			"__comment": "Voxels",
			"from": [ 7.5, 14, 8.5 ],
			"to": [ 8, 14.5, 9 ],
			"faces": {
				"down": { "uv": [ 9.875, 9, 10, 9.125 ], "texture": "#eoka" },
				"up": { "uv": [ 9.75, 9.125, 9.875, 9 ], "texture": "#eoka" },
				"south": { "uv": [ 8.5, 9, 8.625, 9.125 ], "texture": "#eoka" },
				"east": { "uv": [ 8.25, 9, 8.125, 9.125 ], "texture": "#eoka" }
			}
		},
		{
			"__comment": "Voxels",
			"from": [ 8, 9, 7.5 ],
			"to": [ 18, 9.5, 8.5 ],
			"faces": {
				"down": { "uv": [ 1.25, 13.875, 3.75, 14.125 ], "texture": "#eoka" },
				"up": { "uv": [ 3.75, 14.125, 6.25, 13.875 ], "texture": "#eoka" },
				"north": { "uv": [ 7.75, 10.75, 5.25, 10.875 ], "texture": "#eoka" },
				"south": { "uv": [ 2.75, 10.75, 5.25, 10.875 ], "texture": "#eoka" },
				"west": { "uv": [ 12.625, 9.25, 12.875, 9.375 ], "texture": "#eoka" },
				"east": { "uv": [ 12.625, 9.25, 12.375, 9.375 ], "texture": "#eoka" }
			}
		},
		{
			"__comment": "Voxels",
			"from": [ 8, 11.5, 6 ],
			"to": [ 13, 12, 7 ],
			"faces": {
				"up": { "uv": [ 1.25, 8, 2.5, 7.75 ], "texture": "#eoka" },
				"north": { "uv": [ 5.25, 1.625, 4, 1.75 ], "texture": "#eoka" },
				"east": { "uv": [ 12.125, 9.25, 11.875, 9.375 ], "texture": "#eoka" }
			}
		},
		{
			"__comment": "Voxels",
			"from": [ 8, 13.5, 8.5 ],
			"to": [ 9, 14, 9 ],
			"faces": {
				"up": { "uv": [ 11.375, 9.375, 11.625, 9.25 ], "texture": "#eoka" },
				"south": { "uv": [ 9.625, 9.25, 9.875, 9.375 ], "texture": "#eoka" },
				"west": { "uv": [ 7.625, 9, 7.75, 9.125 ], "texture": "#eoka" },
				"east": { "uv": [ 7.625, 9, 7.5, 9.125 ], "texture": "#eoka" }
			}
		},
		{
			"__comment": "Voxels",
			"from": [ 8.5, 9, 7 ],
			"to": [ 17.5, 9.5, 7.5 ],
			"faces": {
				"down": { "uv": [ 2.75, 8.875, 5, 9 ], "texture": "#eoka" },
				"north": { "uv": [ 5, 9.25, 2.75, 9.375 ], "texture": "#eoka" },
				"west": { "uv": [ 6.625, 1.125, 6.75, 1.25 ], "texture": "#eoka" },
				"east": { "uv": [ 6.75, 1.25, 6.625, 1.375 ], "texture": "#eoka" }
			}
		},
		{
			"__comment": "Voxels",
			"from": [ 8.5, 9, 8.5 ],
			"to": [ 17.5, 9.5, 9 ],
			"faces": {
				"down": { "uv": [ 2.75, 8.5, 5, 8.625 ], "texture": "#eoka" },
				"south": { "uv": [ 2.75, 9, 5, 9.125 ], "texture": "#eoka" },
				"west": { "uv": [ 6.875, 1, 7, 1.125 ], "texture": "#eoka" },
				"east": { "uv": [ 7, 1.125, 6.875, 1.25 ], "texture": "#eoka" }
			}
		},
		{
			"__comment": "Voxels",
			"from": [ 9.5, 13, 7 ],
			"to": [ 10.5, 13.5, 9 ],
			"faces": {
				"up": { "uv": [ 5.25, 9.25, 5.5, 8.75 ], "texture": "#eoka" },
				"north": { "uv": [ 15.75, 9.125, 15.5, 9.25 ], "texture": "#eoka" },
				"south": { "uv": [ 15.25, 9.125, 15.5, 9.25 ], "texture": "#eoka" },
				"east": { "uv": [ 5.75, 4.75, 5.25, 4.875 ], "texture": "#eoka" }
			}
		},
		{
			"__comment": "Voxels",
			"from": [ 10, 9, 6.5 ],
			"to": [ 17, 9.5, 7 ],
			"faces": {
				"down": { "uv": [ 2.75, 6.25, 4.5, 6.375 ], "texture": "#eoka" },
				"north": { "uv": [ 4.5, 6.375, 2.75, 6.5 ], "texture": "#eoka" },
				"west": { "uv": [ 6.625, 0.25, 6.75, 0.375 ], "texture": "#eoka" },
				"east": { "uv": [ 6.75, 1, 6.625, 1.125 ], "texture": "#eoka" }
			}
		},
		{
			"__comment": "Voxels",
			"from": [ 10.5, 8.5, 7.5 ],
			"to": [ 18, 9, 8.5 ],
			"faces": {
				"down": { "uv": [ 4.625, 12.5, 6.5, 12.75 ], "texture": "#eoka" },
				"north": { "uv": [ 16, 11, 14.125, 11.125 ], "texture": "#eoka" },
				"south": { "uv": [ 2.75, 6.625, 4.625, 6.75 ], "texture": "#eoka" },
				"west": { "uv": [ 8.625, 9.25, 8.875, 9.375 ], "texture": "#eoka" },
				"east": { "uv": [ 15.375, 9.25, 15.125, 9.375 ], "texture": "#eoka" }
			}
		},
		{
			"__comment": "Voxels",
			"from": [ 10.5, 9.5, 6 ],
			"to": [ 15.5, 10, 6.5 ],
			"faces": {
				"down": { "uv": [ 2.75, 1.875, 4, 2 ], "texture": "#eoka" },
				"up": { "uv": [ 2.75, 0.75, 4, 0.625 ], "texture": "#eoka" },
				"north": { "uv": [ 5.25, 2.375, 4, 2.5 ], "texture": "#eoka" },
				"west": { "uv": [ 8.125, 8.875, 8.25, 9 ], "texture": "#eoka" },
				"east": { "uv": [ 9.125, 8.875, 9, 9 ], "texture": "#eoka" }
			}
		},
		{
			"__comment": "Voxels",
			"from": [ 10.5, 13, 7.5 ],
			"to": [ 11, 13.5, 8.5 ],
			"faces": {
				"up": { "uv": [ 4.875, 14.375, 5, 14.125 ], "texture": "#eoka" },
				"north": { "uv": [ 6.5, 2.375, 6.375, 2.5 ], "texture": "#eoka" },
				"south": { "uv": [ 6.375, 2.25, 6.5, 2.375 ], "texture": "#eoka" },
				"east": { "uv": [ 10.375, 9.25, 10.125, 9.375 ], "texture": "#eoka" }
			}
		},
		{
			"__comment": "Voxels",
			"from": [ 11, 8.5, 7 ],
			"to": [ 17.5, 9, 7.5 ],
			"faces": {
				"down": { "uv": [ 2.75, 4.25, 4.375, 4.375 ], "texture": "#eoka" },
				"north": { "uv": [ 4.375, 5.125, 2.75, 5.25 ], "texture": "#eoka" },
				"west": { "uv": [ 6.375, 1, 6.5, 1.125 ], "texture": "#eoka" },
				"east": { "uv": [ 6.75, 1.375, 6.625, 1.5 ], "texture": "#eoka" }
			}
		},
		{
			"__comment": "Voxels",
			"from": [ 11, 12, 6.5 ],
			"to": [ 13.5, 12.5, 9 ],
			"faces": {
				"down": { "uv": [ 0, 3.625, 0.625, 4.25 ], "texture": "#eoka" },
				"up": { "uv": [ 0.625, 4.25, 1.25, 3.625 ], "texture": "#eoka" },
				"north": { "uv": [ 6.375, 2.875, 5.75, 3 ], "texture": "#eoka" },
				"south": { "uv": [ 5.75, 2.75, 6.375, 2.875 ], "texture": "#eoka" },
				"east": { "uv": [ 6.375, 2.5, 5.75, 2.625 ], "texture": "#eoka" }
			}
		},
		{
			"__comment": "Voxels",
			"from": [ 11, 12, 9 ],
			"to": [ 13, 12.5, 9.5 ],
			"faces": {
				"up": { "uv": [ 5.25, 4.5, 5.75, 4.375 ], "texture": "#eoka" },
				"south": { "uv": [ 5.25, 4.125, 5.75, 4.25 ], "texture": "#eoka" },
				"east": { "uv": [ 6.75, 0, 6.625, 0.125 ], "texture": "#eoka" }
			}
		},
		{
			"__comment": "Voxels",
			"from": [ 11.5, 8.5, 8.5 ],
			"to": [ 18, 9, 9 ],
			"faces": {
				"down": { "uv": [ 2.75, 4.375, 4.375, 4.5 ], "texture": "#eoka" },
				"up": { "uv": [ 2.75, 4.625, 4.375, 4.5 ], "texture": "#eoka" },
				"south": { "uv": [ 2.75, 4.625, 4.375, 4.75 ], "texture": "#eoka" },
				"west": { "uv": [ 7.75, 9, 7.875, 9.125 ], "texture": "#eoka" },
				"east": { "uv": [ 8.125, 9, 8, 9.125 ], "texture": "#eoka" }
			}
		},
		{
			"__comment": "Voxels",
			"from": [ 11.5, 12.5, 7 ],
			"to": [ 13, 13, 9 ],
			"faces": {
				"up": { "uv": [ 0.875, 6.25, 1.25, 5.75 ], "texture": "#eoka" },
				"north": { "uv": [ 6.5, 0.5, 6.125, 0.625 ], "texture": "#eoka" },
				"south": { "uv": [ 5.75, 0.375, 6.125, 0.5 ], "texture": "#eoka" },
				"east": { "uv": [ 5.75, 2.75, 5.25, 2.875 ], "texture": "#eoka" }
			}
		},
		{
			"__comment": "Voxels",
			"from": [ 12, 8, 7 ],
			"to": [ 18, 8.5, 8.5 ],
			"faces": {
				"down": { "uv": [ 1.25, 13, 2.75, 13.375 ], "texture": "#eoka" },
				"up": { "uv": [ 1.25, 13, 2.75, 12.625 ], "texture": "#eoka" },
				"north": { "uv": [ 2.75, 1.5, 1.25, 1.625 ], "texture": "#eoka" },
				"south": { "uv": [ 2.75, 4.125, 4.25, 4.25 ], "texture": "#eoka" },
				"west": { "uv": [ 1.75, 3.875, 2.125, 4 ], "texture": "#eoka" },
				"east": { "uv": [ 2.125, 3.75, 1.75, 3.875 ], "texture": "#eoka" }
			}
		},
		{
			"__comment": "Voxels",
			"from": [ 12, 8.5, 6.5 ],
			"to": [ 17, 9, 7 ],
			"faces": {
				"down": { "uv": [ 4, 2, 5.25, 2.125 ], "texture": "#eoka" },
				"north": { "uv": [ 5.25, 3, 4, 3.125 ], "texture": "#eoka" },
				"west": { "uv": [ 9, 9, 9.125, 9.125 ], "texture": "#eoka" },
				"east": { "uv": [ 9.5, 9, 9.375, 9.125 ], "texture": "#eoka" }
			}
		},
		{
			"__comment": "Voxels",
			"from": [ 12, 9, 9 ],
			"to": [ 17, 9.5, 9.5 ],
			"faces": {
				"down": { "uv": [ 4, 2.5, 5.25, 2.625 ], "texture": "#eoka" },
				"south": { "uv": [ 4, 1.875, 5.25, 2 ], "texture": "#eoka" },
				"west": { "uv": [ 10.5, 9, 10.625, 9.125 ], "texture": "#eoka" },
				"east": { "uv": [ 10.75, 9, 10.625, 9.125 ], "texture": "#eoka" }
			}
		},
		{
			"__comment": "Voxels",
			"from": [ 12.5, 7.5, 7.5 ],
			"to": [ 18, 8, 8 ],
			"faces": {
				"down": { "uv": [ 2.75, 3.875, 4.125, 4 ], "texture": "#eoka" },
				"north": { "uv": [ 4.125, 3.375, 2.75, 3.5 ], "texture": "#eoka" },
				"south": { "uv": [ 2.75, 3.25, 4.125, 3.375 ], "texture": "#eoka" },
				"west": { "uv": [ 12.25, 9, 12.375, 9.125 ], "texture": "#eoka" },
				"east": { "uv": [ 12.5, 9, 12.375, 9.125 ], "texture": "#eoka" }
			}
		},
		{
			"__comment": "Voxels",
			"from": [ 12.5, 9, 6 ],
			"to": [ 15.5, 9.5, 6.5 ],
			"faces": {
				"down": { "uv": [ 5.75, 6.125, 6.5, 6.25 ], "texture": "#eoka" },
				"north": { "uv": [ 6.5, 5.625, 5.75, 5.75 ], "texture": "#eoka" },
				"west": { "uv": [ 13.5, 9, 13.625, 9.125 ], "texture": "#eoka" },
				"east": { "uv": [ 13.75, 9, 13.625, 9.125 ], "texture": "#eoka" }
			}
		},
		{
			"__comment": "Voxels",
			"from": [ 13, 7, 7.5 ],
			"to": [ 18.5, 7.5, 8.5 ],
			"faces": {
				"down": { "uv": [ 1.25, 9.5, 2.625, 9.75 ], "texture": "#eoka" },
				"up": { "uv": [ 1.25, 10.5, 2.625, 10.25 ], "texture": "#eoka" },
				"north": { "uv": [ 4.125, 3.5, 2.75, 3.625 ], "texture": "#eoka" },
				"south": { "uv": [ 2.75, 3.625, 4.125, 3.75 ], "texture": "#eoka" },
				"west": { "uv": [ 9.5, 9.125, 9.75, 9.25 ], "texture": "#eoka" },
				"east": { "uv": [ 10, 9.125, 9.75, 9.25 ], "texture": "#eoka" }
			}
		},
		{
			"__comment": "Voxels",
			"from": [ 13, 7.5, 7 ],
			"to": [ 18, 8, 7.5 ],
			"faces": {
				"down": { "uv": [ 4, 2.25, 5.25, 2.375 ], "texture": "#eoka" },
				"north": { "uv": [ 4, 1.75, 2.75, 1.875 ], "texture": "#eoka" },
				"west": { "uv": [ 15, 9, 15.125, 9.125 ], "texture": "#eoka" },
				"east": { "uv": [ 15.25, 9, 15.125, 9.125 ], "texture": "#eoka" }
			}
		},
		{
			"__comment": "Voxels",
			"from": [ 13, 7.5, 8 ],
			"to": [ 18, 8, 8.5 ],
			"faces": {
				"south": { "uv": [ 4, 0.625, 5.25, 0.75 ], "texture": "#eoka" },
				"west": { "uv": [ 6.75, 8.875, 6.875, 9 ], "texture": "#eoka" },
				"east": { "uv": [ 6.875, 8.75, 6.75, 8.875 ], "texture": "#eoka" }
			}
		},
		{
			"__comment": "Voxels",
			"from": [ 13, 8, 6.5 ],
			"to": [ 17.5, 8.5, 7 ],
			"faces": {
				"down": { "uv": [ 9.75, 10.25, 10.875, 10.375 ], "texture": "#eoka" },
				"up": { "uv": [ 6.5, 10.5, 7.625, 10.375 ], "texture": "#eoka" },
				"north": { "uv": [ 8.75, 10.5, 7.625, 10.625 ], "texture": "#eoka" },
				"west": { "uv": [ 6.75, 8.375, 6.875, 8.5 ], "texture": "#eoka" },
				"east": { "uv": [ 6.875, 8.25, 6.75, 8.375 ], "texture": "#eoka" }
			}
		},
		{
			"__comment": "Voxels",
			"from": [ 13, 8, 8.5 ],
			"to": [ 18, 8.5, 9 ],
			"faces": {
				"down": { "uv": [ 5.25, 10.625, 6.5, 10.75 ], "texture": "#eoka" },
				"south": { "uv": [ 9, 10.625, 10.25, 10.75 ], "texture": "#eoka" },
				"west": { "uv": [ 6.75, 7.625, 6.875, 7.75 ], "texture": "#eoka" },
				"east": { "uv": [ 6.875, 7.5, 6.75, 7.625 ], "texture": "#eoka" }
			}
		},
		{
			"__comment": "Voxels",
			"from": [ 13, 8.5, 9 ],
			"to": [ 17.5, 9, 9.5 ],
			"faces": {
				"down": { "uv": [ 13.25, 10.375, 14.375, 10.5 ], "texture": "#eoka" },
				"up": { "uv": [ 10.875, 10.375, 12, 10.25 ], "texture": "#eoka" },
				"south": { "uv": [ 8.75, 10.375, 9.875, 10.5 ], "texture": "#eoka" },
				"west": { "uv": [ 6.75, 5.875, 6.875, 6 ], "texture": "#eoka" },
				"east": { "uv": [ 6.875, 5.75, 6.75, 5.875 ], "texture": "#eoka" }
			}
		},
		{
			"__comment": "Voxels",
			"from": [ 13, 11.5, 6.5 ],
			"to": [ 14.5, 12, 7 ],
			"faces": {
				"down": { "uv": [ 5.25, 0.125, 5.625, 0.25 ], "texture": "#eoka" },
				"up": { "uv": [ 4.875, 8.375, 5.25, 8.25 ], "texture": "#eoka" },
				"north": { "uv": [ 5.25, 7.875, 4.875, 8 ], "texture": "#eoka" },
				"east": { "uv": [ 6.875, 5.5, 6.75, 5.625 ], "texture": "#eoka" }
			}
		},
		{
			"__comment": "Voxels",
			"from": [ 13, 12.5, 7.5 ],
			"to": [ 13.5, 13, 8.5 ],
			"faces": {
				"up": { "uv": [ 6.625, 4.25, 6.75, 4 ], "texture": "#eoka" },
				"north": { "uv": [ 6.875, 5.375, 6.75, 5.5 ], "texture": "#eoka" },
				"south": { "uv": [ 6.75, 5.25, 6.875, 5.375 ], "texture": "#eoka" },
				"east": { "uv": [ 1.25, 1.75, 1, 1.875 ], "texture": "#eoka" }
			}
		},
		{
			"__comment": "Voxels",
			"from": [ 13.5, 6.5, 7.5 ],
			"to": [ 18.5, 7, 9 ],
			"faces": {
				"down": { "uv": [ 0, 8.875, 1.25, 9.25 ], "texture": "#eoka" },
				"up": { "uv": [ 0, 7.75, 1.25, 7.375 ], "texture": "#eoka" },
				"north": { "uv": [ 16, 13.125, 14.75, 13.25 ], "texture": "#eoka" },
				"south": { "uv": [ 14.75, 13, 16, 13.125 ], "texture": "#eoka" },
				"west": { "uv": [ 5.25, 1.25, 5.625, 1.375 ], "texture": "#eoka" },
				"east": { "uv": [ 5.625, 1.125, 5.25, 1.25 ], "texture": "#eoka" }
			}
		},
		{
			"__comment": "Voxels",
			"from": [ 13.5, 7, 7 ],
			"to": [ 18, 7.5, 7.5 ],
			"faces": {
				"down": { "uv": [ 4.125, 4, 5.25, 4.125 ], "texture": "#eoka" },
				"north": { "uv": [ 5.25, 3.75, 4.125, 3.875 ], "texture": "#eoka" },
				"west": { "uv": [ 6.75, 4.375, 6.875, 4.5 ], "texture": "#eoka" },
				"east": { "uv": [ 6.875, 4.25, 6.75, 4.375 ], "texture": "#eoka" }
			}
		},
		{
			"__comment": "Voxels",
			"from": [ 13.5, 7, 8.5 ],
			"to": [ 18.5, 7.5, 9 ],
			"faces": {
				"up": { "uv": [ 2.75, 2.875, 4, 2.75 ], "texture": "#eoka" },
				"south": { "uv": [ 4, 2.625, 5.25, 2.75 ], "texture": "#eoka" },
				"west": { "uv": [ 6.75, 3.625, 6.875, 3.75 ], "texture": "#eoka" },
				"east": { "uv": [ 6.875, 3.5, 6.75, 3.625 ], "texture": "#eoka" }
			}
		},
		{
			"__comment": "Voxels",
			"from": [ 13.5, 7.5, 6.5 ],
			"to": [ 17.5, 8, 7 ],
			"faces": {
				"down": { "uv": [ 9.75, 9.875, 10.75, 10 ], "texture": "#eoka" },
				"north": { "uv": [ 8.75, 9.875, 7.75, 10 ], "texture": "#eoka" },
				"west": { "uv": [ 6.75, 3.375, 6.875, 3.5 ], "texture": "#eoka" },
				"east": { "uv": [ 6.875, 3.25, 6.75, 3.375 ], "texture": "#eoka" }
			}
		},
		{
			"__comment": "Voxels",
			"from": [ 13.5, 7.5, 8.5 ],
			"to": [ 18, 8, 9 ],
			"faces": {
				"south": { "uv": [ 8.75, 10.5, 9.875, 10.625 ], "texture": "#eoka" },
				"west": { "uv": [ 6.75, 2.625, 6.875, 2.75 ], "texture": "#eoka" },
				"east": { "uv": [ 6.875, 2.5, 6.75, 2.625 ], "texture": "#eoka" }
			}
		},
		{
			"__comment": "Voxels",
			"from": [ 13.5, 8, 9 ],
			"to": [ 17.5, 8.5, 9.5 ],
			"faces": {
				"down": { "uv": [ 5.75, 9.875, 6.75, 10 ], "texture": "#eoka" },
				"south": { "uv": [ 12.25, 10, 13.25, 10.125 ], "texture": "#eoka" },
				"west": { "uv": [ 6.75, 2.375, 6.875, 2.5 ], "texture": "#eoka" },
				"east": { "uv": [ 6.875, 2.25, 6.75, 2.375 ], "texture": "#eoka" }
			}
		},
		{
			"__comment": "Voxels",
			"from": [ 13.5, 12, 7 ],
			"to": [ 14.5, 12.5, 8.5 ],
			"faces": {
				"up": { "uv": [ 15.75, 15.125, 16, 14.75 ], "texture": "#eoka" },
				"north": { "uv": [ 11.375, 9.25, 11.125, 9.375 ], "texture": "#eoka" },
				"south": { "uv": [ 12.875, 9.25, 13.125, 9.375 ], "texture": "#eoka" },
				"east": { "uv": [ 5.25, 8.375, 4.875, 8.5 ], "texture": "#eoka" }
			}
		},
		{
			"__comment": "Voxels",
			"from": [ 13.5, 12, 8.5 ],
			"to": [ 14, 12.5, 9 ],
			"faces": {
				"up": { "uv": [ 6.75, 1.625, 6.875, 1.5 ], "texture": "#eoka" },
				"south": { "uv": [ 6.75, 1.25, 6.875, 1.375 ], "texture": "#eoka" },
				"east": { "uv": [ 6.875, 0.75, 6.75, 0.875 ], "texture": "#eoka" }
			}
		},
		{
			"__comment": "Voxels",
			"from": [ 14, 5, 7.5 ],
			"to": [ 19, 5.5, 8.5 ],
			"faces": {
				"down": { "uv": [ 1.25, 7, 2.5, 7.25 ], "texture": "#eoka" },
				"up": { "uv": [ 1.25, 7, 2.5, 6.75 ], "texture": "#eoka" },
				"north": { "uv": [ 5.25, 1.25, 4, 1.375 ], "texture": "#eoka" },
				"south": { "uv": [ 2.75, 1.125, 4, 1.25 ], "texture": "#eoka" },
				"west": { "uv": [ 15.375, 9.25, 15.625, 9.375 ], "texture": "#eoka" },
				"east": { "uv": [ 15.875, 9.25, 15.625, 9.375 ], "texture": "#eoka" }
			}
		},
		{
			"__comment": "Voxels",
			"from": [ 14, 5.5, 7 ],
			"to": [ 18.5, 7, 7.5 ],
			"faces": {
				"down": { "uv": [ 9.875, 10.375, 11, 10.5 ], "texture": "#eoka" },
				"up": { "uv": [ 11, 10.625, 12.125, 10.5 ], "texture": "#eoka" },
				"north": { "uv": [ 1.125, 5, 0, 5.375 ], "texture": "#eoka" },
				"south": { "uv": [ 0, 4.625, 1.125, 5 ], "texture": "#eoka" },
				"west": { "uv": [ 5.25, 0.75, 5.375, 1.125 ], "texture": "#eoka" },
				"east": { "uv": [ 5.5, 0.75, 5.375, 1.125 ], "texture": "#eoka" }
			}
		},
		{
			"__comment": "Voxels",
			"from": [ 14, 5.5, 7.5 ],
			"to": [ 18.5, 6.5, 9 ],
			"faces": {
				"down": { "uv": [ 0, 4.25, 1.125, 4.625 ], "texture": "#eoka" },
				"south": { "uv": [ 1.25, 5.25, 2.375, 5.5 ], "texture": "#eoka" },
				"west": { "uv": [ 2.375, 5.5, 2.75, 5.75 ], "texture": "#eoka" },
				"east": { "uv": [ 2.75, 5.25, 2.375, 5.5 ], "texture": "#eoka" }
			}
		},
		{
			"__comment": "Voxels",
			"from": [ 14, 6.5, 9 ],
			"to": [ 18, 8, 9.5 ],
			"faces": {
				"down": { "uv": [ 9.25, 10, 10.25, 10.125 ], "texture": "#eoka" },
				"up": { "uv": [ 8.25, 10.125, 9.25, 10 ], "texture": "#eoka" },
				"north": { "uv": [ 1, 1.75, 0, 2.125 ], "texture": "#eoka" },
				"south": { "uv": [ 0, 0.625, 1, 1 ], "texture": "#eoka" },
				"west": { "uv": [ 1.125, 5.375, 1.25, 5.75 ], "texture": "#eoka" },
				"east": { "uv": [ 1.25, 5, 1.125, 5.375 ], "texture": "#eoka" }
			}
		},
		{
			"__comment": "Voxels",
			"from": [ 14, 7, 6.5 ],
			"to": [ 17.5, 7.5, 7 ],
			"faces": {
				"down": { "uv": [ 11, 9.5, 11.875, 9.625 ], "texture": "#eoka" },
				"north": { "uv": [ 5.25, 4.375, 4.375, 4.5 ], "texture": "#eoka" },
				"west": { "uv": [ 6.875, 6.375, 7, 6.5 ], "texture": "#eoka" },
				"east": { "uv": [ 7, 6.25, 6.875, 6.375 ], "texture": "#eoka" }
			}
		},
		{
			"__comment": "Voxels",
			"from": [ 14, 11, 6.5 ],
			"to": [ 15.5, 11.5, 9 ],
			"faces": {
				"down": { "uv": [ 1.75, 4.125, 2.125, 4.75 ], "texture": "#eoka" },
				"up": { "uv": [ 2.125, 4.75, 2.5, 4.125 ], "texture": "#eoka" },
				"north": { "uv": [ 5.625, 0.625, 5.25, 0.75 ], "texture": "#eoka" },
				"south": { "uv": [ 5.25, 0.5, 5.625, 0.625 ], "texture": "#eoka" },
				"east": { "uv": [ 6.375, 2.25, 5.75, 2.375 ], "texture": "#eoka" }
			}
		},
		{
			"__comment": "Voxels",
			"from": [ 14, 11, 9 ],
			"to": [ 15, 11.5, 9.5 ],
			"faces": {
				"up": { "uv": [ 13.75, 9.25, 14, 9.125 ], "texture": "#eoka" },
				"south": { "uv": [ 15.75, 9.125, 16, 9.25 ], "texture": "#eoka" },
				"east": { "uv": [ 7, 5.75, 6.875, 5.875 ], "texture": "#eoka" }
			}
		},
		{
			"__comment": "Voxels",
			"from": [ 14.5, 3.5, 7.5 ],
			"to": [ 20, 4, 8.5 ],
			"faces": {
				"down": { "uv": [ 1.25, 10, 2.625, 10.25 ], "texture": "#eoka" },
				"up": { "uv": [ 1.25, 10, 2.625, 9.75 ], "texture": "#eoka" },
				"north": { "uv": [ 16, 11.5, 14.625, 11.625 ], "texture": "#eoka" },
				"south": { "uv": [ 2.75, 4, 4.125, 4.125 ], "texture": "#eoka" },
				"west": { "uv": [ 2.5, 4.125, 2.75, 4.25 ], "texture": "#eoka" },
				"east": { "uv": [ 5.25, 8.75, 5, 8.875 ], "texture": "#eoka" }
			}
		},
		{
			"__comment": "Voxels",
			"from": [ 14.5, 3.5, 8.5 ],
			"to": [ 19.5, 4.5, 9 ],
			"faces": {
				"down": { "uv": [ 2.75, 3, 4, 3.125 ], "texture": "#eoka" },
				"up": { "uv": [ 4, 3.25, 5.25, 3.125 ], "texture": "#eoka" },
				"north": { "uv": [ 2.5, 7.25, 1.25, 7.5 ], "texture": "#eoka" },
				"south": { "uv": [ 1.25, 8, 2.5, 8.25 ], "texture": "#eoka" },
				"west": { "uv": [ 6.5, 3.625, 6.625, 3.875 ], "texture": "#eoka" },
				"east": { "uv": [ 6.625, 3.125, 6.5, 3.375 ], "texture": "#eoka" }
			}
		},
		{
			"__comment": "Voxels",
			"from": [ 14.5, 4, 7 ],
			"to": [ 19.5, 4.5, 8.5 ],
			"faces": {
				"down": { "uv": [ 0, 8.125, 1.25, 8.5 ], "texture": "#eoka" },
				"up": { "uv": [ 0, 7, 1.25, 6.625 ], "texture": "#eoka" },
				"north": { "uv": [ 12.75, 10.625, 11.5, 10.75 ], "texture": "#eoka" },
				"west": { "uv": [ 5.25, 0, 5.625, 0.125 ], "texture": "#eoka" },
				"east": { "uv": [ 16, 9.5, 15.625, 9.625 ], "texture": "#eoka" }
			}
		},
		{
			"__comment": "Voxels",
			"from": [ 14.5, 4.5, 7 ],
			"to": [ 17.5, 5.5, 7.5 ],
			"faces": {
				"north": { "uv": [ 2, 0.125, 1.25, 0.375 ], "texture": "#eoka" },
				"south": { "uv": [ 1.25, 0.375, 2, 0.625 ], "texture": "#eoka" },
				"west": { "uv": [ 6.625, 8, 6.75, 8.25 ], "texture": "#eoka" },
				"east": { "uv": [ 6.75, 7.75, 6.625, 8 ], "texture": "#eoka" }
			}
		},
		{
			"__comment": "Voxels",
			"from": [ 14.5, 4.5, 7.5 ],
			"to": [ 17.5, 5, 9.5 ],
			"faces": {
				"down": { "uv": [ 2, 10.875, 2.75, 11.375 ], "texture": "#eoka" },
				"up": { "uv": [ 1.25, 11.375, 2, 10.875 ], "texture": "#eoka" },
				"south": { "uv": [ 15.25, 10.125, 16, 10.25 ], "texture": "#eoka" },
				"west": { "uv": [ 0.75, 0, 1.25, 0.125 ], "texture": "#eoka" },
				"east": { "uv": [ 5.75, 6.25, 5.25, 6.375 ], "texture": "#eoka" }
			}
		},
		{
			"__comment": "Voxels",
			"from": [ 14.5, 5, 8.5 ],
			"to": [ 19, 5.5, 9 ],
			"faces": {
				"down": { "uv": [ 12.125, 10.5, 13.25, 10.625 ], "texture": "#eoka" },
				"up": { "uv": [ 7.625, 10.5, 8.75, 10.375 ], "texture": "#eoka" },
				"south": { "uv": [ 7.5, 10.25, 8.625, 10.375 ], "texture": "#eoka" },
				"west": { "uv": [ 6.875, 1.875, 7, 2 ], "texture": "#eoka" },
				"east": { "uv": [ 7, 1.75, 6.875, 1.875 ], "texture": "#eoka" }
			}
		},
		{
			"__comment": "Voxels",
			"from": [ 14.5, 5, 9 ],
			"to": [ 18.5, 6.5, 9.5 ],
			"faces": {
				"down": { "uv": [ 11.25, 10, 12.25, 10.125 ], "texture": "#eoka" },
				"up": { "uv": [ 7.75, 9.75, 8.75, 9.625 ], "texture": "#eoka" },
				"north": { "uv": [ 2.75, 12.25, 1.75, 12.625 ], "texture": "#eoka" },
				"south": { "uv": [ 1.75, 11.875, 2.75, 12.25 ], "texture": "#eoka" },
				"west": { "uv": [ 1.125, 4.625, 1.25, 5 ], "texture": "#eoka" },
				"east": { "uv": [ 1.25, 4.25, 1.125, 4.625 ], "texture": "#eoka" }
			}
		},
		{
			"__comment": "Voxels",
			"from": [ 14.5, 5.5, 6.5 ],
			"to": [ 18, 7, 7 ],
			"faces": {
				"down": { "uv": [ 9.25, 9.5, 10.125, 9.625 ], "texture": "#eoka" },
				"up": { "uv": [ 10.125, 9.625, 11, 9.5 ], "texture": "#eoka" },
				"north": { "uv": [ 2.125, 9.125, 1.25, 9.5 ], "texture": "#eoka" },
				"west": { "uv": [ 5.5, 0.75, 5.625, 1.125 ], "texture": "#eoka" },
				"east": { "uv": [ 2.75, 3.75, 2.625, 4.125 ], "texture": "#eoka" }
			}
		},
		{
			"__comment": "Voxels",
			"from": [ 14.5, 10.5, 6.5 ],
			"to": [ 16, 11, 9 ],
			"faces": {
				"down": { "uv": [ 1.25, 3.125, 1.625, 3.75 ], "texture": "#eoka" },
				"up": { "uv": [ 1.625, 3.75, 2, 3.125 ], "texture": "#eoka" },
				"north": { "uv": [ 5.625, 0.375, 5.25, 0.5 ], "texture": "#eoka" },
				"east": { "uv": [ 6.375, 2, 5.75, 2.125 ], "texture": "#eoka" }
			}
		},
		{
			"__comment": "Voxels",
			"from": [ 14.5, 12, 7.5 ],
			"to": [ 15, 12.5, 8.5 ],
			"faces": {
				"up": { "uv": [ 6.5, 2.375, 6.625, 2.125 ], "texture": "#eoka" },
				"north": { "uv": [ 9.25, 8.875, 9.125, 9 ], "texture": "#eoka" },
				"south": { "uv": [ 9.5, 8.875, 9.625, 9 ], "texture": "#eoka" },
				"east": { "uv": [ 7, 9.125, 6.75, 9.25 ], "texture": "#eoka" }
			}
		},
		{
			"__comment": "Voxels",
			"from": [ 15, 2.5, 7 ],
			"to": [ 20, 4, 7.5 ],
			"faces": {
				"down": { "uv": [ 2.75, 2.875, 4, 3 ], "texture": "#eoka" },
				"up": { "uv": [ 2.75, 3.25, 4, 3.125 ], "texture": "#eoka" },
				"north": { "uv": [ 1.25, 7.75, 0, 8.125 ], "texture": "#eoka" },
				"south": { "uv": [ 0, 8.5, 1.25, 8.875 ], "texture": "#eoka" },
				"west": { "uv": [ 5.625, 0.75, 5.75, 1.125 ], "texture": "#eoka" },
				"east": { "uv": [ 6.5, 0, 6.375, 0.375 ], "texture": "#eoka" }
			}
		},
		{
			"__comment": "Voxels",
			"from": [ 15, 2.5, 7.5 ],
			"to": [ 20, 3.5, 9 ],
			"faces": {
				"down": { "uv": [ 0, 6.25, 1.25, 6.625 ], "texture": "#eoka" },
				"up": { "uv": [ 0, 7.375, 1.25, 7 ], "texture": "#eoka" },
				"south": { "uv": [ 1.25, 8.5, 2.5, 8.75 ], "texture": "#eoka" },
				"west": { "uv": [ 2.375, 5.75, 2.75, 6 ], "texture": "#eoka" },
				"east": { "uv": [ 2.75, 6, 2.375, 6.25 ], "texture": "#eoka" }
			}
		},
		{
			"__comment": "Voxels",
			"from": [ 15, 3, 9 ],
			"to": [ 19.5, 4, 9.5 ],
			"faces": {
				"down": { "uv": [ 12.125, 10.375, 13.25, 10.5 ], "texture": "#eoka" },
				"up": { "uv": [ 13.25, 10.625, 14.375, 10.5 ], "texture": "#eoka" },
				"north": { "uv": [ 2.375, 6, 1.25, 6.25 ], "texture": "#eoka" },
				"south": { "uv": [ 1.25, 5.5, 2.375, 5.75 ], "texture": "#eoka" },
				"west": { "uv": [ 6.625, 6.5, 6.75, 6.75 ], "texture": "#eoka" },
				"east": { "uv": [ 7, 14.125, 6.875, 14.375 ], "texture": "#eoka" }
			}
		},
		{
			"__comment": "Voxels",
			"from": [ 15, 3.5, 6.5 ],
			"to": [ 19.5, 4, 7 ],
			"faces": {
				"down": { "uv": [ 14.375, 10.5, 15.5, 10.625 ], "texture": "#eoka" },
				"up": { "uv": [ 14.375, 10.5, 15.5, 10.375 ], "texture": "#eoka" },
				"north": { "uv": [ 6.375, 10.25, 5.25, 10.375 ], "texture": "#eoka" },
				"west": { "uv": [ 10.875, 8.875, 11, 9 ], "texture": "#eoka" },
				"east": { "uv": [ 11.125, 8.875, 11, 9 ], "texture": "#eoka" }
			}
		},
		{
			"__comment": "Voxels",
			"from": [ 15, 4, 6.5 ],
			"to": [ 19, 4.5, 7 ],
			"faces": {
				"up": { "uv": [ 13.75, 10, 14.75, 9.875 ], "texture": "#eoka" },
				"north": { "uv": [ 12.75, 9.75, 11.75, 9.875 ], "texture": "#eoka" },
				"west": { "uv": [ 5.125, 9.5, 5.25, 9.625 ], "texture": "#eoka" },
				"east": { "uv": [ 11.25, 8.875, 11.125, 9 ], "texture": "#eoka" }
			}
		},
		{
			"__comment": "Voxels",
			"from": [ 15, 4, 9 ],
			"to": [ 19, 4.5, 9.5 ],
			"faces": {
				"up": { "uv": [ 14.75, 9.875, 15.75, 9.75 ], "texture": "#eoka" },
				"south": { "uv": [ 6.75, 9.625, 7.75, 9.75 ], "texture": "#eoka" },
				"west": { "uv": [ 5.625, 0.625, 5.75, 0.75 ], "texture": "#eoka" },
				"east": { "uv": [ 5.75, 0.5, 5.625, 0.625 ], "texture": "#eoka" }
			}
		},
		{
			"__comment": "Voxels",
			"from": [ 15, 4.5, 6.5 ],
			"to": [ 17.5, 5.5, 7 ],
			"faces": {
				"north": { "uv": [ 2.75, 2.125, 2.125, 2.375 ], "texture": "#eoka" },
				"west": { "uv": [ 6.5, 3.375, 6.625, 3.625 ], "texture": "#eoka" },
				"east": { "uv": [ 2.75, 10.25, 2.625, 10.5 ], "texture": "#eoka" }
			}
		},
		{
			"__comment": "Voxels",
			"from": [ 15, 4.5, 9.5 ],
			"to": [ 18.5, 5, 10 ],
			"faces": {
				"down": { "uv": [ 8.375, 9.5, 9.25, 9.625 ], "texture": "#eoka" },
				"up": { "uv": [ 7.5, 9.625, 8.375, 9.5 ], "texture": "#eoka" },
				"north": { "uv": [ 7.5, 9.5, 6.625, 9.625 ], "texture": "#eoka" },
				"south": { "uv": [ 5.75, 9.5, 6.625, 9.625 ], "texture": "#eoka" },
				"west": { "uv": [ 6.375, 3.375, 6.5, 3.5 ], "texture": "#eoka" },
				"east": { "uv": [ 6.5, 3.25, 6.375, 3.375 ], "texture": "#eoka" }
			}
		},
		{
			"__comment": "Voxels",
			"from": [ 15, 5, 9.5 ],
			"to": [ 18, 6, 10 ],
			"faces": {
				"up": { "uv": [ 12.625, 9.625, 13.375, 9.5 ], "texture": "#eoka" },
				"south": { "uv": [ 2, 0.875, 2.75, 1.125 ], "texture": "#eoka" },
				"west": { "uv": [ 2.625, 10, 2.75, 10.25 ], "texture": "#eoka" },
				"east": { "uv": [ 2.75, 9.75, 2.625, 10 ], "texture": "#eoka" }
			}
		},
		{
			"__comment": "Voxels",
			"from": [ 15, 6, 9.5 ],
			"to": [ 17.5, 7.5, 10 ],
			"faces": {
				"up": { "uv": [ 5.75, 1.625, 6.375, 1.5 ], "texture": "#eoka" },
				"north": { "uv": [ 2.75, 8.75, 2.125, 9.125 ], "texture": "#eoka" },
				"south": { "uv": [ 2.125, 9.125, 2.75, 9.5 ], "texture": "#eoka" },
				"west": { "uv": [ 6.125, 0, 6.25, 0.375 ], "texture": "#eoka" },
				"east": { "uv": [ 6.375, 0, 6.25, 0.375 ], "texture": "#eoka" }
			}
		},
		{
			"__comment": "Voxels",
			"from": [ 15, 7.5, 9.5 ],
			"to": [ 17, 8.5, 10 ],
			"faces": {
				"up": { "uv": [ 5.25, 2.125, 5.75, 2 ], "texture": "#eoka" },
				"north": { "uv": [ 5.75, 8.5, 5.25, 8.75 ], "texture": "#eoka" },
				"south": { "uv": [ 15.5, 12.5, 16, 12.75 ], "texture": "#eoka" },
				"west": { "uv": [ 6.5, 6.875, 6.625, 7.125 ], "texture": "#eoka" },
				"east": { "uv": [ 6.625, 6.625, 6.5, 6.875 ], "texture": "#eoka" }
			}
		},
		{
			"__comment": "Voxels",
			"from": [ 15, 8.5, 6 ],
			"to": [ 15.5, 9, 6.5 ],
			"faces": {
				"down": { "uv": [ 6.375, 0.875, 6.5, 1 ], "texture": "#eoka" },
				"north": { "uv": [ 6.625, 0, 6.5, 0.125 ], "texture": "#eoka" },
				"west": { "uv": [ 6.625, 1.625, 6.75, 1.75 ], "texture": "#eoka" },
				"east": { "uv": [ 6.75, 1.5, 6.625, 1.625 ], "texture": "#eoka" }
			}
		},
		{
			"__comment": "Voxels",
			"from": [ 15, 8.5, 9.5 ],
			"to": [ 16.5, 9, 10 ],
			"faces": {
				"up": { "uv": [ 5.75, 0.125, 6.125, 0 ], "texture": "#eoka" },
				"south": { "uv": [ 6.875, 9.375, 7.25, 9.5 ], "texture": "#eoka" },
				"west": { "uv": [ 6.625, 0.875, 6.75, 1 ], "texture": "#eoka" },
				"east": { "uv": [ 6.75, 0.75, 6.625, 0.875 ], "texture": "#eoka" }
			}
		},
		{
			"__comment": "Voxels",
			"from": [ 15.5, 1.5, 7.5 ],
			"to": [ 19, 2.5, 8.5 ],
			"faces": {
				"down": { "uv": [ 1.25, 2.875, 2.125, 3.125 ], "texture": "#eoka" },
				"north": { "uv": [ 2.125, 1.875, 1.25, 2.125 ], "texture": "#eoka" },
				"south": { "uv": [ 1.25, 2.125, 2.125, 2.375 ], "texture": "#eoka" },
				"west": { "uv": [ 2.5, 6.75, 2.75, 7 ], "texture": "#eoka" },
				"east": { "uv": [ 1.25, 2.5, 1, 2.75 ], "texture": "#eoka" }
			}
		},
		{
			"__comment": "Voxels",
			"from": [ 15.5, 2, 6.5 ],
			"to": [ 19.5, 3.5, 7 ],
			"faces": {
				"down": { "uv": [ 15, 13.25, 16, 13.375 ], "texture": "#eoka" },
				"north": { "uv": [ 2.25, 10.5, 1.25, 10.875 ], "texture": "#eoka" },
				"south": { "uv": [ 0, 2.125, 1, 2.5 ], "texture": "#eoka" },
				"west": { "uv": [ 6.5, 8.625, 6.625, 9 ], "texture": "#eoka" },
				"east": { "uv": [ 6.625, 9, 6.5, 9.375 ], "texture": "#eoka" }
			}
		},
		{
			"__comment": "Voxels",
			"from": [ 15.5, 2, 7 ],
			"to": [ 19.5, 2.5, 7.5 ],
			"faces": {
				"down": { "uv": [ 15, 10.625, 16, 10.75 ], "texture": "#eoka" },
				"south": { "uv": [ 7.25, 10.125, 8.25, 10.25 ], "texture": "#eoka" },
				"west": { "uv": [ 8.75, 9, 8.875, 9.125 ], "texture": "#eoka" },
				"east": { "uv": [ 9, 9, 8.875, 9.125 ], "texture": "#eoka" }
			}
		},
		{
			"__comment": "Voxels",
			"from": [ 15.5, 2, 8.5 ],
			"to": [ 19.5, 2.5, 9 ],
			"faces": {
				"down": { "uv": [ 8.25, 10.125, 9.25, 10.25 ], "texture": "#eoka" },
				"north": { "uv": [ 11.25, 10.125, 10.25, 10.25 ], "texture": "#eoka" },
				"south": { "uv": [ 13.25, 10.125, 14.25, 10.25 ], "texture": "#eoka" },
				"west": { "uv": [ 9.5, 9, 9.625, 9.125 ], "texture": "#eoka" },
				"east": { "uv": [ 9.75, 9, 9.625, 9.125 ], "texture": "#eoka" }
			}
		},
		{
			"__comment": "Voxels",
			"from": [ 15.5, 2.5, 9 ],
			"to": [ 19.5, 3, 9.5 ],
			"faces": {
				"down": { "uv": [ 14.25, 10.125, 15.25, 10.25 ], "texture": "#eoka" },
				"south": { "uv": [ 7.25, 10, 8.25, 10.125 ], "texture": "#eoka" },
				"west": { "uv": [ 10.25, 9, 10.375, 9.125 ], "texture": "#eoka" },
				"east": { "uv": [ 10.5, 9, 10.375, 9.125 ], "texture": "#eoka" }
			}
		},
		{
			"__comment": "Voxels",
			"from": [ 15.5, 3.5, 9.5 ],
			"to": [ 19, 4, 10 ],
			"faces": {
				"down": { "uv": [ 4.375, 4.875, 5.25, 5 ], "texture": "#eoka" },
				"up": { "uv": [ 15.125, 13.625, 16, 13.5 ], "texture": "#eoka" },
				"south": { "uv": [ 15.125, 10.25, 16, 10.375 ], "texture": "#eoka" },
				"west": { "uv": [ 11, 9, 11.125, 9.125 ], "texture": "#eoka" },
				"east": { "uv": [ 11.25, 9, 11.125, 9.125 ], "texture": "#eoka" }
			}
		},
		{
			"__comment": "Voxels",
			"from": [ 15.5, 4, 6 ],
			"to": [ 18.5, 4.5, 6.5 ],
			"faces": {
				"down": { "uv": [ 4.5, 5.875, 5.25, 6 ], "texture": "#eoka" },
				"up": { "uv": [ 4.5, 6.125, 5.25, 6 ], "texture": "#eoka" },
				"north": { "uv": [ 5.25, 6.125, 4.5, 6.25 ], "texture": "#eoka" },
				"west": { "uv": [ 11.75, 9, 11.875, 9.125 ], "texture": "#eoka" },
				"east": { "uv": [ 12, 9, 11.875, 9.125 ], "texture": "#eoka" }
			}
		},
		{
			"__comment": "Voxels",
			"from": [ 15.5, 4, 9.5 ],
			"to": [ 18.5, 4.5, 10 ],
			"faces": {
				"south": { "uv": [ 0, 0, 0.75, 0.125 ], "texture": "#eoka" },
				"west": { "uv": [ 12.5, 9, 12.625, 9.125 ], "texture": "#eoka" },
				"east": { "uv": [ 12.75, 9, 12.625, 9.125 ], "texture": "#eoka" }
			}
		},
		{
			"__comment": "Voxels",
			"from": [ 15.5, 4.5, 6 ],
			"to": [ 17.5, 5, 6.5 ],
			"faces": {
				"up": { "uv": [ 5.25, 7.625, 5.75, 7.5 ], "texture": "#eoka" },
				"north": { "uv": [ 5.75, 7.375, 5.25, 7.5 ], "texture": "#eoka" },
				"west": { "uv": [ 13.25, 9, 13.375, 9.125 ], "texture": "#eoka" },
				"east": { "uv": [ 13.5, 9, 13.375, 9.125 ], "texture": "#eoka" }
			}
		},
		{
			"__comment": "Voxels",
			"from": [ 15.5, 11, 7 ],
			"to": [ 16, 11.5, 9 ],
			"faces": {
				"up": { "uv": [ 5.5, 8.5, 5.625, 8 ], "texture": "#eoka" },
				"north": { "uv": [ 13.875, 9, 13.75, 9.125 ], "texture": "#eoka" },
				"south": { "uv": [ 13.875, 9, 14, 9.125 ], "texture": "#eoka" },
				"east": { "uv": [ 5.75, 7.125, 5.25, 7.25 ], "texture": "#eoka" }
			}
		},
		{
			"__comment": "Voxels",
			"from": [ 15.5, 11.5, 7.5 ],
			"to": [ 16, 12, 8 ],
			"faces": {
				"up": { "uv": [ 14.375, 9.125, 14.5, 9 ], "texture": "#eoka" },
				"north": { "uv": [ 14.625, 9, 14.5, 9.125 ], "texture": "#eoka" },
				"south": { "uv": [ 14.625, 9, 14.75, 9.125 ], "texture": "#eoka" },
				"east": { "uv": [ 15, 9, 14.875, 9.125 ], "texture": "#eoka" }
			}
		},
		{
			"__comment": "Voxels",
			"from": [ 16, 1, 7.5 ],
			"to": [ 18, 1.5, 8 ],
			"faces": {
				"down": { "uv": [ 5.25, 6.875, 5.75, 7 ], "texture": "#eoka" },
				"north": { "uv": [ 5.75, 6.5, 5.25, 6.625 ], "texture": "#eoka" },
				"south": { "uv": [ 5.25, 6.375, 5.75, 6.5 ], "texture": "#eoka" },
				"west": { "uv": [ 15.5, 9, 15.625, 9.125 ], "texture": "#eoka" },
				"east": { "uv": [ 15.75, 9, 15.625, 9.125 ], "texture": "#eoka" }
			}
		},
		{
			"__comment": "Voxels",
			"from": [ 16, 1.5, 6.5 ],
			"to": [ 18.5, 2, 7.5 ],
			"faces": {
				"down": { "uv": [ 2.125, 2.375, 2.75, 2.625 ], "texture": "#eoka" },
				"up": { "uv": [ 2.125, 3.125, 2.75, 2.875 ], "texture": "#eoka" },
				"north": { "uv": [ 6.375, 1.375, 5.75, 1.5 ], "texture": "#eoka" },
				"west": { "uv": [ 10.375, 9.25, 10.625, 9.375 ], "texture": "#eoka" },
				"east": { "uv": [ 10.875, 9.25, 10.625, 9.375 ], "texture": "#eoka" }
			}
		},
		{
			"__comment": "Voxels",
			"from": [ 16, 1.5, 8.5 ],
			"to": [ 19, 2, 9 ],
			"faces": {
				"down": { "uv": [ 5.75, 6.875, 6.5, 7 ], "texture": "#eoka" },
				"south": { "uv": [ 5.75, 8.875, 6.5, 9 ], "texture": "#eoka" },
				"west": { "uv": [ 6.75, 7.875, 6.875, 8 ], "texture": "#eoka" },
				"east": { "uv": [ 6.875, 7.75, 6.75, 7.875 ], "texture": "#eoka" }
			}
		},
		{
			"__comment": "Voxels",
			"from": [ 16, 2, 6 ],
			"to": [ 19, 4, 6.5 ],
			"faces": {
				"down": { "uv": [ 5.75, 7.75, 6.5, 7.875 ], "texture": "#eoka" },
				"up": { "uv": [ 5.75, 9.125, 6.5, 9 ], "texture": "#eoka" },
				"north": { "uv": [ 1.25, 1.25, 0.5, 1.75 ], "texture": "#eoka" },
				"south": { "uv": [ 0, 0.125, 0.75, 0.625 ], "texture": "#eoka" },
				"west": { "uv": [ 5.25, 4.875, 5.375, 5.375 ], "texture": "#eoka" },
				"east": { "uv": [ 5.5, 4.875, 5.375, 5.375 ], "texture": "#eoka" }
			}
		},
		{
			"__comment": "Voxels",
			"from": [ 16, 2, 9 ],
			"to": [ 19, 2.5, 9.5 ],
			"faces": {
				"down": { "uv": [ 14.875, 9.5, 15.625, 9.625 ], "texture": "#eoka" },
				"south": { "uv": [ 5.75, 6.625, 6.5, 6.75 ], "texture": "#eoka" },
				"west": { "uv": [ 6.75, 6.375, 6.875, 6.5 ], "texture": "#eoka" },
				"east": { "uv": [ 6.875, 6.25, 6.75, 6.375 ], "texture": "#eoka" }
			}
		},
		{
			"__comment": "Voxels",
			"from": [ 16, 2.5, 9.5 ],
			"to": [ 19, 3.5, 10 ],
			"faces": {
				"down": { "uv": [ 5.75, 9.125, 6.5, 9.25 ], "texture": "#eoka" },
				"north": { "uv": [ 2, 1.125, 1.25, 1.375 ], "texture": "#eoka" },
				"south": { "uv": [ 0.5, 1, 1.25, 1.25 ], "texture": "#eoka" },
				"west": { "uv": [ 6.5, 0.875, 6.625, 1.125 ], "texture": "#eoka" },
				"east": { "uv": [ 1.25, 11.75, 1.125, 12 ], "texture": "#eoka" }
			}
		},
		{
			"__comment": "Voxels",
			"from": [ 16, 5, 6 ],
			"to": [ 17.5, 6, 6.5 ],
			"faces": {
				"up": { "uv": [ 7.625, 9.5, 8, 9.375 ], "texture": "#eoka" },
				"north": { "uv": [ 16, 14.5, 15.625, 14.75 ], "texture": "#eoka" },
				"south": { "uv": [ 15.625, 14.25, 16, 14.5 ], "texture": "#eoka" },
				"west": { "uv": [ 6.5, 0.375, 6.625, 0.625 ], "texture": "#eoka" },
				"east": { "uv": [ 6.625, 0.125, 6.5, 0.375 ], "texture": "#eoka" }
			}
		},
		{
			"__comment": "Voxels",
			"from": [ 16, 6, 6 ],
			"to": [ 17, 6.5, 6.5 ],
			"faces": {
				"up": { "uv": [ 13.375, 9.375, 13.625, 9.25 ], "texture": "#eoka" },
				"north": { "uv": [ 13.875, 9.25, 13.625, 9.375 ], "texture": "#eoka" },
				"west": { "uv": [ 6.75, 4.125, 6.875, 4.25 ], "texture": "#eoka" },
				"east": { "uv": [ 6.875, 4, 6.75, 4.125 ], "texture": "#eoka" }
			}
		},
		{
			"__comment": "Voxels",
			"from": [ 16, 6.5, 6 ],
			"to": [ 16.5, 7.5, 6.5 ],
			"faces": {
				"up": { "uv": [ 6.75, 3.875, 6.875, 3.75 ], "texture": "#eoka" },
				"north": { "uv": [ 6.75, 9, 6.625, 9.25 ], "texture": "#eoka" },
				"south": { "uv": [ 6.625, 8.75, 6.75, 9 ], "texture": "#eoka" },
				"west": { "uv": [ 6.625, 8.5, 6.75, 8.75 ], "texture": "#eoka" },
				"east": { "uv": [ 6.75, 8.25, 6.625, 8.5 ], "texture": "#eoka" }
			}
		},
		{
			"__comment": "Voxels",
			"from": [ 16, 10.5, 7 ],
			"to": [ 16.5, 11, 9 ],
			"faces": {
				"down": { "uv": [ 5.5, 4.875, 5.625, 5.375 ], "texture": "#eoka" },
				"up": { "uv": [ 5.625, 5.375, 5.75, 4.875 ], "texture": "#eoka" },
				"north": { "uv": [ 6.875, 2.875, 6.75, 3 ], "texture": "#eoka" },
				"south": { "uv": [ 6.75, 2.75, 6.875, 2.875 ], "texture": "#eoka" },
				"east": { "uv": [ 5.75, 3.875, 5.25, 4 ], "texture": "#eoka" }
			}
		},
		{
			"__comment": "Voxels",
			"from": [ 16, 11, 7.5 ],
			"to": [ 16.5, 11.5, 8.5 ],
			"faces": {
				"up": { "uv": [ 6.625, 7.5, 6.75, 7.25 ], "texture": "#eoka" },
				"north": { "uv": [ 6.875, 2.125, 6.75, 2.25 ], "texture": "#eoka" },
				"south": { "uv": [ 6.75, 2, 6.875, 2.125 ], "texture": "#eoka" },
				"east": { "uv": [ 15.125, 9.25, 14.875, 9.375 ], "texture": "#eoka" }
			}
		},
		{
			"__comment": "Voxels",
			"from": [ 16.5, 1, 7 ],
			"to": [ 18, 1.5, 7.5 ],
			"faces": {
				"down": { "uv": [ 8, 9.375, 8.375, 9.5 ], "texture": "#eoka" },
				"north": { "uv": [ 9.125, 9.375, 8.75, 9.5 ], "texture": "#eoka" },
				"west": { "uv": [ 6.75, 1.125, 6.875, 1.25 ], "texture": "#eoka" },
				"east": { "uv": [ 6.875, 1, 6.75, 1.125 ], "texture": "#eoka" }
			}
		},
		{
			"__comment": "Voxels",
			"from": [ 16.5, 1, 8 ],
			"to": [ 18, 1.5, 9 ],
			"faces": {
				"down": { "uv": [ 2.375, 6.5, 2.75, 6.75 ], "texture": "#eoka" },
				"up": { "uv": [ 2.375, 6.5, 2.75, 6.25 ], "texture": "#eoka" },
				"south": { "uv": [ 11.375, 9.375, 11.75, 9.5 ], "texture": "#eoka" },
				"west": { "uv": [ 7.25, 9.125, 7.5, 9.25 ], "texture": "#eoka" },
				"east": { "uv": [ 7.75, 9.125, 7.5, 9.25 ], "texture": "#eoka" }
			}
		},
		{
			"__comment": "Voxels",
			"from": [ 16.5, 1.5, 6 ],
			"to": [ 18.5, 2, 6.5 ],
			"faces": {
				"down": { "uv": [ 5.25, 3.75, 5.75, 3.875 ], "texture": "#eoka" },
				"north": { "uv": [ 5.75, 3.375, 5.25, 3.5 ], "texture": "#eoka" },
				"west": { "uv": [ 6.875, 8.625, 7, 8.75 ], "texture": "#eoka" },
				"east": { "uv": [ 7, 8.5, 6.875, 8.625 ], "texture": "#eoka" }
			}
		},
		{
			"__comment": "Voxels",
			"from": [ 16.5, 1.5, 9 ],
			"to": [ 18.5, 2, 9.5 ],
			"faces": {
				"down": { "uv": [ 5.25, 3.125, 5.75, 3.25 ], "texture": "#eoka" },
				"south": { "uv": [ 5.25, 2.5, 5.75, 2.625 ], "texture": "#eoka" },
				"west": { "uv": [ 6.875, 7.875, 7, 8 ], "texture": "#eoka" },
				"east": { "uv": [ 7, 7.75, 6.875, 7.875 ], "texture": "#eoka" }
			}
		},
		{
			"__comment": "Voxels",
			"from": [ 16.5, 2, 9.5 ],
			"to": [ 18.5, 2.5, 10 ],
			"faces": {
				"down": { "uv": [ 5.25, 2.375, 5.75, 2.5 ], "texture": "#eoka" },
				"south": { "uv": [ 5.25, 1.75, 5.75, 1.875 ], "texture": "#eoka" },
				"west": { "uv": [ 6.875, 7.125, 7, 7.25 ], "texture": "#eoka" },
				"east": { "uv": [ 7, 7, 6.875, 7.125 ], "texture": "#eoka" }
			}
		},
		{
			"__comment": "Voxels",
			"from": [ 16.5, 10.5, 7.5 ],
			"to": [ 17, 11, 8.5 ],
			"faces": {
				"down": { "uv": [ 6.625, 6, 6.75, 6.25 ], "texture": "#eoka" },
				"up": { "uv": [ 6.625, 6, 6.75, 5.75 ], "texture": "#eoka" },
				"north": { "uv": [ 7, 6.625, 6.875, 6.75 ], "texture": "#eoka" },
				"south": { "uv": [ 6.875, 6.5, 7, 6.625 ], "texture": "#eoka" },
				"east": { "uv": [ 11, 9.125, 10.75, 9.25 ], "texture": "#eoka" }
			}
		},
		{
			"__comment": "Voxels",
			"from": [ 17, 1, 6.5 ],
			"to": [ 18, 1.5, 7 ],
			"faces": {
				"down": { "uv": [ 11, 9.125, 11.25, 9.25 ], "texture": "#eoka" },
				"north": { "uv": [ 11.75, 9.125, 11.5, 9.25 ], "texture": "#eoka" },
				"west": { "uv": [ 6.875, 5.625, 7, 5.75 ], "texture": "#eoka" },
				"east": { "uv": [ 7, 5.5, 6.875, 5.625 ], "texture": "#eoka" }
			}
		},
		{
			"__comment": "Voxels",
			"from": [ 17, 1, 9 ],
			"to": [ 17.5, 1.5, 9.5 ],
			"faces": {
				"down": { "uv": [ 6.875, 5.375, 7, 5.5 ], "texture": "#eoka" },
				"south": { "uv": [ 6.875, 5, 7, 5.125 ], "texture": "#eoka" },
				"west": { "uv": [ 6.875, 4.875, 7, 5 ], "texture": "#eoka" },
				"east": { "uv": [ 7, 4.75, 6.875, 4.875 ], "texture": "#eoka" }
			}
		},
		{
			"__comment": "Voxels",
			"from": [ 17, 1.5, 9.5 ],
			"to": [ 18, 2, 10 ],
			"faces": {
				"down": { "uv": [ 12, 9.125, 12.25, 9.25 ], "texture": "#eoka" },
				"south": { "uv": [ 12.75, 9.125, 13, 9.25 ], "texture": "#eoka" },
				"west": { "uv": [ 6.875, 4.125, 7, 4.25 ], "texture": "#eoka" },
				"east": { "uv": [ 7, 4, 6.875, 4.125 ], "texture": "#eoka" }
			}
		},
		{
			"__comment": "Voxels",
			"from": [ 17.5, 2.5, 5.5 ],
			"to": [ 18, 3, 6 ],
			"faces": {
				"down": { "uv": [ 6.875, 3.875, 7, 4 ], "texture": "#eoka" },
				"up": { "uv": [ 6.875, 3.875, 7, 3.75 ], "texture": "#eoka" },
				"north": { "uv": [ 7, 3.625, 6.875, 3.75 ], "texture": "#eoka" },
				"west": { "uv": [ 6.875, 3.375, 7, 3.5 ], "texture": "#eoka" },
				"east": { "uv": [ 7, 3.25, 6.875, 3.375 ], "texture": "#eoka" }
			}
		},
		{
			"__comment": "Voxels",
			"from": [ 17.5, 4.5, 9 ],
			"to": [ 19, 5, 9.5 ],
			"faces": {
				"up": { "uv": [ 10.25, 9.5, 10.625, 9.375 ], "texture": "#eoka" },
				"north": { "uv": [ 11, 9.375, 10.625, 9.5 ], "texture": "#eoka" },
				"south": { "uv": [ 11, 9.375, 11.375, 9.5 ], "texture": "#eoka" },
				"east": { "uv": [ 7, 2.5, 6.875, 2.625 ], "texture": "#eoka" }
			}
		},
		{
			"__comment": "Voxels",
			"from": [ 17.5, 5, 6.5 ],
			"to": [ 18.5, 5.5, 7.5 ],
			"faces": {
				"down": { "uv": [ 2.5, 7.25, 2.75, 7.5 ], "texture": "#eoka" },
				"up": { "uv": [ 2.5, 7.25, 2.75, 7 ], "texture": "#eoka" },
				"north": { "uv": [ 14.5, 9.125, 14.25, 9.25 ], "texture": "#eoka" },
				"west": { "uv": [ 14.75, 9.125, 15, 9.25 ], "texture": "#eoka" },
				"east": { "uv": [ 15.25, 9.125, 15, 9.25 ], "texture": "#eoka" }
			}
		},
		{
			"__comment": "Voxels",
			"from": [ 18, 4.5, 6.5 ],
			"to": [ 18.5, 5, 9 ],
			"faces": {
				"down": { "uv": [ 5.25, 7.875, 5.375, 8.5 ], "texture": "#eoka" },
				"up": { "uv": [ 5.375, 8.5, 5.5, 7.875 ], "texture": "#eoka" },
				"north": { "uv": [ 7, 1.375, 6.875, 1.5 ], "texture": "#eoka" },
				"west": { "uv": [ 5.75, 1.125, 6.375, 1.25 ], "texture": "#eoka" },
				"east": { "uv": [ 6.375, 1, 5.75, 1.125 ], "texture": "#eoka" }
			}
		},
		{
			"__comment": "Voxels",
			"from": [ 18.5, 1.5, 7 ],
			"to": [ 19, 2, 7.5 ],
			"faces": {
				"down": { "uv": [ 6.875, 0.875, 7, 1 ], "texture": "#eoka" },
				"north": { "uv": [ 7, 0.625, 6.875, 0.75 ], "texture": "#eoka" },
				"east": { "uv": [ 7, 0.25, 6.875, 0.375 ], "texture": "#eoka" }
			}
		},
		{
			"__comment": "Voxels",
			"from": [ 18.5, 4.5, 7 ],
			"to": [ 19, 5.5, 7.5 ],
			"faces": {
				"up": { "uv": [ 6.875, 0.125, 7, 0 ], "texture": "#eoka" },
				"north": { "uv": [ 6.75, 5.25, 6.625, 5.5 ], "texture": "#eoka" },
				"south": { "uv": [ 6.625, 5, 6.75, 5.25 ], "texture": "#eoka" },
				"west": { "uv": [ 6.625, 4.75, 6.75, 5 ], "texture": "#eoka" },
				"east": { "uv": [ 6.75, 4.5, 6.625, 4.75 ], "texture": "#eoka" }
			}
		},
		{
			"__comment": "Voxels",
			"from": [ 18.5, 4.5, 7.5 ],
			"to": [ 19, 5, 9 ],
			"faces": {
				"down": { "uv": [ 6.5, 7.5, 6.625, 7.875 ], "texture": "#eoka" },
				"up": { "uv": [ 6.5, 7.5, 6.625, 7.125 ], "texture": "#eoka" },
				"east": { "uv": [ 12.5, 9.375, 12.125, 9.5 ], "texture": "#eoka" }
			}
		},
		{
			"__comment": "Voxels",
			"from": [ 18.5, 5.5, 8 ],
			"to": [ 19, 6, 8.5 ],
			"faces": {
				"up": { "uv": [ 8.375, 9, 8.5, 8.875 ], "texture": "#eoka" },
				"north": { "uv": [ 8.625, 8.875, 8.5, 9 ], "texture": "#eoka" },
				"south": { "uv": [ 8.625, 8.875, 8.75, 9 ], "texture": "#eoka" },
				"east": { "uv": [ 9, 8.875, 8.875, 9 ], "texture": "#eoka" }
			}
		},
		{
			"__comment": "Voxels",
			"from": [ 19, 2, 7.5 ],
			"to": [ 19.5, 2.5, 8.5 ],
			"faces": {
				"down": { "uv": [ 6.625, 3.75, 6.75, 4 ], "texture": "#eoka" },
				"east": { "uv": [ 7.5, 9, 7.25, 9.125 ], "texture": "#eoka" }
			}
		},
		{
			"__comment": "Voxels",
			"from": [ 19, 2.5, 6 ],
			"to": [ 19.5, 3.5, 6.5 ],
			"faces": {
				"down": { "uv": [ 9.75, 8.875, 9.875, 9 ], "texture": "#eoka" },
				"up": { "uv": [ 9.875, 9, 10, 8.875 ], "texture": "#eoka" },
				"north": { "uv": [ 6.75, 3.25, 6.625, 3.5 ], "texture": "#eoka" },
				"east": { "uv": [ 6.75, 2.5, 6.625, 2.75 ], "texture": "#eoka" }
			}
		},
		{
			"__comment": "Voxels",
			"from": [ 19.5, 2.5, 6.5 ],
			"to": [ 20, 3.5, 7 ],
			"faces": {
				"down": { "uv": [ 10.5, 8.875, 10.625, 9 ], "texture": "#eoka" },
				"up": { "uv": [ 10.625, 9, 10.75, 8.875 ], "texture": "#eoka" },
				"north": { "uv": [ 6.75, 2.25, 6.625, 2.5 ], "texture": "#eoka" },
				"east": { "uv": [ 6.625, 0.625, 6.5, 0.875 ], "texture": "#eoka" }
			}
		}
	],
	"display": {
		"thirdperson_righthand": {
			"rotation":  [ 0, -90, 0 ],
			"scale":  [ 0.3, 0.3, 0.3 ]
		},
		"firstperson_righthand": {
			"rotation":  [ 0, -92, 0 ],
			"translation":  [ 1.3913, -2.086, -6.956 ]
		},
		"gui": {
			"rotation":  [ 0, 19, 30 ],
			"scale":  [ 0.6, 0.6, 0.6 ]
		}
	}
}