{
	"__comment": "Designed by DevastMc",
	"gui_light": "front",
	"textures": {
		"hunting_bow": "blocks/hunting_bow"
	},
	"elements": [ 	 
		{
			"__comment": "Voxels",
			"from": [ 1.5, 11, 6.5 ],
			"to": [ 3.5, 11.5, 7 ],
			"faces": {
				"down": { "uv": [ 8.5, 15.25, 9.5, 15.5 ], "texture": "#hunting_bow" },
				"up": { "uv": [ 8.5, 16, 9.5, 15.75 ], "texture": "#hunting_bow" },
				"north": { "uv": [ 9.5, 15.5, 8.5, 15.75 ], "texture": "#hunting_bow" },
				"south": { "uv": [ 9.5, 15.75, 10.5, 16 ], "texture": "#hunting_bow" },
				"west": { "uv": [ 12.5, 11.75, 12.75, 12 ], "texture": "#hunting_bow" },
				"east": { "uv": [ 12.5, 11.75, 12.25, 12 ], "texture": "#hunting_bow" }
			}
		},
		{
			"__comment": "Voxels",
			"from": [ 2, 2.5, 7 ],
			"to": [ 4, 3, 7.5 ],
			"faces": {
				"down": { "uv": [ 9.5, 15.5, 10.5, 15.75 ], "texture": "#hunting_bow" },
				"up": { "uv": [ 10.5, 16, 11.5, 15.75 ], "texture": "#hunting_bow" },
				"north": { "uv": [ 11.5, 15.5, 10.5, 15.75 ], "texture": "#hunting_bow" },
				"south": { "uv": [ 11.5, 15.75, 12.5, 16 ], "texture": "#hunting_bow" },
				"west": { "uv": [ 12, 11.75, 12.25, 12 ], "texture": "#hunting_bow" },
				"east": { "uv": [ 12, 8.5, 11.75, 8.75 ], "texture": "#hunting_bow" }
			}
		},
		{
			"__comment": "Voxels",
			"from": [ 2, 3, 7 ],
			"to": [ 3.5, 6.5, 7.5 ],
			"faces": {
				"up": { "uv": [ 12.25, 15.25, 13, 15 ], "texture": "#hunting_bow" },
				"north": { "uv": [ 1.75, 14.25, 1, 16 ], "texture": "#hunting_bow" },
				"south": { "uv": [ 1, 12.5, 1.75, 14.25 ], "texture": "#hunting_bow" },
				"west": { "uv": [ 5.5, 11.5, 5.75, 13.25 ], "texture": "#hunting_bow" },
				"east": { "uv": [ 6, 13.25, 5.75, 15 ], "texture": "#hunting_bow" }
			}
		},
		{
			"__comment": "Voxels",
			"from": [ 2, 3.5, 6.5 ],
			"to": [ 4, 5.5, 7 ],
			"faces": {
				"down": { "uv": [ 11.5, 15.5, 12.5, 15.75 ], "texture": "#hunting_bow" },
				"up": { "uv": [ 12.5, 16, 13.5, 15.75 ], "texture": "#hunting_bow" },
				"north": { "uv": [ 2.75, 14, 1.75, 15 ], "texture": "#hunting_bow" },
				"south": { "uv": [ 1.75, 15, 2.75, 16 ], "texture": "#hunting_bow" },
				"west": { "uv": [ 7.75, 12, 8, 13 ], "texture": "#hunting_bow" },
				"east": { "uv": [ 8, 11, 7.75, 12 ], "texture": "#hunting_bow" }
			}
		},
		{
			"__comment": "Voxels",
			"from": [ 2, 5, 6 ],
			"to": [ 3.5, 5.5, 6.5 ],
			"faces": {
				"down": { "uv": [ 13, 15, 13.75, 15.25 ], "texture": "#hunting_bow" },
				"up": { "uv": [ 13.75, 15.25, 14.5, 15 ], "texture": "#hunting_bow" },
				"north": { "uv": [ 15, 14.75, 14.25, 15 ], "texture": "#hunting_bow" },
				"west": { "uv": [ 11.75, 8.75, 12, 9 ], "texture": "#hunting_bow" },
				"east": { "uv": [ 12, 9, 11.75, 9.25 ], "texture": "#hunting_bow" }
			}
		},
		{
			"__comment": "Voxels",
			"from": [ 2, 5, 7.5 ],
			"to": [ 3.5, 6, 8 ],
			"faces": {
				"down": { "uv": [ 15.25, 15, 16, 15.25 ], "texture": "#hunting_bow" },
				"up": { "uv": [ 9, 15, 9.75, 14.75 ], "texture": "#hunting_bow" },
				"south": { "uv": [ 6.5, 11.5, 7.25, 12 ], "texture": "#hunting_bow" },
				"west": { "uv": [ 11, 9, 11.25, 9.5 ], "texture": "#hunting_bow" },
				"east": { "uv": [ 11.25, 8.5, 11, 9 ], "texture": "#hunting_bow" }
			}
		},
		{
			"__comment": "Voxels",
			"from": [ 2, 5.5, 6.5 ],
			"to": [ 3.5, 6.5, 7 ],
			"faces": {
				"up": { "uv": [ 10.5, 15, 11.25, 14.75 ], "texture": "#hunting_bow" },
				"north": { "uv": [ 7.25, 9.5, 6.5, 10 ], "texture": "#hunting_bow" },
				"west": { "uv": [ 11, 8, 11.25, 8.5 ], "texture": "#hunting_bow" },
				"east": { "uv": [ 11.5, 12.5, 11.25, 13 ], "texture": "#hunting_bow" }
			}
		},
		{
			"__comment": "Voxels",
			"from": [ 2, 7, 6.5 ],
			"to": [ 3.5, 8.5, 7.5 ],
			"faces": {
				"down": { "uv": [ 6.5, 8.5, 7.25, 9 ], "texture": "#hunting_bow" },
				"up": { "uv": [ 6.5, 8.5, 7.25, 8 ], "texture": "#hunting_bow" },
				"north": { "uv": [ 5, 11.5, 4.25, 12.25 ], "texture": "#hunting_bow" },
				"south": { "uv": [ 4.25, 10.75, 5, 11.5 ], "texture": "#hunting_bow" },
				"west": { "uv": [ 7.25, 15.25, 7.75, 16 ], "texture": "#hunting_bow" },
				"east": { "uv": [ 7.75, 14.5, 7.25, 15.25 ], "texture": "#hunting_bow" }
			}
		},
		{
			"__comment": "Voxels",
			"from": [ 2, 9, 6 ],
			"to": [ 3.5, 11, 7 ],
			"faces": {
				"down": { "uv": [ 7.75, 15.5, 8.5, 16 ], "texture": "#hunting_bow" },
				"up": { "uv": [ 1.75, 8.5, 2.5, 8 ], "texture": "#hunting_bow" },
				"north": { "uv": [ 3.5, 11.75, 2.75, 12.75 ], "texture": "#hunting_bow" },
				"south": { "uv": [ 2.75, 12.75, 3.5, 13.75 ], "texture": "#hunting_bow" },
				"west": { "uv": [ 3.25, 8.25, 3.75, 9.25 ], "texture": "#hunting_bow" },
				"east": { "uv": [ 5.5, 15, 5, 16 ], "texture": "#hunting_bow" }
			}
		},
		{
			"__comment": "Voxels",
			"from": [ 2, 14, 7 ],
			"to": [ 3.5, 17, 7.5 ],
			"faces": {
				"down": { "uv": [ 11.25, 14.75, 12, 15 ], "texture": "#hunting_bow" },
				"up": { "uv": [ 12, 15, 12.75, 14.75 ], "texture": "#hunting_bow" },
				"north": { "uv": [ 1.75, 11, 1, 12.5 ], "texture": "#hunting_bow" },
				"south": { "uv": [ 1, 9.5, 1.75, 11 ], "texture": "#hunting_bow" },
				"west": { "uv": [ 5.75, 10, 6, 11.5 ], "texture": "#hunting_bow" },
				"east": { "uv": [ 5.75, 8.5, 5.5, 10 ], "texture": "#hunting_bow" }
			}
		},
		{
			"__comment": "Voxels",
			"from": [ 2, 14.5, 6.5 ],
			"to": [ 3.5, 16, 7 ],
			"faces": {
				"down": { "uv": [ 12.75, 14.75, 13.5, 15 ], "texture": "#hunting_bow" },
				"up": { "uv": [ 13.5, 15, 14.25, 14.75 ], "texture": "#hunting_bow" },
				"north": { "uv": [ 5, 12.25, 4.25, 13 ], "texture": "#hunting_bow" },
				"west": { "uv": [ 8.25, 14.25, 8.5, 15 ], "texture": "#hunting_bow" },
				"east": { "uv": [ 9, 10.25, 8.75, 11 ], "texture": "#hunting_bow" }
			}
		},
		{
			"__comment": "Voxels",
			"from": [ 2, 14.5, 7.5 ],
			"to": [ 4, 16, 8 ],
			"faces": {
				"down": { "uv": [ 10.5, 15, 11.5, 15.25 ], "texture": "#hunting_bow" },
				"up": { "uv": [ 14.5, 15.5, 15.5, 15.25 ], "texture": "#hunting_bow" },
				"north": { "uv": [ 2.75, 8.5, 1.75, 9.25 ], "texture": "#hunting_bow" },
				"south": { "uv": [ 2.75, 15.25, 3.75, 16 ], "texture": "#hunting_bow" },
				"west": { "uv": [ 8.5, 10.25, 8.75, 11 ], "texture": "#hunting_bow" },
				"east": { "uv": [ 9, 11, 8.75, 11.75 ], "texture": "#hunting_bow" }
			}
		},
		{
			"__comment": "Voxels",
			"from": [ 2, 15, 8 ],
			"to": [ 3.5, 16, 8.5 ],
			"faces": {
				"down": { "uv": [ 9, 10.75, 9.75, 11 ], "texture": "#hunting_bow" },
				"up": { "uv": [ 9, 11.25, 9.75, 11 ], "texture": "#hunting_bow" },
				"south": { "uv": [ 6.5, 15, 7.25, 15.5 ], "texture": "#hunting_bow" },
				"west": { "uv": [ 11.5, 12.5, 11.75, 13 ], "texture": "#hunting_bow" },
				"east": { "uv": [ 13, 12.5, 12.75, 13 ], "texture": "#hunting_bow" }
			}
		},
		{
			"__comment": "Voxels",
			"from": [ 2, 16, 7.5 ],
			"to": [ 3.5, 17.5, 8 ],
			"faces": {
				"up": { "uv": [ 9, 13, 9.75, 12.75 ], "texture": "#hunting_bow" },
				"north": { "uv": [ 5, 14.5, 4.25, 15.25 ], "texture": "#hunting_bow" },
				"south": { "uv": [ 4.25, 13.75, 5, 14.5 ], "texture": "#hunting_bow" },
				"west": { "uv": [ 8.5, 11, 8.75, 11.75 ], "texture": "#hunting_bow" },
				"east": { "uv": [ 9, 12.5, 8.75, 13.25 ], "texture": "#hunting_bow" }
			}
		},
		{
			"__comment": "Voxels",
			"from": [ 2, 16, 8 ],
			"to": [ 3, 16.5, 8.5 ],
			"faces": {
				"up": { "uv": [ 13, 12.75, 13.5, 12.5 ], "texture": "#hunting_bow" },
				"south": { "uv": [ 13.5, 12.5, 14, 12.75 ], "texture": "#hunting_bow" },
				"west": { "uv": [ 11.75, 9.25, 12, 9.5 ], "texture": "#hunting_bow" },
				"east": { "uv": [ 12, 11.5, 11.75, 11.75 ], "texture": "#hunting_bow" }
			}
		},
		{
			"__comment": "Voxels",
			"from": [ 2, 18, 8 ],
			"to": [ 3.5, 18.5, 8.5 ],
			"faces": {
				"down": { "uv": [ 10.5, 14.25, 11.25, 14.5 ], "texture": "#hunting_bow" },
				"up": { "uv": [ 9, 14.5, 9.75, 14.25 ], "texture": "#hunting_bow" },
				"north": { "uv": [ 9.75, 9.5, 9, 9.75 ], "texture": "#hunting_bow" },
				"south": { "uv": [ 9, 11.5, 9.75, 11.75 ], "texture": "#hunting_bow" },
				"west": { "uv": [ 11.75, 11.75, 12, 12 ], "texture": "#hunting_bow" },
				"east": { "uv": [ 16, 12, 15.75, 12.25 ], "texture": "#hunting_bow" }
			}
		},
		{
			"__comment": "Voxels",
			"from": [ 2, 19, 8.5 ],
			"to": [ 3.5, 19.5, 9 ],
			"faces": {
				"down": { "uv": [ 14.25, 14.25, 15, 14.5 ], "texture": "#hunting_bow" },
				"up": { "uv": [ 13.5, 14.5, 14.25, 14.25 ], "texture": "#hunting_bow" },
				"north": { "uv": [ 12.75, 14.25, 12, 14.5 ], "texture": "#hunting_bow" },
				"south": { "uv": [ 9, 11.25, 9.75, 11.5 ], "texture": "#hunting_bow" },
				"west": { "uv": [ 15.5, 12, 15.75, 12.25 ], "texture": "#hunting_bow" },
				"east": { "uv": [ 11.75, 9.25, 11.5, 9.5 ], "texture": "#hunting_bow" }
			}
		},
		{
			"__comment": "Voxels",
			"from": [ 2, 23, 10 ],
			"to": [ 4, 23.5, 10.5 ],
			"faces": {
				"down": { "uv": [ 13.5, 15.25, 14.5, 15.5 ], "texture": "#hunting_bow" },
				"up": { "uv": [ 11.5, 15.5, 12.5, 15.25 ], "texture": "#hunting_bow" },
				"north": { "uv": [ 10.5, 15.25, 9.5, 15.5 ], "texture": "#hunting_bow" },
				"south": { "uv": [ 12.5, 15.5, 13.5, 15.75 ], "texture": "#hunting_bow" },
				"west": { "uv": [ 11.5, 9.5, 11.75, 9.75 ], "texture": "#hunting_bow" },
				"east": { "uv": [ 11.75, 9.75, 11.5, 10 ], "texture": "#hunting_bow" }
			}
		},
		{
			"__comment": "Voxels",
			"from": [ 2, 23.5, 10 ],
			"to": [ 3.5, 24, 10.5 ],
			"faces": {
				"up": { "uv": [ 9, 10.25, 9.75, 10 ], "texture": "#hunting_bow" },
				"north": { "uv": [ 9.75, 9.75, 9, 10 ], "texture": "#hunting_bow" },
				"south": { "uv": [ 9.75, 14.5, 10.5, 14.75 ], "texture": "#hunting_bow" },
				"west": { "uv": [ 11.5, 10, 11.75, 10.25 ], "texture": "#hunting_bow" },
				"east": { "uv": [ 11.5, 8, 11.25, 8.25 ], "texture": "#hunting_bow" }
			}
		},
		{
			"__comment": "Voxels",
			"from": [ 2, 24, 9.5 ],
			"to": [ 4, 24.5, 10 ],
			"faces": {
				"down": { "uv": [ 10.5, 15.25, 11.5, 15.5 ], "texture": "#hunting_bow" },
				"up": { "uv": [ 12.5, 15.5, 13.5, 15.25 ], "texture": "#hunting_bow" },
				"north": { "uv": [ 9.5, 15, 8.5, 15.25 ], "texture": "#hunting_bow" },
				"south": { "uv": [ 9.5, 15, 10.5, 15.25 ], "texture": "#hunting_bow" },
				"west": { "uv": [ 11.25, 8.25, 11.5, 8.5 ], "texture": "#hunting_bow" },
				"east": { "uv": [ 11.5, 8.5, 11.25, 8.75 ], "texture": "#hunting_bow" }
			}
		},
		{
			"__comment": "Voxels",
			"from": [ 2.5, -6.5, 8 ],
			"to": [ 4, -6, 8.5 ],
			"faces": {
				"down": { "uv": [ 12.75, 14.25, 13.5, 14.5 ], "texture": "#hunting_bow" },
				"up": { "uv": [ 9.75, 14.5, 10.5, 14.25 ], "texture": "#hunting_bow" },
				"north": { "uv": [ 15.75, 14.25, 15, 14.5 ], "texture": "#hunting_bow" },
				"south": { "uv": [ 9, 12.25, 9.75, 12.5 ], "texture": "#hunting_bow" },
				"west": { "uv": [ 11.25, 8.75, 11.5, 9 ], "texture": "#hunting_bow" },
				"east": { "uv": [ 11.5, 9, 11.25, 9.25 ], "texture": "#hunting_bow" }
			}
		},
		{
			"__comment": "Voxels",
			"from": [ 2.5, -6, 8.5 ],
			"to": [ 4, -4.5, 9 ],
			"faces": {
				"down": { "uv": [ 9, 14, 9.75, 14.25 ], "texture": "#hunting_bow" },
				"up": { "uv": [ 9, 12.75, 9.75, 12.5 ], "texture": "#hunting_bow" },
				"north": { "uv": [ 5, 15.25, 4.25, 16 ], "texture": "#hunting_bow" },
				"south": { "uv": [ 4.25, 10, 5, 10.75 ], "texture": "#hunting_bow" },
				"west": { "uv": [ 8.5, 13.25, 8.75, 14 ], "texture": "#hunting_bow" },
				"east": { "uv": [ 9, 13.25, 8.75, 14 ], "texture": "#hunting_bow" }
			}
		},
		{
			"__comment": "Voxels",
			"from": [ 2.5, -5.5, 9 ],
			"to": [ 4, -4.5, 9.5 ],
			"faces": {
				"down": { "uv": [ 15, 14.75, 15.75, 15 ], "texture": "#hunting_bow" },
				"up": { "uv": [ 9, 14.75, 9.75, 14.5 ], "texture": "#hunting_bow" },
				"south": { "uv": [ 6.5, 13.5, 7.25, 14 ], "texture": "#hunting_bow" },
				"west": { "uv": [ 14, 12.5, 14.25, 13 ], "texture": "#hunting_bow" },
				"east": { "uv": [ 14.5, 12.5, 14.25, 13 ], "texture": "#hunting_bow" }
			}
		},
		{
			"__comment": "Voxels",
			"from": [ 2.5, -1.5, 8.5 ],
			"to": [ 4, -0.5, 9 ],
			"faces": {
				"down": { "uv": [ 11.25, 14.5, 12, 14.75 ], "texture": "#hunting_bow" },
				"up": { "uv": [ 12, 14.75, 12.75, 14.5 ], "texture": "#hunting_bow" },
				"north": { "uv": [ 7.25, 14.5, 6.5, 15 ], "texture": "#hunting_bow" },
				"south": { "uv": [ 6.5, 13, 7.25, 13.5 ], "texture": "#hunting_bow" },
				"west": { "uv": [ 14.5, 12.5, 14.75, 13 ], "texture": "#hunting_bow" },
				"east": { "uv": [ 2.75, 8, 2.5, 8.5 ], "texture": "#hunting_bow" }
			}
		},
		{
			"__comment": "Voxels",
			"from": [ 2.5, -0.5, 8 ],
			"to": [ 4, 0.5, 8.5 ],
			"faces": {
				"down": { "uv": [ 12.75, 14.5, 13.5, 14.75 ], "texture": "#hunting_bow" },
				"up": { "uv": [ 13.5, 14.75, 14.25, 14.5 ], "texture": "#hunting_bow" },
				"north": { "uv": [ 7.25, 12.5, 6.5, 13 ], "texture": "#hunting_bow" },
				"south": { "uv": [ 6.5, 11, 7.25, 11.5 ], "texture": "#hunting_bow" },
				"west": { "uv": [ 3.75, 8, 4, 8.5 ], "texture": "#hunting_bow" },
				"east": { "uv": [ 4.25, 8, 4, 8.5 ], "texture": "#hunting_bow" }
			}
		},
		{
			"__comment": "Voxels",
			"from": [ 2.5, 0, 8.5 ],
			"to": [ 3, 0.5, 9 ],
			"faces": {
				"down": { "uv": [ 11.25, 9.25, 11.5, 9.5 ], "texture": "#hunting_bow" },
				"up": { "uv": [ 11.25, 10.25, 11.5, 10 ], "texture": "#hunting_bow" },
				"south": { "uv": [ 11.25, 10.5, 11.5, 10.75 ], "texture": "#hunting_bow" },
				"west": { "uv": [ 11.25, 10.75, 11.5, 11 ], "texture": "#hunting_bow" },
				"east": { "uv": [ 14, 11.75, 13.75, 12 ], "texture": "#hunting_bow" }
			}
		},
		{
			"__comment": "Voxels",
			"from": [ 2.5, 0.5, 7.5 ],
			"to": [ 3.5, 2.5, 8 ],
			"faces": {
				"down": { "uv": [ 3.25, 13.75, 3.75, 14 ], "texture": "#hunting_bow" },
				"up": { "uv": [ 3.25, 8.25, 3.75, 8 ], "texture": "#hunting_bow" },
				"north": { "uv": [ 6, 15, 5.5, 16 ], "texture": "#hunting_bow" },
				"south": { "uv": [ 5, 8, 5.5, 9 ], "texture": "#hunting_bow" },
				"west": { "uv": [ 3.5, 12.75, 3.75, 13.75 ], "texture": "#hunting_bow" },
				"east": { "uv": [ 3.75, 11.75, 3.5, 12.75 ], "texture": "#hunting_bow" }
			}
		},
		{
			"__comment": "Voxels",
			"from": [ 2.5, 0.5, 8 ],
			"to": [ 3.5, 1.5, 8.5 ],
			"faces": {
				"up": { "uv": [ 15.5, 15.5, 16, 15.25 ], "texture": "#hunting_bow" },
				"south": { "uv": [ 14, 15.5, 14.5, 16 ], "texture": "#hunting_bow" },
				"west": { "uv": [ 8.75, 9.75, 9, 10.25 ], "texture": "#hunting_bow" },
				"east": { "uv": [ 8.75, 9, 8.5, 9.5 ], "texture": "#hunting_bow" }
			}
		},
		{
			"__comment": "Voxels",
			"from": [ 2.5, 1.5, 7 ],
			"to": [ 3.5, 2.5, 7.5 ],
			"faces": {
				"down": { "uv": [ 8.5, 8.75, 9, 9 ], "texture": "#hunting_bow" },
				"north": { "uv": [ 16, 15.5, 15.5, 16 ], "texture": "#hunting_bow" },
				"west": { "uv": [ 8.75, 9, 9, 9.5 ], "texture": "#hunting_bow" },
				"east": { "uv": [ 8.75, 8, 8.5, 8.5 ], "texture": "#hunting_bow" }
			}
		},
		{
			"__comment": "Voxels",
			"from": [ 2.5, 2.5, 7.5 ],
			"to": [ 3, 3, 8 ],
			"faces": {
				"up": { "uv": [ 14.75, 12.25, 15, 12 ], "texture": "#hunting_bow" },
				"south": { "uv": [ 13.25, 12, 13.5, 12.25 ], "texture": "#hunting_bow" },
				"west": { "uv": [ 13, 12, 13.25, 12.25 ], "texture": "#hunting_bow" },
				"east": { "uv": [ 13, 12, 12.75, 12.25 ], "texture": "#hunting_bow" }
			}
		},
		{
			"__comment": "Voxels",
			"from": [ 2.5, 3, 6.5 ],
			"to": [ 3.5, 3.5, 7 ],
			"faces": {
				"down": { "uv": [ 9, 9.25, 9.5, 9.5 ], "texture": "#hunting_bow" },
				"north": { "uv": [ 9.5, 8.75, 9, 9 ], "texture": "#hunting_bow" },
				"west": { "uv": [ 11.5, 12, 11.75, 12.25 ], "texture": "#hunting_bow" },
				"east": { "uv": [ 15.5, 12.25, 15.25, 12.5 ], "texture": "#hunting_bow" }
			}
		},
		{
			"__comment": "Voxels",
			"from": [ 2.5, 4, 6 ],
			"to": [ 3.5, 5, 6.5 ],
			"faces": {
				"down": { "uv": [ 9, 8.25, 9.5, 8.5 ], "texture": "#hunting_bow" },
				"north": { "uv": [ 8.5, 13.5, 8, 14 ], "texture": "#hunting_bow" },
				"west": { "uv": [ 8.75, 8, 9, 8.5 ], "texture": "#hunting_bow" },
				"east": { "uv": [ 10, 13.75, 9.75, 14.25 ], "texture": "#hunting_bow" }
			}
		},
		{
			"__comment": "Voxels",
			"from": [ 2.5, 4, 7.5 ],
			"to": [ 3.5, 5, 8 ],
			"faces": {
				"down": { "uv": [ 10, 14, 10.5, 14.25 ], "texture": "#hunting_bow" },
				"south": { "uv": [ 8.5, 14.5, 9, 15 ], "texture": "#hunting_bow" },
				"west": { "uv": [ 9.75, 13.25, 10, 13.75 ], "texture": "#hunting_bow" },
				"east": { "uv": [ 10, 12.75, 9.75, 13.25 ], "texture": "#hunting_bow" }
			}
		},
		{
			"__comment": "Voxels",
			"from": [ 2.5, 5.5, 6 ],
			"to": [ 3.5, 6, 6.5 ],
			"faces": {
				"up": { "uv": [ 11.5, 14.25, 12, 14 ], "texture": "#hunting_bow" },
				"north": { "uv": [ 12.5, 14, 12, 14.25 ], "texture": "#hunting_bow" },
				"west": { "uv": [ 15, 12.25, 15.25, 12.5 ], "texture": "#hunting_bow" },
				"east": { "uv": [ 15, 12.25, 14.75, 12.5 ], "texture": "#hunting_bow" }
			}
		},
		{
			"__comment": "Voxels",
			"from": [ 2.5, 6, 7.5 ],
			"to": [ 3.5, 6.5, 8 ],
			"faces": {
				"up": { "uv": [ 13.5, 14.25, 14, 14 ], "texture": "#hunting_bow" },
				"south": { "uv": [ 14.5, 14, 15, 14.25 ], "texture": "#hunting_bow" },
				"west": { "uv": [ 9.5, 9, 9.75, 9.25 ], "texture": "#hunting_bow" },
				"east": { "uv": [ 16, 14.5, 15.75, 14.75 ], "texture": "#hunting_bow" }
			}
		},
		{
			"__comment": "Voxels",
			"from": [ 2.5, 6.5, 6 ],
			"to": [ 3, 9, 6.5 ],
			"faces": {
				"down": { "uv": [ 8.25, 14, 8.5, 14.25 ], "texture": "#hunting_bow" },
				"north": { "uv": [ 7.75, 9.5, 7.5, 10.75 ], "texture": "#hunting_bow" },
				"south": { "uv": [ 7.75, 14.25, 8, 15.5 ], "texture": "#hunting_bow" },
				"west": { "uv": [ 7.75, 13, 8, 14.25 ], "texture": "#hunting_bow" },
				"east": { "uv": [ 7.5, 10.75, 7.25, 12 ], "texture": "#hunting_bow" }
			}
		},
		{
			"__comment": "Voxels",
			"from": [ 2.5, 6.5, 6.5 ],
			"to": [ 3.5, 7, 7.5 ],
			"faces": {
				"down": { "uv": [ 8, 8.5, 8.5, 9 ], "texture": "#hunting_bow" },
				"north": { "uv": [ 15.5, 14, 15, 14.25 ], "texture": "#hunting_bow" },
				"south": { "uv": [ 10, 12.25, 10.5, 12.5 ], "texture": "#hunting_bow" },
				"west": { "uv": [ 15.5, 14, 16, 14.25 ], "texture": "#hunting_bow" },
				"east": { "uv": [ 10.5, 13.75, 10, 14 ], "texture": "#hunting_bow" }
			}
		},
		{
			"__comment": "Voxels",
			"from": [ 2.5, 6.5, 7.5 ],
			"to": [ 3, 9, 8 ],
			"faces": {
				"up": { "uv": [ 14.25, 12, 14.5, 11.75 ], "texture": "#hunting_bow" },
				"north": { "uv": [ 7.75, 12, 7.5, 13.25 ], "texture": "#hunting_bow" },
				"south": { "uv": [ 7.5, 8.25, 7.75, 9.5 ], "texture": "#hunting_bow" },
				"west": { "uv": [ 7.25, 13.25, 7.5, 14.5 ], "texture": "#hunting_bow" },
				"east": { "uv": [ 7.75, 13.25, 7.5, 14.5 ], "texture": "#hunting_bow" }
			}
		},
		{
			"__comment": "Voxels",
			"from": [ 2.5, 8.5, 6.5 ],
			"to": [ 3.5, 9, 7.5 ],
			"faces": {
				"up": { "uv": [ 5.5, 8.5, 6, 8 ], "texture": "#hunting_bow" },
				"north": { "uv": [ 11, 13.75, 10.5, 14 ], "texture": "#hunting_bow" },
				"south": { "uv": [ 11, 13.75, 11.5, 14 ], "texture": "#hunting_bow" },
				"west": { "uv": [ 11.5, 13.75, 12, 14 ], "texture": "#hunting_bow" },
				"east": { "uv": [ 12.5, 13.75, 12, 14 ], "texture": "#hunting_bow" }
			}
		},
		{
			"__comment": "Voxels",
			"from": [ 2.5, 9, 5.5 ],
			"to": [ 3, 12, 6 ],
			"faces": {
				"down": { "uv": [ 13, 12.25, 13.25, 12.5 ], "texture": "#hunting_bow" },
				"up": { "uv": [ 12.25, 12.5, 12.5, 12.25 ], "texture": "#hunting_bow" },
				"north": { "uv": [ 6.5, 9.25, 6.25, 10.75 ], "texture": "#hunting_bow" },
				"south": { "uv": [ 1.5, 8, 1.75, 9.5 ], "texture": "#hunting_bow" },
				"west": { "uv": [ 5.75, 11.75, 6, 13.25 ], "texture": "#hunting_bow" },
				"east": { "uv": [ 5.75, 10, 5.5, 11.5 ], "texture": "#hunting_bow" }
			}
		},
		{
			"__comment": "Voxels",
			"from": [ 2.5, 9, 7 ],
			"to": [ 3, 14, 7.5 ],
			"faces": {
				"north": { "uv": [ 4.25, 13.5, 4, 16 ], "texture": "#hunting_bow" },
				"south": { "uv": [ 3.75, 8.5, 4, 11 ], "texture": "#hunting_bow" },
				"west": { "uv": [ 4, 11, 4.25, 13.5 ], "texture": "#hunting_bow" },
				"east": { "uv": [ 3, 9.25, 2.75, 11.75 ], "texture": "#hunting_bow" }
			}
		},
		{
			"__comment": "Voxels",
			"from": [ 2.5, 11, 6 ],
			"to": [ 3.5, 12.5, 6.5 ],
			"faces": {
				"up": { "uv": [ 13, 14, 13.5, 13.75 ], "texture": "#hunting_bow" },
				"north": { "uv": [ 6.5, 15.25, 6, 16 ], "texture": "#hunting_bow" },
				"south": { "uv": [ 6, 14.5, 6.5, 15.25 ], "texture": "#hunting_bow" },
				"west": { "uv": [ 8.5, 11.75, 8.75, 12.5 ], "texture": "#hunting_bow" },
				"east": { "uv": [ 9, 11.75, 8.75, 12.5 ], "texture": "#hunting_bow" }
			}
		},
		{
			"__comment": "Voxels",
			"from": [ 2.5, 11.5, 6.5 ],
			"to": [ 3.5, 14.5, 7 ],
			"faces": {
				"north": { "uv": [ 3.25, 13.75, 2.75, 15.25 ], "texture": "#hunting_bow" },
				"south": { "uv": [ 1, 8, 1.5, 9.5 ], "texture": "#hunting_bow" },
				"west": { "uv": [ 6, 13, 6.25, 14.5 ], "texture": "#hunting_bow" },
				"east": { "uv": [ 6.5, 13, 6.25, 14.5 ], "texture": "#hunting_bow" }
			}
		},
		{
			"__comment": "Voxels",
			"from": [ 2.5, 13.5, 7.5 ],
			"to": [ 3.5, 14.5, 8 ],
			"faces": {
				"down": { "uv": [ 14.5, 13.75, 15, 14 ], "texture": "#hunting_bow" },
				"north": { "uv": [ 6.5, 8, 6, 8.5 ], "texture": "#hunting_bow" },
				"south": { "uv": [ 14.5, 15.5, 15, 16 ], "texture": "#hunting_bow" },
				"west": { "uv": [ 9.75, 12.25, 10, 12.75 ], "texture": "#hunting_bow" },
				"east": { "uv": [ 10, 11.75, 9.75, 12.25 ], "texture": "#hunting_bow" }
			}
		},
		{
			"__comment": "Voxels",
			"from": [ 2.5, 14.5, 8 ],
			"to": [ 3.5, 15, 8.5 ],
			"faces": {
				"down": { "uv": [ 15.5, 13.75, 16, 14 ], "texture": "#hunting_bow" },
				"south": { "uv": [ 11, 13.5, 11.5, 13.75 ], "texture": "#hunting_bow" },
				"west": { "uv": [ 15.75, 14.75, 16, 15 ], "texture": "#hunting_bow" },
				"east": { "uv": [ 9, 9.5, 8.75, 9.75 ], "texture": "#hunting_bow" }
			}
		},
		{
			"__comment": "Voxels",
			"from": [ 2.5, 16, 6.5 ],
			"to": [ 3.5, 16.5, 7 ],
			"faces": {
				"up": { "uv": [ 12, 13.75, 12.5, 13.5 ], "texture": "#hunting_bow" },
				"north": { "uv": [ 13, 13.5, 12.5, 13.75 ], "texture": "#hunting_bow" },
				"west": { "uv": [ 14, 11.75, 14.25, 12 ], "texture": "#hunting_bow" },
				"east": { "uv": [ 13, 11.75, 12.75, 12 ], "texture": "#hunting_bow" }
			}
		},
		{
			"__comment": "Voxels",
			"from": [ 2.5, 17, 7 ],
			"to": [ 3.5, 17.5, 7.5 ],
			"faces": {
				"up": { "uv": [ 14, 13.75, 14.5, 13.5 ], "texture": "#hunting_bow" },
				"north": { "uv": [ 15, 13.5, 14.5, 13.75 ], "texture": "#hunting_bow" },
				"west": { "uv": [ 11.25, 9.75, 11.5, 10 ], "texture": "#hunting_bow" },
				"east": { "uv": [ 9.75, 8.25, 9.5, 8.5 ], "texture": "#hunting_bow" }
			}
		},
		{
			"__comment": "Voxels",
			"from": [ 2.5, 17.5, 7.5 ],
			"to": [ 3.5, 18.5, 8 ],
			"faces": {
				"up": { "uv": [ 10, 13.5, 10.5, 13.25 ], "texture": "#hunting_bow" },
				"north": { "uv": [ 8.5, 12.5, 8, 13 ], "texture": "#hunting_bow" },
				"south": { "uv": [ 8, 11, 8.5, 11.5 ], "texture": "#hunting_bow" },
				"west": { "uv": [ 9.75, 11.25, 10, 11.75 ], "texture": "#hunting_bow" },
				"east": { "uv": [ 10, 10.75, 9.75, 11.25 ], "texture": "#hunting_bow" }
			}
		},
		{
			"__comment": "Voxels",
			"from": [ 2.5, 17.5, 8 ],
			"to": [ 3.5, 18, 8.5 ],
			"faces": {
				"down": { "uv": [ 10, 13, 10.5, 13.25 ], "texture": "#hunting_bow" },
				"south": { "uv": [ 10.5, 13, 11, 13.25 ], "texture": "#hunting_bow" },
				"west": { "uv": [ 13.25, 12.25, 13.5, 12.5 ], "texture": "#hunting_bow" },
				"east": { "uv": [ 13.75, 12.25, 13.5, 12.5 ], "texture": "#hunting_bow" }
			}
		},
		{
			"__comment": "Voxels",
			"from": [ 2.5, 18.5, 8 ],
			"to": [ 3.5, 19.5, 8.5 ],
			"faces": {
				"up": { "uv": [ 10, 12, 10.5, 11.75 ], "texture": "#hunting_bow" },
				"north": { "uv": [ 15.5, 15.5, 15, 16 ], "texture": "#hunting_bow" },
				"south": { "uv": [ 8, 11.5, 8.5, 12 ], "texture": "#hunting_bow" },
				"west": { "uv": [ 9.75, 10.25, 10, 10.75 ], "texture": "#hunting_bow" },
				"east": { "uv": [ 10, 9.75, 9.75, 10.25 ], "texture": "#hunting_bow" }
			}
		},
		{
			"__comment": "Voxels",
			"from": [ 2.5, 18.5, 8.5 ],
			"to": [ 3.5, 19, 9 ],
			"faces": {
				"down": { "uv": [ 10, 11.5, 10.5, 11.75 ], "texture": "#hunting_bow" },
				"south": { "uv": [ 10, 10.75, 10.5, 11 ], "texture": "#hunting_bow" },
				"west": { "uv": [ 11.5, 11.25, 11.75, 11.5 ], "texture": "#hunting_bow" },
				"east": { "uv": [ 12.75, 12, 12.5, 12.25 ], "texture": "#hunting_bow" }
			}
		},
		{
			"__comment": "Voxels",
			"from": [ 2.5, 19.5, 8.5 ],
			"to": [ 4, 20, 9 ],
			"faces": {
				"down": { "uv": [ 9, 13, 9.75, 13.25 ], "texture": "#hunting_bow" },
				"up": { "uv": [ 9, 14, 9.75, 13.75 ], "texture": "#hunting_bow" },
				"north": { "uv": [ 11.25, 14.5, 10.5, 14.75 ], "texture": "#hunting_bow" },
				"south": { "uv": [ 11.25, 14.25, 12, 14.5 ], "texture": "#hunting_bow" },
				"west": { "uv": [ 9.5, 8.75, 9.75, 9 ], "texture": "#hunting_bow" },
				"east": { "uv": [ 9.75, 8.5, 9.5, 8.75 ], "texture": "#hunting_bow" }
			}
		},
		{
			"__comment": "Voxels",
			"from": [ 2.5, 19.5, 9 ],
			"to": [ 3.5, 21.5, 9.5 ],
			"faces": {
				"down": { "uv": [ 10, 10.5, 10.5, 10.75 ], "texture": "#hunting_bow" },
				"up": { "uv": [ 10, 10.5, 10.5, 10.25 ], "texture": "#hunting_bow" },
				"north": { "uv": [ 5.5, 13, 5, 14 ], "texture": "#hunting_bow" },
				"south": { "uv": [ 5, 10, 5.5, 11 ], "texture": "#hunting_bow" },
				"west": { "uv": [ 7.75, 9, 8, 10 ], "texture": "#hunting_bow" },
				"east": { "uv": [ 8, 10, 7.75, 11 ], "texture": "#hunting_bow" }
			}
		},
		{
			"__comment": "Voxels",
			"from": [ 2.5, 20, 8.5 ],
			"to": [ 3.5, 20.5, 9 ],
			"faces": {
				"up": { "uv": [ 10, 10, 10.5, 9.75 ], "texture": "#hunting_bow" },
				"north": { "uv": [ 10.5, 9.5, 10, 9.75 ], "texture": "#hunting_bow" },
				"west": { "uv": [ 14.25, 12, 14.5, 12.25 ], "texture": "#hunting_bow" },
				"east": { "uv": [ 14.75, 12, 14.5, 12.25 ], "texture": "#hunting_bow" }
			}
		},
		{
			"__comment": "Voxels",
			"from": [ 2.5, 20.5, 9.5 ],
			"to": [ 3.5, 24, 10 ],
			"faces": {
				"down": { "uv": [ 10, 9, 10.5, 9.25 ], "texture": "#hunting_bow" },
				"north": { "uv": [ 2.25, 12.25, 1.75, 14 ], "texture": "#hunting_bow" },
				"south": { "uv": [ 2.25, 12.25, 2.75, 14 ], "texture": "#hunting_bow" },
				"west": { "uv": [ 5.25, 11.25, 5.5, 13 ], "texture": "#hunting_bow" },
				"east": { "uv": [ 0.75, 8, 0.5, 9.75 ], "texture": "#hunting_bow" }
			}
		},
		{
			"__comment": "Voxels",
			"from": [ 2.5, 22, 10 ],
			"to": [ 3.5, 23, 10.5 ],
			"faces": {
				"down": { "uv": [ 10, 8.5, 10.5, 8.75 ], "texture": "#hunting_bow" },
				"south": { "uv": [ 8, 10, 8.5, 10.5 ], "texture": "#hunting_bow" },
				"west": { "uv": [ 9.75, 9.25, 10, 9.75 ], "texture": "#hunting_bow" },
				"east": { "uv": [ 10, 8.75, 9.75, 9.25 ], "texture": "#hunting_bow" }
			}
		},
		{
			"__comment": "Voxels",
			"from": [ 2.5, 23, 10.5 ],
			"to": [ 3.5, 23.5, 11 ],
			"faces": {
				"down": { "uv": [ 10, 8, 10.5, 8.25 ], "texture": "#hunting_bow" },
				"up": { "uv": [ 10.5, 13.5, 11, 13.25 ], "texture": "#hunting_bow" },
				"south": { "uv": [ 11.5, 13.25, 12, 13.5 ], "texture": "#hunting_bow" },
				"west": { "uv": [ 11.75, 12.25, 12, 12.5 ], "texture": "#hunting_bow" },
				"east": { "uv": [ 12.25, 12.25, 12, 12.5 ], "texture": "#hunting_bow" }
			}
		},
		{
			"__comment": "Voxels",
			"from": [ 2.5, 24, 9 ],
			"to": [ 3.5, 24.5, 9.5 ],
			"faces": {
				"down": { "uv": [ 12, 13.25, 12.5, 13.5 ], "texture": "#hunting_bow" },
				"up": { "uv": [ 12.5, 13.5, 13, 13.25 ], "texture": "#hunting_bow" },
				"north": { "uv": [ 13.5, 13.25, 13, 13.5 ], "texture": "#hunting_bow" },
				"west": { "uv": [ 13.75, 12.25, 14, 12.5 ], "texture": "#hunting_bow" },
				"east": { "uv": [ 14.75, 12.25, 14.5, 12.5 ], "texture": "#hunting_bow" }
			}
		},
		{
			"__comment": "Voxels",
			"from": [ 2.5, 24, 10 ],
			"to": [ 4, 24.5, 10.5 ],
			"faces": {
				"down": { "uv": [ 9, 13.25, 9.75, 13.5 ], "texture": "#hunting_bow" },
				"up": { "uv": [ 9, 13.75, 9.75, 13.5 ], "texture": "#hunting_bow" },
				"south": { "uv": [ 9, 10.5, 9.75, 10.75 ], "texture": "#hunting_bow" },
				"west": { "uv": [ 11.5, 11.75, 11.75, 12 ], "texture": "#hunting_bow" },
				"east": { "uv": [ 11.75, 11.5, 11.5, 11.75 ], "texture": "#hunting_bow" }
			}
		},
		{
			"__comment": "Voxels",
			"from": [ 2.5, 24.5, 9.5 ],
			"to": [ 3.5, 26.5, 10 ],
			"faces": {
				"up": { "uv": [ 14.5, 13.5, 15, 13.25 ], "texture": "#hunting_bow" },
				"north": { "uv": [ 5.5, 14, 5, 15 ], "texture": "#hunting_bow" },
				"south": { "uv": [ 5, 9, 5.5, 10 ], "texture": "#hunting_bow" },
				"west": { "uv": [ 8, 14, 8.25, 15 ], "texture": "#hunting_bow" },
				"east": { "uv": [ 8, 8, 7.75, 9 ], "texture": "#hunting_bow" }
			}
		},
		{
			"__comment": "Voxels",
			"from": [ 2.5, 24.5, 10 ],
			"to": [ 3.5, 26, 10.5 ],
			"faces": {
				"up": { "uv": [ 15.5, 13.5, 16, 13.25 ], "texture": "#hunting_bow" },
				"south": { "uv": [ 6, 12.25, 6.5, 13 ], "texture": "#hunting_bow" },
				"west": { "uv": [ 8.5, 12.5, 8.75, 13.25 ], "texture": "#hunting_bow" },
				"east": { "uv": [ 8.75, 9.5, 8.5, 10.25 ], "texture": "#hunting_bow" }
			}
		},
		{
			"__comment": "Voxels",
			"from": [ 2.5, 26, 9 ],
			"to": [ 3.5, 26.5, 9.5 ],
			"faces": {
				"down": { "uv": [ 11, 13, 11.5, 13.25 ], "texture": "#hunting_bow" },
				"up": { "uv": [ 11.5, 13.25, 12, 13 ], "texture": "#hunting_bow" },
				"north": { "uv": [ 12.5, 13, 12, 13.25 ], "texture": "#hunting_bow" },
				"west": { "uv": [ 15, 11.5, 15.25, 11.75 ], "texture": "#hunting_bow" },
				"east": { "uv": [ 15.5, 11.5, 15.25, 11.75 ], "texture": "#hunting_bow" }
			}
		},
		{
			"__comment": "Voxels",
			"from": [ 3, -7, 8 ],
			"to": [ 3.5, -6.5, 8.5 ],
			"faces": {
				"down": { "uv": [ 12.25, 10.75, 12.5, 11 ], "texture": "#hunting_bow" },
				"north": { "uv": [ 12.5, 10.25, 12.25, 10.5 ], "texture": "#hunting_bow" },
				"south": { "uv": [ 12.25, 10, 12.5, 10.25 ], "texture": "#hunting_bow" },
				"west": { "uv": [ 14, 11.25, 14.25, 11.5 ], "texture": "#hunting_bow" },
				"east": { "uv": [ 14.5, 11.25, 14.25, 11.5 ], "texture": "#hunting_bow" }
			}
		},
		{
			"__comment": "Voxels",
			"from": [ 3, -6.5, 7.5 ],
			"to": [ 3.5, -6, 8 ],
			"faces": {
				"down": { "uv": [ 14.5, 11.25, 14.75, 11.5 ], "texture": "#hunting_bow" },
				"up": { "uv": [ 14.75, 11.5, 15, 11.25 ], "texture": "#hunting_bow" },
				"north": { "uv": [ 12.75, 10, 12.5, 10.25 ], "texture": "#hunting_bow" },
				"west": { "uv": [ 12.5, 9.5, 12.75, 9.75 ], "texture": "#hunting_bow" },
				"east": { "uv": [ 12.75, 9.25, 12.5, 9.5 ], "texture": "#hunting_bow" }
			}
		},
		{
			"__comment": "Voxels",
			"from": [ 3, -6.5, 8.5 ],
			"to": [ 3.5, -6, 9 ],
			"faces": {
				"down": { "uv": [ 12.5, 8.5, 12.75, 8.75 ], "texture": "#hunting_bow" },
				"south": { "uv": [ 12.75, 11, 13, 11.25 ], "texture": "#hunting_bow" },
				"west": { "uv": [ 5.25, 11, 5.5, 11.25 ], "texture": "#hunting_bow" },
				"east": { "uv": [ 6, 11.5, 5.75, 11.75 ], "texture": "#hunting_bow" }
			}
		},
		{
			"__comment": "Voxels",
			"from": [ 3, -6, 8 ],
			"to": [ 4, -5.5, 8.5 ],
			"faces": {
				"up": { "uv": [ 13.5, 13.25, 14, 13 ], "texture": "#hunting_bow" },
				"north": { "uv": [ 14.5, 13, 14, 13.25 ], "texture": "#hunting_bow" },
				"west": { "uv": [ 15.75, 14.25, 16, 14.5 ], "texture": "#hunting_bow" },
				"east": { "uv": [ 9.75, 9.25, 9.5, 9.5 ], "texture": "#hunting_bow" }
			}
		},
		{
			"__comment": "Voxels",
			"from": [ 3, -5, 8 ],
			"to": [ 4, -4.5, 8.5 ],
			"faces": {
				"down": { "uv": [ 15, 13, 15.5, 13.25 ], "texture": "#hunting_bow" },
				"up": { "uv": [ 15.5, 13.25, 16, 13 ], "texture": "#hunting_bow" },
				"north": { "uv": [ 11, 12.75, 10.5, 13 ], "texture": "#hunting_bow" },
				"west": { "uv": [ 9.5, 8, 9.75, 8.25 ], "texture": "#hunting_bow" },
				"east": { "uv": [ 10, 8, 9.75, 8.25 ], "texture": "#hunting_bow" }
			}
		},
		{
			"__comment": "Voxels",
			"from": [ 3, -4.5, 8.5 ],
			"to": [ 4.5, -4, 9.5 ],
			"faces": {
				"down": { "uv": [ 6.5, 10, 7.25, 10.5 ], "texture": "#hunting_bow" },
				"up": { "uv": [ 6.5, 11, 7.25, 10.5 ], "texture": "#hunting_bow" },
				"north": { "uv": [ 15.75, 14.5, 15, 14.75 ], "texture": "#hunting_bow" },
				"south": { "uv": [ 14.25, 14.5, 15, 14.75 ], "texture": "#hunting_bow" },
				"west": { "uv": [ 10.5, 12.25, 11, 12.5 ], "texture": "#hunting_bow" },
				"east": { "uv": [ 11, 12, 10.5, 12.25 ], "texture": "#hunting_bow" }
			}
		},
		{
			"__comment": "Voxels",
			"from": [ 3, -4, 8.5 ],
			"to": [ 4, -1.5, 9.5 ],
			"faces": {
				"up": { "uv": [ 8, 11, 8.5, 10.5 ], "texture": "#hunting_bow" },
				"north": { "uv": [ 3.75, 14, 3.25, 15.25 ], "texture": "#hunting_bow" },
				"south": { "uv": [ 2.75, 8, 3.25, 9.25 ], "texture": "#hunting_bow" },
				"west": { "uv": [ 3.25, 9.25, 3.75, 10.5 ], "texture": "#hunting_bow" },
				"east": { "uv": [ 3.75, 10.5, 3.25, 11.75 ], "texture": "#hunting_bow" }
			}
		},
		{
			"__comment": "Voxels",
			"from": [ 3, -1.5, 9 ],
			"to": [ 4, -1, 9.5 ],
			"faces": {
				"up": { "uv": [ 10.5, 11.75, 11, 11.5 ], "texture": "#hunting_bow" },
				"south": { "uv": [ 10.5, 11, 11, 11.25 ], "texture": "#hunting_bow" },
				"west": { "uv": [ 12.5, 12.25, 12.75, 12.5 ], "texture": "#hunting_bow" },
				"east": { "uv": [ 13, 12.25, 12.75, 12.5 ], "texture": "#hunting_bow" }
			}
		},
		{
			"__comment": "Voxels",
			"from": [ 3, -1, 8 ],
			"to": [ 4, -0.5, 8.5 ],
			"faces": {
				"down": { "uv": [ 10.5, 10.75, 11, 11 ], "texture": "#hunting_bow" },
				"north": { "uv": [ 11, 10.25, 10.5, 10.5 ], "texture": "#hunting_bow" },
				"west": { "uv": [ 14, 12.25, 14.25, 12.5 ], "texture": "#hunting_bow" },
				"east": { "uv": [ 14.5, 12.25, 14.25, 12.5 ], "texture": "#hunting_bow" }
			}
		},
		{
			"__comment": "Voxels",
			"from": [ 3, -0.5, 8.5 ],
			"to": [ 4, 0, 9 ],
			"faces": {
				"up": { "uv": [ 10.5, 9.75, 11, 9.5 ], "texture": "#hunting_bow" },
				"south": { "uv": [ 10.5, 9, 11, 9.25 ], "texture": "#hunting_bow" },
				"west": { "uv": [ 15.5, 12.25, 15.75, 12.5 ], "texture": "#hunting_bow" },
				"east": { "uv": [ 16, 12.25, 15.75, 12.5 ], "texture": "#hunting_bow" }
			}
		},
		{
			"__comment": "Voxels",
			"from": [ 3, 0, 7.5 ],
			"to": [ 4, 0.5, 8 ],
			"faces": {
				"down": { "uv": [ 10.5, 8.75, 11, 9 ], "texture": "#hunting_bow" },
				"up": { "uv": [ 10.5, 8.75, 11, 8.5 ], "texture": "#hunting_bow" },
				"north": { "uv": [ 11, 8.25, 10.5, 8.5 ], "texture": "#hunting_bow" },
				"west": { "uv": [ 11.5, 11, 11.75, 11.25 ], "texture": "#hunting_bow" },
				"east": { "uv": [ 11.75, 10.75, 11.5, 11 ], "texture": "#hunting_bow" }
			}
		},
		{
			"__comment": "Voxels",
			"from": [ 3, 2, 9.5 ],
			"to": [ 3.5, 14.5, 10 ],
			"faces": {
				"down": { "uv": [ 11.5, 10.5, 11.75, 10.75 ], "texture": "#hunting_bow" },
				"up": { "uv": [ 11.5, 10.5, 11.75, 10.25 ], "texture": "#hunting_bow" },
				"north": { "uv": [ 0.75, 9.75, 0.5, 16 ], "texture": "#hunting_bow" },
				"south": { "uv": [ 0, 9.75, 0.25, 16 ], "texture": "#hunting_bow" },
				"west": { "uv": [ 0.25, 9.75, 0.5, 16 ], "texture": "#hunting_bow" },
				"east": { "uv": [ 1, 9.75, 0.75, 16 ], "texture": "#hunting_bow" }
			}
		},
		{
			"__comment": "Voxels",
			"from": [ 3, 2.5, 6.5 ],
			"to": [ 3.5, 3, 7 ],
			"faces": {
				"down": { "uv": [ 11.5, 9, 11.75, 9.25 ], "texture": "#hunting_bow" },
				"north": { "uv": [ 11.75, 8.5, 11.5, 8.75 ], "texture": "#hunting_bow" },
				"west": { "uv": [ 11.5, 8, 11.75, 8.25 ], "texture": "#hunting_bow" },
				"east": { "uv": [ 12, 12, 11.75, 12.25 ], "texture": "#hunting_bow" }
			}
		},
		{
			"__comment": "Voxels",
			"from": [ 3, 7.5, 6 ],
			"to": [ 3.5, 8.5, 6.5 ],
			"faces": {
				"down": { "uv": [ 12, 12, 12.25, 12.25 ], "texture": "#hunting_bow" },
				"up": { "uv": [ 12.25, 12.25, 12.5, 12 ], "texture": "#hunting_bow" },
				"north": { "uv": [ 10, 8.25, 9.75, 8.75 ], "texture": "#hunting_bow" },
				"east": { "uv": [ 11.25, 11.5, 11, 12 ], "texture": "#hunting_bow" }
			}
		},
		{
			"__comment": "Voxels",
			"from": [ 3, 7.5, 7.5 ],
			"to": [ 3.5, 8.5, 8 ],
			"faces": {
				"down": { "uv": [ 13.5, 12, 13.75, 12.25 ], "texture": "#hunting_bow" },
				"up": { "uv": [ 13.75, 12.25, 14, 12 ], "texture": "#hunting_bow" },
				"south": { "uv": [ 11, 10.5, 11.25, 11 ], "texture": "#hunting_bow" },
				"east": { "uv": [ 11.25, 9.5, 11, 10 ], "texture": "#hunting_bow" }
			}
		},
		{
			"__comment": "Voxels",
			"from": [ 3, 10, 7 ],
			"to": [ 3.5, 14, 7.5 ],
			"faces": {
				"down": { "uv": [ 15, 12, 15.25, 12.25 ], "texture": "#hunting_bow" },
				"north": { "uv": [ 5, 8, 4.75, 10 ], "texture": "#hunting_bow" },
				"south": { "uv": [ 5, 11, 5.25, 13 ], "texture": "#hunting_bow" },
				"east": { "uv": [ 4.75, 8, 4.5, 10 ], "texture": "#hunting_bow" }
			}
		},
		{
			"__comment": "Voxels",
			"from": [ 3, 10.5, 5.5 ],
			"to": [ 3.5, 11, 6 ],
			"faces": {
				"down": { "uv": [ 11.75, 11.25, 12, 11.5 ], "texture": "#hunting_bow" },
				"up": { "uv": [ 11.75, 11.25, 12, 11 ], "texture": "#hunting_bow" },
				"north": { "uv": [ 12, 10.75, 11.75, 11 ], "texture": "#hunting_bow" },
				"east": { "uv": [ 12, 10, 11.75, 10.25 ], "texture": "#hunting_bow" }
			}
		},
		{
			"__comment": "Voxels",
			"from": [ 3, 10.5, 7.5 ],
			"to": [ 3.5, 13.5, 8 ],
			"faces": {
				"down": { "uv": [ 11.75, 9.75, 12, 10 ], "texture": "#hunting_bow" },
				"south": { "uv": [ 6, 9.25, 6.25, 10.75 ], "texture": "#hunting_bow" },
				"west": { "uv": [ 6.25, 10.75, 6.5, 12.25 ], "texture": "#hunting_bow" },
				"east": { "uv": [ 6, 8.5, 5.75, 10 ], "texture": "#hunting_bow" }
			}
		},
		{
			"__comment": "Voxels",
			"from": [ 3, 14.5, 10 ],
			"to": [ 3.5, 19.5, 10.5 ],
			"faces": {
				"down": { "uv": [ 11.75, 8.25, 12, 8.5 ], "texture": "#hunting_bow" },
				"up": { "uv": [ 11.75, 8.25, 12, 8 ], "texture": "#hunting_bow" },
				"north": { "uv": [ 4, 11, 3.75, 13.5 ], "texture": "#hunting_bow" },
				"south": { "uv": [ 4, 8.5, 4.25, 11 ], "texture": "#hunting_bow" },
				"west": { "uv": [ 3.75, 13.5, 4, 16 ], "texture": "#hunting_bow" },
				"east": { "uv": [ 3.25, 9.25, 3, 11.75 ], "texture": "#hunting_bow" }
			}
		},
		{
			"__comment": "Voxels",
			"from": [ 3, 19.5, 10.5 ],
			"to": [ 3.5, 23, 11 ],
			"faces": {
				"down": { "uv": [ 13, 11.75, 13.25, 12 ], "texture": "#hunting_bow" },
				"north": { "uv": [ 0.25, 8, 0, 9.75 ], "texture": "#hunting_bow" },
				"south": { "uv": [ 0.75, 8, 1, 9.75 ], "texture": "#hunting_bow" },
				"west": { "uv": [ 5.5, 13.25, 5.75, 15 ], "texture": "#hunting_bow" },
				"east": { "uv": [ 0.5, 8, 0.25, 9.75 ], "texture": "#hunting_bow" }
			}
		},
		{
			"__comment": "Voxels",
			"from": [ 3, 21.5, 9 ],
			"to": [ 3.5, 22, 9.5 ],
			"faces": {
				"up": { "uv": [ 14.75, 12, 15, 11.75 ], "texture": "#hunting_bow" },
				"north": { "uv": [ 15.25, 11.75, 15, 12 ], "texture": "#hunting_bow" },
				"west": { "uv": [ 15.5, 11.75, 15.75, 12 ], "texture": "#hunting_bow" },
				"east": { "uv": [ 16, 11.75, 15.75, 12 ], "texture": "#hunting_bow" }
			}
		},
		{
			"__comment": "Voxels",
			"from": [ 3, 23.5, 10.5 ],
			"to": [ 3.5, 24, 11 ],
			"faces": {
				"up": { "uv": [ 12, 11.5, 12.25, 11.25 ], "texture": "#hunting_bow" },
				"south": { "uv": [ 12, 10.75, 12.25, 11 ], "texture": "#hunting_bow" },
				"west": { "uv": [ 12, 10.5, 12.25, 10.75 ], "texture": "#hunting_bow" },
				"east": { "uv": [ 12.25, 10.25, 12, 10.5 ], "texture": "#hunting_bow" }
			}
		},
		{
			"__comment": "Voxels",
			"from": [ 3, 25.5, 9 ],
			"to": [ 3.5, 26, 9.5 ],
			"faces": {
				"down": { "uv": [ 12, 10, 12.25, 10.25 ], "texture": "#hunting_bow" },
				"north": { "uv": [ 12.25, 9.5, 12, 9.75 ], "texture": "#hunting_bow" },
				"west": { "uv": [ 12, 9, 12.25, 9.25 ], "texture": "#hunting_bow" },
				"east": { "uv": [ 12.25, 8.75, 12, 9 ], "texture": "#hunting_bow" }
			}
		},
		{
			"__comment": "Voxels",
			"from": [ 3.5, -5.5, 8 ],
			"to": [ 4, -5, 8.5 ],
			"faces": {
				"north": { "uv": [ 12.25, 8, 12, 8.25 ], "texture": "#hunting_bow" },
				"west": { "uv": [ 12.5, 11.5, 12.75, 11.75 ], "texture": "#hunting_bow" },
				"east": { "uv": [ 13, 11.5, 12.75, 11.75 ], "texture": "#hunting_bow" }
			}
		},
		{
			"__comment": "Voxels",
			"from": [ 3.5, -4.5, 8 ],
			"to": [ 4, -4, 8.5 ],
			"faces": {
				"up": { "uv": [ 13.25, 11.75, 13.5, 11.5 ], "texture": "#hunting_bow" },
				"north": { "uv": [ 13.75, 11.5, 13.5, 11.75 ], "texture": "#hunting_bow" },
				"west": { "uv": [ 14, 11.5, 14.25, 11.75 ], "texture": "#hunting_bow" },
				"east": { "uv": [ 14.5, 11.5, 14.25, 11.75 ], "texture": "#hunting_bow" }
			}
		},
		{
			"__comment": "Voxels",
			"from": [ 3.5, -4.5, 9.5 ],
			"to": [ 4.5, -4, 10 ],
			"faces": {
				"down": { "uv": [ 11.75, 12.75, 12.25, 13 ], "texture": "#hunting_bow" },
				"up": { "uv": [ 11.75, 12.75, 12.25, 12.5 ], "texture": "#hunting_bow" },
				"south": { "uv": [ 12.25, 12.5, 12.75, 12.75 ], "texture": "#hunting_bow" },
				"west": { "uv": [ 15.5, 11.5, 15.75, 11.75 ], "texture": "#hunting_bow" },
				"east": { "uv": [ 16, 11.5, 15.75, 11.75 ], "texture": "#hunting_bow" }
			}
		},
		{
			"__comment": "Voxels",
			"from": [ 3.5, -4, 9.5 ],
			"to": [ 4, 2, 10 ],
			"faces": {
				"up": { "uv": [ 12.25, 11.25, 12.5, 11 ], "texture": "#hunting_bow" },
				"north": { "uv": [ 2.5, 9.25, 2.25, 12.25 ], "texture": "#hunting_bow" },
				"south": { "uv": [ 2, 9.25, 2.25, 12.25 ], "texture": "#hunting_bow" },
				"west": { "uv": [ 2.5, 9.25, 2.75, 12.25 ], "texture": "#hunting_bow" },
				"east": { "uv": [ 2, 9.25, 1.75, 12.25 ], "texture": "#hunting_bow" }
			}
		},
		{
			"__comment": "Voxels",
			"from": [ 3.5, 1, 7.5 ],
			"to": [ 4, 1.5, 8 ],
			"faces": {
				"down": { "uv": [ 12.25, 9.75, 12.5, 10 ], "texture": "#hunting_bow" },
				"up": { "uv": [ 12.25, 9.75, 12.5, 9.5 ], "texture": "#hunting_bow" },
				"north": { "uv": [ 12.5, 9.25, 12.25, 9.5 ], "texture": "#hunting_bow" },
				"south": { "uv": [ 12.25, 9, 12.5, 9.25 ], "texture": "#hunting_bow" },
				"east": { "uv": [ 12.5, 8.5, 12.25, 8.75 ], "texture": "#hunting_bow" }
			}
		},
		{
			"__comment": "Voxels",
			"from": [ 3.5, 2, 7 ],
			"to": [ 4, 2.5, 7.5 ],
			"faces": {
				"down": { "uv": [ 12.25, 8.25, 12.5, 8.5 ], "texture": "#hunting_bow" },
				"north": { "uv": [ 12.75, 11.25, 12.5, 11.5 ], "texture": "#hunting_bow" },
				"south": { "uv": [ 12.75, 11.25, 13, 11.5 ], "texture": "#hunting_bow" },
				"east": { "uv": [ 13.5, 11.25, 13.25, 11.5 ], "texture": "#hunting_bow" }
			}
		},
		{
			"__comment": "Voxels",
			"from": [ 3.5, 3.5, 7 ],
			"to": [ 4, 6, 7.5 ],
			"faces": {
				"down": { "uv": [ 13.5, 11.25, 13.75, 11.5 ], "texture": "#hunting_bow" },
				"up": { "uv": [ 13.75, 11.5, 14, 11.25 ], "texture": "#hunting_bow" },
				"north": { "uv": [ 7.5, 8.25, 7.25, 9.5 ], "texture": "#hunting_bow" },
				"south": { "uv": [ 7.25, 9.5, 7.5, 10.75 ], "texture": "#hunting_bow" },
				"east": { "uv": [ 7.5, 12, 7.25, 13.25 ], "texture": "#hunting_bow" }
			}
		},
		{
			"__comment": "Voxels",
			"from": [ 3.5, 20.5, 9 ],
			"to": [ 4, 21, 9.5 ],
			"faces": {
				"down": { "uv": [ 15, 11.25, 15.25, 11.5 ], "texture": "#hunting_bow" },
				"up": { "uv": [ 15.25, 11.5, 15.5, 11.25 ], "texture": "#hunting_bow" },
				"north": { "uv": [ 15.75, 11.25, 15.5, 11.5 ], "texture": "#hunting_bow" },
				"south": { "uv": [ 15.75, 11.25, 16, 11.5 ], "texture": "#hunting_bow" },
				"east": { "uv": [ 12.75, 10.75, 12.5, 11 ], "texture": "#hunting_bow" }
			}
		},
		{
			"__comment": "Voxels",
			"from": [ 3.5, 21.5, 9.5 ],
			"to": [ 4, 22.5, 10 ],
			"faces": {
				"down": { "uv": [ 12.5, 10.5, 12.75, 10.75 ], "texture": "#hunting_bow" },
				"up": { "uv": [ 12.5, 10.5, 12.75, 10.25 ], "texture": "#hunting_bow" },
				"north": { "uv": [ 15, 12.5, 14.75, 13 ], "texture": "#hunting_bow" },
				"south": { "uv": [ 15, 12.5, 15.25, 13 ], "texture": "#hunting_bow" },
				"east": { "uv": [ 15.75, 12.5, 15.5, 13 ], "texture": "#hunting_bow" }
			}
		},
		{
			"__comment": "Voxels",
			"from": [ 3.5, 25, 9.5 ],
			"to": [ 4, 26, 10 ],
			"faces": {
				"down": { "uv": [ 12.5, 9, 12.75, 9.25 ], "texture": "#hunting_bow" },
				"up": { "uv": [ 12.5, 9, 12.75, 8.75 ], "texture": "#hunting_bow" },
				"north": { "uv": [ 16, 12.5, 15.75, 13 ], "texture": "#hunting_bow" },
				"south": { "uv": [ 11.25, 12, 11.5, 12.5 ], "texture": "#hunting_bow" },
				"east": { "uv": [ 11.5, 11, 11.25, 11.5 ], "texture": "#hunting_bow" }
			}
		},
		{
			"__comment": "Voxels",
			"from": [ 4, -5, 8.5 ],
			"to": [ 4.5, -4.5, 9 ],
			"faces": {
				"down": { "uv": [ 13, 11, 13.25, 11.25 ], "texture": "#hunting_bow" },
				"north": { "uv": [ 13.75, 11, 13.5, 11.25 ], "texture": "#hunting_bow" },
				"south": { "uv": [ 13.75, 11, 14, 11.25 ], "texture": "#hunting_bow" },
				"east": { "uv": [ 14.5, 11, 14.25, 11.25 ], "texture": "#hunting_bow" }
			}
		},
		{
			"__comment": "Voxels",
			"from": [ 4.5, -4.5, 9 ],
			"to": [ 5, -4, 9.5 ],
			"faces": {
				"down": { "uv": [ 14.5, 11, 14.75, 11.25 ], "texture": "#hunting_bow" },
				"up": { "uv": [ 14.75, 11.25, 15, 11 ], "texture": "#hunting_bow" },
				"north": { "uv": [ 15.25, 11, 15, 11.25 ], "texture": "#hunting_bow" },
				"south": { "uv": [ 15.25, 11, 15.5, 11.25 ], "texture": "#hunting_bow" },
				"east": { "uv": [ 16, 11, 15.75, 11.25 ], "texture": "#hunting_bow" }
			}
		}
	],
	"display": {
		"thirdperson_righthand": {
			"translation":  [ 4.8695, -1.391, 0.6956 ],
			"scale":  [ 0.8, 0.8, 0.8 ]
		},
		"firstperson_righthand": {
			"translation":  [ 4.1739, 0, 0 ]
		},
		"gui": {
			"rotation":  [ 132, 36, -120 ],
			"translation":  [ -2.086, 0.6962, 0 ],
			"scale":  [ 0.6, 0.6, 0.6 ]
		}
	}
}