{
	"__comment": "Designed by DevastMc",
	"textures": {
		"armoreddoor": "blocks/armored_door"
	},
	"elements": [ 	 
		{
			"__comment": "Voxels",
			"from": [ 5.75, 15.75, 1 ],
			"to": [ 6.25, 16.5, 2 ],
			"faces": {
				"down": { "uv": [ 4.75, 0.0625, 4.875, 0.3125 ], "texture": "#armoreddoor" },
				"up": { "uv": [ 14.8125, 13.625, 14.9375, 13.375 ], "texture": "#armoreddoor" },
				"north": { "uv": [ 5.5625, 0, 5.4375, 0.1875 ], "texture": "#armoreddoor" },
				"south": { "uv": [ 5.3125, 0.0625, 5.4375, 0.25 ], "texture": "#armoreddoor" },
				"west": { "uv": [ 12.3125, 10.8125, 12.5625, 11 ], "texture": "#armoreddoor" },
				"east": { "uv": [ 12.3125, 10.5, 12.0625, 10.6875 ], "texture": "#armoreddoor" }
			}
		},
		{
			"__comment": "Voxels",
			"from": [ 5.75, 16, 0.25 ],
			"to": [ 6.25, 16.25, 1 ],
			"faces": {
				"down": { "uv": [ 5.1875, 0.0625, 5.3125, 0.25 ], "texture": "#armoreddoor" },
				"up": { "uv": [ 14.4375, 10.6875, 14.5625, 10.5 ], "texture": "#armoreddoor" },
				"north": { "uv": [ 5.4375, 0, 5.3125, 0.0625 ], "texture": "#armoreddoor" },
				"west": { "uv": [ 15.75, 9.9375, 15.9375, 10 ], "texture": "#armoreddoor" },
				"east": { "uv": [ 15.9375, 10, 15.75, 10.0625 ], "texture": "#armoreddoor" }
			}
		},
		{
			"__comment": "Voxels",
			"from": [ 5.75, 16, 2 ],
			"to": [ 6.25, 16.25, 2.75 ],
			"faces": {
				"down": { "uv": [ 8.25, 13.375, 8.375, 13.5625 ], "texture": "#armoreddoor" },
				"up": { "uv": [ 15.8125, 11.75, 15.9375, 11.5625 ], "texture": "#armoreddoor" },
				"south": { "uv": [ 4.75, 0, 4.875, 0.0625 ], "texture": "#armoreddoor" },
				"west": { "uv": [ 10.0625, 8.875, 10.25, 8.9375 ], "texture": "#armoreddoor" },
				"east": { "uv": [ 10.25, 8.9375, 10.0625, 9 ], "texture": "#armoreddoor" }
			}
		},
		{
			"__comment": "Voxels",
			"from": [ 6, 15.75, 0.5 ],
			"to": [ 6.25, 16, 1 ],
			"faces": {
				"down": { "uv": [ 15.5, 13.375, 15.5625, 13.5 ], "texture": "#armoreddoor" },
				"north": { "uv": [ 7.5625, 0, 7.5, 0.0625 ], "texture": "#armoreddoor" },
				"west": { "uv": [ 15.8125, 8.0625, 15.9375, 8.125 ], "texture": "#armoreddoor" },
				"east": { "uv": [ 16, 8.1875, 15.875, 8.25 ], "texture": "#armoreddoor" }
			}
		},
		{
			"__comment": "Voxels",
			"from": [ 6, 15.75, 2 ],
			"to": [ 6.25, 16, 2.75 ],
			"faces": {
				"down": { "uv": [ 14.6875, 10.6875, 14.75, 10.875 ], "texture": "#armoreddoor" },
				"south": { "uv": [ 15.9375, 10.0625, 16, 10.125 ], "texture": "#armoreddoor" },
				"west": { "uv": [ 15.75, 10.0625, 15.9375, 10.125 ], "texture": "#armoreddoor" },
				"east": { "uv": [ 16, 11.5, 15.8125, 11.5625 ], "texture": "#armoreddoor" }
			}
		},
		{
			"__comment": "Voxels",
			"from": [ 6, 16, 0 ],
			"to": [ 6.25, 16.25, 0.25 ],
			"faces": {
				"down": { "uv": [ 15.9375, 9.75, 16, 9.8125 ], "texture": "#armoreddoor" },
				"up": { "uv": [ 7.875, 2.8125, 7.9375, 2.75 ], "texture": "#armoreddoor" },
				"north": { "uv": [ 12.125, 8.375, 12.0625, 8.4375 ], "texture": "#armoreddoor" },
				"west": { "uv": [ 8.3125, 6.3125, 8.375, 6.375 ], "texture": "#armoreddoor" },
				"east": { "uv": [ 8.375, 5.75, 8.3125, 5.8125 ], "texture": "#armoreddoor" }
			}
		},
		{
			"__comment": "Voxels",
			"from": [ 6, 16.25, 0.25 ],
			"to": [ 6.25, 16.5, 1 ],
			"faces": {
				"up": { "uv": [ 15.9375, 9.625, 16, 9.4375 ], "texture": "#armoreddoor" },
				"north": { "uv": [ 8.375, 5.6875, 8.3125, 5.75 ], "texture": "#armoreddoor" },
				"west": { "uv": [ 6.5, 0.375, 6.6875, 0.4375 ], "texture": "#armoreddoor" },
				"east": { "uv": [ 10.0625, 8.4375, 9.875, 8.5 ], "texture": "#armoreddoor" }
			}
		},
		{
			"__comment": "Voxels",
			"from": [ 6, 16.25, 2 ],
			"to": [ 6.25, 16.5, 2.5 ],
			"faces": {
				"up": { "uv": [ 15.6875, 8.3125, 15.75, 8.1875 ], "texture": "#armoreddoor" },
				"south": { "uv": [ 8.3125, 5, 8.375, 5.0625 ], "texture": "#armoreddoor" },
				"west": { "uv": [ 15.75, 8.625, 15.875, 8.6875 ], "texture": "#armoreddoor" },
				"east": { "uv": [ 16, 8.6875, 15.875, 8.75 ], "texture": "#armoreddoor" }
			}
		},
		{
			"__comment": "Voxels",
			"from": [ 6.25, 15.75, 1.25 ],
			"to": [ 10.25, 16.5, 1.75 ],
			"faces": {
				"down": { "uv": [ 9.125, 8.5, 10.125, 8.625 ], "texture": "#armoreddoor" },
				"up": { "uv": [ 9.125, 8.75, 10.125, 8.625 ], "texture": "#armoreddoor" },
				"north": { "uv": [ 7.25, 13.375, 6.25, 13.5625 ], "texture": "#armoreddoor" },
				"south": { "uv": [ 7.25, 13.375, 8.25, 13.5625 ], "texture": "#armoreddoor" },
				"east": { "uv": [ 14.6875, 10.5, 14.5625, 10.6875 ], "texture": "#armoreddoor" }
			}
		},
		{
			"__comment": "Voxels",
			"from": [ 6.25, 16, 1 ],
			"to": [ 10.25, 16.25, 1.25 ],
			"faces": {
				"down": { "uv": [ 15, 10.25, 16, 10.3125 ], "texture": "#armoreddoor" },
				"up": { "uv": [ 15, 10.375, 16, 10.3125 ], "texture": "#armoreddoor" },
				"north": { "uv": [ 14.75, 13.1875, 13.75, 13.25 ], "texture": "#armoreddoor" },
				"east": { "uv": [ 10.3125, 8.875, 10.25, 8.9375 ], "texture": "#armoreddoor" }
			}
		},
		{
			"__comment": "Voxels",
			"from": [ 6.5, 15.25, 0.75 ],
			"to": [ 9.5, 17, 1 ],
			"faces": {
				"down": { "uv": [ 15.1875, 8.8125, 15.9375, 8.875 ], "texture": "#armoreddoor" },
				"up": { "uv": [ 15, 10.1875, 15.75, 10.125 ], "texture": "#armoreddoor" },
				"north": { "uv": [ 10.0625, 9.9375, 9.3125, 10.375 ], "texture": "#armoreddoor" },
				"south": { "uv": [ 9.3125, 9.5, 10.0625, 9.9375 ], "texture": "#armoreddoor" },
				"west": { "uv": [ 6.375, 0, 6.4375, 0.4375 ], "texture": "#armoreddoor" },
				"east": { "uv": [ 6.375, 0, 6.3125, 0.4375 ], "texture": "#armoreddoor" }
			}
		},
		{
			"__comment": "Voxels",
			"from": [ 6.5, 15.25, 1 ],
			"to": [ 9.5, 16, 1.25 ],
			"faces": {
				"down": { "uv": [ 15, 10.1875, 15.75, 10.25 ], "texture": "#armoreddoor" },
				"south": { "uv": [ 9.3125, 8.875, 10.0625, 9.0625 ], "texture": "#armoreddoor" },
				"west": { "uv": [ 9, 8.9375, 9.0625, 9.125 ], "texture": "#armoreddoor" },
				"east": { "uv": [ 7.5625, 0.0625, 7.5, 0.25 ], "texture": "#armoreddoor" }
			}
		},
		{
			"__comment": "Voxels",
			"from": [ 6.5, 15.25, 1.25 ],
			"to": [ 9.5, 15.75, 2 ],
			"faces": {
				"down": { "uv": [ 8.375, 8.5625, 9.125, 8.75 ], "texture": "#armoreddoor" },
				"up": { "uv": [ 15.25, 13.375, 16, 13.1875 ], "texture": "#armoreddoor" },
				"south": { "uv": [ 12.5625, 8.875, 13.3125, 9 ], "texture": "#armoreddoor" },
				"west": { "uv": [ 14.25, 10.5, 14.4375, 10.625 ], "texture": "#armoreddoor" },
				"east": { "uv": [ 12.5, 10.5, 12.3125, 10.625 ], "texture": "#armoreddoor" }
			}
		},
		{
			"__comment": "Voxels",
			"from": [ 6.5, 15.5, 2 ],
			"to": [ 9.5, 16.75, 2.25 ],
			"faces": {
				"down": { "uv": [ 15, 8.375, 15.75, 8.4375 ], "texture": "#armoreddoor" },
				"up": { "uv": [ 15, 8.5, 15.75, 8.4375 ], "texture": "#armoreddoor" },
				"north": { "uv": [ 12.5625, 9, 11.8125, 9.3125 ], "texture": "#armoreddoor" },
				"south": { "uv": [ 12.5625, 9.3125, 13.3125, 9.625 ], "texture": "#armoreddoor" },
				"west": { "uv": [ 6.4375, 0.125, 6.5, 0.4375 ], "texture": "#armoreddoor" },
				"east": { "uv": [ 3.25, 0.0625, 3.1875, 0.375 ], "texture": "#armoreddoor" }
			}
		},
		{
			"__comment": "Voxels",
			"from": [ 6.5, 15.75, 0.5 ],
			"to": [ 9.5, 16.5, 0.75 ],
			"faces": {
				"down": { "uv": [ 15, 8.5, 15.75, 8.5625 ], "texture": "#armoreddoor" },
				"up": { "uv": [ 15, 8.625, 15.75, 8.5625 ], "texture": "#armoreddoor" },
				"north": { "uv": [ 9.125, 8.1875, 8.375, 8.375 ], "texture": "#armoreddoor" },
				"west": { "uv": [ 14.6875, 10.5, 14.75, 10.6875 ], "texture": "#armoreddoor" },
				"east": { "uv": [ 0.875, 0, 0.8125, 0.1875 ], "texture": "#armoreddoor" }
			}
		},
		{
			"__comment": "Voxels",
			"from": [ 6.5, 15.75, 1.75 ],
			"to": [ 9.5, 17, 2 ],
			"faces": {
				"up": { "uv": [ 14.9375, 8.8125, 15.6875, 8.75 ], "texture": "#armoreddoor" },
				"north": { "uv": [ 13.3125, 9, 12.5625, 9.3125 ], "texture": "#armoreddoor" },
				"south": { "uv": [ 11.8125, 9.3125, 12.5625, 9.625 ], "texture": "#armoreddoor" },
				"west": { "uv": [ 5.125, 0.0625, 5.1875, 0.375 ], "texture": "#armoreddoor" },
				"east": { "uv": [ 3.5625, 0.0625, 3.5, 0.375 ], "texture": "#armoreddoor" }
			}
		},
		{
			"__comment": "Voxels",
			"from": [ 6.5, 16.25, 1 ],
			"to": [ 9.5, 17, 1.25 ],
			"faces": {
				"up": { "uv": [ 9.125, 8.25, 9.875, 8.1875 ], "texture": "#armoreddoor" },
				"south": { "uv": [ 15.25, 13, 16, 13.1875 ], "texture": "#armoreddoor" },
				"west": { "uv": [ 0.375, 0, 0.4375, 0.1875 ], "texture": "#armoreddoor" },
				"east": { "uv": [ 10.5, 13.375, 10.4375, 13.5625 ], "texture": "#armoreddoor" }
			}
		},
		{
			"__comment": "Voxels",
			"from": [ 6.5, 16.5, 1.25 ],
			"to": [ 9.5, 17, 1.75 ],
			"faces": {
				"up": { "uv": [ 12.5, 8.6875, 13.25, 8.5625 ], "texture": "#armoreddoor" },
				"west": { "uv": [ 5.5625, 0.0625, 5.6875, 0.1875 ], "texture": "#armoreddoor" },
				"east": { "uv": [ 14.25, 10.5, 14.125, 10.625 ], "texture": "#armoreddoor" }
			}
		},
		{
			"__comment": "Voxels",
			"from": [ 6.75, 0.25, -0.25 ],
			"to": [ 8.25, 31.75, 0 ],
			"faces": {
				"down": { "uv": [ 13.6875, 8.5, 14.0625, 8.5625 ], "texture": "#armoreddoor" },
				"up": { "uv": [ 15.5, 14.375, 15.875, 14.3125 ], "texture": "#armoreddoor" },
				"north": { "uv": [ 1.25, 5.5, 0.875, 13.375 ], "texture": "#armoreddoor" },
				"south": { "uv": [ 1.625, 5.5, 2, 13.375 ], "texture": "#armoreddoor" },
				"west": { "uv": [ 6.6875, 0, 6.75, 7.875 ], "texture": "#armoreddoor" },
				"east": { "uv": [ 6.8125, 0, 6.75, 7.875 ], "texture": "#armoreddoor" }
			}
		},
		{
			"__comment": "Voxels",
			"from": [ 6.75, 0.25, 0 ],
			"to": [ 8.5, 0.5, 15.75 ],
			"faces": {
				"down": { "uv": [ 3.5625, 9.4375, 4, 13.375 ], "texture": "#armoreddoor" },
				"up": { "uv": [ 2.375, 4.5, 2.8125, 0.5625 ], "texture": "#armoreddoor" },
				"north": { "uv": [ 14.75, 8.125, 14.3125, 8.1875 ], "texture": "#armoreddoor" },
				"south": { "uv": [ 14.5625, 8.1875, 15, 8.25 ], "texture": "#armoreddoor" },
				"west": { "uv": [ 11.8125, 10.0625, 15.75, 10.125 ], "texture": "#armoreddoor" },
				"east": { "uv": [ 15.75, 10, 11.8125, 10.0625 ], "texture": "#armoreddoor" }
			}
		},
		{
			"__comment": "Voxels",
			"from": [ 6.75, 0.25, 15.75 ],
			"to": [ 8.25, 31.75, 16 ],
			"faces": {
				"down": { "uv": [ 13.6875, 8.625, 14.0625, 8.6875 ], "texture": "#armoreddoor" },
				"up": { "uv": [ 13.6875, 8.9375, 14.0625, 8.875 ], "texture": "#armoreddoor" },
				"north": { "uv": [ 2.375, 5.5, 2, 13.375 ], "texture": "#armoreddoor" },
				"south": { "uv": [ 1.25, 5.5, 1.625, 13.375 ], "texture": "#armoreddoor" },
				"west": { "uv": [ 7, 2.625, 7.0625, 10.5 ], "texture": "#armoreddoor" },
				"east": { "uv": [ 7, 2.625, 6.9375, 10.5 ], "texture": "#armoreddoor" }
			}
		},
		{
			"__comment": "Voxels",
			"from": [ 6.75, 0.25, 16 ],
			"to": [ 8, 31.75, 16.25 ],
			"faces": {
				"down": { "uv": [ 4.875, 0, 5.1875, 0.0625 ], "texture": "#armoreddoor" },
				"up": { "uv": [ 2.9375, 0.0625, 3.25, 0 ], "texture": "#armoreddoor" },
				"south": { "uv": [ 2.9375, 5.5, 3.25, 13.375 ], "texture": "#armoreddoor" },
				"west": { "uv": [ 6.875, 0, 6.9375, 7.875 ], "texture": "#armoreddoor" },
				"east": { "uv": [ 6.875, 0, 6.8125, 7.875 ], "texture": "#armoreddoor" }
			}
		},
		{
			"__comment": "Voxels",
			"from": [ 6.75, 12.5, -0.5 ],
			"to": [ 9, 19.25, -0.25 ],
			"faces": {
				"down": { "uv": [ 12.75, 8.125, 13.3125, 8.1875 ], "texture": "#armoreddoor" },
				"up": { "uv": [ 15.4375, 8.9375, 16, 8.875 ], "texture": "#armoreddoor" },
				"north": { "uv": [ 15.5, 14.3125, 14.9375, 16 ], "texture": "#armoreddoor" },
				"south": { "uv": [ 14.375, 14.3125, 14.9375, 16 ], "texture": "#armoreddoor" },
				"west": { "uv": [ 8.125, 4.5625, 8.1875, 6.25 ], "texture": "#armoreddoor" },
				"east": { "uv": [ 8, 1.125, 7.9375, 2.8125 ], "texture": "#armoreddoor" }
			}
		},
		{
			"__comment": "Voxels",
			"from": [ 6.75, 12.5, 0 ],
			"to": [ 9, 19.25, 0.5 ],
			"faces": {
				"down": { "uv": [ 15.0625, 11.5, 15.625, 11.625 ], "texture": "#armoreddoor" },
				"up": { "uv": [ 14.9375, 13.5, 15.5, 13.375 ], "texture": "#armoreddoor" },
				"north": { "uv": [ 14.375, 14.3125, 13.8125, 16 ], "texture": "#armoreddoor" },
				"south": { "uv": [ 13.25, 14.3125, 13.8125, 16 ], "texture": "#armoreddoor" },
				"west": { "uv": [ 4.75, 0.3125, 4.875, 2 ], "texture": "#armoreddoor" },
				"east": { "uv": [ 16, 14.3125, 15.875, 16 ], "texture": "#armoreddoor" }
			}
		},
		{
			"__comment": "Voxels",
			"from": [ 6.75, 12.5, 0.5 ],
			"to": [ 9.25, 15.75, 0.75 ],
			"faces": {
				"down": { "uv": [ 12.625, 13.375, 13.25, 13.4375 ], "texture": "#armoreddoor" },
				"north": { "uv": [ 15.5625, 13.5, 14.9375, 14.3125 ], "texture": "#armoreddoor" },
				"south": { "uv": [ 10.9375, 12.1875, 11.5625, 13 ], "texture": "#armoreddoor" },
				"west": { "uv": [ 7.4375, 0.1875, 7.5, 1 ], "texture": "#armoreddoor" },
				"east": { "uv": [ 5.1875, 2.4375, 5.125, 3.25 ], "texture": "#armoreddoor" }
			}
		},
		{
			"__comment": "Voxels",
			"from": [ 6.75, 12.5, 0.75 ],
			"to": [ 9.25, 15.25, 2 ],
			"faces": {
				"down": { "uv": [ 14.75, 10.5, 15.375, 10.8125 ], "texture": "#armoreddoor" },
				"up": { "uv": [ 10.3125, 9.25, 10.9375, 8.9375 ], "texture": "#armoreddoor" },
				"south": { "uv": [ 14.75, 10.8125, 15.375, 11.5 ], "texture": "#armoreddoor" },
				"west": { "uv": [ 13.8125, 10.8125, 14.125, 11.5 ], "texture": "#armoreddoor" },
				"east": { "uv": [ 14.4375, 10.8125, 14.125, 11.5 ], "texture": "#armoreddoor" }
			}
		},
		{
			"__comment": "Voxels",
			"from": [ 6.75, 12.5, 2 ],
			"to": [ 9, 15.5, 2.5 ],
			"faces": {
				"down": { "uv": [ 12.5, 8.1875, 13.0625, 8.3125 ], "texture": "#armoreddoor" },
				"up": { "uv": [ 12.5, 8.4375, 13.0625, 8.3125 ], "texture": "#armoreddoor" },
				"north": { "uv": [ 14.375, 13.5625, 13.8125, 14.3125 ], "texture": "#armoreddoor" },
				"south": { "uv": [ 13.25, 13.5625, 13.8125, 14.3125 ], "texture": "#armoreddoor" },
				"west": { "uv": [ 8.0625, 0.5625, 8.1875, 1.3125 ], "texture": "#armoreddoor" },
				"east": { "uv": [ 2.9375, 0.75, 2.8125, 1.5 ], "texture": "#armoreddoor" }
			}
		},
		{
			"__comment": "Voxels",
			"from": [ 6.75, 15.5, 2.25 ],
			"to": [ 9.25, 18.5, 2.5 ],
			"faces": {
				"down": { "uv": [ 10.875, 8.125, 11.5, 8.1875 ], "texture": "#armoreddoor" },
				"up": { "uv": [ 11.5, 8.1875, 12.125, 8.125 ], "texture": "#armoreddoor" },
				"north": { "uv": [ 13.1875, 12.25, 12.5625, 13 ], "texture": "#armoreddoor" },
				"south": { "uv": [ 13.1875, 12.25, 13.8125, 13 ], "texture": "#armoreddoor" },
				"west": { "uv": [ 7.5, 0.25, 7.5625, 1 ], "texture": "#armoreddoor" },
				"east": { "uv": [ 8, 0.375, 7.9375, 1.125 ], "texture": "#armoreddoor" }
			}
		},
		{
			"__comment": "Voxels",
			"from": [ 6.75, 16, 2.5 ],
			"to": [ 9.25, 16.25, 2.75 ],
			"faces": {
				"down": { "uv": [ 12.125, 8.125, 12.75, 8.1875 ], "texture": "#armoreddoor" },
				"up": { "uv": [ 9, 8.1875, 9.625, 8.125 ], "texture": "#armoreddoor" },
				"south": { "uv": [ 10.3125, 8.875, 10.9375, 8.9375 ], "texture": "#armoreddoor" },
				"west": { "uv": [ 15.9375, 10.1875, 16, 10.25 ], "texture": "#armoreddoor" },
				"east": { "uv": [ 13.25, 8.25, 13.1875, 8.3125 ], "texture": "#armoreddoor" }
			}
		},
		{
			"__comment": "Voxels",
			"from": [ 6.75, 16.5, 0.5 ],
			"to": [ 9.25, 19.25, 0.75 ],
			"faces": {
				"up": { "uv": [ 15, 8.25, 15.625, 8.1875 ], "texture": "#armoreddoor" },
				"north": { "uv": [ 15.6875, 11.625, 15.0625, 12.3125 ], "texture": "#armoreddoor" },
				"south": { "uv": [ 15.0625, 12.3125, 15.6875, 13 ], "texture": "#armoreddoor" },
				"west": { "uv": [ 8.25, 0.0625, 8.3125, 0.75 ], "texture": "#armoreddoor" },
				"east": { "uv": [ 16, 13.625, 15.9375, 14.3125 ], "texture": "#armoreddoor" }
			}
		},
		{
			"__comment": "Voxels",
			"from": [ 6.75, 16.75, 2 ],
			"to": [ 9.25, 18.5, 2.25 ],
			"faces": {
				"up": { "uv": [ 8.375, 8.1875, 9, 8.125 ], "texture": "#armoreddoor" },
				"north": { "uv": [ 10.9375, 9.9375, 10.3125, 10.375 ], "texture": "#armoreddoor" },
				"west": { "uv": [ 6.1875, 0, 6.25, 0.4375 ], "texture": "#armoreddoor" },
				"east": { "uv": [ 6.3125, 0, 6.25, 0.4375 ], "texture": "#armoreddoor" }
			}
		},
		{
			"__comment": "Voxels",
			"from": [ 6.75, 17, 0.75 ],
			"to": [ 9.25, 19.25, 2 ],
			"faces": {
				"down": { "uv": [ 14.8125, 9.3125, 15.4375, 9.625 ], "texture": "#armoreddoor" },
				"up": { "uv": [ 15.375, 10.8125, 16, 10.5 ], "texture": "#armoreddoor" },
				"south": { "uv": [ 12, 13.4375, 12.625, 14 ], "texture": "#armoreddoor" },
				"west": { "uv": [ 8.0625, 8.1875, 8.375, 8.75 ], "texture": "#armoreddoor" },
				"east": { "uv": [ 16, 11.75, 15.6875, 12.3125 ], "texture": "#armoreddoor" }
			}
		},
		{
			"__comment": "Voxels",
			"from": [ 6.75, 18.5, 2 ],
			"to": [ 9, 19.25, 2.5 ],
			"faces": {
				"down": { "uv": [ 12.5, 8.4375, 13.0625, 8.5625 ], "texture": "#armoreddoor" },
				"up": { "uv": [ 15.4375, 9.0625, 16, 8.9375 ], "texture": "#armoreddoor" },
				"south": { "uv": [ 9.875, 13.375, 10.4375, 13.5625 ], "texture": "#armoreddoor" },
				"west": { "uv": [ 2.8125, 0.5625, 2.9375, 0.75 ], "texture": "#armoreddoor" },
				"east": { "uv": [ 14.375, 13.375, 14.25, 13.5625 ], "texture": "#armoreddoor" }
			}
		},
		{
			"__comment": "Voxels",
			"from": [ 6.75, 31.25, 0 ],
			"to": [ 8.5, 31.5, 15.75 ],
			"faces": {
				"down": { "uv": [ 0, 1.9375, 0.4375, 5.875 ], "texture": "#armoreddoor" },
				"up": { "uv": [ 0.4375, 5.875, 0.875, 1.9375 ], "texture": "#armoreddoor" },
				"north": { "uv": [ 15, 8.375, 14.5625, 8.4375 ], "texture": "#armoreddoor" },
				"south": { "uv": [ 8.375, 8.0625, 8.8125, 8.125 ], "texture": "#armoreddoor" },
				"west": { "uv": [ 11.8125, 9.9375, 15.75, 10 ], "texture": "#armoreddoor" },
				"east": { "uv": [ 15.75, 9.875, 11.8125, 9.9375 ], "texture": "#armoreddoor" }
			}
		},
		{
			"__comment": "Voxels",
			"from": [ 6.75, 31.5, 0 ],
			"to": [ 8.25, 31.75, 15.75 ],
			"faces": {
				"up": { "uv": [ 1.25, 5.5, 1.625, 1.5625 ], "texture": "#armoreddoor" },
				"west": { "uv": [ 11.8125, 9.8125, 15.75, 9.875 ], "texture": "#armoreddoor" },
				"east": { "uv": [ 15.75, 9.75, 11.8125, 9.8125 ], "texture": "#armoreddoor" }
			}
		},
		{
			"__comment": "Voxels",
			"from": [ 7, 0, -0.25 ],
			"to": [ 8, 0.25, 16 ],
			"faces": {
				"down": { "uv": [ 5.1875, 2.375, 5.4375, 6.4375 ], "texture": "#armoreddoor" },
				"up": { "uv": [ 5.1875, 10.5, 5.4375, 6.4375 ], "texture": "#armoreddoor" },
				"north": { "uv": [ 10.6875, 10.5, 10.4375, 10.5625 ], "texture": "#armoreddoor" },
				"south": { "uv": [ 9.0625, 9, 9.3125, 9.0625 ], "texture": "#armoreddoor" },
				"west": { "uv": [ 10.9375, 10.1875, 15, 10.25 ], "texture": "#armoreddoor" },
				"east": { "uv": [ 15, 10.3125, 10.9375, 10.375 ], "texture": "#armoreddoor" }
			}
		},
		{
			"__comment": "Voxels",
			"from": [ 7, 0, 16 ],
			"to": [ 7.75, 0.25, 16.25 ],
			"faces": {
				"down": { "uv": [ 6.5, 0.1875, 6.6875, 0.25 ], "texture": "#armoreddoor" },
				"south": { "uv": [ 15.75, 9.75, 15.9375, 9.8125 ], "texture": "#armoreddoor" },
				"west": { "uv": [ 7, 0, 7.0625, 0.0625 ], "texture": "#armoreddoor" },
				"east": { "uv": [ 7, 0, 6.9375, 0.0625 ], "texture": "#armoreddoor" }
			}
		},
		{
			"__comment": "Voxels",
			"from": [ 7, 0.25, -0.5 ],
			"to": [ 8, 12.5, -0.25 ],
			"faces": {
				"down": { "uv": [ 10.6875, 10.5, 10.9375, 10.5625 ], "texture": "#armoreddoor" },
				"north": { "uv": [ 6.1875, 1.1875, 5.9375, 4.25 ], "texture": "#armoreddoor" },
				"west": { "uv": [ 7.875, 2.8125, 7.9375, 5.875 ], "texture": "#armoreddoor" },
				"east": { "uv": [ 8, 5.6875, 7.9375, 8.75 ], "texture": "#armoreddoor" }
			}
		},
		{
			"__comment": "Voxels",
			"from": [ 7, 0.5, 0 ],
			"to": [ 8.75, 12.5, 0.5 ],
			"faces": {
				"down": { "uv": [ 14.5625, 8.625, 15, 8.75 ], "texture": "#armoreddoor" },
				"north": { "uv": [ 4.4375, 3, 4, 6 ], "texture": "#armoreddoor" },
				"south": { "uv": [ 4.4375, 7.375, 4.875, 10.375 ], "texture": "#armoreddoor" },
				"west": { "uv": [ 5.8125, 0, 5.9375, 3 ], "texture": "#armoreddoor" },
				"east": { "uv": [ 5.8125, 0, 5.6875, 3 ], "texture": "#armoreddoor" }
			}
		},
		{
			"__comment": "Voxels",
			"from": [ 7, 0.5, 0.5 ],
			"to": [ 8.75, 1.25, 15.75 ],
			"faces": {
				"down": { "uv": [ 3.5625, 1.8125, 4, 5.625 ], "texture": "#armoreddoor" },
				"up": { "uv": [ 3.5625, 9.4375, 4, 5.625 ], "texture": "#armoreddoor" },
				"south": { "uv": [ 14.375, 13.4375, 14.8125, 13.625 ], "texture": "#armoreddoor" },
				"west": { "uv": [ 9.9375, 13, 13.75, 13.1875 ], "texture": "#armoreddoor" },
				"east": { "uv": [ 13.75, 13.1875, 9.9375, 13.375 ], "texture": "#armoreddoor" }
			}
		},
		{
			"__comment": "Voxels",
			"from": [ 7, 1.25, 15.25 ],
			"to": [ 8.75, 31.25, 15.75 ],
			"faces": {
				"up": { "uv": [ 10.9375, 9, 11.375, 8.875 ], "texture": "#armoreddoor" },
				"north": { "uv": [ 0.4375, 5.875, 0, 13.375 ], "texture": "#armoreddoor" },
				"south": { "uv": [ 0.4375, 5.875, 0.875, 13.375 ], "texture": "#armoreddoor" },
				"west": { "uv": [ 5.8125, 3, 5.9375, 10.5 ], "texture": "#armoreddoor" },
				"east": { "uv": [ 5.8125, 3, 5.6875, 10.5 ], "texture": "#armoreddoor" }
			}
		},
		{
			"__comment": "Voxels",
			"from": [ 7, 8, 15 ],
			"to": [ 8.75, 10.25, 15.25 ],
			"faces": {
				"down": { "uv": [ 14.5625, 8.3125, 15, 8.375 ], "texture": "#armoreddoor" },
				"up": { "uv": [ 11.6875, 8.25, 12.125, 8.1875 ], "texture": "#armoreddoor" },
				"north": { "uv": [ 11.8125, 9, 11.375, 9.5625 ], "texture": "#armoreddoor" },
				"west": { "uv": [ 8.125, 0, 8.1875, 0.5625 ], "texture": "#armoreddoor" },
				"east": { "uv": [ 3.5625, 1.0625, 3.5, 1.625 ], "texture": "#armoreddoor" }
			}
		},
		{
			"__comment": "Voxels",
			"from": [ 7, 12.25, 0.5 ],
			"to": [ 9, 12.5, 2 ],
			"faces": {
				"down": { "uv": [ 15.4375, 9.25, 15.9375, 9.625 ], "texture": "#armoreddoor" },
				"up": { "uv": [ 14.8125, 9.3125, 15.3125, 8.9375 ], "texture": "#armoreddoor" },
				"north": { "uv": [ 9.875, 13.375, 9.375, 13.4375 ], "texture": "#armoreddoor" },
				"south": { "uv": [ 14.75, 13.1875, 15.25, 13.25 ], "texture": "#armoreddoor" },
				"west": { "uv": [ 11.0625, 8.0625, 11.4375, 8.125 ], "texture": "#armoreddoor" },
				"east": { "uv": [ 12.5625, 8.0625, 12.1875, 8.125 ], "texture": "#armoreddoor" }
			}
		},
		{
			"__comment": "Voxels",
			"from": [ 7, 13.25, 2.5 ],
			"to": [ 9, 16, 2.75 ],
			"faces": {
				"down": { "uv": [ 8.5625, 8.875, 9.0625, 8.9375 ], "texture": "#armoreddoor" },
				"north": { "uv": [ 9.0625, 9.6875, 8.5625, 10.375 ], "texture": "#armoreddoor" },
				"south": { "uv": [ 14.375, 13.625, 14.875, 14.3125 ], "texture": "#armoreddoor" },
				"west": { "uv": [ 14.875, 13.625, 14.9375, 14.3125 ], "texture": "#armoreddoor" },
				"east": { "uv": [ 10.9375, 9.25, 10.875, 9.9375 ], "texture": "#armoreddoor" }
			}
		},
		{
			"__comment": "Voxels",
			"from": [ 7, 16.25, 2.5 ],
			"to": [ 9, 18.5, 2.75 ],
			"faces": {
				"up": { "uv": [ 13.8125, 8.1875, 14.3125, 8.125 ], "texture": "#armoreddoor" },
				"south": { "uv": [ 2.375, 0, 2.875, 0.5625 ], "texture": "#armoreddoor" },
				"west": { "uv": [ 8.1875, 0, 8.25, 0.5625 ], "texture": "#armoreddoor" },
				"east": { "uv": [ 7, 0.0625, 6.9375, 0.625 ], "texture": "#armoreddoor" }
			}
		},
		{
			"__comment": "Voxels",
			"from": [ 7, 19.25, -0.5 ],
			"to": [ 8, 31.75, -0.25 ],
			"faces": {
				"up": { "uv": [ 10.0625, 9.0625, 10.3125, 9 ], "texture": "#armoreddoor" },
				"north": { "uv": [ 5.6875, 0.1875, 5.4375, 3.3125 ], "texture": "#armoreddoor" },
				"west": { "uv": [ 7.8125, 2.75, 7.875, 5.875 ], "texture": "#armoreddoor" },
				"east": { "uv": [ 5.1875, 3.25, 5.125, 6.375 ], "texture": "#armoreddoor" }
			}
		},
		{
			"__comment": "Voxels",
			"from": [ 7, 19.25, 0 ],
			"to": [ 8.75, 31.25, 0.5 ],
			"faces": {
				"up": { "uv": [ 13.25, 8.5625, 13.6875, 8.4375 ], "texture": "#armoreddoor" },
				"north": { "uv": [ 4.4375, 0, 4, 3 ], "texture": "#armoreddoor" },
				"south": { "uv": [ 4.4375, 10.375, 4.875, 13.375 ], "texture": "#armoreddoor" },
				"west": { "uv": [ 2.8125, 1.5, 2.9375, 4.5 ], "texture": "#armoreddoor" },
				"east": { "uv": [ 7.9375, 5.875, 7.8125, 8.875 ], "texture": "#armoreddoor" }
			}
		},
		{
			"__comment": "Voxels",
			"from": [ 7, 21.5, 15 ],
			"to": [ 8.75, 23.75, 15.25 ],
			"faces": {
				"down": { "uv": [ 15.5625, 13.375, 16, 13.4375 ], "texture": "#armoreddoor" },
				"up": { "uv": [ 14.375, 13.4375, 14.8125, 13.375 ], "texture": "#armoreddoor" },
				"north": { "uv": [ 11.375, 9, 10.9375, 9.5625 ], "texture": "#armoreddoor" },
				"west": { "uv": [ 3.1875, 1.0625, 3.25, 1.625 ], "texture": "#armoreddoor" },
				"east": { "uv": [ 2.9375, 0, 2.875, 0.5625 ], "texture": "#armoreddoor" }
			}
		},
		{
			"__comment": "Voxels",
			"from": [ 7, 30.75, 0.5 ],
			"to": [ 8.75, 31.25, 15.25 ],
			"faces": {
				"down": { "uv": [ 4, 6, 4.4375, 9.6875 ], "texture": "#armoreddoor" },
				"up": { "uv": [ 4, 13.375, 4.4375, 9.6875 ], "texture": "#armoreddoor" },
				"west": { "uv": [ 11.5, 10.375, 15.1875, 10.5 ], "texture": "#armoreddoor" },
				"east": { "uv": [ 11.5, 10.375, 7.8125, 10.5 ], "texture": "#armoreddoor" }
			}
		},
		{
			"__comment": "Voxels",
			"from": [ 7, 31.75, -0.25 ],
			"to": [ 8, 32, 16 ],
			"faces": {
				"down": { "uv": [ 5.4375, 6.4375, 5.6875, 10.5 ], "texture": "#armoreddoor" },
				"up": { "uv": [ 4.875, 6.375, 5.125, 2.3125 ], "texture": "#armoreddoor" },
				"north": { "uv": [ 11.8125, 10.5, 11.5625, 10.5625 ], "texture": "#armoreddoor" },
				"south": { "uv": [ 9.9375, 10.5, 10.1875, 10.5625 ], "texture": "#armoreddoor" },
				"west": { "uv": [ 10.9375, 10.125, 15, 10.1875 ], "texture": "#armoreddoor" },
				"east": { "uv": [ 15, 10.25, 10.9375, 10.3125 ], "texture": "#armoreddoor" }
			}
		},
		{
			"__comment": "Voxels",
			"from": [ 7, 31.75, 16 ],
			"to": [ 7.75, 32, 16.25 ],
			"faces": {
				"up": { "uv": [ 15.75, 10.25, 15.9375, 10.1875 ], "texture": "#armoreddoor" },
				"south": { "uv": [ 6.5, 0.0625, 6.6875, 0.125 ], "texture": "#armoreddoor" },
				"west": { "uv": [ 13.1875, 8.3125, 13.25, 8.375 ], "texture": "#armoreddoor" },
				"east": { "uv": [ 13.25, 8.1875, 13.1875, 8.25 ], "texture": "#armoreddoor" }
			}
		},
		{
			"__comment": "Voxels",
			"from": [ 7.25, 1.25, 0.5 ],
			"to": [ 8.75, 12.25, 0.75 ],
			"faces": {
				"south": { "uv": [ 7.0625, 10.625, 7.4375, 13.375 ], "texture": "#armoreddoor" },
				"west": { "uv": [ 7.0625, 0, 7.125, 2.75 ], "texture": "#armoreddoor" },
				"east": { "uv": [ 7.3125, 0, 7.25, 2.75 ], "texture": "#armoreddoor" }
			}
		},
		{
			"__comment": "Voxels",
			"from": [ 7.25, 1.25, 0.75 ],
			"to": [ 8.75, 1.5, 15.25 ],
			"faces": {
				"up": { "uv": [ 1.625, 5.5, 2, 1.875 ], "texture": "#armoreddoor" },
				"west": { "uv": [ 7.9375, 8.8125, 11.5625, 8.875 ], "texture": "#armoreddoor" },
				"east": { "uv": [ 15.1875, 8.8125, 11.5625, 8.875 ], "texture": "#armoreddoor" }
			}
		},
		{
			"__comment": "Voxels",
			"from": [ 7.25, 1.5, 15 ],
			"to": [ 8.75, 8, 15.25 ],
			"faces": {
				"north": { "uv": [ 3.9375, 0.1875, 3.5625, 1.8125 ], "texture": "#armoreddoor" },
				"west": { "uv": [ 3.9375, 0.1875, 4, 1.8125 ], "texture": "#armoreddoor" },
				"east": { "uv": [ 8.125, 2.9375, 8.0625, 4.5625 ], "texture": "#armoreddoor" }
			}
		},
		{
			"__comment": "Voxels",
			"from": [ 7.25, 7.75, 14.75 ],
			"to": [ 8.75, 10.5, 15 ],
			"faces": {
				"down": { "uv": [ 12.9375, 8.0625, 13.3125, 8.125 ], "texture": "#armoreddoor" },
				"up": { "uv": [ 12.5625, 8.125, 12.9375, 8.0625 ], "texture": "#armoreddoor" },
				"north": { "uv": [ 15.9375, 13.625, 15.5625, 14.3125 ], "texture": "#armoreddoor" },
				"south": { "uv": [ 10.3125, 9.25, 10.6875, 9.9375 ], "texture": "#armoreddoor" },
				"west": { "uv": [ 8.1875, 0.625, 8.25, 1.3125 ], "texture": "#armoreddoor" },
				"east": { "uv": [ 8.0625, 0.125, 8, 0.8125 ], "texture": "#armoreddoor" }
			}
		},
		{
			"__comment": "Voxels",
			"from": [ 7.25, 8, 14.25 ],
			"to": [ 8.75, 10.25, 14.75 ],
			"faces": {
				"down": { "uv": [ 7.0625, 10.5, 7.4375, 10.625 ], "texture": "#armoreddoor" },
				"up": { "uv": [ 6.6875, 10.625, 7.0625, 10.5 ], "texture": "#armoreddoor" },
				"north": { "uv": [ 14.8125, 9.0625, 14.4375, 9.625 ], "texture": "#armoreddoor" },
				"west": { "uv": [ 14.3125, 8.1875, 14.4375, 8.75 ], "texture": "#armoreddoor" },
				"east": { "uv": [ 14.3125, 8.1875, 14.1875, 8.75 ], "texture": "#armoreddoor" }
			}
		},
		{
			"__comment": "Voxels",
			"from": [ 7.25, 10.25, 15 ],
			"to": [ 8.75, 21.5, 15.25 ],
			"faces": {
				"north": { "uv": [ 6.3125, 10.5625, 5.9375, 13.375 ], "texture": "#armoreddoor" },
				"west": { "uv": [ 7.625, 0, 7.6875, 2.8125 ], "texture": "#armoreddoor" },
				"east": { "uv": [ 7.8125, 0, 7.75, 2.8125 ], "texture": "#armoreddoor" }
			}
		},
		{
			"__comment": "Voxels",
			"from": [ 7.25, 12.5, 2.5 ],
			"to": [ 9, 13.25, 2.75 ],
			"faces": {
				"down": { "uv": [ 14.75, 8.125, 15.1875, 8.1875 ], "texture": "#armoreddoor" },
				"south": { "uv": [ 15.5625, 13.4375, 16, 13.625 ], "texture": "#armoreddoor" },
				"west": { "uv": [ 15.9375, 11.5625, 16, 11.75 ], "texture": "#armoreddoor" },
				"east": { "uv": [ 7.5, 0, 7.4375, 0.1875 ], "texture": "#armoreddoor" }
			}
		},
		{
			"__comment": "Voxels",
			"from": [ 7.25, 18.5, 2.5 ],
			"to": [ 9, 19.25, 2.75 ],
			"faces": {
				"up": { "uv": [ 14.5625, 8.5, 15, 8.4375 ], "texture": "#armoreddoor" },
				"south": { "uv": [ 8.5625, 8.9375, 9, 9.125 ], "texture": "#armoreddoor" },
				"west": { "uv": [ 9.9375, 9.125, 10, 9.3125 ], "texture": "#armoreddoor" },
				"east": { "uv": [ 10.0625, 9.125, 10, 9.3125 ], "texture": "#armoreddoor" }
			}
		},
		{
			"__comment": "Voxels",
			"from": [ 7.25, 19.25, 0.5 ],
			"to": [ 8.75, 30.75, 0.75 ],
			"faces": {
				"south": { "uv": [ 5.5625, 10.5, 5.9375, 13.375 ], "texture": "#armoreddoor" },
				"west": { "uv": [ 8, 5.875, 8.0625, 8.75 ], "texture": "#armoreddoor" },
				"east": { "uv": [ 8, 2.8125, 7.9375, 5.6875 ], "texture": "#armoreddoor" }
			}
		},
		{
			"__comment": "Voxels",
			"from": [ 7.25, 21.5, 14.25 ],
			"to": [ 8.75, 23.75, 15 ],
			"faces": {
				"down": { "uv": [ 2, 0.0625, 2.375, 0.25 ], "texture": "#armoreddoor" },
				"up": { "uv": [ 1.625, 0.25, 2, 0.0625 ], "texture": "#armoreddoor" },
				"north": { "uv": [ 13.6875, 9.0625, 13.3125, 9.625 ], "texture": "#armoreddoor" },
				"west": { "uv": [ 12.3125, 8.1875, 12.5, 8.75 ], "texture": "#armoreddoor" },
				"east": { "uv": [ 12.3125, 8.1875, 12.125, 8.75 ], "texture": "#armoreddoor" }
			}
		},
		{
			"__comment": "Voxels",
			"from": [ 7.25, 23.75, 14.75 ],
			"to": [ 8.75, 24, 15.25 ],
			"faces": {
				"down": { "uv": [ 13.3125, 8.9375, 13.6875, 9.0625 ], "texture": "#armoreddoor" },
				"up": { "uv": [ 13.6875, 9.0625, 14.0625, 8.9375 ], "texture": "#armoreddoor" },
				"north": { "uv": [ 9.9375, 8.0625, 9.5625, 8.125 ], "texture": "#armoreddoor" },
				"west": { "uv": [ 5.5625, 0, 5.6875, 0.0625 ], "texture": "#armoreddoor" },
				"east": { "uv": [ 10.0625, 9.0625, 9.9375, 9.125 ], "texture": "#armoreddoor" }
			}
		},
		{
			"__comment": "Voxels",
			"from": [ 7.25, 24, 15 ],
			"to": [ 8.75, 30.5, 15.25 ],
			"faces": {
				"up": { "uv": [ 10.6875, 8.125, 11.0625, 8.0625 ], "texture": "#armoreddoor" },
				"north": { "uv": [ 2, 0.25, 1.625, 1.875 ], "texture": "#armoreddoor" },
				"west": { "uv": [ 8.1875, 4.625, 8.25, 6.25 ], "texture": "#armoreddoor" },
				"east": { "uv": [ 8.1875, 2.9375, 8.125, 4.5625 ], "texture": "#armoreddoor" }
			}
		},
		{
			"__comment": "Voxels",
			"from": [ 7.25, 30.25, 7 ],
			"to": [ 8.75, 30.75, 7.25 ],
			"faces": {
				"down": { "uv": [ 10.3125, 8.0625, 10.6875, 8.125 ], "texture": "#armoreddoor" },
				"north": { "uv": [ 14.4375, 8.9375, 14.0625, 9.0625 ], "texture": "#armoreddoor" },
				"south": { "uv": [ 14.4375, 8.9375, 14.8125, 9.0625 ], "texture": "#armoreddoor" },
				"west": { "uv": [ 7.8125, 0, 7.875, 0.125 ], "texture": "#armoreddoor" },
				"east": { "uv": [ 7.9375, 0, 7.875, 0.125 ], "texture": "#armoreddoor" }
			}
		},
		{
			"__comment": "Voxels",
			"from": [ 7.25, 30.25, 7.25 ],
			"to": [ 8.75, 30.5, 15 ],
			"faces": {
				"down": { "uv": [ 0, 0, 0.375, 1.9375 ], "texture": "#armoreddoor" },
				"up": { "uv": [ 0.4375, 1.9375, 0.8125, 0 ], "texture": "#armoreddoor" },
				"west": { "uv": [ 10.125, 8.375, 12.0625, 8.4375 ], "texture": "#armoreddoor" },
				"east": { "uv": [ 12.0625, 8.4375, 10.125, 8.5 ], "texture": "#armoreddoor" }
			}
		},
		{
			"__comment": "Voxels",
			"from": [ 7.25, 30.5, 0.75 ],
			"to": [ 8.75, 30.75, 7 ],
			"faces": {
				"down": { "uv": [ 0.875, 0, 1.25, 1.5625 ], "texture": "#armoreddoor" },
				"west": { "uv": [ 10.125, 8.1875, 11.6875, 8.25 ], "texture": "#armoreddoor" },
				"east": { "uv": [ 14.0625, 8.6875, 12.5, 8.75 ], "texture": "#armoreddoor" }
			}
		},
		{
			"__comment": "Voxels",
			"from": [ 7.25, 30.5, 7.25 ],
			"to": [ 7.5, 30.75, 15.25 ],
			"faces": {
				"down": { "uv": [ 7, 0.625, 7.0625, 2.625 ], "texture": "#armoreddoor" },
				"west": { "uv": [ 10.125, 8.625, 12.125, 8.6875 ], "texture": "#armoreddoor" },
				"east": { "uv": [ 12.125, 8.6875, 10.125, 8.75 ], "texture": "#armoreddoor" }
			}
		},
		{
			"__comment": "Voxels",
			"from": [ 7.5, 1.5, 0.75 ],
			"to": [ 8.75, 12.25, 1 ],
			"faces": {
				"south": { "uv": [ 9.3125, 10.6875, 9.625, 13.375 ], "texture": "#armoreddoor" },
				"west": { "uv": [ 7.375, 0.0625, 7.4375, 2.75 ], "texture": "#armoreddoor" },
				"east": { "uv": [ 7.375, 0.0625, 7.3125, 2.75 ], "texture": "#armoreddoor" }
			}
		},
		{
			"__comment": "Voxels",
			"from": [ 7.5, 1.5, 1 ],
			"to": [ 8.75, 1.75, 15 ],
			"faces": {
				"up": { "uv": [ 4.875, 9.875, 5.1875, 6.375 ], "texture": "#armoreddoor" },
				"west": { "uv": [ 11.4375, 8.75, 14.9375, 8.8125 ], "texture": "#armoreddoor" },
				"east": { "uv": [ 11.4375, 8.75, 7.9375, 8.8125 ], "texture": "#armoreddoor" }
			}
		},
		{
			"__comment": "Voxels",
			"from": [ 7.5, 1.75, 14.75 ],
			"to": [ 8.75, 7.75, 15 ],
			"faces": {
				"north": { "uv": [ 14.4375, 11.5, 14.125, 13 ], "texture": "#armoreddoor" },
				"west": { "uv": [ 8.25, 2.0625, 8.3125, 3.5625 ], "texture": "#armoreddoor" },
				"east": { "uv": [ 8.3125, 3.5625, 8.25, 5.0625 ], "texture": "#armoreddoor" }
			}
		},
		{
			"__comment": "Voxels",
			"from": [ 7.5, 7.75, 13.5 ],
			"to": [ 8.75, 10.5, 14.25 ],
			"faces": {
				"down": { "uv": [ 13.5, 10.5625, 13.8125, 10.75 ], "texture": "#armoreddoor" },
				"up": { "uv": [ 13.1875, 10.75, 13.5, 10.5625 ], "texture": "#armoreddoor" },
				"north": { "uv": [ 3.25, 0.375, 2.9375, 1.0625 ], "texture": "#armoreddoor" },
				"south": { "uv": [ 3.25, 0.375, 3.5625, 1.0625 ], "texture": "#armoreddoor" },
				"west": { "uv": [ 10.6875, 9.25, 10.875, 9.9375 ], "texture": "#armoreddoor" },
				"east": { "uv": [ 8.25, 7.5, 8.0625, 8.1875 ], "texture": "#armoreddoor" }
			}
		},
		{
			"__comment": "Voxels",
			"from": [ 7.5, 7.75, 14.25 ],
			"to": [ 8.75, 8, 14.75 ],
			"faces": {
				"down": { "uv": [ 8.0625, 10.5, 8.375, 10.625 ], "texture": "#armoreddoor" },
				"west": { "uv": [ 13.0625, 8.3125, 13.1875, 8.375 ], "texture": "#armoreddoor" },
				"east": { "uv": [ 13.1875, 8.25, 13.0625, 8.3125 ], "texture": "#armoreddoor" }
			}
		},
		{
			"__comment": "Voxels",
			"from": [ 7.5, 10.25, 14.25 ],
			"to": [ 8.75, 10.5, 14.75 ],
			"faces": {
				"up": { "uv": [ 9, 10.625, 9.3125, 10.5 ], "texture": "#armoreddoor" },
				"west": { "uv": [ 13.0625, 8.1875, 13.1875, 8.25 ], "texture": "#armoreddoor" },
				"east": { "uv": [ 15.875, 8.6875, 15.75, 8.75 ], "texture": "#armoreddoor" }
			}
		},
		{
			"__comment": "Voxels",
			"from": [ 7.5, 10.5, 14.75 ],
			"to": [ 8.75, 21.5, 15 ],
			"faces": {
				"north": { "uv": [ 8.375, 10.625, 8.0625, 13.375 ], "texture": "#armoreddoor" },
				"west": { "uv": [ 7.1875, 0, 7.25, 2.75 ], "texture": "#armoreddoor" },
				"east": { "uv": [ 7.1875, 0, 7.125, 2.75 ], "texture": "#armoreddoor" }
			}
		},
		{
			"__comment": "Voxels",
			"from": [ 7.5, 12.25, 2 ],
			"to": [ 8.75, 12.5, 2.75 ],
			"faces": {
				"down": { "uv": [ 9.3125, 10.5, 9.625, 10.6875 ], "texture": "#armoreddoor" },
				"up": { "uv": [ 9.625, 10.6875, 9.9375, 10.5 ], "texture": "#armoreddoor" },
				"south": { "uv": [ 15.5, 8.0625, 15.8125, 8.125 ], "texture": "#armoreddoor" },
				"west": { "uv": [ 15.75, 9.875, 15.9375, 9.9375 ], "texture": "#armoreddoor" },
				"east": { "uv": [ 15.9375, 9.8125, 15.75, 9.875 ], "texture": "#armoreddoor" }
			}
		},
		{
			"__comment": "Voxels",
			"from": [ 7.5, 19.25, 0.75 ],
			"to": [ 8.75, 30.5, 1 ],
			"faces": {
				"south": { "uv": [ 7.4375, 10.5625, 7.75, 13.375 ], "texture": "#armoreddoor" },
				"west": { "uv": [ 7.5625, 0, 7.625, 2.8125 ], "texture": "#armoreddoor" },
				"east": { "uv": [ 7.75, 0, 7.6875, 2.8125 ], "texture": "#armoreddoor" }
			}
		},
		{
			"__comment": "Voxels",
			"from": [ 7.5, 21.5, 13.5 ],
			"to": [ 8.75, 24, 14.25 ],
			"faces": {
				"down": { "uv": [ 12.5625, 10.5625, 12.875, 10.75 ], "texture": "#armoreddoor" },
				"up": { "uv": [ 12.875, 10.75, 13.1875, 10.5625 ], "texture": "#armoreddoor" },
				"north": { "uv": [ 16, 12.375, 15.6875, 13 ], "texture": "#armoreddoor" },
				"south": { "uv": [ 14.4375, 10.875, 14.75, 11.5 ], "texture": "#armoreddoor" },
				"west": { "uv": [ 8.0625, 6.25, 8.25, 6.875 ], "texture": "#armoreddoor" },
				"east": { "uv": [ 8.25, 6.875, 8.0625, 7.5 ], "texture": "#armoreddoor" }
			}
		},
		{
			"__comment": "Voxels",
			"from": [ 7.5, 23.75, 14.25 ],
			"to": [ 8.75, 24, 14.75 ],
			"faces": {
				"up": { "uv": [ 8.375, 10.625, 8.6875, 10.5 ], "texture": "#armoreddoor" },
				"west": { "uv": [ 15.875, 8.4375, 16, 8.5 ], "texture": "#armoreddoor" },
				"east": { "uv": [ 16, 8.25, 15.875, 8.3125 ], "texture": "#armoreddoor" }
			}
		},
		{
			"__comment": "Voxels",
			"from": [ 7.5, 24, 14.75 ],
			"to": [ 8.75, 30.25, 15 ],
			"faces": {
				"north": { "uv": [ 11.5625, 10.625, 11.25, 12.1875 ], "texture": "#armoreddoor" },
				"west": { "uv": [ 8.25, 5.0625, 8.3125, 6.625 ], "texture": "#armoreddoor" },
				"east": { "uv": [ 8.3125, 6.625, 8.25, 8.1875 ], "texture": "#armoreddoor" }
			}
		},
		{
			"__comment": "Voxels",
			"from": [ 7.5, 30, 1 ],
			"to": [ 8.75, 30.5, 7 ],
			"faces": {
				"down": { "uv": [ 12.5625, 10.75, 12.875, 12.25 ], "texture": "#armoreddoor" },
				"south": { "uv": [ 13.8125, 10.6875, 14.125, 10.8125 ], "texture": "#armoreddoor" },
				"west": { "uv": [ 13.75, 13.25, 15.25, 13.375 ], "texture": "#armoreddoor" },
				"east": { "uv": [ 9.875, 13.4375, 8.375, 13.5625 ], "texture": "#armoreddoor" }
			}
		},
		{
			"__comment": "Voxels",
			"from": [ 7.5, 30, 7 ],
			"to": [ 8.75, 30.25, 14.75 ],
			"faces": {
				"down": { "uv": [ 4.4375, 0.0625, 4.75, 2 ], "texture": "#armoreddoor" },
				"up": { "uv": [ 4.875, 2.3125, 5.1875, 0.375 ], "texture": "#armoreddoor" },
				"west": { "uv": [ 10.125, 8.25, 12.0625, 8.3125 ], "texture": "#armoreddoor" },
				"east": { "uv": [ 12.0625, 8.3125, 10.125, 8.375 ], "texture": "#armoreddoor" }
			}
		},
		{
			"__comment": "Voxels",
			"from": [ 7.75, 1.75, 1 ],
			"to": [ 8.75, 12.25, 13.5 ],
			"faces": {
				"up": { "uv": [ 5.9375, 7.375, 6.1875, 4.25 ], "texture": "#armoreddoor" },
				"south": { "uv": [ 6.4375, 2.5, 6.6875, 5.125 ], "texture": "#armoreddoor" },
				"west": { "uv": [ 3.125, 13.375, 6.25, 16 ], "texture": "#armoreddoor" },
				"east": { "uv": [ 3.125, 13.375, 0, 16 ], "texture": "#armoreddoor" }
			}
		},
		{
			"__comment": "Voxels",
			"from": [ 7.75, 1.75, 13.5 ],
			"to": [ 8.75, 7.75, 14.75 ],
			"faces": {
				"up": { "uv": [ 4.875, 0.375, 5.125, 0.0625 ], "texture": "#armoreddoor" },
				"west": { "uv": [ 13.5, 10.75, 13.8125, 12.25 ], "texture": "#armoreddoor" },
				"east": { "uv": [ 13.5, 10.75, 13.1875, 12.25 ], "texture": "#armoreddoor" }
			}
		},
		{
			"__comment": "Voxels",
			"from": [ 7.75, 10.5, 13.5 ],
			"to": [ 8.75, 21.5, 14.75 ],
			"faces": {
				"down": { "uv": [ 10.4375, 10.5625, 10.6875, 10.875 ], "texture": "#armoreddoor" },
				"up": { "uv": [ 12.0625, 11, 12.3125, 10.6875 ], "texture": "#armoreddoor" },
				"north": { "uv": [ 6.4375, 1.9375, 6.1875, 4.6875 ], "texture": "#armoreddoor" },
				"west": { "uv": [ 9, 10.625, 9.3125, 13.375 ], "texture": "#armoreddoor" },
				"east": { "uv": [ 9, 10.625, 8.6875, 13.375 ], "texture": "#armoreddoor" }
			}
		},
		{
			"__comment": "Voxels",
			"from": [ 7.75, 12.25, 2.75 ],
			"to": [ 8.75, 30, 5 ],
			"faces": {
				"north": { "uv": [ 3.5, 1.0625, 3.25, 5.5 ], "texture": "#armoreddoor" },
				"south": { "uv": [ 2.9375, 1.0625, 3.1875, 5.5 ], "texture": "#armoreddoor" },
				"west": { "uv": [ 2.375, 8.9375, 2.9375, 13.375 ], "texture": "#armoreddoor" },
				"east": { "uv": [ 2.9375, 4.5, 2.375, 8.9375 ], "texture": "#armoreddoor" }
			}
		},
		{
			"__comment": "Voxels",
			"from": [ 7.75, 12.25, 5 ],
			"to": [ 8.75, 22, 13.5 ],
			"faces": {
				"up": { "uv": [ 10.4375, 13, 10.6875, 10.875 ], "texture": "#armoreddoor" },
				"south": { "uv": [ 9.9375, 10.5625, 10.1875, 13 ], "texture": "#armoreddoor" },
				"west": { "uv": [ 6.25, 13.5625, 8.375, 16 ], "texture": "#armoreddoor" },
				"east": { "uv": [ 10.5, 13.5625, 8.375, 16 ], "texture": "#armoreddoor" }
			}
		},
		{
			"__comment": "Voxels",
			"from": [ 7.75, 19.25, 1 ],
			"to": [ 8.75, 30, 2.75 ],
			"faces": {
				"down": { "uv": [ 11.5625, 10.5625, 11.8125, 11 ], "texture": "#armoreddoor" },
				"west": { "uv": [ 4.4375, 2, 4.875, 4.6875 ], "texture": "#armoreddoor" },
				"east": { "uv": [ 4.875, 4.6875, 4.4375, 7.375 ], "texture": "#armoreddoor" }
			}
		},
		{
			"__comment": "Voxels",
			"from": [ 7.75, 22, 11 ],
			"to": [ 8.75, 30, 13.5 ],
			"faces": {
				"north": { "uv": [ 12.0625, 11, 11.8125, 13 ], "texture": "#armoreddoor" },
				"south": { "uv": [ 11.5625, 11, 11.8125, 13 ], "texture": "#armoreddoor" },
				"west": { "uv": [ 12, 14, 12.625, 16 ], "texture": "#armoreddoor" },
				"east": { "uv": [ 13.25, 14, 12.625, 16 ], "texture": "#armoreddoor" }
			}
		},
		{
			"__comment": "Voxels",
			"from": [ 7.75, 24, 13.5 ],
			"to": [ 8.75, 30, 14.75 ],
			"faces": {
				"down": { "uv": [ 10.6875, 10.5625, 10.9375, 10.875 ], "texture": "#armoreddoor" },
				"west": { "uv": [ 14.4375, 11.5, 14.75, 13 ], "texture": "#armoreddoor" },
				"east": { "uv": [ 14.125, 11.5, 13.8125, 13 ], "texture": "#armoreddoor" }
			}
		},
		{
			"__comment": "Voxels",
			"from": [ 7.75, 24.75, 5 ],
			"to": [ 8.75, 30, 11 ],
			"faces": {
				"down": { "uv": [ 8.3125, 8.875, 8.5625, 10.375 ], "texture": "#armoreddoor" },
				"up": { "uv": [ 6.1875, 1.9375, 6.4375, 0.4375 ], "texture": "#armoreddoor" },
				"west": { "uv": [ 10.5, 13.375, 12, 14.6875 ], "texture": "#armoreddoor" },
				"east": { "uv": [ 12, 14.6875, 10.5, 16 ], "texture": "#armoreddoor" }
			}
		},
		{
			"__comment": "Voxels",
			"from": [ 7.75, 30.5, 7.25 ],
			"to": [ 8.75, 30.75, 15.25 ],
			"faces": {
				"down": { "uv": [ 12.0625, 11, 12.3125, 13 ], "texture": "#armoreddoor" },
				"west": { "uv": [ 10.125, 8.5, 12.125, 8.5625 ], "texture": "#armoreddoor" },
				"east": { "uv": [ 12.125, 8.5625, 10.125, 8.625 ], "texture": "#armoreddoor" }
			}
		},
		{
			"__comment": "Voxels",
			"from": [ 8, 0.5, 16 ],
			"to": [ 8.25, 31.5, 16.25 ],
			"faces": {
				"down": { "uv": [ 12.0625, 8.25, 12.125, 8.3125 ], "texture": "#armoreddoor" },
				"up": { "uv": [ 13.1875, 8.5625, 13.25, 8.5 ], "texture": "#armoreddoor" },
				"south": { "uv": [ 7.25, 2.75, 7.3125, 10.5 ], "texture": "#armoreddoor" },
				"east": { "uv": [ 7.5, 2.75, 7.4375, 10.5 ], "texture": "#armoreddoor" }
			}
		},
		{
			"__comment": "Voxels",
			"from": [ 8.25, 0.5, -0.25 ],
			"to": [ 8.5, 31.25, 0 ],
			"faces": {
				"down": { "uv": [ 8.3125, 6.25, 8.375, 6.3125 ], "texture": "#armoreddoor" },
				"up": { "uv": [ 8.3125, 5.875, 8.375, 5.8125 ], "texture": "#armoreddoor" },
				"north": { "uv": [ 7.8125, 2.8125, 7.75, 10.5 ], "texture": "#armoreddoor" },
				"south": { "uv": [ 7.5625, 2.8125, 7.625, 10.5 ], "texture": "#armoreddoor" },
				"east": { "uv": [ 7.75, 2.8125, 7.6875, 10.5 ], "texture": "#armoreddoor" }
			}
		},
		{
			"__comment": "Voxels",
			"from": [ 8.25, 0.5, 15.75 ],
			"to": [ 8.5, 31.5, 16 ],
			"faces": {
				"down": { "uv": [ 8.3125, 5.125, 8.375, 5.1875 ], "texture": "#armoreddoor" },
				"up": { "uv": [ 8.3125, 5.125, 8.375, 5.0625 ], "texture": "#armoreddoor" },
				"north": { "uv": [ 7.5625, 2.75, 7.5, 10.5 ], "texture": "#armoreddoor" },
				"south": { "uv": [ 7.0625, 2.75, 7.125, 10.5 ], "texture": "#armoreddoor" },
				"east": { "uv": [ 7.25, 2.75, 7.1875, 10.5 ], "texture": "#armoreddoor" }
			}
		},
		{
			"__comment": "Voxels",
			"from": [ 8.5, 12.25, -0.25 ],
			"to": [ 8.75, 19.25, 0 ],
			"faces": {
				"down": { "uv": [ 7.3125, 0, 7.375, 0.0625 ], "texture": "#armoreddoor" },
				"up": { "uv": [ 7.375, 0.0625, 7.4375, 0 ], "texture": "#armoreddoor" },
				"north": { "uv": [ 7.5625, 1, 7.5, 2.75 ], "texture": "#armoreddoor" },
				"south": { "uv": [ 7.4375, 1, 7.5, 2.75 ], "texture": "#armoreddoor" },
				"east": { "uv": [ 0.4375, 0.1875, 0.375, 1.9375 ], "texture": "#armoreddoor" }
			}
		},
		{
			"__comment": "Voxels",
			"from": [ 8.5, 31.25, 0.25 ],
			"to": [ 8.75, 31.5, 15.75 ],
			"faces": {
				"down": { "uv": [ 3.1875, 1.625, 3.25, 5.5 ], "texture": "#armoreddoor" },
				"up": { "uv": [ 3.5, 5.5, 3.5625, 1.625 ], "texture": "#armoreddoor" },
				"north": { "uv": [ 16, 10, 15.9375, 10.0625 ], "texture": "#armoreddoor" },
				"south": { "uv": [ 15.9375, 9.9375, 16, 10 ], "texture": "#armoreddoor" },
				"east": { "uv": [ 15.6875, 9.6875, 11.8125, 9.75 ], "texture": "#armoreddoor" }
			}
		},
		{
			"__comment": "Voxels",
			"from": [ 8.75, 12.25, 0.25 ],
			"to": [ 9, 12.5, 0.5 ],
			"faces": {
				"down": { "uv": [ 15.9375, 8.8125, 16, 8.875 ], "texture": "#armoreddoor" },
				"north": { "uv": [ 10.125, 8.375, 10.0625, 8.4375 ], "texture": "#armoreddoor" },
				"east": { "uv": [ 12.125, 8.4375, 12.0625, 8.5 ], "texture": "#armoreddoor" }
			}
		},
		{
			"__comment": "Voxels",
			"from": [ 8.75, 12.5, -0.25 ],
			"to": [ 9, 19.25, 0 ],
			"faces": {
				"down": { "uv": [ 8.3125, 4.75, 8.375, 4.8125 ], "texture": "#armoreddoor" },
				"up": { "uv": [ 12.0625, 8.375, 12.125, 8.3125 ], "texture": "#armoreddoor" },
				"east": { "uv": [ 8.0625, 0.8125, 8, 2.5 ], "texture": "#armoreddoor" }
			}
		},
		{
			"__comment": "Voxels",
			"from": [ 9, 12.5, 0.25 ],
			"to": [ 9.25, 19, 0.5 ],
			"faces": {
				"down": { "uv": [ 8.1875, 4.5625, 8.25, 4.625 ], "texture": "#armoreddoor" },
				"up": { "uv": [ 8.1875, 0.625, 8.25, 0.5625 ], "texture": "#armoreddoor" },
				"north": { "uv": [ 8.25, 2.9375, 8.1875, 4.5625 ], "texture": "#armoreddoor" },
				"south": { "uv": [ 8.0625, 1.3125, 8.125, 2.9375 ], "texture": "#armoreddoor" },
				"east": { "uv": [ 8.25, 1.3125, 8.1875, 2.9375 ], "texture": "#armoreddoor" }
			}
		},
		{
			"__comment": "Voxels",
			"from": [ 9, 13.25, -0.25 ],
			"to": [ 9.25, 18.5, 0.25 ],
			"faces": {
				"down": { "uv": [ 8.3125, 6.625, 8.375, 6.75 ], "texture": "#armoreddoor" },
				"up": { "uv": [ 8.3125, 6.625, 8.375, 6.5 ], "texture": "#armoreddoor" },
				"north": { "uv": [ 8.3125, 0.75, 8.25, 2.0625 ], "texture": "#armoreddoor" },
				"west": { "uv": [ 7.8125, 1.4375, 7.9375, 2.75 ], "texture": "#armoreddoor" },
				"east": { "uv": [ 7.9375, 0.125, 7.8125, 1.4375 ], "texture": "#armoreddoor" }
			}
		},
		{
			"__comment": "Voxels",
			"from": [ 9, 13.25, 2 ],
			"to": [ 9.25, 15.5, 2.5 ],
			"faces": {
				"down": { "uv": [ 5.125, 2.3125, 5.1875, 2.4375 ], "texture": "#armoreddoor" },
				"up": { "uv": [ 12.5, 10.625, 12.5625, 10.5 ], "texture": "#armoreddoor" },
				"north": { "uv": [ 7.0625, 0.0625, 7, 0.625 ], "texture": "#armoreddoor" },
				"south": { "uv": [ 8.0625, 0, 8.125, 0.5625 ], "texture": "#armoreddoor" },
				"east": { "uv": [ 14.1875, 8.1875, 14.0625, 8.75 ], "texture": "#armoreddoor" }
			}
		},
		{
			"__comment": "Voxels",
			"from": [ 9.75, 15.75, 0.5 ],
			"to": [ 10, 16.5, 1 ],
			"faces": {
				"down": { "uv": [ 6.4375, 0, 6.5, 0.125 ], "texture": "#armoreddoor" },
				"up": { "uv": [ 15.9375, 10.5, 16, 10.375 ], "texture": "#armoreddoor" },
				"north": { "uv": [ 10, 9.3125, 9.9375, 9.5 ], "texture": "#armoreddoor" },
				"south": { "uv": [ 10, 9.3125, 10.0625, 9.5 ], "texture": "#armoreddoor" },
				"west": { "uv": [ 12.3125, 10.625, 12.4375, 10.8125 ], "texture": "#armoreddoor" },
				"east": { "uv": [ 12.5625, 10.625, 12.4375, 10.8125 ], "texture": "#armoreddoor" }
			}
		},
		{
			"__comment": "Voxels",
			"from": [ 9.75, 15.75, 1 ],
			"to": [ 10.25, 16, 1.25 ],
			"faces": {
				"down": { "uv": [ 15.3125, 8.875, 15.4375, 8.9375 ], "texture": "#armoreddoor" },
				"north": { "uv": [ 10.125, 8.1875, 10, 8.25 ], "texture": "#armoreddoor" },
				"west": { "uv": [ 15.9375, 9.875, 16, 9.9375 ], "texture": "#armoreddoor" },
				"east": { "uv": [ 16, 9.8125, 15.9375, 9.875 ], "texture": "#armoreddoor" }
			}
		},
		{
			"__comment": "Voxels",
			"from": [ 9.75, 15.75, 1.75 ],
			"to": [ 10.25, 16.5, 2 ],
			"faces": {
				"down": { "uv": [ 13.0625, 8.4375, 13.1875, 8.5 ], "texture": "#armoreddoor" },
				"up": { "uv": [ 13.0625, 8.4375, 13.1875, 8.375 ], "texture": "#armoreddoor" },
				"south": { "uv": [ 14.25, 10.625, 14.375, 10.8125 ], "texture": "#armoreddoor" },
				"west": { "uv": [ 15.3125, 9.125, 15.375, 9.3125 ], "texture": "#armoreddoor" },
				"east": { "uv": [ 15.4375, 9.125, 15.375, 9.3125 ], "texture": "#armoreddoor" }
			}
		},
		{
			"__comment": "Voxels",
			"from": [ 9.75, 15.75, 2 ],
			"to": [ 10, 16.5, 2.5 ],
			"faces": {
				"down": { "uv": [ 8, 0, 8.0625, 0.125 ], "texture": "#armoreddoor" },
				"up": { "uv": [ 15.625, 8.3125, 15.6875, 8.1875 ], "texture": "#armoreddoor" },
				"south": { "uv": [ 15.375, 8.9375, 15.4375, 9.125 ], "texture": "#armoreddoor" },
				"west": { "uv": [ 14.4375, 10.6875, 14.5625, 10.875 ], "texture": "#armoreddoor" },
				"east": { "uv": [ 14.6875, 10.6875, 14.5625, 10.875 ], "texture": "#armoreddoor" }
			}
		},
		{
			"__comment": "Voxels",
			"from": [ 9.75, 15.75, 2.5 ],
			"to": [ 10, 16.25, 2.75 ],
			"faces": {
				"down": { "uv": [ 13.1875, 8.4375, 13.25, 8.5 ], "texture": "#armoreddoor" },
				"up": { "uv": [ 13.1875, 8.4375, 13.25, 8.375 ], "texture": "#armoreddoor" },
				"south": { "uv": [ 15.625, 11.5, 15.6875, 11.625 ], "texture": "#armoreddoor" },
				"west": { "uv": [ 15.8125, 8.3125, 15.875, 8.4375 ], "texture": "#armoreddoor" },
				"east": { "uv": [ 15.9375, 8.3125, 15.875, 8.4375 ], "texture": "#armoreddoor" }
			}
		},
		{
			"__comment": "Voxels",
			"from": [ 9.75, 16, 0 ],
			"to": [ 10, 16.25, 0.5 ],
			"faces": {
				"down": { "uv": [ 15.9375, 8.3125, 16, 8.4375 ], "texture": "#armoreddoor" },
				"up": { "uv": [ 15.8125, 8.3125, 15.875, 8.1875 ], "texture": "#armoreddoor" },
				"north": { "uv": [ 8.375, 6.4375, 8.3125, 6.5 ], "texture": "#armoreddoor" },
				"west": { "uv": [ 15.875, 8.625, 16, 8.6875 ], "texture": "#armoreddoor" },
				"east": { "uv": [ 15.875, 8.5625, 15.75, 8.625 ], "texture": "#armoreddoor" }
			}
		},
		{
			"__comment": "Voxels",
			"from": [ 9.75, 16.25, 0.25 ],
			"to": [ 10, 16.5, 0.5 ],
			"faces": {
				"up": { "uv": [ 8.3125, 6.1875, 8.375, 6.125 ], "texture": "#armoreddoor" },
				"north": { "uv": [ 8.375, 6.0625, 8.3125, 6.125 ], "texture": "#armoreddoor" },
				"west": { "uv": [ 8.3125, 5.9375, 8.375, 6 ], "texture": "#armoreddoor" },
				"east": { "uv": [ 8.375, 5.875, 8.3125, 5.9375 ], "texture": "#armoreddoor" }
			}
		},
		{
			"__comment": "Voxels",
			"from": [ 9.75, 16.25, 1 ],
			"to": [ 10.25, 16.5, 1.25 ],
			"faces": {
				"up": { "uv": [ 15.75, 8.5625, 15.875, 8.5 ], "texture": "#armoreddoor" },
				"north": { "uv": [ 16, 8.5, 15.875, 8.5625 ], "texture": "#armoreddoor" },
				"west": { "uv": [ 8.3125, 5.5625, 8.375, 5.625 ], "texture": "#armoreddoor" },
				"east": { "uv": [ 8.375, 5.5, 8.3125, 5.5625 ], "texture": "#armoreddoor" }
			}
		},
		{
			"__comment": "Voxels",
			"from": [ 10, 16, 0.25 ],
			"to": [ 10.25, 16.25, 1 ],
			"faces": {
				"down": { "uv": [ 15.875, 9.0625, 15.9375, 9.25 ], "texture": "#armoreddoor" },
				"up": { "uv": [ 15.9375, 9.25, 16, 9.0625 ], "texture": "#armoreddoor" },
				"north": { "uv": [ 8.375, 5.3125, 8.3125, 5.375 ], "texture": "#armoreddoor" },
				"west": { "uv": [ 9.875, 8.375, 10.0625, 8.4375 ], "texture": "#armoreddoor" },
				"east": { "uv": [ 10.0625, 8.3125, 9.875, 8.375 ], "texture": "#armoreddoor" }
			}
		},
		{
			"__comment": "Voxels",
			"from": [ 10, 16, 2 ],
			"to": [ 10.25, 16.25, 2.75 ],
			"faces": {
				"down": { "uv": [ 7.9375, 0.1875, 8, 0.375 ], "texture": "#armoreddoor" },
				"up": { "uv": [ 7.9375, 0.1875, 8, 0 ], "texture": "#armoreddoor" },
				"south": { "uv": [ 8.3125, 4.875, 8.375, 4.9375 ], "texture": "#armoreddoor" },
				"west": { "uv": [ 9.875, 8.25, 10.0625, 8.3125 ], "texture": "#armoreddoor" },
				"east": { "uv": [ 6.6875, 0.125, 6.5, 0.1875 ], "texture": "#armoreddoor" }
			}
		}
	],
	"display": {
		"thirdperson_righthand": {
			"scale":  [ 0.2, 0.2, 0.2 ]
		},
		"firstperson_righthand": {
			"scale":  [ 0.2, 0.2, 0.2 ]
		},
		"gui": {
			"rotation":  [ 13, 38, 0 ],
			"translation":  [ 0, -4.173, 9.0434 ],
			"scale":  [ 0.5, 0.5, 0.5 ]
		},
		"head": {
			"rotation":  [ 0, -90, 0 ],
			"translation":  [ 0, -32.68, 0 ],
			"scale":  [ 1.7, 1.7, 1.7 ]
		},
		"ground": {
			"scale":  [ 0.2, 0.2, 0.2 ]
		}
	}
}