{
	"__comment": "Designed by DevastMc",
	"textures": {
		"large_box": "blocks/large_box"
	},
	"elements": [ 	 
		{
			"__comment": "Voxels",
			"from": [ -2, 4, 7.5 ],
			"to": [ 29, 5.5, 8.5 ],
			"faces": {
				"down": { "uv": [ 10.5625, 4.625, 14.3125, 4.75 ], "texture": "#large_box" },
				"up": { "uv": [ 10.5625, 5.125, 14.3125, 5 ], "texture": "#large_box" },
				"north": { "uv": [ 10.625, 6.125, 6.875, 6.3125 ], "texture": "#large_box" },
				"south": { "uv": [ 10.625, 6.125, 14.375, 6.3125 ], "texture": "#large_box" },
				"west": { "uv": [ 14.3125, 14.125, 14.4375, 14.3125 ], "texture": "#large_box" },
				"east": { "uv": [ 14.4375, 13.9375, 14.3125, 14.125 ], "texture": "#large_box" }
			}
		},
		{
			"__comment": "Voxels",
			"from": [ -2, 4, 8.5 ],
			"to": [ 28.5, 5.5, 9 ],
			"faces": {
				"down": { "uv": [ 6.875, 1.125, 10.5625, 1.1875 ], "texture": "#large_box" },
				"up": { "uv": [ 6.875, 1.125, 10.5625, 1.0625 ], "texture": "#large_box" },
				"south": { "uv": [ 6.875, 5, 10.5625, 5.1875 ], "texture": "#large_box" },
				"west": { "uv": [ 2.375, 9.5, 2.4375, 9.6875 ], "texture": "#large_box" },
				"east": { "uv": [ 15.9375, 14.4375, 15.875, 14.625 ], "texture": "#large_box" }
			}
		},
		{
			"__comment": "Voxels",
			"from": [ -2, 4.5, 6 ],
			"to": [ 29, 6.5, 6.5 ],
			"faces": {
				"down": { "uv": [ 10.5625, 4.1875, 14.3125, 4.25 ], "texture": "#large_box" },
				"up": { "uv": [ 10.5625, 4.1875, 14.3125, 4.125 ], "texture": "#large_box" },
				"north": { "uv": [ 10.625, 7.8125, 6.875, 8.0625 ], "texture": "#large_box" },
				"south": { "uv": [ 10.625, 7.8125, 14.375, 8.0625 ], "texture": "#large_box" },
				"west": { "uv": [ 15.875, 14.625, 15.9375, 14.875 ], "texture": "#large_box" },
				"east": { "uv": [ 15.875, 14.625, 15.8125, 14.875 ], "texture": "#large_box" }
			}
		},
		{
			"__comment": "Voxels",
			"from": [ -2, 4.5, 6.5 ],
			"to": [ 29, 6, 7.5 ],
			"faces": {
				"down": { "uv": [ 10.5625, 4.75, 14.3125, 4.875 ], "texture": "#large_box" },
				"up": { "uv": [ 10.5625, 5, 14.3125, 4.875 ], "texture": "#large_box" },
				"south": { "uv": [ 10.625, 5.9375, 14.375, 6.125 ], "texture": "#large_box" },
				"west": { "uv": [ 14.4375, 14.125, 14.5625, 14.3125 ], "texture": "#large_box" },
				"east": { "uv": [ 14.6875, 14.125, 14.5625, 14.3125 ], "texture": "#large_box" }
			}
		},
		{
			"__comment": "Voxels",
			"from": [ -2, 4.5, 9 ],
			"to": [ 29, 6, 10 ],
			"faces": {
				"down": { "uv": [ 10.5625, 5.125, 14.3125, 5.25 ], "texture": "#large_box" },
				"up": { "uv": [ 10.5625, 5.375, 14.3125, 5.25 ], "texture": "#large_box" },
				"north": { "uv": [ 14.375, 5.75, 10.625, 5.9375 ], "texture": "#large_box" },
				"south": { "uv": [ 10.625, 5.5625, 14.375, 5.75 ], "texture": "#large_box" },
				"west": { "uv": [ 14.4375, 13.9375, 14.5625, 14.125 ], "texture": "#large_box" },
				"east": { "uv": [ 14.6875, 13.9375, 14.5625, 14.125 ], "texture": "#large_box" }
			}
		},
		{
			"__comment": "Voxels",
			"from": [ -2, 4.5, 10 ],
			"to": [ -0.5, 6.5, 10.5 ],
			"faces": {
				"down": { "uv": [ 15.9375, 15.25, 16, 15.3125 ], "texture": "#large_box" },
				"up": { "uv": [ 15.875, 15.25, 15.9375, 15.1875 ], "texture": "#large_box" },
				"north": { "uv": [ 15.6875, 13.9375, 15.625, 14.1875 ], "texture": "#large_box" },
				"south": { "uv": [ 15.625, 14.1875, 15.6875, 14.4375 ], "texture": "#large_box" },
				"west": { "uv": [ 15.9375, 14.625, 16, 14.875 ], "texture": "#large_box" },
				"east": { "uv": [ 15.8125, 14.625, 15.75, 14.875 ], "texture": "#large_box" }
			}
		},
		{
			"__comment": "Voxels",
			"from": [ -2, 5, 5.5 ],
			"to": [ 29, 7, 6 ],
			"faces": {
				"down": { "uv": [ 10.5625, 4.0625, 14.3125, 4.125 ], "texture": "#large_box" },
				"up": { "uv": [ 10.5625, 4.0625, 14.3125, 4 ], "texture": "#large_box" },
				"north": { "uv": [ 14.375, 7.0625, 10.625, 7.3125 ], "texture": "#large_box" },
				"south": { "uv": [ 10.625, 8.0625, 14.375, 8.3125 ], "texture": "#large_box" },
				"west": { "uv": [ 2.875, 9.6875, 2.9375, 9.9375 ], "texture": "#large_box" },
				"east": { "uv": [ 2.875, 9.6875, 2.8125, 9.9375 ], "texture": "#large_box" }
			}
		},
		{
			"__comment": "Voxels",
			"from": [ -2, 5, 10.5 ],
			"to": [ 29, 7, 11 ],
			"faces": {
				"down": { "uv": [ 10.5625, 3.8125, 14.3125, 3.875 ], "texture": "#large_box" },
				"up": { "uv": [ 10.5625, 3.9375, 14.3125, 3.875 ], "texture": "#large_box" },
				"north": { "uv": [ 14.375, 7.5625, 10.625, 7.8125 ], "texture": "#large_box" },
				"south": { "uv": [ 6.875, 7.0625, 10.625, 7.3125 ], "texture": "#large_box" },
				"west": { "uv": [ 15.6875, 13.9375, 15.75, 14.1875 ], "texture": "#large_box" },
				"east": { "uv": [ 16, 13.9375, 15.9375, 14.1875 ], "texture": "#large_box" }
			}
		},
		{
			"__comment": "Voxels",
			"from": [ -2, 5.5, 5 ],
			"to": [ 29, 7.5, 5.5 ],
			"faces": {
				"down": { "uv": [ 10.5625, 4.5, 14.3125, 4.5625 ], "texture": "#large_box" },
				"up": { "uv": [ 10.5625, 4.5, 14.3125, 4.4375 ], "texture": "#large_box" },
				"north": { "uv": [ 10.625, 7.3125, 6.875, 7.5625 ], "texture": "#large_box" },
				"south": { "uv": [ 6.875, 7.5625, 10.625, 7.8125 ], "texture": "#large_box" },
				"west": { "uv": [ 15.875, 13.9375, 15.9375, 14.1875 ], "texture": "#large_box" },
				"east": { "uv": [ 15.875, 13.9375, 15.8125, 14.1875 ], "texture": "#large_box" }
			}
		},
		{
			"__comment": "Voxels",
			"from": [ -2, 5.5, 11 ],
			"to": [ 29, 7.5, 11.5 ],
			"faces": {
				"down": { "uv": [ 10.5625, 4.25, 14.3125, 4.3125 ], "texture": "#large_box" },
				"up": { "uv": [ 10.5625, 4, 14.3125, 3.9375 ], "texture": "#large_box" },
				"north": { "uv": [ 10.625, 8.0625, 6.875, 8.3125 ], "texture": "#large_box" },
				"south": { "uv": [ 10.625, 7.3125, 14.375, 7.5625 ], "texture": "#large_box" },
				"west": { "uv": [ 15.9375, 14.1875, 16, 14.4375 ], "texture": "#large_box" },
				"east": { "uv": [ 15.9375, 14.1875, 15.875, 14.4375 ], "texture": "#large_box" }
			}
		},
		{
			"__comment": "Voxels",
			"from": [ -2, 6, 4.5 ],
			"to": [ 29, 7.5, 5 ],
			"faces": {
				"down": { "uv": [ 10.5625, 4.5625, 14.3125, 4.625 ], "texture": "#large_box" },
				"up": { "uv": [ 10.5625, 4.4375, 14.3125, 4.375 ], "texture": "#large_box" },
				"north": { "uv": [ 10.625, 5.375, 6.875, 5.5625 ], "texture": "#large_box" },
				"west": { "uv": [ 2.125, 9.5, 2.1875, 9.6875 ], "texture": "#large_box" },
				"east": { "uv": [ 2.25, 9.5, 2.1875, 9.6875 ], "texture": "#large_box" }
			}
		},
		{
			"__comment": "Voxels",
			"from": [ -2, 6, 11.5 ],
			"to": [ 29, 7.5, 12 ],
			"faces": {
				"down": { "uv": [ 10.5625, 3.75, 14.3125, 3.8125 ], "texture": "#large_box" },
				"up": { "uv": [ 10.5625, 4.375, 14.3125, 4.3125 ], "texture": "#large_box" },
				"south": { "uv": [ 10.625, 5.375, 14.375, 5.5625 ], "texture": "#large_box" },
				"west": { "uv": [ 2.25, 9.5, 2.3125, 9.6875 ], "texture": "#large_box" },
				"east": { "uv": [ 2.375, 9.5, 2.3125, 9.6875 ], "texture": "#large_box" }
			}
		},
		{
			"__comment": "Voxels",
			"from": [ -1.5, 2, 0 ],
			"to": [ 28.5, 4.5, 7.5 ],
			"faces": {
				"down": { "uv": [ 3.375, 11.875, 7, 12.8125 ], "texture": "#large_box" },
				"up": { "uv": [ 10.625, 13.9375, 14.25, 13 ], "texture": "#large_box" },
				"north": { "uv": [ 10.5, 8.625, 6.875, 8.9375 ], "texture": "#large_box" },
				"south": { "uv": [ 10.5, 8.9375, 14.125, 9.25 ], "texture": "#large_box" },
				"west": { "uv": [ 14.25, 15.6875, 15.1875, 16 ], "texture": "#large_box" },
				"east": { "uv": [ 15.1875, 15.375, 14.25, 15.6875 ], "texture": "#large_box" }
			}
		},
		{
			"__comment": "Voxels",
			"from": [ -1.5, 2, 7.5 ],
			"to": [ 28.5, 4, 16.5 ],
			"faces": {
				"down": { "uv": [ 7, 12.8125, 10.625, 13.9375 ], "texture": "#large_box" },
				"up": { "uv": [ 3.375, 13.9375, 7, 12.8125 ], "texture": "#large_box" },
				"south": { "uv": [ 10.5, 6.8125, 14.125, 7.0625 ], "texture": "#large_box" },
				"west": { "uv": [ 14.25, 14.875, 15.375, 15.125 ], "texture": "#large_box" },
				"east": { "uv": [ 15.375, 15.125, 14.25, 15.375 ], "texture": "#large_box" }
			}
		},
		{
			"__comment": "Voxels",
			"from": [ -1.5, 4, 9 ],
			"to": [ 28.5, 4.5, 16 ],
			"faces": {
				"up": { "uv": [ 10.625, 12.8125, 14.25, 11.9375 ], "texture": "#large_box" },
				"south": { "uv": [ 6.875, 0.5625, 10.5, 0.625 ], "texture": "#large_box" },
				"west": { "uv": [ 2.0625, 10, 2.9375, 10.0625 ], "texture": "#large_box" },
				"east": { "uv": [ 2.9375, 9.9375, 2.0625, 10 ], "texture": "#large_box" }
			}
		},
		{
			"__comment": "Voxels",
			"from": [ -1.5, 5, 10 ],
			"to": [ 29, 6.5, 10.5 ],
			"faces": {
				"down": { "uv": [ 6.875, 1.1875, 10.5625, 1.25 ], "texture": "#large_box" },
				"up": { "uv": [ 6.875, 1.3125, 10.5625, 1.25 ], "texture": "#large_box" },
				"north": { "uv": [ 10.5625, 4.625, 6.875, 4.8125 ], "texture": "#large_box" },
				"east": { "uv": [ 16, 14.4375, 15.9375, 14.625 ], "texture": "#large_box" }
			}
		},
		{
			"__comment": "Voxels",
			"from": [ -1.5, 6.5, 4 ],
			"to": [ 28.5, 7.5, 4.5 ],
			"faces": {
				"down": { "uv": [ 6.875, 0.875, 10.5, 0.9375 ], "texture": "#large_box" },
				"up": { "uv": [ 6.875, 0.875, 10.5, 0.8125 ], "texture": "#large_box" },
				"north": { "uv": [ 10.5, 2.4375, 6.875, 2.5625 ], "texture": "#large_box" },
				"west": { "uv": [ 15.75, 15.6875, 15.8125, 15.8125 ], "texture": "#large_box" },
				"east": { "uv": [ 15.6875, 15.6875, 15.625, 15.8125 ], "texture": "#large_box" }
			}
		},
		{
			"__comment": "Voxels",
			"from": [ -1.5, 7, 10.5 ],
			"to": [ 28.5, 7.5, 11 ],
			"faces": {
				"up": { "uv": [ 6.875, 0.4375, 10.5, 0.375 ], "texture": "#large_box" },
				"north": { "uv": [ 10.5, 0.4375, 6.875, 0.5 ], "texture": "#large_box" },
				"west": { "uv": [ 15.25, 13.9375, 15.3125, 14 ], "texture": "#large_box" },
				"east": { "uv": [ 15.3125, 14, 15.25, 14.0625 ], "texture": "#large_box" }
			}
		},
		{
			"__comment": "Voxels",
			"from": [ -1.5, 7, 12 ],
			"to": [ 28.5, 7.5, 12.5 ],
			"faces": {
				"down": { "uv": [ 7, 11.875, 10.625, 11.9375 ], "texture": "#large_box" },
				"up": { "uv": [ 6.875, 0.25, 10.5, 0.1875 ], "texture": "#large_box" },
				"south": { "uv": [ 10.5625, 3.6875, 14.1875, 3.75 ], "texture": "#large_box" },
				"west": { "uv": [ 15.9375, 15.3125, 16, 15.375 ], "texture": "#large_box" },
				"east": { "uv": [ 15.9375, 15.3125, 15.875, 15.375 ], "texture": "#large_box" }
			}
		},
		{
			"__comment": "Voxels",
			"from": [ -1.5, 7.5, 4.5 ],
			"to": [ 28.5, 8, 5 ],
			"faces": {
				"up": { "uv": [ 6.875, 1.0625, 10.5, 1 ], "texture": "#large_box" },
				"north": { "uv": [ 10.5, 0.9375, 6.875, 1 ], "texture": "#large_box" },
				"south": { "uv": [ 6.875, 0.5, 10.5, 0.5625 ], "texture": "#large_box" },
				"west": { "uv": [ 3.125, 10, 3.1875, 10.0625 ], "texture": "#large_box" },
				"east": { "uv": [ 3.125, 10, 3.0625, 10.0625 ], "texture": "#large_box" }
			}
		},
		{
			"__comment": "Voxels",
			"from": [ -1.5, 7.5, 11 ],
			"to": [ 28.5, 8, 12 ],
			"faces": {
				"down": { "uv": [ 6.875, 2.0625, 10.5, 2.1875 ], "texture": "#large_box" },
				"up": { "uv": [ 6.875, 2.3125, 10.5, 2.1875 ], "texture": "#large_box" },
				"north": { "uv": [ 10.5, 0, 6.875, 0.0625 ], "texture": "#large_box" },
				"south": { "uv": [ 10.625, 11.875, 14.25, 11.9375 ], "texture": "#large_box" },
				"west": { "uv": [ 15.8125, 15.4375, 15.9375, 15.5 ], "texture": "#large_box" },
				"east": { "uv": [ 15.9375, 15.375, 15.8125, 15.4375 ], "texture": "#large_box" }
			}
		},
		{
			"__comment": "Voxels",
			"from": [ -1.5, 9.5, 0 ],
			"to": [ 28.5, 14, 16.5 ],
			"faces": {
				"down": { "uv": [ 0, 13.9375, 3.625, 16 ], "texture": "#large_box" },
				"up": { "uv": [ 3.625, 16, 7.25, 13.9375 ], "texture": "#large_box" },
				"north": { "uv": [ 10.625, 9.8125, 7, 10.375 ], "texture": "#large_box" },
				"south": { "uv": [ 3.375, 9.8125, 7, 10.375 ], "texture": "#large_box" },
				"west": { "uv": [ 0, 8.9375, 2.0625, 9.5 ], "texture": "#large_box" },
				"east": { "uv": [ 2.0625, 9.5, 0, 10.0625 ], "texture": "#large_box" }
			}
		},
		{
			"__comment": "Voxels",
			"from": [ -1.5, 11.5, -0.5 ],
			"to": [ 28.5, 14, 0 ],
			"faces": {
				"down": { "uv": [ 6.875, 0.625, 10.5, 0.6875 ], "texture": "#large_box" },
				"up": { "uv": [ 6.875, 0.125, 10.5, 0.0625 ], "texture": "#large_box" },
				"north": { "uv": [ 10.5, 8.9375, 6.875, 9.25 ], "texture": "#large_box" },
				"west": { "uv": [ 15.0625, 14, 15.125, 14.3125 ], "texture": "#large_box" },
				"east": { "uv": [ 15.5, 14.0625, 15.4375, 14.375 ], "texture": "#large_box" }
			}
		},
		{
			"__comment": "Voxels",
			"from": [ -1, 1.5, 0 ],
			"to": [ 28, 2, 16.5 ],
			"faces": {
				"down": { "uv": [ 10.75, 13.9375, 14.25, 16 ], "texture": "#large_box" },
				"up": { "uv": [ 7.25, 16, 10.75, 13.9375 ], "texture": "#large_box" },
				"north": { "uv": [ 14.0625, 0.625, 10.5625, 0.6875 ], "texture": "#large_box" },
				"south": { "uv": [ 10.5625, 0.6875, 14.0625, 0.75 ], "texture": "#large_box" },
				"west": { "uv": [ 0, 8.6875, 2.0625, 8.75 ], "texture": "#large_box" },
				"east": { "uv": [ 2.0625, 8.75, 0, 8.8125 ], "texture": "#large_box" }
			}
		},
		{
			"__comment": "Voxels",
			"from": [ -1, 2, -0.5 ],
			"to": [ 28, 4.5, 0 ],
			"faces": {
				"down": { "uv": [ 10.5625, 0.75, 14.0625, 0.8125 ], "texture": "#large_box" },
				"up": { "uv": [ 10.5625, 0.9375, 14.0625, 0.875 ], "texture": "#large_box" },
				"north": { "uv": [ 6.875, 0.3125, 3.375, 0.625 ], "texture": "#large_box" },
				"west": { "uv": [ 14.9375, 14, 15, 14.3125 ], "texture": "#large_box" },
				"east": { "uv": [ 15.0625, 14, 15, 14.3125 ], "texture": "#large_box" }
			}
		},
		{
			"__comment": "Voxels",
			"from": [ -1, 4, 16 ],
			"to": [ 28, 4.5, 16.5 ],
			"faces": {
				"up": { "uv": [ 10.5625, 1.0625, 14.0625, 1 ], "texture": "#large_box" },
				"south": { "uv": [ 10.5625, 1.1875, 14.0625, 1.25 ], "texture": "#large_box" },
				"west": { "uv": [ 15.9375, 15.1875, 16, 15.25 ], "texture": "#large_box" },
				"east": { "uv": [ 15.9375, 15.125, 15.875, 15.1875 ], "texture": "#large_box" }
			}
		},
		{
			"__comment": "Voxels",
			"from": [ -1, 4.5, 0 ],
			"to": [ 28, 5, 6 ],
			"faces": {
				"up": { "uv": [ 6.875, 11.875, 10.375, 11.125 ], "texture": "#large_box" },
				"north": { "uv": [ 14.0625, 1.25, 10.5625, 1.3125 ], "texture": "#large_box" },
				"west": { "uv": [ 2.0625, 9.8125, 2.8125, 9.875 ], "texture": "#large_box" },
				"east": { "uv": [ 2.8125, 9.875, 2.0625, 9.9375 ], "texture": "#large_box" }
			}
		},
		{
			"__comment": "Voxels",
			"from": [ -1, 4.5, 10 ],
			"to": [ 28, 5, 16 ],
			"faces": {
				"up": { "uv": [ 3.375, 11.125, 6.875, 10.375 ], "texture": "#large_box" },
				"south": { "uv": [ 10.5625, 1.8125, 14.0625, 1.875 ], "texture": "#large_box" },
				"west": { "uv": [ 2.0625, 9.6875, 2.8125, 9.75 ], "texture": "#large_box" },
				"east": { "uv": [ 2.8125, 9.75, 2.0625, 9.8125 ], "texture": "#large_box" }
			}
		},
		{
			"__comment": "Voxels",
			"from": [ -1, 5, 0.5 ],
			"to": [ 28, 9.5, 4 ],
			"faces": {
				"north": { "uv": [ 6.875, 9.25, 3.375, 9.8125 ], "texture": "#large_box" },
				"south": { "uv": [ 10.375, 9.25, 13.875, 9.8125 ], "texture": "#large_box" },
				"west": { "uv": [ 14.25, 14.3125, 14.6875, 14.875 ], "texture": "#large_box" },
				"east": { "uv": [ 15.125, 14.3125, 14.6875, 14.875 ], "texture": "#large_box" }
			}
		},
		{
			"__comment": "Voxels",
			"from": [ -1, 5, 4 ],
			"to": [ 28, 6.5, 4.5 ],
			"faces": {
				"south": { "uv": [ 6.875, 2.5625, 10.375, 2.75 ], "texture": "#large_box" },
				"west": { "uv": [ 15.8125, 14.4375, 15.875, 14.625 ], "texture": "#large_box" },
				"east": { "uv": [ 15.8125, 14.4375, 15.75, 14.625 ], "texture": "#large_box" }
			}
		},
		{
			"__comment": "Voxels",
			"from": [ -1, 5, 4.5 ],
			"to": [ 28, 6, 5 ],
			"faces": {
				"south": { "uv": [ 6.875, 1.9375, 10.375, 2.0625 ], "texture": "#large_box" },
				"west": { "uv": [ 15.6875, 15.375, 15.75, 15.5 ], "texture": "#large_box" },
				"east": { "uv": [ 15.75, 15.6875, 15.6875, 15.8125 ], "texture": "#large_box" }
			}
		},
		{
			"__comment": "Voxels",
			"from": [ -1, 5, 5 ],
			"to": [ 28, 5.5, 5.5 ],
			"faces": {
				"west": { "uv": [ 15.9375, 14.875, 16, 14.9375 ], "texture": "#large_box" },
				"east": { "uv": [ 16, 14.9375, 15.9375, 15 ], "texture": "#large_box" }
			}
		},
		{
			"__comment": "Voxels",
			"from": [ -1, 5, 11 ],
			"to": [ 28, 5.5, 16 ],
			"faces": {
				"up": { "uv": [ 10.375, 11.125, 13.875, 10.5 ], "texture": "#large_box" },
				"south": { "uv": [ 10.5625, 1.375, 14.0625, 1.4375 ], "texture": "#large_box" },
				"west": { "uv": [ 15.375, 15.0625, 16, 15.125 ], "texture": "#large_box" },
				"east": { "uv": [ 16, 15, 15.375, 15.0625 ], "texture": "#large_box" }
			}
		},
		{
			"__comment": "Voxels",
			"from": [ -1, 5.5, 7.5 ],
			"to": [ 28, 9.5, 9 ],
			"faces": {
				"down": { "uv": [ 10.625, 12.8125, 14.125, 13 ], "texture": "#large_box" },
				"north": { "uv": [ 6.875, 8.75, 3.375, 9.25 ], "texture": "#large_box" },
				"south": { "uv": [ 3.375, 8.25, 6.875, 8.75 ], "texture": "#large_box" },
				"west": { "uv": [ 15.125, 14.375, 15.3125, 14.875 ], "texture": "#large_box" },
				"east": { "uv": [ 15.5, 14.375, 15.3125, 14.875 ], "texture": "#large_box" }
			}
		},
		{
			"__comment": "Voxels",
			"from": [ -1, 5.5, 11.5 ],
			"to": [ 28, 6, 16 ],
			"faces": {
				"up": { "uv": [ 6.875, 9.8125, 10.375, 9.25 ], "texture": "#large_box" },
				"south": { "uv": [ 10.5625, 1.0625, 14.0625, 1.125 ], "texture": "#large_box" },
				"west": { "uv": [ 15.375, 14.9375, 15.9375, 15 ], "texture": "#large_box" },
				"east": { "uv": [ 15.9375, 14.875, 15.375, 14.9375 ], "texture": "#large_box" }
			}
		},
		{
			"__comment": "Voxels",
			"from": [ -1, 6, 6.5 ],
			"to": [ 28, 9.5, 7.5 ],
			"faces": {
				"north": { "uv": [ 6.875, 5.375, 3.375, 5.8125 ], "texture": "#large_box" },
				"west": { "uv": [ 15.3125, 13.9375, 15.4375, 14.375 ], "texture": "#large_box" },
				"east": { "uv": [ 15.625, 14.4375, 15.5, 14.875 ], "texture": "#large_box" }
			}
		},
		{
			"__comment": "Voxels",
			"from": [ -1, 6, 9 ],
			"to": [ 28, 9.5, 10 ],
			"faces": {
				"south": { "uv": [ 3.375, 3.625, 6.875, 4.0625 ], "texture": "#large_box" },
				"west": { "uv": [ 15.625, 14.4375, 15.75, 14.875 ], "texture": "#large_box" },
				"east": { "uv": [ 15.25, 13.9375, 15.125, 14.375 ], "texture": "#large_box" }
			}
		},
		{
			"__comment": "Voxels",
			"from": [ -1, 6, 12 ],
			"to": [ 28, 7, 16 ],
			"faces": {
				"up": { "uv": [ 3.375, 8.25, 6.875, 7.75 ], "texture": "#large_box" },
				"south": { "uv": [ 6.875, 1.3125, 10.375, 1.4375 ], "texture": "#large_box" },
				"west": { "uv": [ 15.375, 15.25, 15.875, 15.375 ], "texture": "#large_box" },
				"east": { "uv": [ 15.875, 15.125, 15.375, 15.25 ], "texture": "#large_box" }
			}
		},
		{
			"__comment": "Voxels",
			"from": [ -1, 6.5, 6 ],
			"to": [ 28, 9.5, 6.5 ],
			"faces": {
				"north": { "uv": [ 6.875, 1.25, 3.375, 1.625 ], "texture": "#large_box" },
				"west": { "uv": [ 14.6875, 13.9375, 14.75, 14.3125 ], "texture": "#large_box" },
				"east": { "uv": [ 14.8125, 13.9375, 14.75, 14.3125 ], "texture": "#large_box" }
			}
		},
		{
			"__comment": "Voxels",
			"from": [ -1, 6.5, 10 ],
			"to": [ 28, 9.5, 10.5 ],
			"faces": {
				"south": { "uv": [ 3.375, 2.375, 6.875, 2.75 ], "texture": "#large_box" },
				"west": { "uv": [ 14.8125, 13.9375, 14.875, 14.3125 ], "texture": "#large_box" },
				"east": { "uv": [ 14.3125, 13.9375, 14.25, 14.3125 ], "texture": "#large_box" }
			}
		},
		{
			"__comment": "Voxels",
			"from": [ -1, 7, 5.5 ],
			"to": [ 28, 9.5, 6 ],
			"faces": {
				"north": { "uv": [ 10.375, 8.3125, 6.875, 8.625 ], "texture": "#large_box" },
				"west": { "uv": [ 15.25, 14.0625, 15.3125, 14.375 ], "texture": "#large_box" },
				"east": { "uv": [ 14.9375, 14, 14.875, 14.3125 ], "texture": "#large_box" }
			}
		},
		{
			"__comment": "Voxels",
			"from": [ -1, 7, 12.5 ],
			"to": [ 28, 9.5, 16 ],
			"faces": {
				"north": { "uv": [ 6.875, 0.9375, 3.375, 1.25 ], "texture": "#large_box" },
				"south": { "uv": [ 3.375, 0, 6.875, 0.3125 ], "texture": "#large_box" },
				"west": { "uv": [ 15.1875, 15.375, 15.625, 15.6875 ], "texture": "#large_box" },
				"east": { "uv": [ 15.625, 15.6875, 15.1875, 16 ], "texture": "#large_box" }
			}
		},
		{
			"__comment": "Voxels",
			"from": [ -1, 7.5, 4 ],
			"to": [ 28.5, 8, 4.5 ],
			"faces": {
				"up": { "uv": [ 10.5625, 3.5, 14.125, 3.4375 ], "texture": "#large_box" },
				"north": { "uv": [ 14.125, 3.625, 10.5625, 3.6875 ], "texture": "#large_box" },
				"west": { "uv": [ 14.875, 13.9375, 14.9375, 14 ], "texture": "#large_box" },
				"east": { "uv": [ 15, 13.9375, 14.9375, 14 ], "texture": "#large_box" }
			}
		},
		{
			"__comment": "Voxels",
			"from": [ -1, 7.5, 5 ],
			"to": [ 28.5, 8, 5.5 ],
			"faces": {
				"up": { "uv": [ 10.5625, 3.25, 14.125, 3.1875 ], "texture": "#large_box" },
				"south": { "uv": [ 10.5625, 3, 14.125, 3.0625 ], "texture": "#large_box" },
				"west": { "uv": [ 15.75, 15.4375, 15.8125, 15.5 ], "texture": "#large_box" },
				"east": { "uv": [ 15.8125, 15.375, 15.75, 15.4375 ], "texture": "#large_box" }
			}
		},
		{
			"__comment": "Voxels",
			"from": [ -1, 7.5, 10.5 ],
			"to": [ 28, 9.5, 11 ],
			"faces": {
				"south": { "uv": [ 10.375, 6.5625, 13.875, 6.8125 ], "texture": "#large_box" },
				"west": { "uv": [ 15.75, 14.1875, 15.8125, 14.4375 ], "texture": "#large_box" },
				"east": { "uv": [ 15.875, 14.1875, 15.8125, 14.4375 ], "texture": "#large_box" }
			}
		},
		{
			"__comment": "Voxels",
			"from": [ -1, 7.5, 12 ],
			"to": [ 28.5, 8, 12.5 ],
			"faces": {
				"up": { "uv": [ 10.5625, 3, 14.125, 2.9375 ], "texture": "#large_box" },
				"south": { "uv": [ 10.5625, 3.25, 14.125, 3.3125 ], "texture": "#large_box" },
				"west": { "uv": [ 15.9375, 15.4375, 16, 15.5 ], "texture": "#large_box" },
				"east": { "uv": [ 16, 15.375, 15.9375, 15.4375 ], "texture": "#large_box" }
			}
		},
		{
			"__comment": "Voxels",
			"from": [ -1, 8, 4 ],
			"to": [ 28, 9.5, 5.5 ],
			"faces": {
				"down": { "uv": [ 6.875, 2.9375, 10.375, 3.125 ], "texture": "#large_box" },
				"west": { "uv": [ 15.625, 15.5, 15.8125, 15.6875 ], "texture": "#large_box" },
				"east": { "uv": [ 16, 15.5, 15.8125, 15.6875 ], "texture": "#large_box" }
			}
		},
		{
			"__comment": "Voxels",
			"from": [ -1, 8, 11 ],
			"to": [ 28, 9.5, 12.5 ],
			"faces": {
				"down": { "uv": [ 6.875, 3.6875, 10.375, 3.875 ], "texture": "#large_box" },
				"west": { "uv": [ 15.8125, 15.8125, 16, 16 ], "texture": "#large_box" },
				"east": { "uv": [ 15.8125, 15.8125, 15.625, 16 ], "texture": "#large_box" }
			}
		},
		{
			"__comment": "Voxels",
			"from": [ -1, 9, 0 ],
			"to": [ 28, 9.5, 0.5 ],
			"faces": {
				"down": { "uv": [ 10.5625, 2.3125, 14.0625, 2.375 ], "texture": "#large_box" },
				"north": { "uv": [ 14.0625, 2.4375, 10.5625, 2.5 ], "texture": "#large_box" },
				"west": { "uv": [ 15.875, 15.25, 15.9375, 15.3125 ], "texture": "#large_box" },
				"east": { "uv": [ 16, 15.125, 15.9375, 15.1875 ], "texture": "#large_box" }
			}
		},
		{
			"__comment": "Voxels",
			"from": [ -1, 9, 16 ],
			"to": [ 28, 9.5, 16.5 ],
			"faces": {
				"down": { "uv": [ 10.5625, 2.75, 14.0625, 2.8125 ], "texture": "#large_box" },
				"south": { "uv": [ 10.5625, 0.3125, 14.0625, 0.375 ], "texture": "#large_box" },
				"west": { "uv": [ 3, 10, 3.0625, 10.0625 ], "texture": "#large_box" },
				"east": { "uv": [ 3, 10, 2.9375, 10.0625 ], "texture": "#large_box" }
			}
		},
		{
			"__comment": "Voxels",
			"from": [ -1, 9.5, -0.5 ],
			"to": [ 28, 11.5, 0 ],
			"faces": {
				"down": { "uv": [ 10.5625, 0.4375, 14.0625, 0.5 ], "texture": "#large_box" },
				"north": { "uv": [ 10.375, 6.3125, 6.875, 6.5625 ], "texture": "#large_box" },
				"west": { "uv": [ 15.6875, 14.1875, 15.75, 14.4375 ], "texture": "#large_box" },
				"east": { "uv": [ 15.8125, 13.9375, 15.75, 14.1875 ], "texture": "#large_box" }
			}
		},
		{
			"__comment": "Voxels",
			"from": [ -0.5, 1, 0.5 ],
			"to": [ 27.5, 1.5, 16 ],
			"faces": {
				"down": { "uv": [ 0, 12, 3.375, 13.9375 ], "texture": "#large_box" },
				"north": { "uv": [ 3.375, 8.8125, 0, 8.875 ], "texture": "#large_box" },
				"south": { "uv": [ 0, 8.875, 3.375, 8.9375 ], "texture": "#large_box" },
				"west": { "uv": [ 0, 8.5625, 1.9375, 8.625 ], "texture": "#large_box" },
				"east": { "uv": [ 1.9375, 8.625, 0, 8.6875 ], "texture": "#large_box" }
			}
		},
		{
			"__comment": "Voxels",
			"from": [ -0.5, 5, 0 ],
			"to": [ 28, 9, 0.5 ],
			"faces": {
				"north": { "uv": [ 6.8125, 6.75, 3.375, 7.25 ], "texture": "#large_box" },
				"west": { "uv": [ 15.5, 13.9375, 15.5625, 14.4375 ], "texture": "#large_box" },
				"east": { "uv": [ 15.625, 13.9375, 15.5625, 14.4375 ], "texture": "#large_box" }
			}
		},
		{
			"__comment": "Voxels",
			"from": [ 27, 9, 0.5 ],
			"to": [ 28.5, 9.5, 16 ],
			"faces": {
				"down": { "uv": [ 0, 6.5625, 0.0625, 8.5 ], "texture": "#large_box" },
				"north": { "uv": [ 15.0625, 13.9375, 15, 14 ], "texture": "#large_box" },
				"south": { "uv": [ 15.0625, 13.9375, 15.125, 14 ], "texture": "#large_box" },
				"west": { "uv": [ 0.125, 8.4375, 2.0625, 8.5 ], "texture": "#large_box" },
				"east": { "uv": [ 1.9375, 8.5, 0, 8.5625 ], "texture": "#large_box" }
			}
		},
		{
			"__comment": "Voxels",
			"from": [ 27.5, 4.5, 8.5 ],
			"to": [ 29, 5.5, 9 ],
			"faces": {
				"down": { "uv": [ 15.4375, 14, 15.5, 14.0625 ], "texture": "#large_box" },
				"up": { "uv": [ 15.4375, 14, 15.5, 13.9375 ], "texture": "#large_box" },
				"east": { "uv": [ 15.6875, 15.375, 15.625, 15.5 ], "texture": "#large_box" }
			}
		},
		{
			"__comment": "Voxels",
			"from": [ 27.5, 4.5, 10 ],
			"to": [ 29, 5, 10.5 ],
			"faces": {
				"down": { "uv": [ 3.1875, 10, 3.25, 10.0625 ], "texture": "#large_box" },
				"south": { "uv": [ 2.9375, 9.9375, 3, 10 ], "texture": "#large_box" },
				"west": { "uv": [ 3, 9.9375, 3.0625, 10 ], "texture": "#large_box" },
				"east": { "uv": [ 3.125, 9.9375, 3.0625, 10 ], "texture": "#large_box" }
			}
		},
		{
			"__comment": "Voxels",
			"from": [ 28, 5.5, 5.5 ],
			"to": [ 29.5, 6, 6 ],
			"faces": {
				"down": { "uv": [ 3.125, 9.9375, 3.1875, 10 ], "texture": "#large_box" },
				"up": { "uv": [ 3.1875, 10, 3.25, 9.9375 ], "texture": "#large_box" },
				"north": { "uv": [ 3.3125, 9.9375, 3.25, 10 ], "texture": "#large_box" },
				"south": { "uv": [ 3.3125, 9.9375, 3.375, 10 ], "texture": "#large_box" },
				"east": { "uv": [ 2.5, 9.5625, 2.4375, 9.625 ], "texture": "#large_box" }
			}
		},
		{
			"__comment": "Voxels",
			"from": [ 28, 5.5, 10.5 ],
			"to": [ 29.5, 6, 11 ],
			"faces": {
				"down": { "uv": [ 2.4375, 9.5, 2.5, 9.5625 ], "texture": "#large_box" },
				"up": { "uv": [ 2.5, 9.6875, 2.5625, 9.625 ], "texture": "#large_box" },
				"north": { "uv": [ 2.5625, 9.5625, 2.5, 9.625 ], "texture": "#large_box" },
				"south": { "uv": [ 2.5, 9.5, 2.5625, 9.5625 ], "texture": "#large_box" },
				"east": { "uv": [ 2.625, 9.5625, 2.5625, 9.625 ], "texture": "#large_box" }
			}
		}
	],
	"display": {
		"thirdperson_righthand": {
			"scale":  [ 0.2, 0.2, 0.2 ]
		},
		"firstperson_righthand": {
			"scale":  [ 0.5, 0.5, 0.5 ]
		},
		"gui": {
			"rotation":  [ 13, 38, 0 ],
			"translation":  [ -2.782, 0, 7.6521 ],
			"scale":  [ 0.5, 0.5, 0.5 ]
		},
		"head": {
			"rotation":  [ 0, 90, 0 ],
			"translation":  [ 0.0009, -8.346, 15.303 ],
			"scale":  [ 2.6, 2.5, 2.5 ]
		},
		"ground": {
			"translation":  [ 0, 3.4782, 0 ],
			"scale":  [ 0.2, 0.2, 0.2 ]
		}
	}
}