{
	"__comment": "Designed by DevastMc",
	"textures": {
		"door_frame": "blocks/metal_door_frame"
	},
	"elements": [ 	 
		{
			"__comment": "Voxels",
			"from": [ 6, 20, -13.5 ],
			"to": [ 10, 22.5, -12 ],
			"faces": {
				"down": { "uv": [ 13.25, 15.0625, 13.75, 15.25 ], "texture": "#door_frame" },
				"up": { "uv": [ 6.125, 8.1875, 6.625, 8 ], "texture": "#door_frame" },
				"north": { "uv": [ 7.8125, 9.0625, 7.3125, 9.375 ], "texture": "#door_frame" },
				"south": { "uv": [ 7.3125, 9.375, 7.8125, 9.6875 ], "texture": "#door_frame" },
				"west": { "uv": [ 10.0625, 13.375, 10.25, 13.6875 ], "texture": "#door_frame" },
				"east": { "uv": [ 9.9375, 9.125, 9.75, 9.4375 ], "texture": "#door_frame" }
			}
		},
		{
			"__comment": "Voxels",
			"from": [ 6, 20, 28 ],
			"to": [ 10, 22.5, 29.5 ],
			"faces": {
				"down": { "uv": [ 6.875, 8, 7.375, 8.1875 ], "texture": "#door_frame" },
				"up": { "uv": [ 12.75, 15.25, 13.25, 15.0625 ], "texture": "#door_frame" },
				"north": { "uv": [ 7.375, 8.5, 6.875, 8.8125 ], "texture": "#door_frame" },
				"south": { "uv": [ 6.875, 8.1875, 7.375, 8.5 ], "texture": "#door_frame" },
				"west": { "uv": [ 9.75, 8.5, 9.9375, 8.8125 ], "texture": "#door_frame" },
				"east": { "uv": [ 9.9375, 8.1875, 9.75, 8.5 ], "texture": "#door_frame" }
			}
		},
		{
			"__comment": "Voxels",
			"from": [ 6, 20.5, -12 ],
			"to": [ 10, 22.5, 28 ],
			"faces": {
				"down": { "uv": [ 0, 9, 0.5, 14 ], "texture": "#door_frame" },
				"up": { "uv": [ 0.5, 14, 1, 9 ], "texture": "#door_frame" },
				"west": { "uv": [ 6.125, 15.75, 11.125, 16 ], "texture": "#door_frame" },
				"east": { "uv": [ 11.125, 15.5, 6.125, 15.75 ], "texture": "#door_frame" }
			}
		},
		{
			"__comment": "Voxels",
			"from": [ 6, 26, 10.5 ],
			"to": [ 7.5, 30, 11 ],
			"faces": {
				"down": { "uv": [ 14, 14.4375, 14.1875, 14.5 ], "texture": "#door_frame" },
				"up": { "uv": [ 14.1875, 14.5, 14.375, 14.4375 ], "texture": "#door_frame" },
				"north": { "uv": [ 5.9375, 8.4375, 5.75, 8.9375 ], "texture": "#door_frame" },
				"south": { "uv": [ 5.9375, 8.4375, 6.125, 8.9375 ], "texture": "#door_frame" },
				"west": { "uv": [ 10.3125, 10.625, 10.375, 11.125 ], "texture": "#door_frame" },
				"east": { "uv": [ 10.375, 10.125, 10.3125, 10.625 ], "texture": "#door_frame" }
			}
		},
		{
			"__comment": "Voxels",
			"from": [ 6, 26, 13 ],
			"to": [ 7.5, 29, 13.5 ],
			"faces": {
				"down": { "uv": [ 14.375, 14.4375, 14.5625, 14.5 ], "texture": "#door_frame" },
				"up": { "uv": [ 14.5625, 14.5, 14.75, 14.4375 ], "texture": "#door_frame" },
				"north": { "uv": [ 9.75, 13.625, 9.5625, 14 ], "texture": "#door_frame" },
				"south": { "uv": [ 9.5625, 10.8125, 9.75, 11.1875 ], "texture": "#door_frame" },
				"west": { "uv": [ 13.25, 13.625, 13.3125, 14 ], "texture": "#door_frame" },
				"east": { "uv": [ 13.25, 13.625, 13.1875, 14 ], "texture": "#door_frame" }
			}
		},
		{
			"__comment": "Voxels",
			"from": [ 6, 26, 15.5 ],
			"to": [ 7.5, 29, 16 ],
			"faces": {
				"down": { "uv": [ 14.75, 14.4375, 14.9375, 14.5 ], "texture": "#door_frame" },
				"up": { "uv": [ 14.9375, 14.5, 15.125, 14.4375 ], "texture": "#door_frame" },
				"north": { "uv": [ 9.75, 12.5, 9.5625, 12.875 ], "texture": "#door_frame" },
				"south": { "uv": [ 9.5625, 12.125, 9.75, 12.5 ], "texture": "#door_frame" },
				"west": { "uv": [ 13, 13.625, 13.0625, 14 ], "texture": "#door_frame" },
				"east": { "uv": [ 13, 13.625, 12.9375, 14 ], "texture": "#door_frame" }
			}
		},
		{
			"__comment": "Voxels",
			"from": [ 6, 26, 18 ],
			"to": [ 7.5, 30, 19 ],
			"faces": {
				"down": { "uv": [ 15.5625, 14.8125, 15.75, 14.9375 ], "texture": "#door_frame" },
				"up": { "uv": [ 15.375, 14.9375, 15.5625, 14.8125 ], "texture": "#door_frame" },
				"north": { "uv": [ 7.5625, 8, 7.375, 8.5 ], "texture": "#door_frame" },
				"south": { "uv": [ 7.5625, 8, 7.75, 8.5 ], "texture": "#door_frame" },
				"west": { "uv": [ 8.875, 8.9375, 9, 9.4375 ], "texture": "#door_frame" },
				"east": { "uv": [ 10, 12.5, 9.875, 13 ], "texture": "#door_frame" }
			}
		},
		{
			"__comment": "Voxels",
			"from": [ 6, 26, 21 ],
			"to": [ 7.5, 29.5, 21.5 ],
			"faces": {
				"down": { "uv": [ 15.125, 14.4375, 15.3125, 14.5 ], "texture": "#door_frame" },
				"up": { "uv": [ 15.3125, 14.5, 15.5, 14.4375 ], "texture": "#door_frame" },
				"north": { "uv": [ 8.875, 9, 8.6875, 9.4375 ], "texture": "#door_frame" },
				"south": { "uv": [ 8.6875, 8.5, 8.875, 8.9375 ], "texture": "#door_frame" },
				"west": { "uv": [ 10.4375, 11.6875, 10.5, 12.125 ], "texture": "#door_frame" },
				"east": { "uv": [ 10.25, 10.875, 10.1875, 11.3125 ], "texture": "#door_frame" }
			}
		},
		{
			"__comment": "Voxels",
			"from": [ 6, 26, 23.5 ],
			"to": [ 7.5, 29, 24 ],
			"faces": {
				"down": { "uv": [ 15.5, 14.4375, 15.6875, 14.5 ], "texture": "#door_frame" },
				"up": { "uv": [ 15.6875, 14.5, 15.875, 14.4375 ], "texture": "#door_frame" },
				"north": { "uv": [ 9.75, 10.4375, 9.5625, 10.8125 ], "texture": "#door_frame" },
				"south": { "uv": [ 9.5625, 10.0625, 9.75, 10.4375 ], "texture": "#door_frame" },
				"west": { "uv": [ 12.75, 13.625, 12.8125, 14 ], "texture": "#door_frame" },
				"east": { "uv": [ 12.75, 13.625, 12.6875, 14 ], "texture": "#door_frame" }
			}
		},
		{
			"__comment": "Voxels",
			"from": [ 6, 26.5, 10 ],
			"to": [ 7.5, 30.5, 10.5 ],
			"faces": {
				"down": { "uv": [ 14, 14.375, 14.1875, 14.4375 ], "texture": "#door_frame" },
				"up": { "uv": [ 14.1875, 14.4375, 14.375, 14.375 ], "texture": "#door_frame" },
				"north": { "uv": [ 5.5625, 8.3125, 5.375, 8.8125 ], "texture": "#door_frame" },
				"south": { "uv": [ 5.5625, 8.3125, 5.75, 8.8125 ], "texture": "#door_frame" },
				"west": { "uv": [ 10.25, 9.625, 10.3125, 10.125 ], "texture": "#door_frame" },
				"east": { "uv": [ 10.3125, 9.125, 10.25, 9.625 ], "texture": "#door_frame" }
			}
		},
		{
			"__comment": "Voxels",
			"from": [ 6, 27, 16 ],
			"to": [ 7.5, 30.5, 16.5 ],
			"faces": {
				"down": { "uv": [ 14.375, 14.375, 14.5625, 14.4375 ], "texture": "#door_frame" },
				"up": { "uv": [ 14.5625, 14.4375, 14.75, 14.375 ], "texture": "#door_frame" },
				"north": { "uv": [ 6.125, 8, 5.9375, 8.4375 ], "texture": "#door_frame" },
				"south": { "uv": [ 8.6875, 9.4375, 8.875, 9.875 ], "texture": "#door_frame" },
				"west": { "uv": [ 10.1875, 12.625, 10.25, 13.0625 ], "texture": "#door_frame" },
				"east": { "uv": [ 10.25, 12.1875, 10.1875, 12.625 ], "texture": "#door_frame" }
			}
		},
		{
			"__comment": "Voxels",
			"from": [ 6, 27, 20.5 ],
			"to": [ 7.5, 30.5, 21 ],
			"faces": {
				"down": { "uv": [ 14.75, 14.375, 14.9375, 14.4375 ], "texture": "#door_frame" },
				"up": { "uv": [ 14.9375, 14.4375, 15.125, 14.375 ], "texture": "#door_frame" },
				"north": { "uv": [ 5.9375, 8, 5.75, 8.4375 ], "texture": "#door_frame" },
				"south": { "uv": [ 8.6875, 8.0625, 8.875, 8.5 ], "texture": "#door_frame" },
				"west": { "uv": [ 10.1875, 11.75, 10.25, 12.1875 ], "texture": "#door_frame" },
				"east": { "uv": [ 10.25, 11.3125, 10.1875, 11.75 ], "texture": "#door_frame" }
			}
		},
		{
			"__comment": "Voxels",
			"from": [ 6, 27.5, 12.5 ],
			"to": [ 7.5, 30.5, 13 ],
			"faces": {
				"down": { "uv": [ 15.125, 14.375, 15.3125, 14.4375 ], "texture": "#door_frame" },
				"up": { "uv": [ 15.75, 14.6875, 15.9375, 14.625 ], "texture": "#door_frame" },
				"north": { "uv": [ 9.75, 11.75, 9.5625, 12.125 ], "texture": "#door_frame" },
				"south": { "uv": [ 9.5625, 12.875, 9.75, 13.25 ], "texture": "#door_frame" },
				"west": { "uv": [ 9.3125, 8, 9.375, 8.375 ], "texture": "#door_frame" },
				"east": { "uv": [ 9.3125, 8, 9.25, 8.375 ], "texture": "#door_frame" }
			}
		},
		{
			"__comment": "Voxels",
			"from": [ 6, 28, 13.5 ],
			"to": [ 7.5, 30.5, 14 ],
			"faces": {
				"down": { "uv": [ 15.5625, 14.625, 15.75, 14.6875 ], "texture": "#door_frame" },
				"up": { "uv": [ 15.3125, 14.4375, 15.5, 14.375 ], "texture": "#door_frame" },
				"north": { "uv": [ 10, 11.375, 9.8125, 11.6875 ], "texture": "#door_frame" },
				"south": { "uv": [ 9.8125, 11.0625, 10, 11.375 ], "texture": "#door_frame" },
				"west": { "uv": [ 9.9375, 10.0625, 10, 10.375 ], "texture": "#door_frame" },
				"east": { "uv": [ 10, 9.75, 9.9375, 10.0625 ], "texture": "#door_frame" }
			}
		},
		{
			"__comment": "Voxels",
			"from": [ 6, 28, 23 ],
			"to": [ 7.5, 30.5, 23.5 ],
			"faces": {
				"down": { "uv": [ 15.5, 14.375, 15.6875, 14.4375 ], "texture": "#door_frame" },
				"up": { "uv": [ 15.6875, 14.4375, 15.875, 14.375 ], "texture": "#door_frame" },
				"north": { "uv": [ 9.9375, 10.0625, 9.75, 10.375 ], "texture": "#door_frame" },
				"south": { "uv": [ 9.75, 9.75, 9.9375, 10.0625 ], "texture": "#door_frame" },
				"west": { "uv": [ 9.9375, 9.4375, 10, 9.75 ], "texture": "#door_frame" },
				"east": { "uv": [ 10, 9.125, 9.9375, 9.4375 ], "texture": "#door_frame" }
			}
		},
		{
			"__comment": "Voxels",
			"from": [ 6, 28, 24 ],
			"to": [ 7.5, 30.5, 24.5 ],
			"faces": {
				"down": { "uv": [ 14, 14.3125, 14.1875, 14.375 ], "texture": "#door_frame" },
				"up": { "uv": [ 14.25, 14.625, 14.4375, 14.5625 ], "texture": "#door_frame" },
				"north": { "uv": [ 10.25, 13.6875, 10.0625, 14 ], "texture": "#door_frame" },
				"south": { "uv": [ 9.75, 8.8125, 9.9375, 9.125 ], "texture": "#door_frame" },
				"west": { "uv": [ 9.9375, 8.8125, 10, 9.125 ], "texture": "#door_frame" },
				"east": { "uv": [ 10, 8.5, 9.9375, 8.8125 ], "texture": "#door_frame" }
			}
		},
		{
			"__comment": "Voxels",
			"from": [ 6, 28.5, 15 ],
			"to": [ 7.5, 30.5, 15.5 ],
			"faces": {
				"down": { "uv": [ 14.1875, 14.3125, 14.375, 14.375 ], "texture": "#door_frame" },
				"up": { "uv": [ 14.375, 14.375, 14.5625, 14.3125 ], "texture": "#door_frame" },
				"north": { "uv": [ 10.25, 8.5, 10.0625, 8.75 ], "texture": "#door_frame" },
				"south": { "uv": [ 10.0625, 8.25, 10.25, 8.5 ], "texture": "#door_frame" },
				"west": { "uv": [ 9, 8, 9.0625, 8.25 ], "texture": "#door_frame" },
				"east": { "uv": [ 5.75, 8.0625, 5.6875, 8.3125 ], "texture": "#door_frame" }
			}
		},
		{
			"__comment": "Voxels",
			"from": [ 6, 29, 13 ],
			"to": [ 6.5, 30.5, 13.5 ],
			"faces": {
				"up": { "uv": [ 15.375, 13.625, 15.4375, 13.5625 ], "texture": "#door_frame" },
				"west": { "uv": [ 13.375, 13.3125, 13.4375, 13.5 ], "texture": "#door_frame" },
				"east": { "uv": [ 13.5, 13.3125, 13.4375, 13.5 ], "texture": "#door_frame" }
			}
		},
		{
			"__comment": "Voxels",
			"from": [ 6, 29, 15.5 ],
			"to": [ 6.5, 30.5, 16 ],
			"faces": {
				"up": { "uv": [ 15.25, 13.625, 15.3125, 13.5625 ], "texture": "#door_frame" },
				"west": { "uv": [ 4.25, 8, 4.3125, 8.1875 ], "texture": "#door_frame" },
				"east": { "uv": [ 5.375, 8, 5.3125, 8.1875 ], "texture": "#door_frame" }
			}
		},
		{
			"__comment": "Voxels",
			"from": [ 6, 29, 21.5 ],
			"to": [ 7.5, 30.5, 22 ],
			"faces": {
				"down": { "uv": [ 8.6875, 8.9375, 8.875, 9 ], "texture": "#door_frame" },
				"up": { "uv": [ 8.6875, 8.0625, 8.875, 8 ], "texture": "#door_frame" },
				"north": { "uv": [ 13.9375, 15.0625, 13.75, 15.25 ], "texture": "#door_frame" },
				"south": { "uv": [ 6.625, 8, 6.8125, 8.1875 ], "texture": "#door_frame" },
				"west": { "uv": [ 10.4375, 8, 10.5, 8.1875 ], "texture": "#door_frame" },
				"east": { "uv": [ 10.5625, 10.1875, 10.5, 10.375 ], "texture": "#door_frame" }
			}
		},
		{
			"__comment": "Voxels",
			"from": [ 6, 29, 23.5 ],
			"to": [ 6.5, 30.5, 24 ],
			"faces": {
				"up": { "uv": [ 15.0625, 13.625, 15.125, 13.5625 ], "texture": "#door_frame" },
				"west": { "uv": [ 10.5, 9.25, 10.5625, 9.4375 ], "texture": "#door_frame" },
				"east": { "uv": [ 10.5625, 9.0625, 10.5, 9.25 ], "texture": "#door_frame" }
			}
		},
		{
			"__comment": "Voxels",
			"from": [ 6, 29.5, 11 ],
			"to": [ 7.5, 30.5, 11.5 ],
			"faces": {
				"down": { "uv": [ 15.8125, 14.75, 16, 14.8125 ], "texture": "#door_frame" },
				"up": { "uv": [ 15, 14.6875, 15.1875, 14.625 ], "texture": "#door_frame" },
				"north": { "uv": [ 15.9375, 14.8125, 15.75, 14.9375 ], "texture": "#door_frame" },
				"south": { "uv": [ 9.5625, 8, 9.75, 8.125 ], "texture": "#door_frame" },
				"west": { "uv": [ 12.6875, 13.5, 12.75, 13.625 ], "texture": "#door_frame" },
				"east": { "uv": [ 12.8125, 13.5, 12.75, 13.625 ], "texture": "#door_frame" }
			}
		},
		{
			"__comment": "Voxels",
			"from": [ 6, 29.5, 17.5 ],
			"to": [ 7.5, 30.5, 18 ],
			"faces": {
				"down": { "uv": [ 15.1875, 14.625, 15.375, 14.6875 ], "texture": "#door_frame" },
				"up": { "uv": [ 15.375, 14.6875, 15.5625, 14.625 ], "texture": "#door_frame" },
				"north": { "uv": [ 13.875, 13.875, 13.6875, 14 ], "texture": "#door_frame" },
				"south": { "uv": [ 13.6875, 13.75, 13.875, 13.875 ], "texture": "#door_frame" },
				"west": { "uv": [ 12.8125, 13.5, 12.875, 13.625 ], "texture": "#door_frame" },
				"east": { "uv": [ 12.9375, 13.5, 12.875, 13.625 ], "texture": "#door_frame" }
			}
		},
		{
			"__comment": "Voxels",
			"from": [ 6, 29.5, 21 ],
			"to": [ 6.5, 30.5, 21.5 ],
			"faces": {
				"up": { "uv": [ 15, 13.625, 15.0625, 13.5625 ], "texture": "#door_frame" },
				"west": { "uv": [ 13.0625, 13.5, 13.125, 13.625 ], "texture": "#door_frame" },
				"east": { "uv": [ 13.1875, 13.5, 13.125, 13.625 ], "texture": "#door_frame" }
			}
		},
		{
			"__comment": "Voxels",
			"from": [ 6, 30, 10.5 ],
			"to": [ 6.5, 30.5, 11 ],
			"faces": {
				"up": { "uv": [ 14.8125, 13.625, 14.875, 13.5625 ], "texture": "#door_frame" },
				"west": { "uv": [ 15.5, 13.625, 15.5625, 13.6875 ], "texture": "#door_frame" },
				"east": { "uv": [ 15.125, 13.625, 15.0625, 13.6875 ], "texture": "#door_frame" }
			}
		},
		{
			"__comment": "Voxels",
			"from": [ 6, 30, 18 ],
			"to": [ 6.5, 30.5, 19 ],
			"faces": {
				"up": { "uv": [ 13.25, 13.625, 13.3125, 13.5 ], "texture": "#door_frame" },
				"south": { "uv": [ 14.8125, 13.625, 14.875, 13.6875 ], "texture": "#door_frame" },
				"west": { "uv": [ 14.6875, 14.1875, 14.8125, 14.25 ], "texture": "#door_frame" },
				"east": { "uv": [ 14.9375, 14.1875, 14.8125, 14.25 ], "texture": "#door_frame" }
			}
		},
		{
			"__comment": "Voxels",
			"from": [ 6.5, -15.5, -14 ],
			"to": [ 9.5, 22.5, -13.5 ],
			"faces": {
				"down": { "uv": [ 14.6875, 14.75, 15.0625, 14.8125 ], "texture": "#door_frame" },
				"up": { "uv": [ 15.0625, 14.8125, 15.4375, 14.75 ], "texture": "#door_frame" },
				"north": { "uv": [ 2.125, 8.25, 1.75, 13 ], "texture": "#door_frame" },
				"south": { "uv": [ 2.125, 8.25, 2.5, 13 ], "texture": "#door_frame" },
				"west": { "uv": [ 9.375, 9.5625, 9.4375, 14.3125 ], "texture": "#door_frame" },
				"east": { "uv": [ 9.375, 9.5625, 9.3125, 14.3125 ], "texture": "#door_frame" }
			}
		},
		{
			"__comment": "Voxels",
			"from": [ 6.5, -15.5, -13.5 ],
			"to": [ 9.5, 20, -11.5 ],
			"faces": {
				"down": { "uv": [ 2.5, 8, 2.875, 8.25 ], "texture": "#door_frame" },
				"up": { "uv": [ 2.875, 8.25, 3.25, 8 ], "texture": "#door_frame" },
				"south": { "uv": [ 2.5, 8.5625, 2.875, 13 ], "texture": "#door_frame" },
				"west": { "uv": [ 6.125, 9.6875, 6.375, 14.125 ], "texture": "#door_frame" },
				"east": { "uv": [ 6.625, 9.6875, 6.375, 14.125 ], "texture": "#door_frame" }
			}
		},
		{
			"__comment": "Voxels",
			"from": [ 6.5, -15.5, -11.5 ],
			"to": [ 9.5, -15, 30 ],
			"faces": {
				"down": { "uv": [ 5.375, 10.8125, 5.75, 16 ], "texture": "#door_frame" },
				"up": { "uv": [ 5.75, 16, 6.125, 10.8125 ], "texture": "#door_frame" },
				"south": { "uv": [ 14.3125, 14.6875, 14.6875, 14.75 ], "texture": "#door_frame" },
				"west": { "uv": [ 9.125, 14.75, 14.3125, 14.8125 ], "texture": "#door_frame" },
				"east": { "uv": [ 14.3125, 14.6875, 9.125, 14.75 ], "texture": "#door_frame" }
			}
		},
		{
			"__comment": "Voxels",
			"from": [ 6.5, -15, -11.5 ],
			"to": [ 7.5, -14, -11 ],
			"faces": {
				"up": { "uv": [ 15.0625, 14.25, 15.1875, 14.1875 ], "texture": "#door_frame" },
				"south": { "uv": [ 8.4375, 9.875, 8.5625, 10 ], "texture": "#door_frame" },
				"west": { "uv": [ 13.3125, 13.5, 13.375, 13.625 ], "texture": "#door_frame" },
				"east": { "uv": [ 13.4375, 13.5, 13.375, 13.625 ], "texture": "#door_frame" }
			}
		},
		{
			"__comment": "Voxels",
			"from": [ 6.5, -15, -11 ],
			"to": [ 7, -14, 30 ],
			"faces": {
				"up": { "uv": [ 9.1875, 14.6875, 9.25, 9.5625 ], "texture": "#door_frame" },
				"south": { "uv": [ 13.5, 13.5, 13.5625, 13.625 ], "texture": "#door_frame" },
				"west": { "uv": [ 9, 14.9375, 14.125, 15.0625 ], "texture": "#door_frame" },
				"east": { "uv": [ 14.125, 14.8125, 9, 14.9375 ], "texture": "#door_frame" }
			}
		},
		{
			"__comment": "Voxels",
			"from": [ 6.5, -14, 28 ],
			"to": [ 9.5, 20, 30 ],
			"faces": {
				"down": { "uv": [ 1.75, 8, 2.125, 8.25 ], "texture": "#door_frame" },
				"up": { "uv": [ 2.125, 8.25, 2.5, 8 ], "texture": "#door_frame" },
				"north": { "uv": [ 4, 8.75, 3.625, 13 ], "texture": "#door_frame" },
				"south": { "uv": [ 3.25, 8.75, 3.625, 13 ], "texture": "#door_frame" },
				"west": { "uv": [ 4.875, 8.75, 5.125, 13 ], "texture": "#door_frame" },
				"east": { "uv": [ 4.875, 8.75, 4.625, 13 ], "texture": "#door_frame" }
			}
		},
		{
			"__comment": "Voxels",
			"from": [ 6.5, 20, -12 ],
			"to": [ 9.5, 20.5, 28 ],
			"faces": {
				"down": { "uv": [ 1, 8, 1.375, 13 ], "texture": "#door_frame" },
				"west": { "uv": [ 9.25, 14.625, 14.25, 14.6875 ], "texture": "#door_frame" },
				"east": { "uv": [ 14.25, 14.5625, 9.25, 14.625 ], "texture": "#door_frame" }
			}
		},
		{
			"__comment": "Voxels",
			"from": [ 6.5, 20, 29.5 ],
			"to": [ 9.5, 22.5, 30 ],
			"faces": {
				"up": { "uv": [ 14.3125, 14.8125, 14.6875, 14.75 ], "texture": "#door_frame" },
				"south": { "uv": [ 2.875, 8.25, 3.25, 8.5625 ], "texture": "#door_frame" },
				"west": { "uv": [ 14.75, 13.6875, 14.8125, 14 ], "texture": "#door_frame" },
				"east": { "uv": [ 14.875, 13.6875, 14.8125, 14 ], "texture": "#door_frame" }
			}
		},
		{
			"__comment": "Voxels",
			"from": [ 6.5, 22.5, -11 ],
			"to": [ 7.5, 30.5, 6 ],
			"faces": {
				"up": { "uv": [ 5.25, 13, 5.375, 10.875 ], "texture": "#door_frame" },
				"north": { "uv": [ 9.5625, 13, 9.4375, 14 ], "texture": "#door_frame" },
				"south": { "uv": [ 9.4375, 12, 9.5625, 13 ], "texture": "#door_frame" },
				"west": { "uv": [ 3.125, 13, 5.25, 14 ], "texture": "#door_frame" },
				"east": { "uv": [ 3.125, 13, 1, 14 ], "texture": "#door_frame" }
			}
		},
		{
			"__comment": "Voxels",
			"from": [ 6.5, 22.5, 6 ],
			"to": [ 7.5, 27, 6.5 ],
			"faces": {
				"up": { "uv": [ 15.3125, 14.25, 15.4375, 14.1875 ], "texture": "#door_frame" },
				"south": { "uv": [ 4.1875, 8.1875, 4.3125, 8.75 ], "texture": "#door_frame" },
				"west": { "uv": [ 9.375, 8, 9.4375, 8.5625 ], "texture": "#door_frame" },
				"east": { "uv": [ 9.75, 11.1875, 9.6875, 11.75 ], "texture": "#door_frame" }
			}
		},
		{
			"__comment": "Voxels",
			"from": [ 6.5, 22.5, 9 ],
			"to": [ 7.5, 30.5, 10 ],
			"faces": {
				"up": { "uv": [ 11.3125, 13.625, 11.4375, 13.5 ], "texture": "#door_frame" },
				"north": { "uv": [ 9.5625, 10, 9.4375, 11 ], "texture": "#door_frame" },
				"south": { "uv": [ 5.25, 13, 5.375, 14 ], "texture": "#door_frame" },
				"west": { "uv": [ 6, 9.8125, 6.125, 10.8125 ], "texture": "#door_frame" },
				"east": { "uv": [ 9.5625, 11, 9.4375, 12 ], "texture": "#door_frame" }
			}
		},
		{
			"__comment": "Voxels",
			"from": [ 6.5, 22.5, 10 ],
			"to": [ 7.5, 26.5, 10.5 ],
			"faces": {
				"south": { "uv": [ 9.5625, 8.4375, 9.6875, 8.9375 ], "texture": "#door_frame" },
				"west": { "uv": [ 10.3125, 11.125, 10.375, 11.625 ], "texture": "#door_frame" },
				"east": { "uv": [ 10.375, 9.625, 10.3125, 10.125 ], "texture": "#door_frame" }
			}
		},
		{
			"__comment": "Voxels",
			"from": [ 6.5, 22.5, 10.5 ],
			"to": [ 7.5, 26, 25.5 ],
			"faces": {
				"up": { "uv": [ 5.75, 10.8125, 5.875, 8.9375 ], "texture": "#door_frame" },
				"south": { "uv": [ 9.875, 12.0625, 10, 12.5 ], "texture": "#door_frame" },
				"west": { "uv": [ 9, 15.0625, 10.875, 15.5 ], "texture": "#door_frame" },
				"east": { "uv": [ 12.75, 15.0625, 10.875, 15.5 ], "texture": "#door_frame" }
			}
		},
		{
			"__comment": "Voxels",
			"from": [ 6.5, 26, 11 ],
			"to": [ 7.5, 29.5, 12.5 ],
			"faces": {
				"up": { "uv": [ 13.0625, 14, 13.1875, 13.8125 ], "texture": "#door_frame" },
				"south": { "uv": [ 10.0625, 11.3125, 10.1875, 11.75 ], "texture": "#door_frame" },
				"west": { "uv": [ 15.625, 15.0625, 15.8125, 15.5 ], "texture": "#door_frame" },
				"east": { "uv": [ 16, 15.0625, 15.8125, 15.5 ], "texture": "#door_frame" }
			}
		},
		{
			"__comment": "Voxels",
			"from": [ 6.5, 26, 12.5 ],
			"to": [ 7.5, 27.5, 13 ],
			"faces": {
				"west": { "uv": [ 10.5625, 8.4375, 10.625, 8.625 ], "texture": "#door_frame" },
				"east": { "uv": [ 10.625, 8.25, 10.5625, 8.4375 ], "texture": "#door_frame" }
			}
		},
		{
			"__comment": "Voxels",
			"from": [ 6.5, 26, 13.5 ],
			"to": [ 7.5, 28, 15.5 ],
			"faces": {
				"up": { "uv": [ 11.75, 14, 11.875, 13.75 ], "texture": "#door_frame" },
				"west": { "uv": [ 9.75, 13.5, 10, 13.75 ], "texture": "#door_frame" },
				"east": { "uv": [ 10, 13, 9.75, 13.25 ], "texture": "#door_frame" }
			}
		},
		{
			"__comment": "Voxels",
			"from": [ 6.5, 26, 16 ],
			"to": [ 7.5, 27, 18 ],
			"faces": {
				"up": { "uv": [ 11.625, 14, 11.75, 13.75 ], "texture": "#door_frame" },
				"west": { "uv": [ 6.875, 9.6875, 7.125, 9.8125 ], "texture": "#door_frame" },
				"east": { "uv": [ 15.875, 14.9375, 15.625, 15.0625 ], "texture": "#door_frame" }
			}
		},
		{
			"__comment": "Voxels",
			"from": [ 6.5, 26, 19 ],
			"to": [ 7.5, 30.5, 20.5 ],
			"faces": {
				"up": { "uv": [ 14, 13.8125, 14.125, 13.625 ], "texture": "#door_frame" },
				"north": { "uv": [ 9.6875, 11.1875, 9.5625, 11.75 ], "texture": "#door_frame" },
				"south": { "uv": [ 6, 9.25, 6.125, 9.8125 ], "texture": "#door_frame" },
				"west": { "uv": [ 4, 8.1875, 4.1875, 8.75 ], "texture": "#door_frame" },
				"east": { "uv": [ 5.25, 8.1875, 5.0625, 8.75 ], "texture": "#door_frame" }
			}
		},
		{
			"__comment": "Voxels",
			"from": [ 6.5, 26, 20.5 ],
			"to": [ 7.5, 27, 21 ],
			"faces": {
				"west": { "uv": [ 13.5625, 13.5, 13.625, 13.625 ], "texture": "#door_frame" },
				"east": { "uv": [ 3.625, 8, 3.5625, 8.125 ], "texture": "#door_frame" }
			}
		},
		{
			"__comment": "Voxels",
			"from": [ 6.5, 26, 21.5 ],
			"to": [ 7.5, 29, 23 ],
			"faces": {
				"up": { "uv": [ 12.5625, 13.8125, 12.6875, 13.625 ], "texture": "#door_frame" },
				"south": { "uv": [ 10.0625, 10.5, 10.1875, 10.875 ], "texture": "#door_frame" },
				"west": { "uv": [ 9.5625, 9.3125, 9.75, 9.6875 ], "texture": "#door_frame" },
				"east": { "uv": [ 9.75, 8.9375, 9.5625, 9.3125 ], "texture": "#door_frame" }
			}
		},
		{
			"__comment": "Voxels",
			"from": [ 6.5, 26, 23 ],
			"to": [ 7.5, 28, 23.5 ],
			"faces": {
				"west": { "uv": [ 15.625, 13.75, 15.6875, 14 ], "texture": "#door_frame" },
				"east": { "uv": [ 10.5625, 11.375, 10.5, 11.625 ], "texture": "#door_frame" }
			}
		},
		{
			"__comment": "Voxels",
			"from": [ 6.5, 26, 24 ],
			"to": [ 7.5, 28, 25.5 ],
			"faces": {
				"up": { "uv": [ 13.4375, 13.8125, 13.5625, 13.625 ], "texture": "#door_frame" },
				"south": { "uv": [ 12.25, 13.75, 12.375, 14 ], "texture": "#door_frame" },
				"west": { "uv": [ 10.0625, 8, 10.25, 8.25 ], "texture": "#door_frame" },
				"east": { "uv": [ 10.25, 9.5, 10.0625, 9.75 ], "texture": "#door_frame" }
			}
		},
		{
			"__comment": "Voxels",
			"from": [ 6.5, 27, 16.5 ],
			"to": [ 7.5, 30.5, 17.5 ],
			"faces": {
				"up": { "uv": [ 15.875, 15.0625, 16, 14.9375 ], "texture": "#door_frame" },
				"south": { "uv": [ 10.0625, 12.625, 10.1875, 13.0625 ], "texture": "#door_frame" },
				"west": { "uv": [ 10.0625, 10.875, 10.1875, 11.3125 ], "texture": "#door_frame" },
				"east": { "uv": [ 9, 9.4375, 8.875, 9.875 ], "texture": "#door_frame" }
			}
		},
		{
			"__comment": "Voxels",
			"from": [ 6.5, 27, 17.5 ],
			"to": [ 7.5, 29.5, 18 ],
			"faces": {
				"west": { "uv": [ 14.5625, 13.6875, 14.625, 14 ], "texture": "#door_frame" },
				"east": { "uv": [ 10, 8.1875, 9.9375, 8.5 ], "texture": "#door_frame" }
			}
		},
		{
			"__comment": "Voxels",
			"from": [ 6.5, 27.5, 6 ],
			"to": [ 7.5, 29, 9 ],
			"faces": {
				"down": { "uv": [ 10.5, 13.625, 10.625, 14 ], "texture": "#door_frame" },
				"up": { "uv": [ 10.375, 14, 10.5, 13.625 ], "texture": "#door_frame" },
				"west": { "uv": [ 13.9375, 15.0625, 14.3125, 15.25 ], "texture": "#door_frame" },
				"east": { "uv": [ 14.6875, 15.0625, 14.3125, 15.25 ], "texture": "#door_frame" }
			}
		},
		{
			"__comment": "Voxels",
			"from": [ 6.5, 28, 14 ],
			"to": [ 7.5, 30.5, 15 ],
			"faces": {
				"up": { "uv": [ 7.375, 9.8125, 7.5, 9.6875 ], "texture": "#door_frame" },
				"south": { "uv": [ 11, 13.6875, 11.125, 14 ], "texture": "#door_frame" },
				"west": { "uv": [ 11.125, 13.6875, 11.25, 14 ], "texture": "#door_frame" },
				"east": { "uv": [ 11.375, 13.6875, 11.25, 14 ], "texture": "#door_frame" }
			}
		},
		{
			"__comment": "Voxels",
			"from": [ 6.5, 28, 15 ],
			"to": [ 7.5, 28.5, 15.5 ],
			"faces": {
				"west": { "uv": [ 14.75, 13.625, 14.8125, 13.6875 ], "texture": "#door_frame" },
				"east": { "uv": [ 14.25, 13.625, 14.1875, 13.6875 ], "texture": "#door_frame" }
			}
		},
		{
			"__comment": "Voxels",
			"from": [ 6.5, 28, 24.5 ],
			"to": [ 7.5, 30.5, 25.5 ],
			"faces": {
				"up": { "uv": [ 13.6875, 13.75, 13.8125, 13.625 ], "texture": "#door_frame" },
				"south": { "uv": [ 6, 8.9375, 6.125, 9.25 ], "texture": "#door_frame" },
				"west": { "uv": [ 10.75, 13.6875, 10.875, 14 ], "texture": "#door_frame" },
				"east": { "uv": [ 10.75, 13.6875, 10.625, 14 ], "texture": "#door_frame" }
			}
		},
		{
			"__comment": "Voxels",
			"from": [ 6.5, 29, 22 ],
			"to": [ 7.5, 30.5, 23 ],
			"faces": {
				"up": { "uv": [ 11.5, 13.75, 11.625, 13.625 ], "texture": "#door_frame" },
				"west": { "uv": [ 13.5625, 13.625, 13.6875, 13.8125 ], "texture": "#door_frame" },
				"east": { "uv": [ 13.6875, 13.8125, 13.5625, 14 ], "texture": "#door_frame" }
			}
		},
		{
			"__comment": "Voxels",
			"from": [ 6.5, 29.5, 11.5 ],
			"to": [ 7.5, 30.5, 12.5 ],
			"faces": {
				"up": { "uv": [ 10.6875, 13.625, 10.8125, 13.5 ], "texture": "#door_frame" },
				"west": { "uv": [ 12.25, 13.625, 12.375, 13.75 ], "texture": "#door_frame" },
				"east": { "uv": [ 11.875, 13.625, 11.75, 13.75 ], "texture": "#door_frame" }
			}
		},
		{
			"__comment": "Voxels",
			"from": [ 6.5, 30, 18.5 ],
			"to": [ 7.5, 30.5, 19 ],
			"faces": {
				"up": { "uv": [ 14.6875, 14.375, 14.8125, 14.3125 ], "texture": "#door_frame" },
				"north": { "uv": [ 14.9375, 14.3125, 14.8125, 14.375 ], "texture": "#door_frame" },
				"east": { "uv": [ 11.5, 13.625, 11.4375, 13.6875 ], "texture": "#door_frame" }
			}
		},
		{
			"__comment": "Voxels",
			"from": [ 6.5, 30.5, -6 ],
			"to": [ 7, 31, 6 ],
			"faces": {
				"up": { "uv": [ 9.125, 9.5625, 9.1875, 8.0625 ], "texture": "#door_frame" },
				"north": { "uv": [ 11.4375, 13.625, 11.375, 13.6875 ], "texture": "#door_frame" },
				"south": { "uv": [ 11.0625, 13.625, 11.125, 13.6875 ], "texture": "#door_frame" },
				"west": { "uv": [ 14.125, 15, 15.625, 15.0625 ], "texture": "#door_frame" },
				"east": { "uv": [ 15.625, 14.9375, 14.125, 15 ], "texture": "#door_frame" }
			}
		},
		{
			"__comment": "Voxels",
			"from": [ 7, -15, 27 ],
			"to": [ 7.5, 20, 28 ],
			"faces": {
				"north": { "uv": [ 7.6875, 9.75, 7.625, 14.125 ], "texture": "#door_frame" },
				"south": { "uv": [ 7.6875, 9.75, 7.75, 14.125 ], "texture": "#door_frame" },
				"west": { "uv": [ 7.125, 9.75, 7.25, 14.125 ], "texture": "#door_frame" },
				"east": { "uv": [ 7.375, 9.75, 7.25, 14.125 ], "texture": "#door_frame" }
			}
		},
		{
			"__comment": "Voxels",
			"from": [ 7, -15, 28 ],
			"to": [ 9.5, -14, 30 ],
			"faces": {
				"north": { "uv": [ 3.5625, 8, 3.25, 8.125 ], "texture": "#door_frame" },
				"south": { "uv": [ 3.625, 8, 3.9375, 8.125 ], "texture": "#door_frame" },
				"east": { "uv": [ 6.875, 9.6875, 6.625, 9.8125 ], "texture": "#door_frame" }
			}
		},
		{
			"__comment": "Voxels",
			"from": [ 7, -14.5, -11 ],
			"to": [ 7.5, -13, 27 ],
			"faces": {
				"down": { "uv": [ 9.25, 9.5625, 9.3125, 14.3125 ], "texture": "#door_frame" },
				"up": { "uv": [ 8.8125, 14.625, 8.875, 9.875 ], "texture": "#door_frame" },
				"north": { "uv": [ 11.125, 13.3125, 11.0625, 13.5 ], "texture": "#door_frame" },
				"west": { "uv": [ 11.125, 15.5625, 15.875, 15.75 ], "texture": "#door_frame" },
				"east": { "uv": [ 15.875, 15.8125, 11.125, 16 ], "texture": "#door_frame" }
			}
		},
		{
			"__comment": "Voxels",
			"from": [ 7, -14, -11.5 ],
			"to": [ 9.5, 20, -11 ],
			"faces": {
				"down": { "uv": [ 7.375, 8.5, 7.6875, 8.5625 ], "texture": "#door_frame" },
				"south": { "uv": [ 4.3125, 8.75, 4.625, 13 ], "texture": "#door_frame" },
				"west": { "uv": [ 5.125, 8.75, 5.1875, 13 ], "texture": "#door_frame" },
				"east": { "uv": [ 5.25, 8.75, 5.1875, 13 ], "texture": "#door_frame" }
			}
		},
		{
			"__comment": "Voxels",
			"from": [ 7, 19.5, -11 ],
			"to": [ 8.5, 20, -10.5 ],
			"faces": {
				"down": { "uv": [ 14, 14.5, 14.1875, 14.5625 ], "texture": "#door_frame" },
				"south": { "uv": [ 14.75, 14.5, 14.9375, 14.5625 ], "texture": "#door_frame" },
				"west": { "uv": [ 11, 13.625, 11.0625, 13.6875 ], "texture": "#door_frame" },
				"east": { "uv": [ 10.75, 13.625, 10.6875, 13.6875 ], "texture": "#door_frame" }
			}
		},
		{
			"__comment": "Voxels",
			"from": [ 7, 19.5, 26.5 ],
			"to": [ 8.5, 20, 27 ],
			"faces": {
				"down": { "uv": [ 14.9375, 14.5, 15.125, 14.5625 ], "texture": "#door_frame" },
				"north": { "uv": [ 15.5, 14.5, 15.3125, 14.5625 ], "texture": "#door_frame" },
				"south": { "uv": [ 15.5, 14.5, 15.6875, 14.5625 ], "texture": "#door_frame" },
				"west": { "uv": [ 10.625, 13.625, 10.6875, 13.6875 ], "texture": "#door_frame" },
				"east": { "uv": [ 15.8125, 14, 15.75, 14.0625 ], "texture": "#door_frame" }
			}
		},
		{
			"__comment": "Voxels",
			"from": [ 7, 22.5, -13.5 ],
			"to": [ 7.5, 30.5, -11 ],
			"faces": {
				"down": { "uv": [ 14.625, 13.6875, 14.6875, 14 ], "texture": "#door_frame" },
				"up": { "uv": [ 14.6875, 14, 14.75, 13.6875 ], "texture": "#door_frame" },
				"north": { "uv": [ 5.75, 9.8125, 5.6875, 10.8125 ], "texture": "#door_frame" },
				"west": { "uv": [ 5.375, 8.8125, 5.6875, 9.8125 ], "texture": "#door_frame" },
				"east": { "uv": [ 5.6875, 9.8125, 5.375, 10.8125 ], "texture": "#door_frame" }
			}
		},
		{
			"__comment": "Voxels",
			"from": [ 7, 22.5, 6.5 ],
			"to": [ 7.5, 27.5, 9 ],
			"faces": {
				"north": { "uv": [ 3.625, 8.125, 3.5625, 8.75 ], "texture": "#door_frame" },
				"west": { "uv": [ 3.625, 8.125, 3.9375, 8.75 ], "texture": "#door_frame" },
				"east": { "uv": [ 3.5625, 8.125, 3.25, 8.75 ], "texture": "#door_frame" }
			}
		},
		{
			"__comment": "Voxels",
			"from": [ 7, 22.5, 25.5 ],
			"to": [ 7.5, 30.5, 29.5 ],
			"faces": {
				"down": { "uv": [ 10.3125, 13.125, 10.375, 13.625 ], "texture": "#door_frame" },
				"up": { "uv": [ 10.3125, 12.625, 10.375, 12.125 ], "texture": "#door_frame" },
				"north": { "uv": [ 9.4375, 8.5625, 9.375, 9.5625 ], "texture": "#door_frame" },
				"south": { "uv": [ 5.6875, 8.8125, 5.75, 9.8125 ], "texture": "#door_frame" },
				"west": { "uv": [ 0, 8, 0.5, 9 ], "texture": "#door_frame" },
				"east": { "uv": [ 1, 8, 0.5, 9 ], "texture": "#door_frame" }
			}
		},
		{
			"__comment": "Voxels",
			"from": [ 7, 27, 6 ],
			"to": [ 7.5, 27.5, 6.5 ],
			"faces": {
				"west": { "uv": [ 13.875, 14, 13.9375, 14.0625 ], "texture": "#door_frame" },
				"east": { "uv": [ 15.9375, 14.0625, 15.875, 14.125 ], "texture": "#door_frame" }
			}
		},
		{
			"__comment": "Voxels",
			"from": [ 7, 29, 6 ],
			"to": [ 7.5, 30.5, 9 ],
			"faces": {
				"up": { "uv": [ 13.9375, 14, 14, 13.625 ], "texture": "#door_frame" },
				"west": { "uv": [ 14.6875, 15.0625, 15.0625, 15.25 ], "texture": "#door_frame" },
				"east": { "uv": [ 15.5, 15.0625, 15.125, 15.25 ], "texture": "#door_frame" }
			}
		},
		{
			"__comment": "Voxels",
			"from": [ 7, 29, 13 ],
			"to": [ 7.5, 30.5, 13.5 ],
			"faces": {
				"up": { "uv": [ 15.625, 14.125, 15.6875, 14.0625 ], "texture": "#door_frame" },
				"west": { "uv": [ 10.5625, 10.5, 10.625, 10.6875 ], "texture": "#door_frame" },
				"east": { "uv": [ 10.625, 10.3125, 10.5625, 10.5 ], "texture": "#door_frame" }
			}
		},
		{
			"__comment": "Voxels",
			"from": [ 7, 29, 15.5 ],
			"to": [ 7.5, 30.5, 16 ],
			"faces": {
				"up": { "uv": [ 15.25, 14.125, 15.3125, 14.0625 ], "texture": "#door_frame" },
				"west": { "uv": [ 10.5625, 8.8125, 10.625, 9 ], "texture": "#door_frame" },
				"east": { "uv": [ 10.625, 8.625, 10.5625, 8.8125 ], "texture": "#door_frame" }
			}
		},
		{
			"__comment": "Voxels",
			"from": [ 7, 29, 23.5 ],
			"to": [ 7.5, 30.5, 24 ],
			"faces": {
				"up": { "uv": [ 15.125, 14.125, 15.1875, 14.0625 ], "texture": "#door_frame" },
				"west": { "uv": [ 12.8125, 13.3125, 12.875, 13.5 ], "texture": "#door_frame" },
				"east": { "uv": [ 12.8125, 13.3125, 12.75, 13.5 ], "texture": "#door_frame" }
			}
		},
		{
			"__comment": "Voxels",
			"from": [ 7, 29.5, 21 ],
			"to": [ 7.5, 30.5, 21.5 ],
			"faces": {
				"up": { "uv": [ 14.875, 14.125, 14.9375, 14.0625 ], "texture": "#door_frame" },
				"west": { "uv": [ 11.5625, 13.5, 11.625, 13.625 ], "texture": "#door_frame" },
				"east": { "uv": [ 11.6875, 13.5, 11.625, 13.625 ], "texture": "#door_frame" }
			}
		},
		{
			"__comment": "Voxels",
			"from": [ 7, 30, 10.5 ],
			"to": [ 7.5, 30.5, 11 ],
			"faces": {
				"up": { "uv": [ 14.75, 14.125, 14.8125, 14.0625 ], "texture": "#door_frame" },
				"west": { "uv": [ 14.4375, 14.0625, 14.5, 14.125 ], "texture": "#door_frame" },
				"east": { "uv": [ 14.1875, 14.0625, 14.125, 14.125 ], "texture": "#door_frame" }
			}
		},
		{
			"__comment": "Voxels",
			"from": [ 7, 30, 18 ],
			"to": [ 7.5, 30.5, 18.5 ],
			"faces": {
				"up": { "uv": [ 15.9375, 14.1875, 16, 14.125 ], "texture": "#door_frame" },
				"west": { "uv": [ 15.9375, 14.0625, 16, 14.125 ], "texture": "#door_frame" },
				"east": { "uv": [ 13.875, 14, 13.8125, 14.0625 ], "texture": "#door_frame" }
			}
		},
		{
			"__comment": "Voxels",
			"from": [ 7, 30.5, -4.5 ],
			"to": [ 7.5, 31, -4 ],
			"faces": {
				"up": { "uv": [ 14.8125, 14.0625, 14.875, 14 ], "texture": "#door_frame" },
				"north": { "uv": [ 15.4375, 14, 15.375, 14.0625 ], "texture": "#door_frame" },
				"south": { "uv": [ 15.625, 14, 15.6875, 14.0625 ], "texture": "#door_frame" },
				"east": { "uv": [ 15.125, 14.125, 15.0625, 14.1875 ], "texture": "#door_frame" }
			}
		},
		{
			"__comment": "Voxels",
			"from": [ 7, 30.5, -3 ],
			"to": [ 7.5, 31, -2 ],
			"faces": {
				"up": { "uv": [ 11.75, 13.625, 11.8125, 13.5 ], "texture": "#door_frame" },
				"north": { "uv": [ 14.3125, 14, 14.25, 14.0625 ], "texture": "#door_frame" },
				"south": { "uv": [ 14.4375, 14, 14.5, 14.0625 ], "texture": "#door_frame" },
				"east": { "uv": [ 15.4375, 14.3125, 15.3125, 14.375 ], "texture": "#door_frame" }
			}
		},
		{
			"__comment": "Voxels",
			"from": [ 7, 30.5, -1.5 ],
			"to": [ 7.5, 31, -0.5 ],
			"faces": {
				"up": { "uv": [ 11.875, 13.625, 11.9375, 13.5 ], "texture": "#door_frame" },
				"north": { "uv": [ 9.1875, 8, 9.125, 8.0625 ], "texture": "#door_frame" },
				"south": { "uv": [ 15.9375, 14.5625, 16, 14.625 ], "texture": "#door_frame" },
				"east": { "uv": [ 15.6875, 14.3125, 15.5625, 14.375 ], "texture": "#door_frame" }
			}
		},
		{
			"__comment": "Voxels",
			"from": [ 7, 30.5, 0.5 ],
			"to": [ 7.5, 31, 1.5 ],
			"faces": {
				"up": { "uv": [ 12, 13.625, 12.0625, 13.5 ], "texture": "#door_frame" },
				"north": { "uv": [ 14.1875, 14, 14.125, 14.0625 ], "texture": "#door_frame" },
				"south": { "uv": [ 14.1875, 14, 14.25, 14.0625 ], "texture": "#door_frame" },
				"east": { "uv": [ 15.9375, 14.3125, 15.8125, 14.375 ], "texture": "#door_frame" }
			}
		},
		{
			"__comment": "Voxels",
			"from": [ 7, 30.5, 2 ],
			"to": [ 7.5, 31, 3 ],
			"faces": {
				"up": { "uv": [ 12.4375, 13.625, 12.5, 13.5 ], "texture": "#door_frame" },
				"north": { "uv": [ 14.9375, 14, 14.875, 14.0625 ], "texture": "#door_frame" },
				"south": { "uv": [ 14.9375, 14, 15, 14.0625 ], "texture": "#door_frame" },
				"east": { "uv": [ 14.6875, 14.25, 14.5625, 14.3125 ], "texture": "#door_frame" }
			}
		},
		{
			"__comment": "Voxels",
			"from": [ 7, 30.5, 4 ],
			"to": [ 7.5, 31, 5 ],
			"faces": {
				"up": { "uv": [ 12.5625, 13.625, 12.625, 13.5 ], "texture": "#door_frame" },
				"north": { "uv": [ 16, 14.1875, 15.9375, 14.25 ], "texture": "#door_frame" },
				"south": { "uv": [ 14.8125, 14.125, 14.875, 14.1875 ], "texture": "#door_frame" },
				"east": { "uv": [ 14.9375, 14.25, 14.8125, 14.3125 ], "texture": "#door_frame" }
			}
		},
		{
			"__comment": "Voxels",
			"from": [ 7, 30.5, 5.5 ],
			"to": [ 7.5, 31, 6 ],
			"faces": {
				"up": { "uv": [ 15.3125, 14.1875, 15.375, 14.125 ], "texture": "#door_frame" },
				"north": { "uv": [ 15.4375, 14.125, 15.375, 14.1875 ], "texture": "#door_frame" },
				"south": { "uv": [ 15.5625, 14.125, 15.625, 14.1875 ], "texture": "#door_frame" },
				"east": { "uv": [ 15.75, 14.125, 15.6875, 14.1875 ], "texture": "#door_frame" }
			}
		},
		{
			"__comment": "Voxels",
			"from": [ 7.5, -14.5, -11.5 ],
			"to": [ 9.5, -14, -11 ],
			"faces": {
				"down": { "uv": [ 15.625, 14.6875, 15.875, 14.75 ], "texture": "#door_frame" },
				"south": { "uv": [ 14.75, 14.625, 15, 14.6875 ], "texture": "#door_frame" },
				"east": { "uv": [ 14.4375, 14.0625, 14.375, 14.125 ], "texture": "#door_frame" }
			}
		},
		{
			"__comment": "Voxels",
			"from": [ 7.5, -14.5, 27 ],
			"to": [ 9.5, 20, 28 ],
			"faces": {
				"down": { "uv": [ 4.5625, 8, 4.8125, 8.125 ], "texture": "#door_frame" },
				"north": { "uv": [ 6.875, 9.8125, 6.625, 14.125 ], "texture": "#door_frame" },
				"south": { "uv": [ 6.875, 9.8125, 7.125, 14.125 ], "texture": "#door_frame" },
				"east": { "uv": [ 7.625, 9.8125, 7.5, 14.125 ], "texture": "#door_frame" }
			}
		},
		{
			"__comment": "Voxels",
			"from": [ 7.5, -13.5, -11 ],
			"to": [ 9, -13, 27 ],
			"faces": {
				"down": { "uv": [ 7.8125, 9.875, 8, 14.625 ], "texture": "#door_frame" },
				"up": { "uv": [ 8, 14.625, 8.1875, 9.875 ], "texture": "#door_frame" },
				"east": { "uv": [ 14.1875, 14.25, 9.4375, 14.3125 ], "texture": "#door_frame" }
			}
		},
		{
			"__comment": "Voxels",
			"from": [ 7.5, 19.5, -10.5 ],
			"to": [ 8.5, 20, 26.5 ],
			"faces": {
				"down": { "uv": [ 8.5625, 10, 8.6875, 14.625 ], "texture": "#door_frame" },
				"west": { "uv": [ 9.4375, 14.0625, 14.0625, 14.125 ], "texture": "#door_frame" },
				"east": { "uv": [ 14.0625, 14.125, 9.4375, 14.1875 ], "texture": "#door_frame" }
			}
		},
		{
			"__comment": "Voxels",
			"from": [ 8.5, -15, -11.5 ],
			"to": [ 9.5, -14.5, -11 ],
			"faces": {
				"south": { "uv": [ 15.5625, 14.25, 15.6875, 14.3125 ], "texture": "#door_frame" },
				"west": { "uv": [ 14.5, 14, 14.5625, 14.0625 ], "texture": "#door_frame" },
				"east": { "uv": [ 14.625, 14, 14.5625, 14.0625 ], "texture": "#door_frame" }
			}
		},
		{
			"__comment": "Voxels",
			"from": [ 8.5, -15, 27 ],
			"to": [ 9.5, -14.5, 27.5 ],
			"faces": {
				"north": { "uv": [ 14.3125, 14.1875, 14.1875, 14.25 ], "texture": "#door_frame" },
				"south": { "uv": [ 14.3125, 14.1875, 14.4375, 14.25 ], "texture": "#door_frame" },
				"west": { "uv": [ 15, 14, 15.0625, 14.0625 ], "texture": "#door_frame" },
				"east": { "uv": [ 15.125, 14, 15.0625, 14.0625 ], "texture": "#door_frame" }
			}
		},
		{
			"__comment": "Voxels",
			"from": [ 8.5, -14.5, -11 ],
			"to": [ 9.5, -14, 27 ],
			"faces": {
				"down": { "uv": [ 8.1875, 9.875, 8.3125, 14.625 ], "texture": "#door_frame" },
				"up": { "uv": [ 8.3125, 14.625, 8.4375, 9.875 ], "texture": "#door_frame" },
				"west": { "uv": [ 9.25, 14.5, 14, 14.5625 ], "texture": "#door_frame" },
				"east": { "uv": [ 15.875, 15.75, 11.125, 15.8125 ], "texture": "#door_frame" }
			}
		},
		{
			"__comment": "Voxels",
			"from": [ 8.5, -14, -11 ],
			"to": [ 9, -13.5, 27 ],
			"faces": {
				"west": { "uv": [ 11.125, 15.5, 15.875, 15.5625 ], "texture": "#door_frame" },
				"east": { "uv": [ 14, 14.3125, 9.25, 14.375 ], "texture": "#door_frame" }
			}
		},
		{
			"__comment": "Voxels",
			"from": [ 8.5, 22.5, -13.5 ],
			"to": [ 9, 30.5, 29.5 ],
			"faces": {
				"down": { "uv": [ 9.0625, 9.4375, 9.125, 14.8125 ], "texture": "#door_frame" },
				"up": { "uv": [ 9, 14.8125, 9.0625, 9.4375 ], "texture": "#door_frame" },
				"north": { "uv": [ 9.8125, 11, 9.75, 12 ], "texture": "#door_frame" },
				"south": { "uv": [ 9.8125, 12, 9.875, 13 ], "texture": "#door_frame" },
				"west": { "uv": [ 0, 14, 5.375, 15 ], "texture": "#door_frame" },
				"east": { "uv": [ 5.375, 15, 0, 16 ], "texture": "#door_frame" }
			}
		},
		{
			"__comment": "Voxels",
			"from": [ 9, -15, -11 ],
			"to": [ 9.5, -14.5, 27 ],
			"faces": {
				"west": { "uv": [ 9.25, 14.375, 14, 14.4375 ], "texture": "#door_frame" },
				"east": { "uv": [ 14, 14.4375, 9.25, 14.5 ], "texture": "#door_frame" }
			}
		},
		{
			"__comment": "Voxels",
			"from": [ 9, -15, 27.5 ],
			"to": [ 9.5, -14.5, 28 ],
			"faces": {
				"west": { "uv": [ 14.375, 13.5, 14.4375, 13.5625 ], "texture": "#door_frame" },
				"east": { "uv": [ 14.5, 13.5625, 14.4375, 13.625 ], "texture": "#door_frame" }
			}
		},
		{
			"__comment": "Voxels",
			"from": [ 9, 22.5, -12.5 ],
			"to": [ 9.5, 28, 1 ],
			"faces": {
				"down": { "uv": [ 9.4375, 8.3125, 9.5, 10 ], "texture": "#door_frame" },
				"up": { "uv": [ 9.5, 10, 9.5625, 8.3125 ], "texture": "#door_frame" },
				"north": { "uv": [ 10.3125, 12.25, 10.25, 12.9375 ], "texture": "#door_frame" },
				"south": { "uv": [ 10.25, 12.9375, 10.3125, 13.625 ], "texture": "#door_frame" },
				"east": { "uv": [ 7.8125, 14.125, 6.125, 14.8125 ], "texture": "#door_frame" }
			}
		},
		{
			"__comment": "Voxels",
			"from": [ 9, 22.5, 1 ],
			"to": [ 9.5, 27.5, 7 ],
			"faces": {
				"up": { "uv": [ 10.125, 10.5, 10.1875, 9.75 ], "texture": "#door_frame" },
				"south": { "uv": [ 3.9375, 8.125, 4, 8.75 ], "texture": "#door_frame" },
				"east": { "uv": [ 5.0625, 8.125, 4.3125, 8.75 ], "texture": "#door_frame" }
			}
		},
		{
			"__comment": "Voxels",
			"from": [ 9, 22.5, 7 ],
			"to": [ 9.5, 23, 7.5 ],
			"faces": {
				"up": { "uv": [ 15.5625, 13.5625, 15.625, 13.5 ], "texture": "#door_frame" },
				"south": { "uv": [ 15.75, 13.5, 15.8125, 13.5625 ], "texture": "#door_frame" },
				"east": { "uv": [ 7.6875, 9.6875, 7.625, 9.75 ], "texture": "#door_frame" }
			}
		},
		{
			"__comment": "Voxels",
			"from": [ 9, 22.5, 8.5 ],
			"to": [ 9.5, 23, 26 ],
			"faces": {
				"up": { "uv": [ 7.75, 14.125, 7.8125, 11.9375 ], "texture": "#door_frame" },
				"north": { "uv": [ 16, 14.3125, 15.9375, 14.375 ], "texture": "#door_frame" },
				"south": { "uv": [ 15.9375, 14.25, 16, 14.3125 ], "texture": "#door_frame" },
				"east": { "uv": [ 13.8125, 14, 11.625, 14.0625 ], "texture": "#door_frame" }
			}
		},
		{
			"__comment": "Voxels",
			"from": [ 9, 23, 9 ],
			"to": [ 9.5, 30.5, 16 ],
			"faces": {
				"up": { "uv": [ 10, 11.25, 10.0625, 10.375 ], "texture": "#door_frame" },
				"north": { "uv": [ 10.0625, 12.125, 10, 13.0625 ], "texture": "#door_frame" },
				"south": { "uv": [ 10, 13.0625, 10.0625, 14 ], "texture": "#door_frame" },
				"east": { "uv": [ 8.6875, 8, 7.8125, 8.9375 ], "texture": "#door_frame" }
			}
		},
		{
			"__comment": "Voxels",
			"from": [ 9, 23, 16 ],
			"to": [ 9.5, 30, 25.5 ],
			"faces": {
				"up": { "uv": [ 9.25, 9.5625, 9.3125, 8.375 ], "texture": "#door_frame" },
				"south": { "uv": [ 10, 11.25, 10.0625, 12.125 ], "texture": "#door_frame" },
				"east": { "uv": [ 9, 14.625, 7.8125, 15.5 ], "texture": "#door_frame" }
			}
		},
		{
			"__comment": "Voxels",
			"from": [ 9, 24, 25.5 ],
			"to": [ 9.5, 30, 26 ],
			"faces": {
				"down": { "uv": [ 14.1875, 14.0625, 14.25, 14.125 ], "texture": "#door_frame" },
				"up": { "uv": [ 14.25, 14.125, 14.3125, 14.0625 ], "texture": "#door_frame" },
				"south": { "uv": [ 10.1875, 8.75, 10.25, 9.5 ], "texture": "#door_frame" },
				"east": { "uv": [ 10.125, 8.75, 10.0625, 9.5 ], "texture": "#door_frame" }
			}
		},
		{
			"__comment": "Voxels",
			"from": [ 9, 27.5, 1.5 ],
			"to": [ 9.5, 30.5, 3 ],
			"faces": {
				"up": { "uv": [ 13.0625, 13.5, 13.125, 13.3125 ], "texture": "#door_frame" },
				"north": { "uv": [ 13.4375, 13.625, 13.375, 14 ], "texture": "#door_frame" },
				"south": { "uv": [ 13.3125, 13.625, 13.375, 14 ], "texture": "#door_frame" },
				"east": { "uv": [ 9.75, 13.25, 9.5625, 13.625 ], "texture": "#door_frame" }
			}
		},
		{
			"__comment": "Voxels",
			"from": [ 9, 27.5, 3 ],
			"to": [ 9.5, 28, 7 ],
			"faces": {
				"up": { "uv": [ 10.375, 13.125, 10.4375, 12.625 ], "texture": "#door_frame" },
				"south": { "uv": [ 15.5, 14.0625, 15.5625, 14.125 ], "texture": "#door_frame" },
				"east": { "uv": [ 14.625, 14.875, 14.125, 14.9375 ], "texture": "#door_frame" }
			}
		},
		{
			"__comment": "Voxels",
			"from": [ 9, 28, -12 ],
			"to": [ 9.5, 30.5, -10.5 ],
			"faces": {
				"up": { "uv": [ 13.1875, 13.5, 13.25, 13.3125 ], "texture": "#door_frame" },
				"north": { "uv": [ 15, 13.6875, 14.9375, 14 ], "texture": "#door_frame" },
				"south": { "uv": [ 15, 13.6875, 15.0625, 14 ], "texture": "#door_frame" },
				"east": { "uv": [ 9.9375, 10.375, 9.75, 10.6875 ], "texture": "#door_frame" }
			}
		},
		{
			"__comment": "Voxels",
			"from": [ 9, 28, -10.5 ],
			"to": [ 9.5, 30, -1 ],
			"faces": {
				"up": { "uv": [ 9.0625, 9.4375, 9.125, 8.25 ], "texture": "#door_frame" },
				"south": { "uv": [ 15.5625, 13.75, 15.625, 14 ], "texture": "#door_frame" },
				"east": { "uv": [ 15.125, 15.25, 13.9375, 15.5 ], "texture": "#door_frame" }
			}
		},
		{
			"__comment": "Voxels",
			"from": [ 9, 28, -0.5 ],
			"to": [ 9.5, 30.5, 1 ],
			"faces": {
				"up": { "uv": [ 15.0625, 15.25, 15.125, 15.0625 ], "texture": "#door_frame" },
				"north": { "uv": [ 15.1875, 13.6875, 15.125, 14 ], "texture": "#door_frame" },
				"south": { "uv": [ 15.1875, 13.6875, 15.25, 14 ], "texture": "#door_frame" },
				"east": { "uv": [ 10.25, 13.0625, 10.0625, 13.375 ], "texture": "#door_frame" }
			}
		},
		{
			"__comment": "Voxels",
			"from": [ 9, 28, 3.5 ],
			"to": [ 9.5, 30.5, 5 ],
			"faces": {
				"up": { "uv": [ 10.5, 10, 10.5625, 9.8125 ], "texture": "#door_frame" },
				"north": { "uv": [ 15.3125, 13.6875, 15.25, 14 ], "texture": "#door_frame" },
				"south": { "uv": [ 9.9375, 10.6875, 10, 11 ], "texture": "#door_frame" },
				"east": { "uv": [ 9.75, 8.125, 9.5625, 8.4375 ], "texture": "#door_frame" }
			}
		},
		{
			"__comment": "Voxels",
			"from": [ 9, 28, 5 ],
			"to": [ 9.5, 30, 7 ],
			"faces": {
				"up": { "uv": [ 15.75, 14, 15.8125, 13.75 ], "texture": "#door_frame" },
				"south": { "uv": [ 15.875, 13.75, 15.9375, 14 ], "texture": "#door_frame" },
				"east": { "uv": [ 10, 13.25, 9.75, 13.5 ], "texture": "#door_frame" }
			}
		},
		{
			"__comment": "Voxels",
			"from": [ 9, 28.5, -1 ],
			"to": [ 9.5, 30, -0.5 ],
			"faces": {
				"down": { "uv": [ 11.125, 13.625, 11.1875, 13.6875 ], "texture": "#door_frame" },
				"up": { "uv": [ 11.1875, 13.6875, 11.25, 13.625 ], "texture": "#door_frame" },
				"east": { "uv": [ 10.5625, 8.3125, 10.5, 8.5 ], "texture": "#door_frame" }
			}
		},
		{
			"__comment": "Voxels",
			"from": [ 9, 28.5, 1 ],
			"to": [ 9.5, 30, 1.5 ],
			"faces": {
				"down": { "uv": [ 14.625, 13.625, 14.6875, 13.6875 ], "texture": "#door_frame" },
				"up": { "uv": [ 14.6875, 13.6875, 14.75, 13.625 ], "texture": "#door_frame" },
				"east": { "uv": [ 10.625, 12.9375, 10.5625, 13.125 ], "texture": "#door_frame" }
			}
		},
		{
			"__comment": "Voxels",
			"from": [ 9, 28.5, 3 ],
			"to": [ 9.5, 30, 3.5 ],
			"faces": {
				"down": { "uv": [ 15.125, 13.625, 15.1875, 13.6875 ], "texture": "#door_frame" },
				"up": { "uv": [ 15.1875, 13.6875, 15.25, 13.625 ], "texture": "#door_frame" },
				"east": { "uv": [ 10.625, 12.1875, 10.5625, 12.375 ], "texture": "#door_frame" }
			}
		},
		{
			"__comment": "Voxels",
			"from": [ 9, 28.5, 7 ],
			"to": [ 9.5, 30, 9 ],
			"faces": {
				"down": { "uv": [ 15.9375, 13.75, 16, 14 ], "texture": "#door_frame" },
				"up": { "uv": [ 10.5, 11.875, 10.5625, 11.625 ], "texture": "#door_frame" },
				"east": { "uv": [ 4.25, 8, 4, 8.1875 ], "texture": "#door_frame" }
			}
		},
		{
			"__comment": "Voxels",
			"from": [ 9, 29.5, 26 ],
			"to": [ 9.5, 30, 26.5 ],
			"faces": {
				"down": { "uv": [ 14.4375, 13.5, 14.5, 13.5625 ], "texture": "#door_frame" },
				"up": { "uv": [ 14.5, 13.625, 14.5625, 13.5625 ], "texture": "#door_frame" },
				"south": { "uv": [ 14.625, 13.5625, 14.6875, 13.625 ], "texture": "#door_frame" },
				"east": { "uv": [ 15.625, 14, 15.5625, 14.0625 ], "texture": "#door_frame" }
			}
		},
		{
			"__comment": "Voxels",
			"from": [ 9, 30, -10 ],
			"to": [ 9.5, 30.5, -8.5 ],
			"faces": {
				"up": { "uv": [ 10.5625, 11.0625, 10.625, 10.875 ], "texture": "#door_frame" },
				"north": { "uv": [ 14.875, 13.5, 14.8125, 13.5625 ], "texture": "#door_frame" },
				"south": { "uv": [ 14.875, 13.5625, 14.9375, 13.625 ], "texture": "#door_frame" },
				"east": { "uv": [ 14.8125, 14.5625, 14.625, 14.625 ], "texture": "#door_frame" }
			}
		},
		{
			"__comment": "Voxels",
			"from": [ 9, 30, -8 ],
			"to": [ 9.5, 30.5, -5 ],
			"faces": {
				"up": { "uv": [ 12.5, 14, 12.5625, 13.625 ], "texture": "#door_frame" },
				"north": { "uv": [ 15.1875, 13.5, 15.125, 13.5625 ], "texture": "#door_frame" },
				"south": { "uv": [ 15.1875, 13.5625, 15.25, 13.625 ], "texture": "#door_frame" },
				"east": { "uv": [ 15.375, 14.8125, 15, 14.875 ], "texture": "#door_frame" }
			}
		},
		{
			"__comment": "Voxels",
			"from": [ 9, 30, -4.5 ],
			"to": [ 9.5, 30.5, -3 ],
			"faces": {
				"up": { "uv": [ 10.5625, 10.125, 10.625, 9.9375 ], "texture": "#door_frame" },
				"north": { "uv": [ 15.4375, 13.5, 15.375, 13.5625 ], "texture": "#door_frame" },
				"south": { "uv": [ 15.4375, 13.5625, 15.5, 13.625 ], "texture": "#door_frame" },
				"east": { "uv": [ 15.375, 14.5625, 15.1875, 14.625 ], "texture": "#door_frame" }
			}
		},
		{
			"__comment": "Voxels",
			"from": [ 9, 30, -2.5 ],
			"to": [ 9.5, 30.5, -1 ],
			"faces": {
				"up": { "uv": [ 10.5625, 9.75, 10.625, 9.5625 ], "texture": "#door_frame" },
				"north": { "uv": [ 15.75, 13.5, 15.6875, 13.5625 ], "texture": "#door_frame" },
				"south": { "uv": [ 15.75, 13.5625, 15.8125, 13.625 ], "texture": "#door_frame" },
				"east": { "uv": [ 15.75, 14.5625, 15.5625, 14.625 ], "texture": "#door_frame" }
			}
		},
		{
			"__comment": "Voxels",
			"from": [ 9, 30, 5.5 ],
			"to": [ 9.5, 30.5, 7 ],
			"faces": {
				"up": { "uv": [ 10.5625, 9.375, 10.625, 9.1875 ], "texture": "#door_frame" },
				"north": { "uv": [ 9.25, 8, 9.1875, 8.0625 ], "texture": "#door_frame" },
				"south": { "uv": [ 15.9375, 14.625, 16, 14.6875 ], "texture": "#door_frame" },
				"east": { "uv": [ 14.75, 14.5, 14.5625, 14.5625 ], "texture": "#door_frame" }
			}
		},
		{
			"__comment": "Voxels",
			"from": [ 9, 30, 16.5 ],
			"to": [ 10, 30.5, 17 ],
			"faces": {
				"down": { "uv": [ 15.4375, 14.1875, 15.5625, 14.25 ], "texture": "#door_frame" },
				"up": { "uv": [ 15.5625, 14.25, 15.6875, 14.1875 ], "texture": "#door_frame" },
				"north": { "uv": [ 15.8125, 14.1875, 15.6875, 14.25 ], "texture": "#door_frame" },
				"south": { "uv": [ 15.8125, 14.1875, 15.9375, 14.25 ], "texture": "#door_frame" },
				"east": { "uv": [ 15.0625, 14.125, 15, 14.1875 ], "texture": "#door_frame" }
			}
		},
		{
			"__comment": "Voxels",
			"from": [ 9, 30, 17 ],
			"to": [ 9.5, 30.5, 19.5 ],
			"faces": {
				"up": { "uv": [ 14.5, 14, 14.5625, 13.6875 ], "texture": "#door_frame" },
				"south": { "uv": [ 15.25, 14.125, 15.3125, 14.1875 ], "texture": "#door_frame" },
				"east": { "uv": [ 15.625, 14.6875, 15.3125, 14.75 ], "texture": "#door_frame" }
			}
		},
		{
			"__comment": "Voxels",
			"from": [ 9.5, 22.5, -11.5 ],
			"to": [ 10, 24, -11 ],
			"faces": {
				"up": { "uv": [ 15.5, 14.1875, 15.5625, 14.125 ], "texture": "#door_frame" },
				"north": { "uv": [ 10.625, 8.0625, 10.5625, 8.25 ], "texture": "#door_frame" },
				"south": { "uv": [ 10.625, 13.3125, 10.6875, 13.5 ], "texture": "#door_frame" },
				"east": { "uv": [ 10.8125, 13.3125, 10.75, 13.5 ], "texture": "#door_frame" }
			}
		},
		{
			"__comment": "Voxels",
			"from": [ 9.5, 22.5, -9.5 ],
			"to": [ 10, 24, -9 ],
			"faces": {
				"up": { "uv": [ 15.875, 14.1875, 15.9375, 14.125 ], "texture": "#door_frame" },
				"north": { "uv": [ 10.875, 13.3125, 10.8125, 13.5 ], "texture": "#door_frame" },
				"south": { "uv": [ 10.875, 13.3125, 10.9375, 13.5 ], "texture": "#door_frame" },
				"east": { "uv": [ 11.0625, 13.3125, 11, 13.5 ], "texture": "#door_frame" }
			}
		},
		{
			"__comment": "Voxels",
			"from": [ 9.5, 22.5, -8 ],
			"to": [ 10, 23.5, -7 ],
			"faces": {
				"up": { "uv": [ 15.9375, 14.9375, 16, 14.8125 ], "texture": "#door_frame" },
				"north": { "uv": [ 13.875, 13.625, 13.8125, 13.75 ], "texture": "#door_frame" },
				"south": { "uv": [ 15.5625, 13.625, 15.625, 13.75 ], "texture": "#door_frame" },
				"east": { "uv": [ 11.3125, 13.5, 11.1875, 13.625 ], "texture": "#door_frame" }
			}
		},
		{
			"__comment": "Voxels",
			"from": [ 9.5, 22.5, -6 ],
			"to": [ 10, 24, -5.5 ],
			"faces": {
				"up": { "uv": [ 14.6875, 14.125, 14.75, 14.0625 ], "texture": "#door_frame" },
				"north": { "uv": [ 11.25, 13.3125, 11.1875, 13.5 ], "texture": "#door_frame" },
				"south": { "uv": [ 11.25, 13.3125, 11.3125, 13.5 ], "texture": "#door_frame" },
				"east": { "uv": [ 11.4375, 13.3125, 11.375, 13.5 ], "texture": "#door_frame" }
			}
		},
		{
			"__comment": "Voxels",
			"from": [ 9.5, 22.5, -5.5 ],
			"to": [ 10, 23.5, -5 ],
			"faces": {
				"up": { "uv": [ 15.0625, 14.125, 15.125, 14.0625 ], "texture": "#door_frame" },
				"south": { "uv": [ 15.6875, 13.625, 15.75, 13.75 ], "texture": "#door_frame" },
				"east": { "uv": [ 16, 13.625, 15.9375, 13.75 ], "texture": "#door_frame" }
			}
		},
		{
			"__comment": "Voxels",
			"from": [ 9.5, 22.5, -4 ],
			"to": [ 10, 24, -3.5 ],
			"faces": {
				"up": { "uv": [ 15.4375, 14.125, 15.5, 14.0625 ], "texture": "#door_frame" },
				"north": { "uv": [ 11.5, 13.3125, 11.4375, 13.5 ], "texture": "#door_frame" },
				"south": { "uv": [ 11.5, 13.3125, 11.5625, 13.5 ], "texture": "#door_frame" },
				"east": { "uv": [ 11.6875, 13.3125, 11.625, 13.5 ], "texture": "#door_frame" }
			}
		},
		{
			"__comment": "Voxels",
			"from": [ 9.5, 22.5, -2 ],
			"to": [ 10, 24, -1.5 ],
			"faces": {
				"up": { "uv": [ 15.8125, 14.125, 15.875, 14.0625 ], "texture": "#door_frame" },
				"north": { "uv": [ 11.75, 13.3125, 11.6875, 13.5 ], "texture": "#door_frame" },
				"south": { "uv": [ 11.75, 13.3125, 11.8125, 13.5 ], "texture": "#door_frame" },
				"east": { "uv": [ 11.9375, 13.3125, 11.875, 13.5 ], "texture": "#door_frame" }
			}
		},
		{
			"__comment": "Voxels",
			"from": [ 9.5, 22.5, 0 ],
			"to": [ 10, 24, 0.5 ],
			"faces": {
				"up": { "uv": [ 14, 14.0625, 14.0625, 14 ], "texture": "#door_frame" },
				"north": { "uv": [ 12, 13.3125, 11.9375, 13.5 ], "texture": "#door_frame" },
				"south": { "uv": [ 12, 13.3125, 12.0625, 13.5 ], "texture": "#door_frame" },
				"east": { "uv": [ 12.1875, 13.3125, 12.125, 13.5 ], "texture": "#door_frame" }
			}
		},
		{
			"__comment": "Voxels",
			"from": [ 9.5, 22.5, 2 ],
			"to": [ 10, 24, 2.5 ],
			"faces": {
				"up": { "uv": [ 14.375, 14.0625, 14.4375, 14 ], "texture": "#door_frame" },
				"north": { "uv": [ 12.25, 13.3125, 12.1875, 13.5 ], "texture": "#door_frame" },
				"south": { "uv": [ 12.25, 13.3125, 12.3125, 13.5 ], "texture": "#door_frame" },
				"east": { "uv": [ 12.4375, 13.3125, 12.375, 13.5 ], "texture": "#door_frame" }
			}
		},
		{
			"__comment": "Voxels",
			"from": [ 9.5, 22.5, 4 ],
			"to": [ 10, 24, 4.5 ],
			"faces": {
				"up": { "uv": [ 14.75, 14.0625, 14.8125, 14 ], "texture": "#door_frame" },
				"north": { "uv": [ 12.5, 13.3125, 12.4375, 13.5 ], "texture": "#door_frame" },
				"south": { "uv": [ 12.5, 13.3125, 12.5625, 13.5 ], "texture": "#door_frame" },
				"east": { "uv": [ 12.6875, 13.3125, 12.625, 13.5 ], "texture": "#door_frame" }
			}
		},
		{
			"__comment": "Voxels",
			"from": [ 9.5, 22.5, 5.5 ],
			"to": [ 10, 23, 6.5 ],
			"faces": {
				"up": { "uv": [ 12.125, 13.625, 12.1875, 13.5 ], "texture": "#door_frame" },
				"north": { "uv": [ 15.25, 14, 15.1875, 14.0625 ], "texture": "#door_frame" },
				"south": { "uv": [ 15.25, 14, 15.3125, 14.0625 ], "texture": "#door_frame" },
				"east": { "uv": [ 14.4375, 14.25, 14.3125, 14.3125 ], "texture": "#door_frame" }
			}
		},
		{
			"__comment": "Voxels",
			"from": [ 9.5, 23, 6 ],
			"to": [ 10, 24, 6.5 ],
			"faces": {
				"up": { "uv": [ 15.5, 14.0625, 15.5625, 14 ], "texture": "#door_frame" },
				"north": { "uv": [ 12.6875, 13.5, 12.625, 13.625 ], "texture": "#door_frame" },
				"south": { "uv": [ 12.1875, 13.5, 12.25, 13.625 ], "texture": "#door_frame" },
				"east": { "uv": [ 12.375, 13.5, 12.3125, 13.625 ], "texture": "#door_frame" }
			}
		},
		{
			"__comment": "Voxels",
			"from": [ 9.5, 23.5, -7.5 ],
			"to": [ 10, 24, -7 ],
			"faces": {
				"up": { "uv": [ 15.875, 14.0625, 15.9375, 14 ], "texture": "#door_frame" },
				"north": { "uv": [ 16, 14, 15.9375, 14.0625 ], "texture": "#door_frame" },
				"south": { "uv": [ 9.875, 12, 9.9375, 12.0625 ], "texture": "#door_frame" },
				"east": { "uv": [ 9.875, 11, 9.8125, 11.0625 ], "texture": "#door_frame" }
			}
		},
		{
			"__comment": "Voxels",
			"from": [ 9.5, 26, 21.5 ],
			"to": [ 10, 30, 22 ],
			"faces": {
				"down": { "uv": [ 9.875, 11, 9.9375, 11.0625 ], "texture": "#door_frame" },
				"up": { "uv": [ 9.9375, 11.0625, 10, 11 ], "texture": "#door_frame" },
				"north": { "uv": [ 10.3125, 8.625, 10.25, 9.125 ], "texture": "#door_frame" },
				"south": { "uv": [ 10.25, 10.125, 10.3125, 10.625 ], "texture": "#door_frame" },
				"east": { "uv": [ 10.3125, 11.125, 10.25, 11.625 ], "texture": "#door_frame" }
			}
		},
		{
			"__comment": "Voxels",
			"from": [ 9.5, 26, 24 ],
			"to": [ 10, 30, 24.5 ],
			"faces": {
				"down": { "uv": [ 10.875, 13.625, 10.9375, 13.6875 ], "texture": "#door_frame" },
				"up": { "uv": [ 10.9375, 13.6875, 11, 13.625 ], "texture": "#door_frame" },
				"north": { "uv": [ 9.75, 8.4375, 9.6875, 8.9375 ], "texture": "#door_frame" },
				"south": { "uv": [ 10.375, 10.125, 10.4375, 10.625 ], "texture": "#door_frame" },
				"east": { "uv": [ 10.4375, 10.625, 10.375, 11.125 ], "texture": "#door_frame" }
			}
		},
		{
			"__comment": "Voxels",
			"from": [ 9.5, 26.5, 10 ],
			"to": [ 10, 30.5, 10.5 ],
			"faces": {
				"down": { "uv": [ 11.25, 13.625, 11.3125, 13.6875 ], "texture": "#door_frame" },
				"up": { "uv": [ 11.3125, 13.6875, 11.375, 13.625 ], "texture": "#door_frame" },
				"north": { "uv": [ 10.4375, 11.125, 10.375, 11.625 ], "texture": "#door_frame" },
				"south": { "uv": [ 10.375, 11.625, 10.4375, 12.125 ], "texture": "#door_frame" },
				"east": { "uv": [ 10.4375, 13.125, 10.375, 13.625 ], "texture": "#door_frame" }
			}
		},
		{
			"__comment": "Voxels",
			"from": [ 9.5, 26.5, 13 ],
			"to": [ 10, 30.5, 13.5 ],
			"faces": {
				"down": { "uv": [ 14.5, 13.625, 14.5625, 13.6875 ], "texture": "#door_frame" },
				"up": { "uv": [ 14.5625, 13.6875, 14.625, 13.625 ], "texture": "#door_frame" },
				"north": { "uv": [ 10.375, 8.125, 10.3125, 8.625 ], "texture": "#door_frame" },
				"south": { "uv": [ 10.3125, 8.625, 10.375, 9.125 ], "texture": "#door_frame" },
				"east": { "uv": [ 10.4375, 9.625, 10.375, 10.125 ], "texture": "#door_frame" }
			}
		},
		{
			"__comment": "Voxels",
			"from": [ 9.5, 26.5, 16 ],
			"to": [ 10, 30.5, 16.5 ],
			"faces": {
				"down": { "uv": [ 14.875, 13.625, 14.9375, 13.6875 ], "texture": "#door_frame" },
				"up": { "uv": [ 14.9375, 13.6875, 15, 13.625 ], "texture": "#door_frame" },
				"north": { "uv": [ 10.4375, 9.125, 10.375, 9.625 ], "texture": "#door_frame" },
				"south": { "uv": [ 10.375, 8.625, 10.4375, 9.125 ], "texture": "#door_frame" },
				"west": { "uv": [ 10.375, 8.125, 10.4375, 8.625 ], "texture": "#door_frame" },
				"east": { "uv": [ 10.5, 13.125, 10.4375, 13.625 ], "texture": "#door_frame" }
			}
		},
		{
			"__comment": "Voxels",
			"from": [ 9.5, 26.5, 18.5 ],
			"to": [ 10, 30.5, 19 ],
			"faces": {
				"down": { "uv": [ 15.25, 13.625, 15.3125, 13.6875 ], "texture": "#door_frame" },
				"up": { "uv": [ 15.3125, 13.6875, 15.375, 13.625 ], "texture": "#door_frame" },
				"north": { "uv": [ 10.5, 12.625, 10.4375, 13.125 ], "texture": "#door_frame" },
				"south": { "uv": [ 10.3125, 12.625, 10.375, 13.125 ], "texture": "#door_frame" },
				"west": { "uv": [ 7.75, 8, 7.8125, 8.5 ], "texture": "#door_frame" },
				"east": { "uv": [ 10.5, 12.125, 10.4375, 12.625 ], "texture": "#door_frame" }
			}
		},
		{
			"__comment": "Voxels",
			"from": [ 9.5, 26.5, 24.5 ],
			"to": [ 10, 30, 25 ],
			"faces": {
				"down": { "uv": [ 14.125, 13.5, 14.1875, 13.5625 ], "texture": "#door_frame" },
				"up": { "uv": [ 14.1875, 13.625, 14.25, 13.5625 ], "texture": "#door_frame" },
				"south": { "uv": [ 10.4375, 10.8125, 10.5, 11.25 ], "texture": "#door_frame" },
				"east": { "uv": [ 10.5, 9.9375, 10.4375, 10.375 ], "texture": "#door_frame" }
			}
		},
		{
			"__comment": "Voxels",
			"from": [ 9.5, 27, 10.5 ],
			"to": [ 10, 30.5, 11 ],
			"faces": {
				"down": { "uv": [ 14.3125, 13.5, 14.375, 13.5625 ], "texture": "#door_frame" },
				"up": { "uv": [ 14.375, 13.625, 14.4375, 13.5625 ], "texture": "#door_frame" },
				"south": { "uv": [ 10.4375, 9.0625, 10.5, 9.5 ], "texture": "#door_frame" },
				"east": { "uv": [ 10.5, 8.1875, 10.4375, 8.625 ], "texture": "#door_frame" }
			}
		},
		{
			"__comment": "Voxels",
			"from": [ 9.5, 27, 15.5 ],
			"to": [ 10, 30.5, 16 ],
			"faces": {
				"down": { "uv": [ 14.5, 13.5, 14.5625, 13.5625 ], "texture": "#door_frame" },
				"up": { "uv": [ 14.5625, 13.625, 14.625, 13.5625 ], "texture": "#door_frame" },
				"north": { "uv": [ 10.5625, 13.1875, 10.5, 13.625 ], "texture": "#door_frame" },
				"east": { "uv": [ 10.5625, 11.875, 10.5, 12.3125 ], "texture": "#door_frame" }
			}
		},
		{
			"__comment": "Voxels",
			"from": [ 9.5, 27.5, 19 ],
			"to": [ 10, 30.5, 19.5 ],
			"faces": {
				"down": { "uv": [ 14.6875, 13.5, 14.75, 13.5625 ], "texture": "#door_frame" },
				"up": { "uv": [ 14.75, 13.625, 14.8125, 13.5625 ], "texture": "#door_frame" },
				"south": { "uv": [ 14.3125, 13.625, 14.375, 14 ], "texture": "#door_frame" },
				"west": { "uv": [ 14.375, 13.625, 14.4375, 14 ], "texture": "#door_frame" },
				"east": { "uv": [ 14.5, 13.625, 14.4375, 14 ], "texture": "#door_frame" }
			}
		},
		{
			"__comment": "Voxels",
			"from": [ 9.5, 28, 13.5 ],
			"to": [ 10, 30.5, 14 ],
			"faces": {
				"down": { "uv": [ 14.875, 13.5, 14.9375, 13.5625 ], "texture": "#door_frame" },
				"up": { "uv": [ 14.9375, 13.625, 15, 13.5625 ], "texture": "#door_frame" },
				"south": { "uv": [ 15.375, 13.6875, 15.4375, 14 ], "texture": "#door_frame" },
				"east": { "uv": [ 15.5625, 13.6875, 15.5, 14 ], "texture": "#door_frame" }
			}
		},
		{
			"__comment": "Voxels",
			"from": [ 9.5, 28, 21 ],
			"to": [ 10, 30, 21.5 ],
			"faces": {
				"down": { "uv": [ 15.0625, 13.5, 15.125, 13.5625 ], "texture": "#door_frame" },
				"up": { "uv": [ 15.125, 13.625, 15.1875, 13.5625 ], "texture": "#door_frame" },
				"north": { "uv": [ 10.5625, 11.125, 10.5, 11.375 ], "texture": "#door_frame" },
				"east": { "uv": [ 10.5625, 10.375, 10.5, 10.625 ], "texture": "#door_frame" }
			}
		},
		{
			"__comment": "Voxels",
			"from": [ 9.5, 28.5, 22 ],
			"to": [ 10, 30, 22.5 ],
			"faces": {
				"down": { "uv": [ 15.25, 13.5, 15.3125, 13.5625 ], "texture": "#door_frame" },
				"up": { "uv": [ 15.3125, 13.625, 15.375, 13.5625 ], "texture": "#door_frame" },
				"south": { "uv": [ 13.6875, 13.3125, 13.75, 13.5 ], "texture": "#door_frame" },
				"east": { "uv": [ 13.875, 13.3125, 13.8125, 13.5 ], "texture": "#door_frame" }
			}
		},
		{
			"__comment": "Voxels",
			"from": [ 9.5, 29, 16.5 ],
			"to": [ 10, 30, 17 ],
			"faces": {
				"down": { "uv": [ 15.4375, 13.5, 15.5, 13.5625 ], "texture": "#door_frame" },
				"south": { "uv": [ 13.6875, 13.5, 13.75, 13.625 ], "texture": "#door_frame" },
				"east": { "uv": [ 13.875, 13.5, 13.8125, 13.625 ], "texture": "#door_frame" }
			}
		},
		{
			"__comment": "Voxels",
			"from": [ 9.5, 29.5, 12.5 ],
			"to": [ 10, 30.5, 13 ],
			"faces": {
				"down": { "uv": [ 15.625, 13.5, 15.6875, 13.5625 ], "texture": "#door_frame" },
				"up": { "uv": [ 15.6875, 13.625, 15.75, 13.5625 ], "texture": "#door_frame" },
				"north": { "uv": [ 13.9375, 13.5, 13.875, 13.625 ], "texture": "#door_frame" },
				"east": { "uv": [ 14.125, 13.5, 14.0625, 13.625 ], "texture": "#door_frame" }
			}
		},
		{
			"__comment": "Voxels",
			"from": [ 9.5, 29.5, 25 ],
			"to": [ 10, 30, 25.5 ],
			"faces": {
				"down": { "uv": [ 15.8125, 13.5, 15.875, 13.5625 ], "texture": "#door_frame" },
				"up": { "uv": [ 15.875, 13.625, 15.9375, 13.5625 ], "texture": "#door_frame" },
				"south": { "uv": [ 15.875, 13.5, 15.9375, 13.5625 ], "texture": "#door_frame" },
				"east": { "uv": [ 10.625, 8, 10.5625, 8.0625 ], "texture": "#door_frame" }
			}
		},
		{
			"__comment": "Voxels",
			"from": [ 9.5, 30, 11 ],
			"to": [ 10, 30.5, 11.5 ],
			"faces": {
				"down": { "uv": [ 13.875, 13.4375, 13.9375, 13.5 ], "texture": "#door_frame" },
				"up": { "uv": [ 13.875, 13.4375, 13.9375, 13.375 ], "texture": "#door_frame" },
				"south": { "uv": [ 13.9375, 13.4375, 14, 13.5 ], "texture": "#door_frame" },
				"east": { "uv": [ 14, 13.3125, 13.9375, 13.375 ], "texture": "#door_frame" }
			}
		}
	],
	"display": {
		"thirdperson_righthand": {
			"scale":  [ 0.2, 0.2, 0.2 ]
		},
		"firstperson_righthand": {
			"scale":  [ 0.2, 0.2, 0.2 ]
		},
		"gui": {
			"rotation":  [ 13, 38, 0 ],
			"translation":  [ 0, -4.173, 9.0434 ],
			"scale":  [ 0.5, 0.5, 0.5 ]
		},
		"head": {
			"rotation":  [ 0, -90, 0 ],
			"translation":  [ 0, -16.68, 0 ],
			"scale":  [ 1.8, 1.8, 1.8 ]
		},
		"ground": {
			"scale":  [ 0.2, 0.2, 0.2 ]
		}
	}
}