{
	"__comment": "Designed by DevastMc",
	"ambientocclusion": false,
	"textures": {
		"texture": "gui/buildmenu/redpreview"
	},
	"elements": [ 	 
		{
			"__comment": "Box1",
			"from": [ -16, -16, 0 ],
			"to": [ 32, 32, 16 ],
			"faces": {
				"down": { "uv": [ 0, 0, 16, 5.5 ], "texture": "#texture" },
				"up": { "uv": [ 0, 0, 16, 5.5 ], "texture": "#texture" },
				"north": { "uv": [ 0, 0, 16, 16 ], "texture": "#texture" },
				"south": { "uv": [ 0, 0, 16, 16 ], "texture": "#texture" },
				"west": { "uv": [ 0, 0, 5.5, 16 ], "texture": "#texture" },
				"east": { "uv": [ 0, 0, 5.5, 16 ], "texture": "#texture" }
			}
		}
	],
	"display": {
		"head": {
			"rotation":  [ 90, 0, 0 ],
			"translation":  [ 0, -34.08, 0 ],
			"scale":  [ 1.61, 1.61, 1.61 ]
		}
	}
}