{
	"__comment": "Designed by DevastMc",
	"textures": {
		"particle": "blocks/e_particle",
		"texture": "blocks/e_texture",
		"untitled3_atlas": "blocks/shelf_super"
	},
	"elements": [ 	 
		{
			"__comment": "Voxels",
			"from": [ 0, 0, -16 ],
			"to": [ 16, 2, 32 ],
			"faces": {
				"down": { "uv": [ 0, 13, 1, 16 ], "texture": "#untitled3_atlas" },
				"up": { "uv": [ 1, 16, 2, 13 ], "texture": "#untitled3_atlas" },
				"north": { "uv": [ 7.65625, 12.875, 6.65625, 13 ], "texture": "#untitled3_atlas" },
				"south": { "uv": [ 6.65625, 12.75, 7.65625, 12.875 ], "texture": "#untitled3_atlas" },
				"west": { "uv": [ 0.65625, 7, 3.65625, 7.125 ], "texture": "#untitled3_atlas" },
				"east": { "uv": [ 6.65625, 7, 3.65625, 7.125 ], "texture": "#untitled3_atlas" }
			}
		},
		{
			"__comment": "Voxels",
			"from": [ 2.5, 13.5, -15.5 ],
			"to": [ 16, 14, 31.5 ],
			"faces": {
				"down": { "uv": [ 2, 13.0625, 2.84375, 16 ], "texture": "#untitled3_atlas" },
				"up": { "uv": [ 2.84375, 16, 3.6875, 13.0625 ], "texture": "#untitled3_atlas" },
				"north": { "uv": [ 3.6875, 13, 2.84375, 13.03125 ], "texture": "#untitled3_atlas" },
				"south": { "uv": [ 2.84375, 13.03125, 3.6875, 13.0625 ], "texture": "#untitled3_atlas" },
				"west": { "uv": [ 0.65625, 6.75, 3.59375, 6.78125 ], "texture": "#untitled3_atlas" },
				"east": { "uv": [ 6.53125, 6.75, 3.59375, 6.78125 ], "texture": "#untitled3_atlas" }
			}
		},
		{
			"__comment": "Voxels",
			"from": [ 2.5, 26, -15.5 ],
			"to": [ 16, 26.5, 31.5 ],
			"faces": {
				"down": { "uv": [ 3.6875, 13.0625, 4.53125, 16 ], "texture": "#untitled3_atlas" },
				"up": { "uv": [ 4.53125, 16, 5.375, 13.0625 ], "texture": "#untitled3_atlas" },
				"north": { "uv": [ 2.84375, 13, 2, 13.03125 ], "texture": "#untitled3_atlas" },
				"south": { "uv": [ 2, 13.03125, 2.84375, 13.0625 ], "texture": "#untitled3_atlas" },
				"west": { "uv": [ 3.6875, 10.125, 6.625, 10.15625 ], "texture": "#untitled3_atlas" },
				"east": { "uv": [ 6.625, 10.09375, 3.6875, 10.125 ], "texture": "#untitled3_atlas" }
			}
		},
		{
			"__comment": "Voxels",
			"from": [ 3, 14, -15.5 ],
			"to": [ 16, 14.5, 31.5 ],
			"faces": {
				"up": { "uv": [ 6.1875, 16, 7, 13.0625 ], "texture": "#untitled3_atlas" },
				"north": { "uv": [ 5.34375, 13, 4.53125, 13.03125 ], "texture": "#untitled3_atlas" },
				"south": { "uv": [ 4.53125, 13.03125, 5.34375, 13.0625 ], "texture": "#untitled3_atlas" },
				"west": { "uv": [ 3.6875, 10.0625, 6.625, 10.09375 ], "texture": "#untitled3_atlas" },
				"east": { "uv": [ 3.59375, 6.96875, 0.65625, 7 ], "texture": "#untitled3_atlas" }
			}
		},
		{
			"__comment": "Voxels",
			"from": [ 3, 26.5, -15.5 ],
			"to": [ 16, 27, 31.5 ],
			"faces": {
				"up": { "uv": [ 0, 13, 0.8125, 10.0625 ], "texture": "#untitled3_atlas" },
				"north": { "uv": [ 4.5, 13, 3.6875, 13.03125 ], "texture": "#untitled3_atlas" },
				"south": { "uv": [ 3.6875, 13.03125, 4.5, 13.0625 ], "texture": "#untitled3_atlas" },
				"west": { "uv": [ 3.6875, 10.15625, 6.625, 10.1875 ], "texture": "#untitled3_atlas" },
				"east": { "uv": [ 6.53125, 6.96875, 3.59375, 7 ], "texture": "#untitled3_atlas" }
			}
		},
		{
			"__comment": "Voxels",
			"from": [ 4.5, 13, -15.5 ],
			"to": [ 16, 13.5, 31.5 ],
			"faces": {
				"down": { "uv": [ 0.8125, 10.0625, 1.53125, 13 ], "texture": "#untitled3_atlas" },
				"north": { "uv": [ 6.90625, 13, 6.1875, 13.03125 ], "texture": "#untitled3_atlas" },
				"south": { "uv": [ 6.1875, 13.03125, 6.90625, 13.0625 ], "texture": "#untitled3_atlas" },
				"west": { "uv": [ 0.65625, 6.9375, 3.59375, 6.96875 ], "texture": "#untitled3_atlas" },
				"east": { "uv": [ 6.53125, 6.9375, 3.59375, 6.96875 ], "texture": "#untitled3_atlas" }
			}
		},
		{
			"__comment": "Voxels",
			"from": [ 4.5, 25.5, -15.5 ],
			"to": [ 16, 26, 31.5 ],
			"faces": {
				"down": { "uv": [ 2.25, 10.0625, 2.96875, 13 ], "texture": "#untitled3_atlas" },
				"north": { "uv": [ 6.09375, 13, 5.375, 13.03125 ], "texture": "#untitled3_atlas" },
				"south": { "uv": [ 5.375, 13.03125, 6.09375, 13.0625 ], "texture": "#untitled3_atlas" },
				"west": { "uv": [ 0.65625, 6.90625, 3.59375, 6.9375 ], "texture": "#untitled3_atlas" },
				"east": { "uv": [ 6.53125, 6.90625, 3.59375, 6.9375 ], "texture": "#untitled3_atlas" }
			}
		},
		{
			"__comment": "Voxels",
			"from": [ 8.5, 12.5, -15.5 ],
			"to": [ 16, 13, 31.5 ],
			"faces": {
				"down": { "uv": [ 0, 7.125, 0.46875, 10.0625 ], "texture": "#untitled3_atlas" },
				"north": { "uv": [ 7.5, 12.6875, 7.03125, 12.71875 ], "texture": "#untitled3_atlas" },
				"south": { "uv": [ 7.03125, 12.71875, 7.5, 12.75 ], "texture": "#untitled3_atlas" },
				"west": { "uv": [ 3.59375, 6.78125, 6.53125, 6.8125 ], "texture": "#untitled3_atlas" },
				"east": { "uv": [ 3.59375, 6.78125, 0.65625, 6.8125 ], "texture": "#untitled3_atlas" }
			}
		},
		{
			"__comment": "Voxels",
			"from": [ 8.5, 25, -15.5 ],
			"to": [ 16, 25.5, 31.5 ],
			"faces": {
				"down": { "uv": [ 0, 1.25, 0.46875, 4.1875 ], "texture": "#untitled3_atlas" },
				"north": { "uv": [ 7.46875, 13.03125, 7, 13.0625 ], "texture": "#untitled3_atlas" },
				"south": { "uv": [ 7, 13, 7.46875, 13.03125 ], "texture": "#untitled3_atlas" },
				"west": { "uv": [ 0.65625, 6.875, 3.59375, 6.90625 ], "texture": "#untitled3_atlas" },
				"east": { "uv": [ 6.53125, 6.875, 3.59375, 6.90625 ], "texture": "#untitled3_atlas" }
			}
		},
		{
			"__comment": "Voxels",
			"from": [ 12.5, 12, -15.5 ],
			"to": [ 16, 12.5, 31.5 ],
			"faces": {
				"down": { "uv": [ 4.3125, 7.125, 4.53125, 10.0625 ], "texture": "#untitled3_atlas" },
				"north": { "uv": [ 7.875, 12.9375, 7.65625, 12.96875 ], "texture": "#untitled3_atlas" },
				"south": { "uv": [ 7.65625, 12.96875, 7.875, 13 ], "texture": "#untitled3_atlas" },
				"west": { "uv": [ 0.65625, 6.84375, 3.59375, 6.875 ], "texture": "#untitled3_atlas" },
				"east": { "uv": [ 6.53125, 6.84375, 3.59375, 6.875 ], "texture": "#untitled3_atlas" }
			}
		},
		{
			"__comment": "Voxels",
			"from": [ 12.5, 24.5, -15.5 ],
			"to": [ 16, 25, 31.5 ],
			"faces": {
				"down": { "uv": [ 4.09375, 7.125, 4.3125, 10.0625 ], "texture": "#untitled3_atlas" },
				"north": { "uv": [ 7.6875, 13.03125, 7.46875, 13.0625 ], "texture": "#untitled3_atlas" },
				"south": { "uv": [ 7.46875, 13, 7.6875, 13.03125 ], "texture": "#untitled3_atlas" },
				"west": { "uv": [ 0.65625, 6.8125, 3.59375, 6.84375 ], "texture": "#untitled3_atlas" },
				"east": { "uv": [ 6.53125, 6.8125, 3.59375, 6.84375 ], "texture": "#untitled3_atlas" }
			}
		},
		{
			"__comment": "Voxels",
			"from": [ 13, 2, -16 ],
			"to": [ 16, 32, -15.5 ],
			"faces": {
				"up": { "uv": [ 7.65625, 12.9375, 7.84375, 12.90625 ], "texture": "#untitled3_atlas" },
				"north": { "uv": [ 1.125, 7.875, 0.9375, 9.75 ], "texture": "#untitled3_atlas" },
				"south": { "uv": [ 1.125, 7.875, 1.3125, 9.75 ], "texture": "#untitled3_atlas" },
				"west": { "uv": [ 1.3125, 7.875, 1.34375, 9.75 ], "texture": "#untitled3_atlas" },
				"east": { "uv": [ 1.375, 7.875, 1.34375, 9.75 ], "texture": "#untitled3_atlas" }
			}
		},
		{
			"__comment": "Voxels",
			"from": [ 13, 2, -15.5 ],
			"to": [ 16, 12, 32 ],
			"faces": {
				"up": { "uv": [ 0.46875, 7.125, 0.65625, 4.15625 ], "texture": "#untitled3_atlas" },
				"south": { "uv": [ 7.03125, 11.75, 7.21875, 12.375 ], "texture": "#untitled3_atlas" },
				"west": { "uv": [ 3.6875, 11.75, 6.65625, 12.375 ], "texture": "#untitled3_atlas" },
				"east": { "uv": [ 6.65625, 12.375, 3.6875, 13 ], "texture": "#untitled3_atlas" }
			}
		},
		{
			"__comment": "Voxels",
			"from": [ 13, 12, 31.5 ],
			"to": [ 16, 32, 32 ],
			"faces": {
				"up": { "uv": [ 7.65625, 12.875, 7.84375, 12.84375 ], "texture": "#untitled3_atlas" },
				"north": { "uv": [ 7, 10.5, 6.8125, 11.75 ], "texture": "#untitled3_atlas" },
				"south": { "uv": [ 6.625, 10.5, 6.8125, 11.75 ], "texture": "#untitled3_atlas" },
				"west": { "uv": [ 7, 10.5, 7.03125, 11.75 ], "texture": "#untitled3_atlas" },
				"east": { "uv": [ 7.0625, 10.5, 7.03125, 11.75 ], "texture": "#untitled3_atlas" }
			}
		},
		{
			"__comment": "Voxels",
			"from": [ 13, 14.5, -15.5 ],
			"to": [ 16, 24.5, 31.5 ],
			"faces": {
				"west": { "uv": [ 3.6875, 10.5, 6.625, 11.125 ], "texture": "#untitled3_atlas" },
				"east": { "uv": [ 6.625, 11.125, 3.6875, 11.75 ], "texture": "#untitled3_atlas" }
			}
		},
		{
			"__comment": "Voxels",
			"from": [ 13, 27, -15.5 ],
			"to": [ 16, 32, 31.5 ],
			"faces": {
				"up": { "uv": [ 5.3125, 10.0625, 5.5, 7.125 ], "texture": "#untitled3_atlas" },
				"west": { "uv": [ 0.9375, 9.75, 3.875, 10.0625 ], "texture": "#untitled3_atlas" },
				"east": { "uv": [ 6.625, 10.1875, 3.6875, 10.5 ], "texture": "#untitled3_atlas" }
			}
		}
	],
	"display": {
		"thirdperson_righthand": {
			"scale":  [ 0.2, 0.2, 0.2 ]
		},
		"firstperson_righthand": {
			"scale":  [ 0.2, 0.2, 0.2 ]
		},
		"gui": {
			"rotation":  [ 13, 120, 0 ],
			"translation":  [ 0, -4.173, 9.0434 ],
			"scale":  [ 0.5, 0.5, 0.5 ]
		},
		"head": {
			"rotation":  [ 0, 0, 0 ],
			"translation":  [ 0, -30.68, 0 ],
			"scale":  [ 2, 2.5, 2 ]
		},
		"ground": {
			"scale":  [ 0.2, 0.2, 0.2 ]
		}
	}
}