{
	"__comment": "Designed by DevastMc",
	"textures": {
		"particle": "blocks/e_particle",
		"texture": "blocks/e_texture",
		"shelf_normal": "blocks/shelf_normal"
	},
	"elements": [ 	 
		{
			"__comment": "Voxels",
			"from": [ -14, -0.5, -1 ],
			"to": [ 30, 0.5, 17 ],
			"faces": {
				"down": { "uv": [ 0, 13.75, 5.5, 16 ], "texture": "#shelf_normal" },
				"up": { "uv": [ 5.5, 16, 11, 13.75 ], "texture": "#shelf_normal" },
				"north": { "uv": [ 11, 11.75, 5.5, 11.875 ], "texture": "#shelf_normal" },
				"south": { "uv": [ 5.5, 11.625, 11, 11.75 ], "texture": "#shelf_normal" },
				"west": { "uv": [ 11.125, 13.5, 13.375, 13.625 ], "texture": "#shelf_normal" },
				"east": { "uv": [ 13.375, 13.625, 11.125, 13.75 ], "texture": "#shelf_normal" }
			}
		},
		{
			"__comment": "Voxels",
			"from": [ -14, 0, -1.5 ],
			"to": [ 30, 0.5, -1 ],
			"faces": {
				"down": { "uv": [ 5.5, 9.375, 11, 9.4375 ], "texture": "#shelf_normal" },
				"up": { "uv": [ 5.5, 9.375, 11, 9.3125 ], "texture": "#shelf_normal" },
				"north": { "uv": [ 11, 9.25, 5.5, 9.3125 ], "texture": "#shelf_normal" },
				"west": { "uv": [ 14.0625, 13.75, 14.125, 13.8125 ], "texture": "#shelf_normal" },
				"east": { "uv": [ 14, 13.75, 13.9375, 13.8125 ], "texture": "#shelf_normal" }
			}
		},
		{
			"__comment": "Voxels",
			"from": [ -14, 0, 17 ],
			"to": [ 30, 0.5, 17.5 ],
			"faces": {
				"down": { "uv": [ 5.5, 9.125, 11, 9.1875 ], "texture": "#shelf_normal" },
				"up": { "uv": [ 5.5, 9.125, 11, 9.0625 ], "texture": "#shelf_normal" },
				"south": { "uv": [ 5.5, 9.6875, 11, 9.75 ], "texture": "#shelf_normal" },
				"west": { "uv": [ 14.25, 14, 14.3125, 14.0625 ], "texture": "#shelf_normal" },
				"east": { "uv": [ 14, 13.8125, 13.9375, 13.875 ], "texture": "#shelf_normal" }
			}
		},
		{
			"__comment": "Voxels",
			"from": [ -14, 0.5, -1.5 ],
			"to": [ -12.5, 1, -0.5 ],
			"faces": {
				"down": { "uv": [ 11, 13.75, 11.1875, 13.875 ], "texture": "#shelf_normal" },
				"up": { "uv": [ 11.25, 14.125, 11.4375, 14 ], "texture": "#shelf_normal" },
				"north": { "uv": [ 12.9375, 13.75, 12.75, 13.8125 ], "texture": "#shelf_normal" },
				"south": { "uv": [ 12.75, 14, 12.9375, 14.0625 ], "texture": "#shelf_normal" },
				"west": { "uv": [ 13.625, 13.9375, 13.75, 14 ], "texture": "#shelf_normal" },
				"east": { "uv": [ 13.75, 14, 13.625, 14.0625 ], "texture": "#shelf_normal" }
			}
		},
		{
			"__comment": "Voxels",
			"from": [ -14, 0.5, -0.5 ],
			"to": [ -13.5, 32, 0.5 ],
			"faces": {
				"up": { "uv": [ 12.4375, 14, 12.5, 13.875 ], "texture": "#shelf_normal" },
				"north": { "uv": [ 1.0625, 0.25, 1, 4.1875 ], "texture": "#shelf_normal" },
				"south": { "uv": [ 1, 4.1875, 1.0625, 8.125 ], "texture": "#shelf_normal" },
				"west": { "uv": [ 0.8125, 4.1875, 0.9375, 8.125 ], "texture": "#shelf_normal" },
				"east": { "uv": [ 0.9375, 0.25, 0.8125, 4.1875 ], "texture": "#shelf_normal" }
			}
		},
		{
			"__comment": "Voxels",
			"from": [ -14, 0.5, 15.5 ],
			"to": [ -13.5, 32, 17 ],
			"faces": {
				"up": { "uv": [ 12.4375, 14.1875, 12.5, 14 ], "texture": "#shelf_normal" },
				"north": { "uv": [ 1, 4.1875, 0.9375, 8.125 ], "texture": "#shelf_normal" },
				"south": { "uv": [ 0.9375, 0.25, 1, 4.1875 ], "texture": "#shelf_normal" },
				"west": { "uv": [ 0.25, 4.1875, 0.4375, 8.125 ], "texture": "#shelf_normal" },
				"east": { "uv": [ 0.4375, 0.25, 0.25, 4.1875 ], "texture": "#shelf_normal" }
			}
		},
		{
			"__comment": "Voxels",
			"from": [ -14, 0.5, 17 ],
			"to": [ -12.5, 31.5, 17.5 ],
			"faces": {
				"up": { "uv": [ 13.375, 14.0625, 13.5625, 14 ], "texture": "#shelf_normal" },
				"north": { "uv": [ 0.8125, 0.375, 0.625, 4.25 ], "texture": "#shelf_normal" },
				"south": { "uv": [ 0.625, 4.25, 0.8125, 8.125 ], "texture": "#shelf_normal" },
				"west": { "uv": [ 1.125, 0.375, 1.1875, 4.25 ], "texture": "#shelf_normal" },
				"east": { "uv": [ 1.25, 4.25, 1.1875, 8.125 ], "texture": "#shelf_normal" }
			}
		},
		{
			"__comment": "Voxels",
			"from": [ -14, 1, -1 ],
			"to": [ -12, 32, -0.5 ],
			"faces": {
				"down": { "uv": [ 12.5, 14.0625, 12.75, 14.125 ], "texture": "#shelf_normal" },
				"up": { "uv": [ 12.5, 14.0625, 12.75, 14 ], "texture": "#shelf_normal" },
				"north": { "uv": [ 0.25, 4.25, 0, 8.125 ], "texture": "#shelf_normal" },
				"south": { "uv": [ 0, 0.375, 0.25, 4.25 ], "texture": "#shelf_normal" },
				"west": { "uv": [ 1.25, 4.25, 1.3125, 8.125 ], "texture": "#shelf_normal" },
				"east": { "uv": [ 1.1875, 4.25, 1.125, 8.125 ], "texture": "#shelf_normal" }
			}
		},
		{
			"__comment": "Voxels",
			"from": [ -14, 14, -1.5 ],
			"to": [ -12.5, 31.5, -1 ],
			"faces": {
				"down": { "uv": [ 12.75, 13.875, 12.9375, 13.9375 ], "texture": "#shelf_normal" },
				"up": { "uv": [ 12.75, 14, 12.9375, 13.9375 ], "texture": "#shelf_normal" },
				"north": { "uv": [ 13.1875, 13.8125, 13, 16 ], "texture": "#shelf_normal" },
				"west": { "uv": [ 15.5625, 13.8125, 15.625, 16 ], "texture": "#shelf_normal" },
				"east": { "uv": [ 15.5625, 13.8125, 15.5, 16 ], "texture": "#shelf_normal" }
			}
		},
		{
			"__comment": "Voxels",
			"from": [ -14, 31, 0.5 ],
			"to": [ 30.5, 31.5, 15.5 ],
			"faces": {
				"down": { "uv": [ 5.5625, 11.875, 11.125, 13.75 ], "texture": "#shelf_normal" },
				"up": { "uv": [ 0, 13.75, 5.5625, 11.875 ], "texture": "#shelf_normal" },
				"north": { "uv": [ 11.0625, 9.8125, 5.5, 9.875 ], "texture": "#shelf_normal" },
				"south": { "uv": [ 5.5, 9.75, 11.0625, 9.8125 ], "texture": "#shelf_normal" },
				"west": { "uv": [ 11.125, 13, 13, 13.0625 ], "texture": "#shelf_normal" },
				"east": { "uv": [ 13, 13.0625, 11.125, 13.125 ], "texture": "#shelf_normal" }
			}
		},
		{
			"__comment": "Voxels",
			"from": [ -13.5, 0.5, 16.5 ],
			"to": [ -12, 32, 17 ],
			"faces": {
				"up": { "uv": [ 13.375, 14.125, 13.5625, 14.0625 ], "texture": "#shelf_normal" },
				"north": { "uv": [ 0.625, 0.25, 0.4375, 4.1875 ], "texture": "#shelf_normal" },
				"south": { "uv": [ 0.4375, 4.1875, 0.625, 8.125 ], "texture": "#shelf_normal" },
				"east": { "uv": [ 1.125, 4.1875, 1.0625, 8.125 ], "texture": "#shelf_normal" }
			}
		},
		{
			"__comment": "Voxels",
			"from": [ -13.5, 31, -0.5 ],
			"to": [ 30, 31.5, 0.5 ],
			"faces": {
				"down": { "uv": [ 5.5, 11.25, 10.9375, 11.375 ], "texture": "#shelf_normal" },
				"up": { "uv": [ 5.5, 11.25, 10.9375, 11.125 ], "texture": "#shelf_normal" },
				"north": { "uv": [ 10.9375, 8.9375, 5.5, 9 ], "texture": "#shelf_normal" },
				"east": { "uv": [ 12.5, 13.8125, 12.375, 13.875 ], "texture": "#shelf_normal" }
			}
		},
		{
			"__comment": "Voxels",
			"from": [ -13.5, 31, 15.5 ],
			"to": [ 30.5, 31.5, 16 ],
			"faces": {
				"down": { "uv": [ 5.5, 9.4375, 11, 9.5 ], "texture": "#shelf_normal" },
				"up": { "uv": [ 5.5, 9.5625, 11, 9.5 ], "texture": "#shelf_normal" },
				"south": { "uv": [ 5.5, 9.625, 11, 9.6875 ], "texture": "#shelf_normal" },
				"east": { "uv": [ 13, 13.9375, 12.9375, 14 ], "texture": "#shelf_normal" }
			}
		},
		{
			"__comment": "Voxels",
			"from": [ -13.5, 31, 16 ],
			"to": [ 30, 31.5, 16.5 ],
			"faces": {
				"down": { "uv": [ 5.5, 8.75, 10.9375, 8.8125 ], "texture": "#shelf_normal" },
				"up": { "uv": [ 5.5, 8.9375, 10.9375, 8.875 ], "texture": "#shelf_normal" },
				"south": { "uv": [ 5.5, 8.6875, 10.9375, 8.75 ], "texture": "#shelf_normal" },
				"east": { "uv": [ 13, 14.0625, 12.9375, 14.125 ], "texture": "#shelf_normal" }
			}
		},
		{
			"__comment": "Voxels",
			"from": [ -12.5, 0.5, -1 ],
			"to": [ -12, 1, -0.5 ],
			"faces": {
				"north": { "uv": [ 14.25, 13.9375, 14.1875, 14 ], "texture": "#shelf_normal" },
				"south": { "uv": [ 14.125, 13.9375, 14.1875, 14 ], "texture": "#shelf_normal" },
				"east": { "uv": [ 14.0625, 13.875, 14, 13.9375 ], "texture": "#shelf_normal" }
			}
		},
		{
			"__comment": "Voxels",
			"from": [ -12.5, 31, -1.5 ],
			"to": [ 30, 31.5, -1 ],
			"faces": {
				"down": { "uv": [ 5.5, 8.1875, 10.8125, 8.25 ], "texture": "#shelf_normal" },
				"up": { "uv": [ 5.5, 8.125, 10.8125, 8.0625 ], "texture": "#shelf_normal" },
				"north": { "uv": [ 10.8125, 8, 5.5, 8.0625 ], "texture": "#shelf_normal" },
				"south": { "uv": [ 5.5, 7.9375, 10.8125, 8 ], "texture": "#shelf_normal" },
				"east": { "uv": [ 14, 13.9375, 13.9375, 14 ], "texture": "#shelf_normal" }
			}
		},
		{
			"__comment": "Voxels",
			"from": [ -12.5, 31, 17 ],
			"to": [ 30, 31.5, 17.5 ],
			"faces": {
				"down": { "uv": [ 5.5, 7.875, 10.8125, 7.9375 ], "texture": "#shelf_normal" },
				"up": { "uv": [ 5.5, 7.875, 10.8125, 7.8125 ], "texture": "#shelf_normal" },
				"north": { "uv": [ 10.8125, 7.75, 5.5, 7.8125 ], "texture": "#shelf_normal" },
				"south": { "uv": [ 5.5, 7.6875, 10.8125, 7.75 ], "texture": "#shelf_normal" },
				"east": { "uv": [ 14.0625, 13.75, 14, 13.8125 ], "texture": "#shelf_normal" }
			}
		},
		{
			"__comment": "Voxels",
			"from": [ -12, 31, -1 ],
			"to": [ 30, 31.5, -0.5 ],
			"faces": {
				"down": { "uv": [ 10.75, 7.375, 16, 7.4375 ], "texture": "#shelf_normal" },
				"up": { "uv": [ 5.5, 7.4375, 10.75, 7.375 ], "texture": "#shelf_normal" },
				"east": { "uv": [ 13.75, 13.75, 13.6875, 13.8125 ], "texture": "#shelf_normal" }
			}
		},
		{
			"__comment": "Voxels",
			"from": [ -12, 31, 16.5 ],
			"to": [ 30, 31.5, 17 ],
			"faces": {
				"down": { "uv": [ 10.75, 7.5, 16, 7.5625 ], "texture": "#shelf_normal" },
				"up": { "uv": [ 5.5, 7.5625, 10.75, 7.5 ], "texture": "#shelf_normal" },
				"east": { "uv": [ 14.3125, 13.875, 14.25, 13.9375 ], "texture": "#shelf_normal" }
			}
		},
		{
			"__comment": "Voxels",
			"from": [ 28, 0.5, -1 ],
			"to": [ 30, 16, -0.5 ],
			"faces": {
				"north": { "uv": [ 12.25, 14.1875, 12, 16 ], "texture": "#shelf_normal" },
				"south": { "uv": [ 12.5, 14.1875, 12.75, 16 ], "texture": "#shelf_normal" },
				"west": { "uv": [ 13.75, 11.9375, 13.8125, 13.75 ], "texture": "#shelf_normal" },
				"east": { "uv": [ 13.9375, 11.9375, 13.875, 13.75 ], "texture": "#shelf_normal" }
			}
		},
		{
			"__comment": "Voxels",
			"from": [ 28, 0.5, 16.5 ],
			"to": [ 30, 16.5, 17 ],
			"faces": {
				"north": { "uv": [ 12.5, 14.1875, 12.25, 16 ], "texture": "#shelf_normal" },
				"south": { "uv": [ 12.75, 14.1875, 13, 16 ], "texture": "#shelf_normal" },
				"west": { "uv": [ 14.125, 11.9375, 14.1875, 13.75 ], "texture": "#shelf_normal" },
				"east": { "uv": [ 14, 11.9375, 13.9375, 13.75 ], "texture": "#shelf_normal" }
			}
		},
		{
			"__comment": "Voxels",
			"from": [ 28, 16, -1 ],
			"to": [ 30, 31, -0.5 ],
			"faces": {
				"north": { "uv": [ 11.25, 14.125, 11, 16 ], "texture": "#shelf_normal" },
				"south": { "uv": [ 11.75, 14.125, 12, 16 ], "texture": "#shelf_normal" },
				"west": { "uv": [ 13.5, 11.875, 13.5625, 13.75 ], "texture": "#shelf_normal" },
				"east": { "uv": [ 16, 14.125, 15.9375, 16 ], "texture": "#shelf_normal" }
			}
		},
		{
			"__comment": "Voxels",
			"from": [ 28, 16, 16.5 ],
			"to": [ 30, 31, 17.5 ],
			"faces": {
				"down": { "uv": [ 11, 14, 11.25, 14.125 ], "texture": "#shelf_normal" },
				"up": { "uv": [ 11, 14, 11.25, 13.875 ], "texture": "#shelf_normal" },
				"north": { "uv": [ 11.75, 14.125, 11.5, 16 ], "texture": "#shelf_normal" },
				"south": { "uv": [ 11.25, 14.125, 11.5, 16 ], "texture": "#shelf_normal" },
				"west": { "uv": [ 14.75, 14.125, 14.875, 16 ], "texture": "#shelf_normal" },
				"east": { "uv": [ 15, 14.125, 14.875, 16 ], "texture": "#shelf_normal" }
			}
		},
		{
			"__comment": "Voxels",
			"from": [ 28, 31.5, -1 ],
			"to": [ 30, 32, -0.5 ],
			"faces": {
				"up": { "uv": [ 12.5, 13.9375, 12.75, 13.875 ], "texture": "#shelf_normal" },
				"north": { "uv": [ 12.75, 13.8125, 12.5, 13.875 ], "texture": "#shelf_normal" },
				"south": { "uv": [ 12.5, 14.125, 12.75, 14.1875 ], "texture": "#shelf_normal" },
				"west": { "uv": [ 12.9375, 13.75, 13, 13.8125 ], "texture": "#shelf_normal" },
				"east": { "uv": [ 14, 13.875, 13.9375, 13.9375 ], "texture": "#shelf_normal" }
			}
		},
		{
			"__comment": "Voxels",
			"from": [ 28, 31.5, 16.5 ],
			"to": [ 30, 32, 17 ],
			"faces": {
				"up": { "uv": [ 11.25, 13.9375, 11.5, 13.875 ], "texture": "#shelf_normal" },
				"north": { "uv": [ 11.75, 13.875, 11.5, 13.9375 ], "texture": "#shelf_normal" },
				"south": { "uv": [ 11.5, 13.8125, 11.75, 13.875 ], "texture": "#shelf_normal" },
				"west": { "uv": [ 14.0625, 13.9375, 14.125, 14 ], "texture": "#shelf_normal" },
				"east": { "uv": [ 13.75, 14.0625, 13.6875, 14.125 ], "texture": "#shelf_normal" }
			}
		},
		{
			"__comment": "Voxels",
			"from": [ 28.5, 0.5, -1.5 ],
			"to": [ 30, 16, -1 ],
			"faces": {
				"north": { "uv": [ 14.125, 14.125, 13.9375, 16 ], "texture": "#shelf_normal" },
				"south": { "uv": [ 14.125, 14.125, 14.3125, 16 ], "texture": "#shelf_normal" },
				"west": { "uv": [ 15.8125, 14.125, 15.875, 16 ], "texture": "#shelf_normal" },
				"east": { "uv": [ 15.8125, 14.125, 15.75, 16 ], "texture": "#shelf_normal" }
			}
		},
		{
			"__comment": "Voxels",
			"from": [ 28.5, 0.5, 17 ],
			"to": [ 30, 16, 17.5 ],
			"faces": {
				"north": { "uv": [ 14.5, 14.125, 14.3125, 16 ], "texture": "#shelf_normal" },
				"south": { "uv": [ 13.375, 14.125, 13.5625, 16 ], "texture": "#shelf_normal" },
				"west": { "uv": [ 15.875, 14.125, 15.9375, 16 ], "texture": "#shelf_normal" },
				"east": { "uv": [ 13.4375, 11.875, 13.375, 13.75 ], "texture": "#shelf_normal" }
			}
		},
		{
			"__comment": "Voxels",
			"from": [ 28.5, 16, -1.5 ],
			"to": [ 30, 31, -1 ],
			"faces": {
				"north": { "uv": [ 13.75, 14.125, 13.5625, 16 ], "texture": "#shelf_normal" },
				"west": { "uv": [ 13.4375, 11.875, 13.5, 13.75 ], "texture": "#shelf_normal" },
				"east": { "uv": [ 13.625, 11.875, 13.5625, 13.75 ], "texture": "#shelf_normal" }
			}
		},
		{
			"__comment": "Voxels",
			"from": [ 29, 23, 15.5 ],
			"to": [ 30, 27.5, 16.5 ],
			"faces": {
				"down": { "uv": [ 11.25, 13.75, 11.375, 13.875 ], "texture": "#shelf_normal" },
				"up": { "uv": [ 11.375, 13.875, 11.5, 13.75 ], "texture": "#shelf_normal" },
				"north": { "uv": [ 11.625, 11.875, 11.5, 12.4375 ], "texture": "#shelf_normal" },
				"west": { "uv": [ 11.375, 11.875, 11.5, 12.4375 ], "texture": "#shelf_normal" },
				"east": { "uv": [ 11.5, 12.4375, 11.375, 13 ], "texture": "#shelf_normal" }
			}
		},
		{
			"__comment": "Voxels",
			"from": [ 29.5, 0.5, -0.5 ],
			"to": [ 30, 16, 0.5 ],
			"faces": {
				"south": { "uv": [ 14, 11.9375, 14.0625, 13.75 ], "texture": "#shelf_normal" },
				"west": { "uv": [ 15.375, 14.1875, 15.5, 16 ], "texture": "#shelf_normal" },
				"east": { "uv": [ 15.375, 14.1875, 15.25, 16 ], "texture": "#shelf_normal" }
			}
		},
		{
			"__comment": "Voxels",
			"from": [ 29.5, 0.5, 15.5 ],
			"to": [ 30, 16, 16.5 ],
			"faces": {
				"north": { "uv": [ 14.125, 11.9375, 14.0625, 13.75 ], "texture": "#shelf_normal" },
				"west": { "uv": [ 15.125, 14.1875, 15.25, 16 ], "texture": "#shelf_normal" },
				"east": { "uv": [ 15.125, 14.1875, 15, 16 ], "texture": "#shelf_normal" }
			}
		},
		{
			"__comment": "Voxels",
			"from": [ 29.5, 16, -0.5 ],
			"to": [ 30, 31, 0.5 ],
			"faces": {
				"south": { "uv": [ 13.6875, 11.875, 13.75, 13.75 ], "texture": "#shelf_normal" },
				"west": { "uv": [ 14.625, 14.125, 14.75, 16 ], "texture": "#shelf_normal" },
				"east": { "uv": [ 14.625, 14.125, 14.5, 16 ], "texture": "#shelf_normal" }
			}
		},
		{
			"__comment": "Voxels",
			"from": [ 29.5, 16, 15.5 ],
			"to": [ 30, 23, 16.5 ],
			"faces": {
				"north": { "uv": [ 11.6875, 12.125, 11.625, 13 ], "texture": "#shelf_normal" },
				"west": { "uv": [ 11.125, 12.125, 11.25, 13 ], "texture": "#shelf_normal" },
				"east": { "uv": [ 11.375, 12.125, 11.25, 13 ], "texture": "#shelf_normal" }
			}
		},
		{
			"__comment": "Voxels",
			"from": [ 29.5, 27.5, 15.5 ],
			"to": [ 30, 31, 16.5 ],
			"faces": {
				"up": { "uv": [ 14, 14.125, 14.0625, 14 ], "texture": "#shelf_normal" },
				"north": { "uv": [ 12.3125, 13.75, 12.25, 14.1875 ], "texture": "#shelf_normal" },
				"west": { "uv": [ 12, 13.75, 12.125, 14.1875 ], "texture": "#shelf_normal" },
				"east": { "uv": [ 12.25, 13.75, 12.125, 14.1875 ], "texture": "#shelf_normal" }
			}
		},
		{
			"__comment": "Voxels",
			"from": [ 29.5, 31.5, -0.5 ],
			"to": [ 30, 32, 0.5 ],
			"faces": {
				"up": { "uv": [ 11.1875, 13.875, 11.25, 13.75 ], "texture": "#shelf_normal" },
				"south": { "uv": [ 14.0625, 13.8125, 14.125, 13.875 ], "texture": "#shelf_normal" },
				"west": { "uv": [ 11.75, 13.75, 11.875, 13.8125 ], "texture": "#shelf_normal" },
				"east": { "uv": [ 12, 13.75, 11.875, 13.8125 ], "texture": "#shelf_normal" }
			}
		},
		{
			"__comment": "Voxels",
			"from": [ 29.5, 31.5, 15.5 ],
			"to": [ 30, 32, 16.5 ],
			"faces": {
				"down": { "uv": [ 11.4375, 14, 11.5, 14.125 ], "texture": "#shelf_normal" },
				"up": { "uv": [ 12.375, 14, 12.4375, 13.875 ], "texture": "#shelf_normal" },
				"north": { "uv": [ 14.3125, 14.0625, 14.25, 14.125 ], "texture": "#shelf_normal" },
				"west": { "uv": [ 13.375, 13.75, 13.5, 13.8125 ], "texture": "#shelf_normal" },
				"east": { "uv": [ 13.6875, 14.0625, 13.5625, 14.125 ], "texture": "#shelf_normal" }
			}
		},
		{
			"__comment": "Voxels",
			"from": [ 30, 0, 0 ],
			"to": [ 30.5, 0.5, 16 ],
			"faces": {
				"down": { "uv": [ 15.625, 14, 15.6875, 16 ], "texture": "#shelf_normal" },
				"up": { "uv": [ 15.6875, 16, 15.75, 14 ], "texture": "#shelf_normal" },
				"north": { "uv": [ 14.3125, 13.9375, 14.25, 14 ], "texture": "#shelf_normal" },
				"south": { "uv": [ 14.125, 13.875, 14.1875, 13.9375 ], "texture": "#shelf_normal" },
				"east": { "uv": [ 13.125, 13.1875, 11.125, 13.25 ], "texture": "#shelf_normal" }
			}
		},
		{
			"__comment": "Voxels",
			"from": [ 30, 31, 0 ],
			"to": [ 30.5, 31.5, 0.5 ],
			"faces": {
				"down": { "uv": [ 14.125, 13.8125, 14.1875, 13.875 ], "texture": "#shelf_normal" },
				"up": { "uv": [ 14.125, 13.8125, 14.1875, 13.75 ], "texture": "#shelf_normal" },
				"north": { "uv": [ 14.25, 13.8125, 14.1875, 13.875 ], "texture": "#shelf_normal" },
				"east": { "uv": [ 14.3125, 13.75, 14.25, 13.8125 ], "texture": "#shelf_normal" }
			}
		}
	],
	"display": {
		"thirdperson_righthand": {
			"scale":  [ 0.2, 0.2, 0.2 ]
		},
		"firstperson_righthand": {
			"scale":  [ 0.2, 0.2, 0.2 ]
		},
		"gui": {
			"rotation":  [ 13, 120, 0 ],
			"translation":  [ 0, -4.173, 9.0434 ],
			"scale":  [ 0.5, 0.5, 0.5 ]
		},
		"head": {
			"translation":  [ 0, -32.68, 0 ],
			"scale":  [ 2.5, 2.4, 2.5 ]
		},
		"ground": {
			"scale":  [ 0.2, 0.2, 0.2 ]
		}
	}
}