{
	"__comment": "Designed by DevastMc",
	"textures": {
		"wood_box": "blocks/small_box"
	},
	"elements": [ 	 
		{
			"__comment": "Voxels",
			"from": [ 0, 8, 4 ],
			"to": [ 16, 9, 5.5 ],
			"faces": {
				"down": { "uv": [ 3.75, 12.375, 7.75, 12.75 ], "texture": "#wood_box" },
				"up": { "uv": [ 11.5, 13.25, 15.5, 12.875 ], "texture": "#wood_box" },
				"north": { "uv": [ 15.5, 12.125, 11.5, 12.375 ], "texture": "#wood_box" },
				"south": { "uv": [ 3.75, 11.75, 7.75, 12 ], "texture": "#wood_box" },
				"west": { "uv": [ 0, 0.125, 0.375, 0.375 ], "texture": "#wood_box", "cullface": "west" },
				"east": { "uv": [ 3.75, 6.75, 3.375, 7 ], "texture": "#wood_box", "cullface": "east" }
			}
		},
		{
			"__comment": "Voxels",
			"from": [ 0, 8, 5.5 ],
			"to": [ 16, 8.5, 6 ],
			"faces": {
				"down": { "uv": [ 11.5, 12.75, 15.5, 12.875 ], "texture": "#wood_box" },
				"up": { "uv": [ 11.5, 12.125, 15.5, 12 ], "texture": "#wood_box" },
				"south": { "uv": [ 3.75, 11.125, 7.75, 11.25 ], "texture": "#wood_box" },
				"west": { "uv": [ 15.375, 10, 15.5, 10.125 ], "texture": "#wood_box", "cullface": "west" },
				"east": { "uv": [ 15.625, 10, 15.5, 10.125 ], "texture": "#wood_box", "cullface": "east" }
			}
		},
		{
			"__comment": "Voxels",
			"from": [ 0, 8, 6 ],
			"to": [ 13, 9, 6.5 ],
			"faces": {
				"down": { "uv": [ 7.5, 9, 10.75, 9.125 ], "texture": "#wood_box" },
				"up": { "uv": [ 10.75, 9.125, 14, 9 ], "texture": "#wood_box" },
				"north": { "uv": [ 14.5, 11.5, 11.25, 11.75 ], "texture": "#wood_box" },
				"south": { "uv": [ 3.75, 11.25, 7, 11.5 ], "texture": "#wood_box" },
				"west": { "uv": [ 9.125, 8.375, 9.25, 8.625 ], "texture": "#wood_box", "cullface": "west" },
				"east": { "uv": [ 9.375, 8.375, 9.25, 8.625 ], "texture": "#wood_box" }
			}
		},
		{
			"__comment": "Voxels",
			"from": [ 0, 8, 6.5 ],
			"to": [ 12.5, 9, 7 ],
			"faces": {
				"down": { "uv": [ 4, 8.375, 7.125, 8.5 ], "texture": "#wood_box" },
				"up": { "uv": [ 4, 8.375, 7.125, 8.25 ], "texture": "#wood_box" },
				"south": { "uv": [ 0.625, 2.375, 3.75, 2.625 ], "texture": "#wood_box" },
				"west": { "uv": [ 9.375, 8.375, 9.5, 8.625 ], "texture": "#wood_box", "cullface": "west" },
				"east": { "uv": [ 3.75, 1.875, 3.625, 2.125 ], "texture": "#wood_box" }
			}
		},
		{
			"__comment": "Voxels",
			"from": [ 0, 8, 7 ],
			"to": [ 13, 8.5, 7.5 ],
			"faces": {
				"down": { "uv": [ 4, 8.875, 7.25, 9 ], "texture": "#wood_box" },
				"up": { "uv": [ 7.25, 9, 10.5, 8.875 ], "texture": "#wood_box" },
				"north": { "uv": [ 13.75, 8.875, 10.5, 9 ], "texture": "#wood_box" },
				"south": { "uv": [ 4, 8.75, 7.25, 8.875 ], "texture": "#wood_box" },
				"west": { "uv": [ 15.875, 10, 16, 10.125 ], "texture": "#wood_box", "cullface": "west" },
				"east": { "uv": [ 16, 9.375, 15.875, 9.5 ], "texture": "#wood_box" }
			}
		},
		{
			"__comment": "Voxels",
			"from": [ 0, 8, 9 ],
			"to": [ 9.5, 8.5, 11 ],
			"faces": {
				"down": { "uv": [ 1, 6.5, 3.375, 7 ], "texture": "#wood_box" },
				"up": { "uv": [ 1, 6.5, 3.375, 6 ], "texture": "#wood_box" },
				"north": { "uv": [ 6.375, 4.25, 4, 4.375 ], "texture": "#wood_box" },
				"south": { "uv": [ 4, 3.625, 6.375, 3.75 ], "texture": "#wood_box" },
				"west": { "uv": [ 3.25, 1.5, 3.75, 1.625 ], "texture": "#wood_box", "cullface": "west" },
				"east": { "uv": [ 3.75, 1.25, 3.25, 1.375 ], "texture": "#wood_box" }
			}
		},
		{
			"__comment": "Voxels",
			"from": [ 0, 8, 11 ],
			"to": [ 6.5, 9, 12 ],
			"faces": {
				"down": { "uv": [ 0.625, 0.625, 2.25, 0.875 ], "texture": "#wood_box" },
				"up": { "uv": [ 0.625, 1.125, 2.25, 0.875 ], "texture": "#wood_box" },
				"north": { "uv": [ 2.25, 1.375, 0.625, 1.625 ], "texture": "#wood_box" },
				"south": { "uv": [ 0.625, 1.125, 2.25, 1.375 ], "texture": "#wood_box" },
				"west": { "uv": [ 3.5, 7, 3.75, 7.25 ], "texture": "#wood_box", "cullface": "west" },
				"east": { "uv": [ 3.75, 5.375, 3.5, 5.625 ], "texture": "#wood_box" }
			}
		},
		{
			"__comment": "Voxels",
			"from": [ 0, 8, 13 ],
			"to": [ 16, 9, 13.5 ],
			"faces": {
				"down": { "uv": [ 3.75, 10.625, 7.75, 10.75 ], "texture": "#wood_box" },
				"up": { "uv": [ 7.75, 10.75, 11.75, 10.625 ], "texture": "#wood_box" },
				"north": { "uv": [ 15.75, 11.75, 11.75, 12 ], "texture": "#wood_box" },
				"south": { "uv": [ 7.75, 11.75, 11.75, 12 ], "texture": "#wood_box" },
				"west": { "uv": [ 15.875, 11.75, 16, 12 ], "texture": "#wood_box", "cullface": "west" },
				"east": { "uv": [ 6.875, 0, 6.75, 0.25 ], "texture": "#wood_box", "cullface": "east" }
			}
		},
		{
			"__comment": "Voxels",
			"from": [ 0, 8.5, 2.5 ],
			"to": [ 15.5, 9, 3 ],
			"faces": {
				"down": { "uv": [ 3.75, 12, 7.625, 12.375 ], "texture": "#wood_box" },
				"up": { "uv": [ 7.625, 12.375, 11.5, 12 ], "texture": "#wood_box" },
				"north": { "uv": [ 11.5, 10.125, 7.625, 10.25 ], "texture": "#wood_box" },
				"south": { "uv": [ 11.5, 10.125, 15.375, 10.25 ], "texture": "#wood_box" },
				"west": { "uv": [ 15.5, 12.125, 15.875, 12.25 ], "texture": "#wood_box", "cullface": "west" }
			}
		},
		{
			"__comment": "Voxels",
			"from": [ 0, 8.5, 7 ],
			"to": [ 0.5, 9, 7.5 ],
			"faces": {
				"up": { "uv": [ 7.125, 8.5, 7.25, 8.375 ], "texture": "#wood_box" },
				"south": { "uv": [ 7.125, 8.125, 7.25, 8.25 ], "texture": "#wood_box" },
				"west": { "uv": [ 7.125, 7.875, 7.25, 8 ], "texture": "#wood_box", "cullface": "west" },
				"east": { "uv": [ 7.25, 7.75, 7.125, 7.875 ], "texture": "#wood_box" }
			}
		},
		{
			"__comment": "Voxels",
			"from": [ 0, 8.5, 8.5 ],
			"to": [ 16, 9, 9 ],
			"faces": {
				"down": { "uv": [ 7.75, 11.125, 11.75, 11.25 ], "texture": "#wood_box" },
				"up": { "uv": [ 11.75, 11.25, 15.75, 11.125 ], "texture": "#wood_box" },
				"north": { "uv": [ 7.75, 11, 3.75, 11.125 ], "texture": "#wood_box" },
				"south": { "uv": [ 11.75, 11, 15.75, 11.125 ], "texture": "#wood_box" },
				"west": { "uv": [ 7.125, 7.625, 7.25, 7.75 ], "texture": "#wood_box", "cullface": "west" },
				"east": { "uv": [ 7.25, 7.25, 7.125, 7.375 ], "texture": "#wood_box", "cullface": "east" }
			}
		},
		{
			"__comment": "Voxels",
			"from": [ 0, 8.5, 9.5 ],
			"to": [ 16, 9, 11 ],
			"faces": {
				"down": { "uv": [ 7.75, 12.375, 11.75, 12.75 ], "texture": "#wood_box" },
				"up": { "uv": [ 11.75, 12.75, 15.75, 12.375 ], "texture": "#wood_box" },
				"north": { "uv": [ 15.75, 10.875, 11.75, 11 ], "texture": "#wood_box" },
				"south": { "uv": [ 3.75, 10.75, 7.75, 10.875 ], "texture": "#wood_box" },
				"west": { "uv": [ 15.375, 10.375, 15.75, 10.5 ], "texture": "#wood_box", "cullface": "west" },
				"east": { "uv": [ 15.75, 10.5, 15.375, 10.625 ], "texture": "#wood_box", "cullface": "east" }
			}
		},
		{
			"__comment": "Voxels",
			"from": [ 0, 8.5, 12.5 ],
			"to": [ 16, 9, 13 ],
			"faces": {
				"down": { "uv": [ 7.75, 10.75, 11.75, 10.875 ], "texture": "#wood_box" },
				"up": { "uv": [ 11.75, 10.875, 15.75, 10.75 ], "texture": "#wood_box" },
				"north": { "uv": [ 15, 11.25, 11, 11.375 ], "texture": "#wood_box" },
				"west": { "uv": [ 7.125, 7.125, 7.25, 7.25 ], "texture": "#wood_box", "cullface": "west" },
				"east": { "uv": [ 7.25, 7, 7.125, 7.125 ], "texture": "#wood_box", "cullface": "east" }
			}
		},
		{
			"__comment": "Voxels",
			"from": [ 0, 8.5, 13.5 ],
			"to": [ 16, 9, 14 ],
			"faces": {
				"down": { "uv": [ 7.75, 10.875, 11.75, 11 ], "texture": "#wood_box" },
				"up": { "uv": [ 3.75, 11, 7.75, 10.875 ], "texture": "#wood_box" },
				"south": { "uv": [ 7, 11.25, 11, 11.375 ], "texture": "#wood_box" },
				"west": { "uv": [ 7.125, 6.875, 7.25, 7 ], "texture": "#wood_box", "cullface": "west" },
				"east": { "uv": [ 7.25, 6.75, 7.125, 6.875 ], "texture": "#wood_box", "cullface": "east" }
			}
		},
		{
			"__comment": "Voxels",
			"from": [ 0.5, 0, 2.5 ],
			"to": [ 16, 2, 3 ],
			"faces": {
				"down": { "uv": [ 7.625, 10, 11.5, 10.125 ], "texture": "#wood_box", "cullface": "down" },
				"up": { "uv": [ 3.75, 10.125, 7.625, 10 ], "texture": "#wood_box" },
				"north": { "uv": [ 11.5, 12.75, 7.625, 13.25 ], "texture": "#wood_box" },
				"south": { "uv": [ 3.75, 12.75, 7.625, 13.25 ], "texture": "#wood_box" },
				"west": { "uv": [ 7.75, 1.875, 7.875, 2.375 ], "texture": "#wood_box" },
				"east": { "uv": [ 7.875, 1.375, 7.75, 1.875 ], "texture": "#wood_box", "cullface": "east" }
			}
		},
		{
			"__comment": "Voxels",
			"from": [ 0.5, 0, 3 ],
			"to": [ 15.5, 0.5, 14 ],
			"faces": {
				"down": { "uv": [ 3.75, 13.25, 7.5, 16 ], "texture": "#wood_box", "cullface": "down" },
				"up": { "uv": [ 0, 16, 3.75, 13.25 ], "texture": "#wood_box" },
				"south": { "uv": [ 7.5, 9.875, 11.25, 10 ], "texture": "#wood_box" },
				"west": { "uv": [ 4, 5.75, 6.75, 5.875 ], "texture": "#wood_box" },
				"east": { "uv": [ 6.75, 5.875, 4, 6 ], "texture": "#wood_box" }
			}
		},
		{
			"__comment": "Voxels",
			"from": [ 0.5, 0.5, 3 ],
			"to": [ 13.5, 1, 3.5 ],
			"faces": {
				"up": { "uv": [ 10.5, 8.875, 13.75, 8.75 ], "texture": "#wood_box" },
				"south": { "uv": [ 4, 8.5, 7.25, 8.625 ], "texture": "#wood_box" },
				"west": { "uv": [ 6.875, 6.625, 7, 6.75 ], "texture": "#wood_box" },
				"east": { "uv": [ 7, 6.5, 6.875, 6.625 ], "texture": "#wood_box" }
			}
		},
		{
			"__comment": "Voxels",
			"from": [ 0.5, 0.5, 3.5 ],
			"to": [ 13, 1, 4 ],
			"faces": {
				"up": { "uv": [ 4, 7.25, 7.125, 7.125 ], "texture": "#wood_box" },
				"south": { "uv": [ 4, 8, 7.125, 8.125 ], "texture": "#wood_box" },
				"west": { "uv": [ 7, 6.5, 7.125, 6.625 ], "texture": "#wood_box" },
				"east": { "uv": [ 7.125, 6.375, 7, 6.5 ], "texture": "#wood_box" }
			}
		},
		{
			"__comment": "Voxels",
			"from": [ 0.5, 0.5, 4 ],
			"to": [ 12, 1, 4.5 ],
			"faces": {
				"up": { "uv": [ 4, 6.75, 6.875, 6.625 ], "texture": "#wood_box" },
				"south": { "uv": [ 4, 6.125, 6.875, 6.25 ], "texture": "#wood_box" },
				"west": { "uv": [ 7.125, 3.375, 7.25, 3.5 ], "texture": "#wood_box" },
				"east": { "uv": [ 7.25, 3.5, 7.125, 3.625 ], "texture": "#wood_box" }
			}
		},
		{
			"__comment": "Voxels",
			"from": [ 0.5, 0.5, 4.5 ],
			"to": [ 11, 1, 5 ],
			"faces": {
				"up": { "uv": [ 4, 5.625, 6.625, 5.5 ], "texture": "#wood_box" },
				"south": { "uv": [ 4, 5.375, 6.625, 5.5 ], "texture": "#wood_box" },
				"west": { "uv": [ 6.75, 4.75, 6.875, 4.875 ], "texture": "#wood_box" },
				"east": { "uv": [ 6.75, 4.75, 6.625, 4.875 ], "texture": "#wood_box" }
			}
		},
		{
			"__comment": "Voxels",
			"from": [ 0.5, 0.5, 5 ],
			"to": [ 10, 1, 5.5 ],
			"faces": {
				"up": { "uv": [ 4, 4.125, 6.375, 4 ], "texture": "#wood_box" },
				"south": { "uv": [ 4, 3.75, 6.375, 3.875 ], "texture": "#wood_box" },
				"west": { "uv": [ 7.125, 4.875, 7.25, 5 ], "texture": "#wood_box" },
				"east": { "uv": [ 6.75, 4.875, 6.625, 5 ], "texture": "#wood_box" }
			}
		},
		{
			"__comment": "Voxels",
			"from": [ 0.5, 0.5, 5.5 ],
			"to": [ 9, 1, 6 ],
			"faces": {
				"up": { "uv": [ 4, 1.875, 6.125, 1.75 ], "texture": "#wood_box" },
				"south": { "uv": [ 4, 1.875, 6.125, 2 ], "texture": "#wood_box" },
				"west": { "uv": [ 7.125, 5, 7.25, 5.125 ], "texture": "#wood_box" },
				"east": { "uv": [ 7.125, 5, 7, 5.125 ], "texture": "#wood_box" }
			}
		},
		{
			"__comment": "Voxels",
			"from": [ 0.5, 0.5, 6 ],
			"to": [ 8, 1, 10.5 ],
			"faces": {
				"up": { "uv": [ 0, 10, 1.875, 8.875 ], "texture": "#wood_box" },
				"south": { "uv": [ 4, 0.625, 5.875, 0.75 ], "texture": "#wood_box" },
				"west": { "uv": [ 2.5, 0.25, 3.625, 0.375 ], "texture": "#wood_box" },
				"east": { "uv": [ 3.625, 0.125, 2.5, 0.25 ], "texture": "#wood_box" }
			}
		},
		{
			"__comment": "Voxels",
			"from": [ 0.5, 0.5, 10.5 ],
			"to": [ 1, 8, 14 ],
			"faces": {
				"up": { "uv": [ 7.625, 5.25, 7.75, 4.375 ], "texture": "#wood_box" },
				"north": { "uv": [ 7.5, 6.875, 7.375, 8.75 ], "texture": "#wood_box" },
				"south": { "uv": [ 7.375, 1.25, 7.5, 3.125 ], "texture": "#wood_box" },
				"west": { "uv": [ 1.75, 7, 2.625, 8.875 ], "texture": "#wood_box" },
				"east": { "uv": [ 0.875, 7, 0, 8.875 ], "texture": "#wood_box" }
			}
		},
		{
			"__comment": "Voxels",
			"from": [ 0.5, 1, 3 ],
			"to": [ 1, 8.5, 4 ],
			"faces": {
				"down": { "uv": [ 6.625, 0, 6.75, 0.25 ], "texture": "#wood_box" },
				"up": { "uv": [ 6.5, 0.25, 6.625, 0 ], "texture": "#wood_box" },
				"north": { "uv": [ 7.625, 6.875, 7.5, 8.75 ], "texture": "#wood_box" },
				"south": { "uv": [ 7.5, 5, 7.625, 6.875 ], "texture": "#wood_box" },
				"west": { "uv": [ 3.75, 6.125, 4, 8 ], "texture": "#wood_box" },
				"east": { "uv": [ 4, 8, 3.75, 9.875 ], "texture": "#wood_box" }
			}
		},
		{
			"__comment": "Voxels",
			"from": [ 0.5, 1, 4 ],
			"to": [ 1, 8, 6.5 ],
			"faces": {
				"down": { "uv": [ 7.75, 7.25, 7.875, 7.875 ], "texture": "#wood_box" },
				"up": { "uv": [ 7.75, 4.125, 7.875, 3.5 ], "texture": "#wood_box" },
				"south": { "uv": [ 7.625, 7, 7.75, 8.75 ], "texture": "#wood_box" },
				"west": { "uv": [ 0, 0.625, 0.625, 2.375 ], "texture": "#wood_box" },
				"east": { "uv": [ 0.625, 2.375, 0, 4.125 ], "texture": "#wood_box" }
			}
		},
		{
			"__comment": "Voxels",
			"from": [ 0.5, 1, 6.5 ],
			"to": [ 1, 6.5, 10.5 ],
			"faces": {
				"up": { "uv": [ 7.125, 1.25, 7.25, 0.25 ], "texture": "#wood_box" },
				"west": { "uv": [ 2.625, 7.5, 3.625, 8.875 ], "texture": "#wood_box" },
				"east": { "uv": [ 1, 5.625, 0, 7 ], "texture": "#wood_box" }
			}
		},
		{
			"__comment": "Voxels",
			"from": [ 0.5, 2, 2.5 ],
			"to": [ 15.5, 8.5, 3 ],
			"faces": {
				"north": { "uv": [ 3.75, 10, 0, 11.625 ], "texture": "#wood_box" },
				"south": { "uv": [ 0, 11.625, 3.75, 13.25 ], "texture": "#wood_box" },
				"west": { "uv": [ 2.25, 0, 2.375, 1.625 ], "texture": "#wood_box" },
				"east": { "uv": [ 2.5, 0, 2.375, 1.625 ], "texture": "#wood_box" }
			}
		},
		{
			"__comment": "Voxels",
			"from": [ 0.5, 6.5, 9.5 ],
			"to": [ 1, 8, 10.5 ],
			"faces": {
				"north": { "uv": [ 15.5, 13.25, 15.375, 13.625 ], "texture": "#wood_box" },
				"west": { "uv": [ 3.375, 6.125, 3.625, 6.5 ], "texture": "#wood_box" },
				"east": { "uv": [ 3.75, 5.625, 3.5, 6 ], "texture": "#wood_box" }
			}
		},
		{
			"__comment": "Voxels",
			"from": [ 0.5, 7, 6.5 ],
			"to": [ 1, 8, 9.5 ],
			"faces": {
				"down": { "uv": [ 7.75, 7.875, 7.875, 8.625 ], "texture": "#wood_box" },
				"up": { "uv": [ 7.625, 1.125, 7.75, 0.375 ], "texture": "#wood_box" },
				"west": { "uv": [ 2.5, 1.375, 3.25, 1.625 ], "texture": "#wood_box" },
				"east": { "uv": [ 3.25, 1.125, 2.5, 1.375 ], "texture": "#wood_box" }
			}
		},
		{
			"__comment": "Voxels",
			"from": [ 0.5, 8, 7.5 ],
			"to": [ 1, 9, 8.5 ],
			"faces": {
				"up": { "uv": [ 7.75, 1.375, 7.875, 1.125 ], "texture": "#wood_box" },
				"north": { "uv": [ 3.625, 1.875, 3.5, 2.125 ], "texture": "#wood_box" },
				"south": { "uv": [ 3.625, 1.625, 3.75, 1.875 ], "texture": "#wood_box" },
				"west": { "uv": [ 3.5, 7.25, 3.75, 7.5 ], "texture": "#wood_box" },
				"east": { "uv": [ 3.75, 5, 3.5, 5.25 ], "texture": "#wood_box" }
			}
		},
		{
			"__comment": "Voxels",
			"from": [ 0.5, 8, 8.5 ],
			"to": [ 1, 8.5, 9 ],
			"faces": {
				"west": { "uv": [ 6.625, 3.125, 6.75, 3.25 ], "texture": "#wood_box" },
				"east": { "uv": [ 6.625, 3.125, 6.5, 3.25 ], "texture": "#wood_box" }
			}
		},
		{
			"__comment": "Voxels",
			"from": [ 0.5, 8, 12 ],
			"to": [ 1, 9, 12.5 ],
			"faces": {
				"up": { "uv": [ 7.125, 3.375, 7.25, 3.25 ], "texture": "#wood_box" },
				"south": { "uv": [ 8.125, 8.375, 8.25, 8.625 ], "texture": "#wood_box" },
				"west": { "uv": [ 7.875, 8.375, 8, 8.625 ], "texture": "#wood_box" },
				"east": { "uv": [ 7.875, 0.125, 7.75, 0.375 ], "texture": "#wood_box" }
			}
		},
		{
			"__comment": "Voxels",
			"from": [ 0.5, 8, 12.5 ],
			"to": [ 16, 8.5, 13 ],
			"faces": {
				"down": { "uv": [ 7.625, 10.375, 11.5, 10.5 ], "texture": "#wood_box" },
				"north": { "uv": [ 15.375, 10.375, 11.5, 10.5 ], "texture": "#wood_box" },
				"west": { "uv": [ 6.75, 3.25, 6.875, 3.375 ], "texture": "#wood_box" },
				"east": { "uv": [ 6.75, 3.25, 6.625, 3.375 ], "texture": "#wood_box", "cullface": "east" }
			}
		},
		{
			"__comment": "Voxels",
			"from": [ 0.5, 8, 13.5 ],
			"to": [ 15.5, 8.5, 14 ],
			"faces": {
				"down": { "uv": [ 4, 9.75, 7.75, 9.875 ], "texture": "#wood_box" },
				"south": { "uv": [ 4, 9.5, 7.75, 9.625 ], "texture": "#wood_box" },
				"west": { "uv": [ 6.875, 5, 7, 5.125 ], "texture": "#wood_box" },
				"east": { "uv": [ 6.875, 5, 6.75, 5.125 ], "texture": "#wood_box" }
			}
		},
		{
			"__comment": "Voxels",
			"from": [ 0.5, 8.5, 3.5 ],
			"to": [ 1, 9, 4 ],
			"faces": {
				"up": { "uv": [ 7.125, 5.25, 7.25, 5.125 ], "texture": "#wood_box" },
				"west": { "uv": [ 6.875, 5.25, 7, 5.375 ], "texture": "#wood_box" },
				"east": { "uv": [ 6.875, 5.25, 6.75, 5.375 ], "texture": "#wood_box" }
			}
		},
		{
			"__comment": "Voxels",
			"from": [ 0.5, 8.5, 5.5 ],
			"to": [ 16, 9, 6 ],
			"faces": {
				"up": { "uv": [ 3.75, 10.5, 7.625, 10.375 ], "texture": "#wood_box" },
				"south": { "uv": [ 7.625, 10.5, 11.5, 10.625 ], "texture": "#wood_box" },
				"west": { "uv": [ 7, 5.375, 7.125, 5.5 ], "texture": "#wood_box" },
				"east": { "uv": [ 7, 5.375, 6.875, 5.5 ], "texture": "#wood_box", "cullface": "east" }
			}
		},
		{
			"__comment": "Voxels",
			"from": [ 0.5, 8.5, 9 ],
			"to": [ 16, 9, 9.5 ],
			"faces": {
				"down": { "uv": [ 3.75, 10.5, 7.625, 10.625 ], "texture": "#wood_box" },
				"up": { "uv": [ 11.75, 10.75, 15.625, 10.625 ], "texture": "#wood_box" },
				"west": { "uv": [ 6.75, 5.375, 6.875, 5.5 ], "texture": "#wood_box" },
				"east": { "uv": [ 6.75, 5.375, 6.625, 5.5 ], "texture": "#wood_box", "cullface": "east" }
			}
		},
		{
			"__comment": "Voxels",
			"from": [ 1, 0.5, 13 ],
			"to": [ 16, 8, 13.5 ],
			"faces": {
				"down": { "uv": [ 7.75, 9.625, 11.5, 9.75 ], "texture": "#wood_box" },
				"north": { "uv": [ 15, 14.125, 11.25, 16 ], "texture": "#wood_box" },
				"south": { "uv": [ 7.5, 14.125, 11.25, 16 ], "texture": "#wood_box" },
				"east": { "uv": [ 7.375, 2.875, 7.25, 4.75 ], "texture": "#wood_box", "cullface": "east" }
			}
		},
		{
			"__comment": "Voxels",
			"from": [ 1, 0.5, 13.5 ],
			"to": [ 15.5, 4, 14 ],
			"faces": {
				"up": { "uv": [ 7.625, 9.5, 11.25, 9.375 ], "texture": "#wood_box" },
				"south": { "uv": [ 11.25, 13.25, 14.875, 14.125 ], "texture": "#wood_box" },
				"east": { "uv": [ 7.75, 5.25, 7.625, 6.125 ], "texture": "#wood_box" }
			}
		},
		{
			"__comment": "Voxels",
			"from": [ 1, 4, 3 ],
			"to": [ 1.5, 5, 3.5 ],
			"faces": {
				"down": { "uv": [ 7, 5.5, 7.125, 5.625 ], "texture": "#wood_box" },
				"up": { "uv": [ 6.875, 5.625, 7, 5.5 ], "texture": "#wood_box" },
				"south": { "uv": [ 6.875, 0, 7, 0.25 ], "texture": "#wood_box" },
				"east": { "uv": [ 3.625, 1.625, 3.5, 1.875 ], "texture": "#wood_box" }
			}
		},
		{
			"__comment": "Voxels",
			"from": [ 1, 4, 3.5 ],
			"to": [ 1.5, 4.5, 4 ],
			"faces": {
				"down": { "uv": [ 7, 5.75, 7.125, 5.875 ], "texture": "#wood_box" },
				"up": { "uv": [ 6.875, 5.875, 7, 5.75 ], "texture": "#wood_box" },
				"south": { "uv": [ 7.125, 5.875, 7.25, 6 ], "texture": "#wood_box" },
				"east": { "uv": [ 7, 6, 6.875, 6.125 ], "texture": "#wood_box" }
			}
		},
		{
			"__comment": "Voxels",
			"from": [ 1, 4, 12.5 ],
			"to": [ 1.5, 5, 13 ],
			"faces": {
				"down": { "uv": [ 6.875, 6.125, 7, 6.25 ], "texture": "#wood_box" },
				"up": { "uv": [ 7.125, 6.375, 7.25, 6.25 ], "texture": "#wood_box" },
				"north": { "uv": [ 7.125, 0, 7, 0.25 ], "texture": "#wood_box" },
				"east": { "uv": [ 9.125, 8.375, 9, 8.625 ], "texture": "#wood_box" }
			}
		},
		{
			"__comment": "Voxels",
			"from": [ 1, 4, 13.5 ],
			"to": [ 1.5, 8, 14 ],
			"faces": {
				"south": { "uv": [ 6.75, 0.25, 6.875, 1.25 ], "texture": "#wood_box" },
				"east": { "uv": [ 6.625, 0.25, 6.5, 1.25 ], "texture": "#wood_box" }
			}
		},
		{
			"__comment": "Voxels",
			"from": [ 1, 8, 3 ],
			"to": [ 15.5, 8.5, 3.5 ],
			"faces": {
				"down": { "uv": [ 7.625, 9.25, 11.25, 9.375 ], "texture": "#wood_box" },
				"south": { "uv": [ 4, 9.25, 7.625, 9.375 ], "texture": "#wood_box" },
				"east": { "uv": [ 7.25, 5.5, 7.125, 5.625 ], "texture": "#wood_box" }
			}
		},
		{
			"__comment": "Voxels",
			"from": [ 1, 8, 3.5 ],
			"to": [ 1.5, 8.5, 4 ],
			"faces": {
				"down": { "uv": [ 7.125, 3.625, 7.25, 3.75 ], "texture": "#wood_box" },
				"up": { "uv": [ 6.875, 4.875, 7, 4.75 ], "texture": "#wood_box" },
				"east": { "uv": [ 7, 6.375, 6.875, 6.5 ], "texture": "#wood_box" }
			}
		},
		{
			"__comment": "Voxels",
			"from": [ 1, 8.5, 7.5 ],
			"to": [ 16, 9, 8.5 ],
			"faces": {
				"down": { "uv": [ 7.5, 11.5, 11.25, 11.75 ], "texture": "#wood_box" },
				"up": { "uv": [ 3.75, 11.75, 7.5, 11.5 ], "texture": "#wood_box" },
				"north": { "uv": [ 15.25, 9.5, 11.5, 9.625 ], "texture": "#wood_box" },
				"east": { "uv": [ 3.75, 0, 3.5, 0.125 ], "texture": "#wood_box", "cullface": "east" }
			}
		},
		{
			"__comment": "Voxels",
			"from": [ 1.5, 4.5, 13.5 ],
			"to": [ 15.5, 6, 14 ],
			"faces": {
				"down": { "uv": [ 7.5, 9.125, 11, 9.25 ], "texture": "#wood_box" },
				"up": { "uv": [ 4, 9.25, 7.5, 9.125 ], "texture": "#wood_box" },
				"south": { "uv": [ 0, 4.125, 3.5, 4.5 ], "texture": "#wood_box" },
				"east": { "uv": [ 5.875, 0, 5.75, 0.375 ], "texture": "#wood_box" }
			}
		},
		{
			"__comment": "Voxels",
			"from": [ 1.5, 6.5, 13.5 ],
			"to": [ 15.5, 8, 14 ],
			"faces": {
				"down": { "uv": [ 11, 9.125, 14.5, 9.25 ], "texture": "#wood_box" },
				"south": { "uv": [ 0, 4.5, 3.5, 4.875 ], "texture": "#wood_box" },
				"east": { "uv": [ 16, 13.25, 15.875, 13.625 ], "texture": "#wood_box" }
			}
		},
		{
			"__comment": "Voxels",
			"from": [ 3, 0.5, 12.5 ],
			"to": [ 12, 1, 13 ],
			"faces": {
				"up": { "uv": [ 4, 3, 6.25, 2.875 ], "texture": "#wood_box" },
				"north": { "uv": [ 6.25, 2.375, 4, 2.5 ], "texture": "#wood_box" },
				"west": { "uv": [ 7.125, 6, 7.25, 6.125 ], "texture": "#wood_box" },
				"east": { "uv": [ 6.875, 5.875, 6.75, 6 ], "texture": "#wood_box" }
			}
		},
		{
			"__comment": "Voxels",
			"from": [ 3, 8, 8 ],
			"to": [ 15.5, 8.5, 8.5 ],
			"faces": {
				"down": { "uv": [ 4, 7.375, 7.125, 7.5 ], "texture": "#wood_box" },
				"north": { "uv": [ 7.125, 8.125, 4, 8.25 ], "texture": "#wood_box" },
				"south": { "uv": [ 4, 7.25, 7.125, 7.375 ], "texture": "#wood_box" },
				"west": { "uv": [ 6.75, 5.625, 6.875, 5.75 ], "texture": "#wood_box" },
				"east": { "uv": [ 7, 5.625, 6.875, 5.75 ], "texture": "#wood_box" }
			}
		},
		{
			"__comment": "Voxels",
			"from": [ 3.5, 8, 8.5 ],
			"to": [ 16, 8.5, 9 ],
			"faces": {
				"down": { "uv": [ 4, 7.875, 7.125, 8 ], "texture": "#wood_box" },
				"north": { "uv": [ 7.125, 7, 4, 7.125 ], "texture": "#wood_box" },
				"south": { "uv": [ 4, 6.75, 7.125, 6.875 ], "texture": "#wood_box" },
				"west": { "uv": [ 7, 5.625, 7.125, 5.75 ], "texture": "#wood_box" },
				"east": { "uv": [ 7.25, 5.625, 7.125, 5.75 ], "texture": "#wood_box", "cullface": "east" }
			}
		},
		{
			"__comment": "Voxels",
			"from": [ 4, 0.5, 10.5 ],
			"to": [ 15.5, 1, 11.5 ],
			"faces": {
				"up": { "uv": [ 0.625, 2.125, 3.5, 1.875 ], "texture": "#wood_box" },
				"north": { "uv": [ 6.875, 6.25, 4, 6.375 ], "texture": "#wood_box" },
				"south": { "uv": [ 4, 6, 6.875, 6.125 ], "texture": "#wood_box" },
				"west": { "uv": [ 3.5, 5.25, 3.75, 5.375 ], "texture": "#wood_box" },
				"east": { "uv": [ 3.75, 4.875, 3.5, 5 ], "texture": "#wood_box" }
			}
		},
		{
			"__comment": "Voxels",
			"from": [ 4, 8, 7.5 ],
			"to": [ 14.5, 8.5, 8 ],
			"faces": {
				"down": { "uv": [ 4, 5, 6.625, 5.125 ], "texture": "#wood_box" },
				"north": { "uv": [ 6.625, 5.625, 4, 5.75 ], "texture": "#wood_box" },
				"west": { "uv": [ 7.125, 5.375, 7.25, 5.5 ], "texture": "#wood_box" },
				"east": { "uv": [ 6.75, 5.25, 6.625, 5.375 ], "texture": "#wood_box" }
			}
		},
		{
			"__comment": "Voxels",
			"from": [ 4.5, 0.5, 11.5 ],
			"to": [ 14, 1, 12 ],
			"faces": {
				"up": { "uv": [ 4, 3.375, 6.375, 3.25 ], "texture": "#wood_box" },
				"south": { "uv": [ 4, 3.5, 6.375, 3.625 ], "texture": "#wood_box" },
				"west": { "uv": [ 6.875, 5.125, 7, 5.25 ], "texture": "#wood_box" },
				"east": { "uv": [ 7.125, 5.125, 7, 5.25 ], "texture": "#wood_box" }
			}
		},
		{
			"__comment": "Voxels",
			"from": [ 4.5, 0.5, 12 ],
			"to": [ 12.5, 1, 12.5 ],
			"faces": {
				"up": { "uv": [ 4, 1.75, 6, 1.625 ], "texture": "#wood_box" },
				"south": { "uv": [ 4, 1.375, 6, 1.5 ], "texture": "#wood_box" },
				"west": { "uv": [ 6.75, 4.875, 6.875, 5 ], "texture": "#wood_box" },
				"east": { "uv": [ 7, 4.875, 6.875, 5 ], "texture": "#wood_box" }
			}
		},
		{
			"__comment": "Voxels",
			"from": [ 4.5, 8, 3.5 ],
			"to": [ 9.5, 8.5, 4 ],
			"faces": {
				"down": { "uv": [ 2.5, 0.625, 3.75, 0.75 ], "texture": "#wood_box" },
				"up": { "uv": [ 2.5, 0.625, 3.75, 0.5 ], "texture": "#wood_box" },
				"west": { "uv": [ 6.375, 3.25, 6.5, 3.375 ], "texture": "#wood_box" },
				"east": { "uv": [ 6.625, 3.25, 6.5, 3.375 ], "texture": "#wood_box" }
			}
		},
		{
			"__comment": "Voxels",
			"from": [ 6.5, 8, 11.5 ],
			"to": [ 10, 9, 12 ],
			"faces": {
				"down": { "uv": [ 6.375, 4.5, 7.25, 4.625 ], "texture": "#wood_box" },
				"up": { "uv": [ 6.375, 4.5, 7.25, 4.375 ], "texture": "#wood_box" },
				"north": { "uv": [ 3.5, 7.25, 2.625, 7.5 ], "texture": "#wood_box" },
				"south": { "uv": [ 2.625, 7, 3.5, 7.25 ], "texture": "#wood_box" },
				"east": { "uv": [ 7.875, 0.375, 7.75, 0.625 ], "texture": "#wood_box" }
			}
		},
		{
			"__comment": "Voxels",
			"from": [ 6.5, 8.5, 11 ],
			"to": [ 16, 9, 11.5 ],
			"faces": {
				"down": { "uv": [ 4, 4.375, 6.375, 4.5 ], "texture": "#wood_box" },
				"up": { "uv": [ 4, 4.625, 6.375, 4.5 ], "texture": "#wood_box" },
				"south": { "uv": [ 4, 3, 6.375, 3.125 ], "texture": "#wood_box" },
				"east": { "uv": [ 7.125, 3.25, 7, 3.375 ], "texture": "#wood_box", "cullface": "east" }
			}
		},
		{
			"__comment": "Voxels",
			"from": [ 7, 8, 12 ],
			"to": [ 16, 8.5, 12.5 ],
			"faces": {
				"down": { "uv": [ 4, 2.5, 6.25, 2.625 ], "texture": "#wood_box" },
				"up": { "uv": [ 4, 2.75, 6.25, 2.625 ], "texture": "#wood_box" },
				"north": { "uv": [ 6.25, 2.75, 4, 2.875 ], "texture": "#wood_box" },
				"west": { "uv": [ 6.75, 3.125, 6.875, 3.25 ], "texture": "#wood_box" },
				"east": { "uv": [ 7, 3.125, 6.875, 3.25 ], "texture": "#wood_box", "cullface": "east" }
			}
		},
		{
			"__comment": "Voxels",
			"from": [ 8, 0.5, 6.5 ],
			"to": [ 8.5, 1, 10.5 ],
			"faces": {
				"up": { "uv": [ 7.375, 1.25, 7.5, 0.25 ], "texture": "#wood_box" },
				"north": { "uv": [ 6.5, 2.75, 6.375, 2.875 ], "texture": "#wood_box" },
				"east": { "uv": [ 15.875, 9.375, 14.875, 9.5 ], "texture": "#wood_box" }
			}
		},
		{
			"__comment": "Voxels",
			"from": [ 8, 8.5, 3.5 ],
			"to": [ 16, 9, 4 ],
			"faces": {
				"down": { "uv": [ 4, 0.875, 6, 1 ], "texture": "#wood_box" },
				"up": { "uv": [ 4, 1.125, 6, 1 ], "texture": "#wood_box" },
				"north": { "uv": [ 6, 1.125, 4, 1.25 ], "texture": "#wood_box" },
				"west": { "uv": [ 6.375, 2.5, 6.5, 2.625 ], "texture": "#wood_box" },
				"east": { "uv": [ 6.625, 2.5, 6.5, 2.625 ], "texture": "#wood_box", "cullface": "east" }
			}
		},
		{
			"__comment": "Voxels",
			"from": [ 8.5, 0.5, 7 ],
			"to": [ 9, 1, 10.5 ],
			"faces": {
				"up": { "uv": [ 7.5, 1.375, 7.625, 0.5 ], "texture": "#wood_box" },
				"north": { "uv": [ 7, 2.5, 6.875, 2.625 ], "texture": "#wood_box" },
				"east": { "uv": [ 7.25, 4, 6.375, 4.125 ], "texture": "#wood_box" }
			}
		},
		{
			"__comment": "Voxels",
			"from": [ 9, 0.5, 7.5 ],
			"to": [ 9.5, 1, 10.5 ],
			"faces": {
				"up": { "uv": [ 7.625, 2.625, 7.75, 1.875 ], "texture": "#wood_box" },
				"north": { "uv": [ 7.25, 2.5, 7.125, 2.625 ], "texture": "#wood_box" },
				"east": { "uv": [ 7.125, 3.375, 6.375, 3.5 ], "texture": "#wood_box" }
			}
		},
		{
			"__comment": "Voxels",
			"from": [ 9, 8.5, 12 ],
			"to": [ 15.5, 9, 12.5 ],
			"faces": {
				"up": { "uv": [ 4, 0.25, 5.625, 0.125 ], "texture": "#wood_box" },
				"north": { "uv": [ 2.25, 0.125, 0.625, 0.25 ], "texture": "#wood_box" },
				"west": { "uv": [ 15.875, 12.125, 16, 12.25 ], "texture": "#wood_box" },
				"east": { "uv": [ 16, 12, 15.875, 12.125 ], "texture": "#wood_box" }
			}
		},
		{
			"__comment": "Voxels",
			"from": [ 9.5, 0.5, 8 ],
			"to": [ 10, 1, 10.5 ],
			"faces": {
				"up": { "uv": [ 7.75, 6.625, 7.875, 6 ], "texture": "#wood_box" },
				"north": { "uv": [ 15.75, 10, 15.625, 10.125 ], "texture": "#wood_box" },
				"east": { "uv": [ 3.125, 2.625, 2.5, 2.75 ], "texture": "#wood_box" }
			}
		},
		{
			"__comment": "Voxels",
			"from": [ 9.5, 8, 9.5 ],
			"to": [ 10.5, 8.5, 10 ],
			"faces": {
				"down": { "uv": [ 15.75, 10.125, 16, 10.25 ], "texture": "#wood_box" },
				"north": { "uv": [ 16, 10.25, 15.75, 10.375 ], "texture": "#wood_box" },
				"south": { "uv": [ 15.75, 10.375, 16, 10.5 ], "texture": "#wood_box" },
				"east": { "uv": [ 7.125, 4.875, 7, 5 ], "texture": "#wood_box" }
			}
		},
		{
			"__comment": "Voxels",
			"from": [ 10, 0.5, 8.5 ],
			"to": [ 10.5, 1, 10.5 ],
			"faces": {
				"up": { "uv": [ 15.625, 13.25, 15.75, 12.75 ], "texture": "#wood_box" },
				"north": { "uv": [ 7.25, 7.5, 7.125, 7.625 ], "texture": "#wood_box" },
				"east": { "uv": [ 3.75, 1.125, 3.25, 1.25 ], "texture": "#wood_box" }
			}
		},
		{
			"__comment": "Voxels",
			"from": [ 10, 8.5, 11.5 ],
			"to": [ 16, 9, 12 ],
			"faces": {
				"down": { "uv": [ 11, 8.625, 12.5, 8.75 ], "texture": "#wood_box" },
				"up": { "uv": [ 14.5, 9.25, 16, 9.125 ], "texture": "#wood_box" },
				"south": { "uv": [ 14.5, 11.625, 16, 11.75 ], "texture": "#wood_box" },
				"east": { "uv": [ 7.25, 6.625, 7.125, 6.75 ], "texture": "#wood_box", "cullface": "east" }
			}
		},
		{
			"__comment": "Voxels",
			"from": [ 10.5, 0.5, 9 ],
			"to": [ 15.5, 1, 10.5 ],
			"faces": {
				"up": { "uv": [ 1, 6, 2.25, 5.625 ], "texture": "#wood_box" },
				"north": { "uv": [ 3.75, 1, 2.5, 1.125 ], "texture": "#wood_box" },
				"east": { "uv": [ 15.75, 10.125, 15.375, 10.25 ], "texture": "#wood_box" }
			}
		},
		{
			"__comment": "Voxels",
			"from": [ 10.5, 8, 3.5 ],
			"to": [ 14.5, 8.5, 4 ],
			"faces": {
				"down": { "uv": [ 14.875, 9.25, 15.875, 9.375 ], "texture": "#wood_box" },
				"west": { "uv": [ 7, 6.125, 7.125, 6.25 ], "texture": "#wood_box" },
				"east": { "uv": [ 7.25, 6.125, 7.125, 6.25 ], "texture": "#wood_box" }
			}
		},
		{
			"__comment": "Voxels",
			"from": [ 12.5, 8.5, 6.5 ],
			"to": [ 16, 9, 7 ],
			"faces": {
				"down": { "uv": [ 6.375, 4.25, 7.25, 4.375 ], "texture": "#wood_box" },
				"up": { "uv": [ 6.375, 4.75, 7.25, 4.625 ], "texture": "#wood_box" },
				"north": { "uv": [ 7.25, 3.875, 6.375, 4 ], "texture": "#wood_box" },
				"south": { "uv": [ 6.375, 3.75, 7.25, 3.875 ], "texture": "#wood_box" },
				"east": { "uv": [ 7.125, 5.875, 7, 6 ], "texture": "#wood_box", "cullface": "east" }
			}
		},
		{
			"__comment": "Voxels",
			"from": [ 13, 8.5, 6 ],
			"to": [ 16, 9, 6.5 ],
			"faces": {
				"down": { "uv": [ 6.375, 3.625, 7.125, 3.75 ], "texture": "#wood_box" },
				"up": { "uv": [ 15.25, 9.875, 16, 9.75 ], "texture": "#wood_box" },
				"east": { "uv": [ 6.75, 5.625, 6.625, 5.75 ], "texture": "#wood_box", "cullface": "east" }
			}
		},
		{
			"__comment": "Voxels",
			"from": [ 14, 6, 13.5 ],
			"to": [ 15.5, 6.5, 14 ],
			"faces": {
				"south": { "uv": [ 15.625, 10.625, 16, 10.75 ], "texture": "#wood_box" },
				"west": { "uv": [ 6.625, 5.5, 6.75, 5.625 ], "texture": "#wood_box" },
				"east": { "uv": [ 6.875, 5.5, 6.75, 5.625 ], "texture": "#wood_box" }
			}
		},
		{
			"__comment": "Voxels",
			"from": [ 15, 0.5, 3 ],
			"to": [ 15.5, 8, 6.5 ],
			"faces": {
				"up": { "uv": [ 7.625, 4.375, 7.75, 3.5 ], "texture": "#wood_box" },
				"north": { "uv": [ 16, 14.125, 15.875, 16 ], "texture": "#wood_box" },
				"south": { "uv": [ 7.375, 3.125, 7.5, 5 ], "texture": "#wood_box" },
				"west": { "uv": [ 15, 14.125, 15.875, 16 ], "texture": "#wood_box" },
				"east": { "uv": [ 1.75, 7, 0.875, 8.875 ], "texture": "#wood_box" }
			}
		},
		{
			"__comment": "Voxels",
			"from": [ 15, 0.5, 6.5 ],
			"to": [ 15.5, 6.5, 9 ],
			"faces": {
				"up": { "uv": [ 7.75, 4.75, 7.875, 4.125 ], "texture": "#wood_box" },
				"south": { "uv": [ 3.125, 2.625, 3.25, 4.125 ], "texture": "#wood_box" },
				"west": { "uv": [ 1.25, 2.625, 1.875, 4.125 ], "texture": "#wood_box" },
				"east": { "uv": [ 1.25, 2.625, 0.625, 4.125 ], "texture": "#wood_box" }
			}
		},
		{
			"__comment": "Voxels",
			"from": [ 15, 0.5, 11.5 ],
			"to": [ 15.5, 8.5, 12 ],
			"faces": {
				"north": { "uv": [ 3.875, 0.375, 3.75, 2.375 ], "texture": "#wood_box" },
				"south": { "uv": [ 3.875, 0.375, 4, 2.375 ], "texture": "#wood_box" },
				"west": { "uv": [ 7.25, 6.75, 7.375, 8.75 ], "texture": "#wood_box" },
				"east": { "uv": [ 7.375, 4.75, 7.25, 6.75 ], "texture": "#wood_box" }
			}
		},
		{
			"__comment": "Voxels",
			"from": [ 15, 0.5, 12 ],
			"to": [ 15.5, 8, 13 ],
			"faces": {
				"up": { "uv": [ 7.375, 0.25, 7.5, 0 ], "texture": "#wood_box" },
				"west": { "uv": [ 3.75, 2.375, 4, 4.25 ], "texture": "#wood_box" },
				"east": { "uv": [ 4, 4.25, 3.75, 6.125 ], "texture": "#wood_box" }
			}
		},
		{
			"__comment": "Voxels",
			"from": [ 15, 1, 9 ],
			"to": [ 15.5, 6.5, 11.5 ],
			"faces": {
				"down": { "uv": [ 7.75, 6.625, 7.875, 7.25 ], "texture": "#wood_box" },
				"up": { "uv": [ 7.75, 5.375, 7.875, 4.75 ], "texture": "#wood_box" },
				"west": { "uv": [ 2.5, 2.75, 3.125, 4.125 ], "texture": "#wood_box" },
				"east": { "uv": [ 2.5, 2.75, 1.875, 4.125 ], "texture": "#wood_box" }
			}
		},
		{
			"__comment": "Voxels",
			"from": [ 15, 6.5, 9.5 ],
			"to": [ 15.5, 8.5, 11.5 ],
			"faces": {
				"up": { "uv": [ 15.875, 13.25, 16, 12.75 ], "texture": "#wood_box" },
				"north": { "uv": [ 7.625, 0, 7.5, 0.5 ], "texture": "#wood_box" },
				"west": { "uv": [ 15.5, 13.625, 16, 14.125 ], "texture": "#wood_box" },
				"east": { "uv": [ 15.5, 13.625, 15, 14.125 ], "texture": "#wood_box" }
			}
		},
		{
			"__comment": "Voxels",
			"from": [ 15, 7, 6.5 ],
			"to": [ 15.5, 8.5, 8 ],
			"faces": {
				"down": { "uv": [ 3.5, 4.5, 3.625, 4.875 ], "texture": "#wood_box" },
				"up": { "uv": [ 3.625, 4.875, 3.75, 4.5 ], "texture": "#wood_box" },
				"north": { "uv": [ 3.625, 4.125, 3.5, 4.5 ], "texture": "#wood_box" },
				"south": { "uv": [ 3.625, 4.125, 3.75, 4.5 ], "texture": "#wood_box" },
				"west": { "uv": [ 15.5, 13.25, 15.875, 13.625 ], "texture": "#wood_box" },
				"east": { "uv": [ 15.375, 13.25, 15, 13.625 ], "texture": "#wood_box" }
			}
		},
		{
			"__comment": "Voxels",
			"from": [ 15, 7, 8 ],
			"to": [ 15.5, 8, 9.5 ],
			"faces": {
				"down": { "uv": [ 0.5, 0, 0.625, 0.375 ], "texture": "#wood_box" },
				"up": { "uv": [ 15.75, 12.75, 15.875, 12.375 ], "texture": "#wood_box" },
				"west": { "uv": [ 3.375, 6.5, 3.75, 6.75 ], "texture": "#wood_box" },
				"east": { "uv": [ 0.375, 0.375, 0, 0.625 ], "texture": "#wood_box" }
			}
		},
		{
			"__comment": "Voxels",
			"from": [ 15, 8, 3.5 ],
			"to": [ 15.5, 8.5, 4 ],
			"faces": {
				"west": { "uv": [ 6.625, 3, 6.75, 3.125 ], "texture": "#wood_box" },
				"east": { "uv": [ 6.875, 3, 6.75, 3.125 ], "texture": "#wood_box" }
			}
		},
		{
			"__comment": "Voxels",
			"from": [ 15, 8, 6 ],
			"to": [ 15.5, 8.5, 6.5 ],
			"faces": {
				"west": { "uv": [ 6.375, 2.875, 6.5, 3 ], "texture": "#wood_box" },
				"east": { "uv": [ 6.625, 2.875, 6.5, 3 ], "texture": "#wood_box" }
			}
		},
		{
			"__comment": "Voxels",
			"from": [ 15, 8, 9 ],
			"to": [ 15.5, 8.5, 9.5 ],
			"faces": {
				"west": { "uv": [ 7.125, 2.875, 7.25, 3 ], "texture": "#wood_box" },
				"east": { "uv": [ 6.375, 2.75, 6.25, 2.875 ], "texture": "#wood_box" }
			}
		},
		{
			"__comment": "Voxels",
			"from": [ 15, 8.5, 7 ],
			"to": [ 16, 9, 7.5 ],
			"faces": {
				"down": { "uv": [ 15.75, 11, 16, 11.125 ], "texture": "#wood_box" },
				"up": { "uv": [ 15.75, 11, 16, 10.875 ], "texture": "#wood_box" },
				"west": { "uv": [ 6.875, 2.75, 7, 2.875 ], "texture": "#wood_box" },
				"east": { "uv": [ 7.125, 2.75, 7, 2.875 ], "texture": "#wood_box", "cullface": "east" }
			}
		},
		{
			"__comment": "Voxels",
			"from": [ 15.5, 0, 13 ],
			"to": [ 16, 0.5, 13.5 ],
			"faces": {
				"down": { "uv": [ 7.125, 2.75, 7.25, 2.875 ], "texture": "#wood_box", "cullface": "down" },
				"north": { "uv": [ 6.5, 2.625, 6.375, 2.75 ], "texture": "#wood_box" },
				"south": { "uv": [ 6.5, 2.625, 6.625, 2.75 ], "texture": "#wood_box" },
				"east": { "uv": [ 6.875, 2.625, 6.75, 2.75 ], "texture": "#wood_box", "cullface": "east" }
			}
		},
		{
			"__comment": "Voxels",
			"from": [ 15.5, 2.5, 2.5 ],
			"to": [ 16, 4, 3 ],
			"faces": {
				"down": { "uv": [ 6.875, 2.625, 7, 2.75 ], "texture": "#wood_box" },
				"up": { "uv": [ 7, 2.75, 7.125, 2.625 ], "texture": "#wood_box" },
				"north": { "uv": [ 16, 12.375, 15.875, 12.75 ], "texture": "#wood_box" },
				"south": { "uv": [ 3.75, 0, 3.875, 0.375 ], "texture": "#wood_box" },
				"east": { "uv": [ 5.75, 0, 5.625, 0.375 ], "texture": "#wood_box", "cullface": "east" }
			}
		},
		{
			"__comment": "Voxels",
			"from": [ 15.5, 4.5, 2.5 ],
			"to": [ 16, 9, 3 ],
			"faces": {
				"down": { "uv": [ 6.625, 2.5, 6.75, 2.625 ], "texture": "#wood_box" },
				"up": { "uv": [ 6.75, 2.625, 6.875, 2.5 ], "texture": "#wood_box" },
				"north": { "uv": [ 6.5, 0.125, 6.375, 1.25 ], "texture": "#wood_box" },
				"south": { "uv": [ 6.25, 0.125, 6.375, 1.25 ], "texture": "#wood_box" },
				"west": { "uv": [ 6.125, 0.125, 6.25, 1.25 ], "texture": "#wood_box" },
				"east": { "uv": [ 6.125, 0.125, 6, 1.25 ], "texture": "#wood_box", "cullface": "east" }
			}
		},
		{
			"__comment": "Voxels",
			"from": [ 15.5, 8.5, 3 ],
			"to": [ 16, 9, 3.5 ],
			"faces": {
				"down": { "uv": [ 6.375, 2.375, 6.5, 2.5 ], "texture": "#wood_box" },
				"up": { "uv": [ 6.5, 2.5, 6.625, 2.375 ], "texture": "#wood_box" },
				"east": { "uv": [ 7.125, 2.375, 7, 2.5 ], "texture": "#wood_box", "cullface": "east" }
			}
		}
	],
	"display": {
		"thirdperson_righthand": {
			"scale":  [ 0.2, 0.2, 0.2 ]
		},
		"firstperson_righthand": {
			"translation":  [ 0, 4.8695, 0 ],
			"scale":  [ 0.5, 0.5, 0.5 ]
		},
		"gui": {
			"rotation":  [ 13, 38, 0 ],
			"translation":  [ 0, 2.7826, 5.5652 ]
		},
		"head": {
			"translation":  [ 0, -1.378, -1 ],
			"scale":  [ 2.5, 2.9, 3.3 ]
		},
		"ground": {
			"translation":  [ 0, 2.7826, 0 ],
			"scale":  [ 0.4, 0.4, 0.4 ]
		}
	}
}