{
	"__comment": "Designed by DevastMc",
	"textures": {
		"wood_frame": "blocks/wood_door_frame"
	},
	"elements": [ 	 
		{
			"__comment": "Voxels",
			"from": [ 6, -15, -13.5 ],
			"to": [ 10, 22.5, -12 ],
			"faces": {
				"down": { "uv": [ 2.5, 8.375, 3, 8.5625 ], "texture": "#wood_frame" },
				"up": { "uv": [ 2.5, 8.75, 3, 8.5625 ], "texture": "#wood_frame" },
				"north": { "uv": [ 2.5, 9.3125, 2, 14 ], "texture": "#wood_frame" },
				"south": { "uv": [ 2.5, 9.3125, 3, 14 ], "texture": "#wood_frame" },
				"west": { "uv": [ 8.625, 10.5625, 8.8125, 15.25 ], "texture": "#wood_frame" },
				"east": { "uv": [ 9, 10.5625, 8.8125, 15.25 ], "texture": "#wood_frame" }
			}
		},
		{
			"__comment": "Voxels",
			"from": [ 6, -15, -12 ],
			"to": [ 10, -13, -11.5 ],
			"faces": {
				"down": { "uv": [ 4.25, 9.1875, 4.75, 9.25 ], "texture": "#wood_frame" },
				"up": { "uv": [ 3.75, 9.25, 4.25, 9.1875 ], "texture": "#wood_frame" },
				"south": { "uv": [ 0.5, 8.125, 1, 8.375 ], "texture": "#wood_frame" },
				"west": { "uv": [ 3.4375, 8.0625, 3.5, 8.3125 ], "texture": "#wood_frame" },
				"east": { "uv": [ 4.6875, 8.5, 4.625, 8.75 ], "texture": "#wood_frame" }
			}
		},
		{
			"__comment": "Voxels",
			"from": [ 6, -15, -11.5 ],
			"to": [ 10, -14.5, 29.5 ],
			"faces": {
				"down": { "uv": [ 0, 8.875, 0.5, 14 ], "texture": "#wood_frame" },
				"up": { "uv": [ 0.5, 14, 1, 8.875 ], "texture": "#wood_frame" },
				"south": { "uv": [ 4.25, 9.125, 4.75, 9.1875 ], "texture": "#wood_frame" },
				"west": { "uv": [ 9.9375, 14.6875, 15.0625, 14.75 ], "texture": "#wood_frame" },
				"east": { "uv": [ 15.0625, 14.625, 9.9375, 14.6875 ], "texture": "#wood_frame" }
			}
		},
		{
			"__comment": "Voxels",
			"from": [ 6, -14.5, -11.5 ],
			"to": [ 6.5, -13, 29.5 ],
			"faces": {
				"up": { "uv": [ 9.875, 14.75, 9.9375, 9.625 ], "texture": "#wood_frame" },
				"south": { "uv": [ 3.4375, 8.6875, 3.5, 8.875 ], "texture": "#wood_frame" },
				"west": { "uv": [ 8.25, 15.8125, 13.375, 16 ], "texture": "#wood_frame" },
				"east": { "uv": [ 13.375, 15.625, 8.25, 15.8125 ], "texture": "#wood_frame" }
			}
		},
		{
			"__comment": "Voxels",
			"from": [ 6, -13, 28 ],
			"to": [ 10, 22.5, 29.5 ],
			"faces": {
				"down": { "uv": [ 2.5, 9.125, 3, 9.3125 ], "texture": "#wood_frame" },
				"up": { "uv": [ 2.5, 9.125, 3, 8.9375 ], "texture": "#wood_frame" },
				"north": { "uv": [ 3.5, 9.5625, 3, 14 ], "texture": "#wood_frame" },
				"south": { "uv": [ 3.5, 9.5625, 4, 14 ], "texture": "#wood_frame" },
				"west": { "uv": [ 9, 10.8125, 9.1875, 15.25 ], "texture": "#wood_frame" },
				"east": { "uv": [ 9.375, 10.8125, 9.1875, 15.25 ], "texture": "#wood_frame" }
			}
		},
		{
			"__comment": "Voxels",
			"from": [ 6, 21, -12 ],
			"to": [ 10, 22.5, 28 ],
			"faces": {
				"down": { "uv": [ 1.5, 9, 2, 14 ], "texture": "#wood_frame" },
				"up": { "uv": [ 1, 14, 1.5, 9 ], "texture": "#wood_frame" },
				"west": { "uv": [ 8.25, 15.4375, 13.25, 15.625 ], "texture": "#wood_frame" },
				"east": { "uv": [ 13.25, 15.25, 8.25, 15.4375 ], "texture": "#wood_frame" }
			}
		},
		{
			"__comment": "Voxels",
			"from": [ 6.5, -15, -14 ],
			"to": [ 9.5, 22.5, -13.5 ],
			"faces": {
				"down": { "uv": [ 4.625, 9.0625, 5, 9.125 ], "texture": "#wood_frame" },
				"up": { "uv": [ 5, 9.125, 5.375, 9.0625 ], "texture": "#wood_frame" },
				"north": { "uv": [ 6.875, 11.3125, 6.5, 16 ], "texture": "#wood_frame" },
				"west": { "uv": [ 10.375, 9.5625, 10.4375, 14.25 ], "texture": "#wood_frame" },
				"east": { "uv": [ 10.5, 9.5625, 10.4375, 14.25 ], "texture": "#wood_frame" }
			}
		},
		{
			"__comment": "Voxels",
			"from": [ 6.5, -15, 29.5 ],
			"to": [ 9.5, 22.5, 30 ],
			"faces": {
				"down": { "uv": [ 4.25, 9, 4.625, 9.0625 ], "texture": "#wood_frame" },
				"up": { "uv": [ 4.625, 9.0625, 5, 9 ], "texture": "#wood_frame" },
				"north": { "uv": [ 6.5, 11.3125, 6.125, 16 ], "texture": "#wood_frame" },
				"south": { "uv": [ 6.875, 11.3125, 7.25, 16 ], "texture": "#wood_frame" },
				"west": { "uv": [ 10.5, 9.5625, 10.5625, 14.25 ], "texture": "#wood_frame" },
				"east": { "uv": [ 10.625, 9.5625, 10.5625, 14.25 ], "texture": "#wood_frame" }
			}
		},
		{
			"__comment": "Voxels",
			"from": [ 6.5, -14.5, 28 ],
			"to": [ 10, -13, 29.5 ],
			"faces": {
				"north": { "uv": [ 3.4375, 8.3125, 3, 8.5 ], "texture": "#wood_frame" },
				"south": { "uv": [ 3, 8.6875, 3.4375, 8.875 ], "texture": "#wood_frame" },
				"east": { "uv": [ 1.5, 8.1875, 1.3125, 8.375 ], "texture": "#wood_frame" }
			}
		},
		{
			"__comment": "Voxels",
			"from": [ 6.5, -13.5, -11.5 ],
			"to": [ 10, -13, -11 ],
			"faces": {
				"down": { "uv": [ 3.75, 8.8125, 4.1875, 8.875 ], "texture": "#wood_frame" },
				"up": { "uv": [ 3.75, 8.6875, 4.1875, 8.625 ], "texture": "#wood_frame" },
				"south": { "uv": [ 3.75, 8.75, 4.1875, 8.8125 ], "texture": "#wood_frame" },
				"east": { "uv": [ 4.625, 8.0625, 4.5625, 8.125 ], "texture": "#wood_frame" }
			}
		},
		{
			"__comment": "Voxels",
			"from": [ 6.5, -13.5, -11 ],
			"to": [ 7, -12.5, -8.5 ],
			"faces": {
				"down": { "uv": [ 3.6875, 8, 3.75, 8.3125 ], "texture": "#wood_frame" },
				"up": { "uv": [ 3.625, 8.3125, 3.6875, 8 ], "texture": "#wood_frame" },
				"north": { "uv": [ 4.75, 8.0625, 4.6875, 8.1875 ], "texture": "#wood_frame" },
				"south": { "uv": [ 4.8125, 8.3125, 4.875, 8.4375 ], "texture": "#wood_frame" },
				"west": { "uv": [ 5.0625, 9.625, 5.375, 9.75 ], "texture": "#wood_frame" },
				"east": { "uv": [ 5.375, 9.75, 5.0625, 9.875 ], "texture": "#wood_frame" }
			}
		},
		{
			"__comment": "Voxels",
			"from": [ 6.5, -13.5, -8.5 ],
			"to": [ 7.5, -13, -3 ],
			"faces": {
				"down": { "uv": [ 3.125, 8.875, 3.25, 9.5625 ], "texture": "#wood_frame" },
				"up": { "uv": [ 3.25, 9.5625, 3.375, 8.875 ], "texture": "#wood_frame" },
				"north": { "uv": [ 5.375, 8.5, 5.25, 8.5625 ], "texture": "#wood_frame" },
				"south": { "uv": [ 5.25, 8.5625, 5.375, 8.625 ], "texture": "#wood_frame" },
				"east": { "uv": [ 4.4375, 9.375, 3.75, 9.4375 ], "texture": "#wood_frame" }
			}
		},
		{
			"__comment": "Voxels",
			"from": [ 6.5, -13.5, -3 ],
			"to": [ 7, -12.5, 19.5 ],
			"faces": {
				"down": { "uv": [ 6.9375, 8.5, 7, 11.3125 ], "texture": "#wood_frame" },
				"up": { "uv": [ 6.875, 11.3125, 6.9375, 8.5 ], "texture": "#wood_frame" },
				"north": { "uv": [ 4.8125, 8.3125, 4.75, 8.4375 ], "texture": "#wood_frame" },
				"south": { "uv": [ 4.6875, 8.3125, 4.75, 8.4375 ], "texture": "#wood_frame" },
				"west": { "uv": [ 12.6875, 14.875, 15.5, 15 ], "texture": "#wood_frame" },
				"east": { "uv": [ 12.6875, 14.875, 9.875, 15 ], "texture": "#wood_frame" }
			}
		},
		{
			"__comment": "Voxels",
			"from": [ 6.5, -13.5, 19.5 ],
			"to": [ 7.5, -13, 25 ],
			"faces": {
				"down": { "uv": [ 3, 8.875, 3.125, 9.5625 ], "texture": "#wood_frame" },
				"up": { "uv": [ 3.375, 9.5625, 3.5, 8.875 ], "texture": "#wood_frame" },
				"north": { "uv": [ 4.25, 8.3125, 4.125, 8.375 ], "texture": "#wood_frame" },
				"south": { "uv": [ 4.125, 8.375, 4.25, 8.4375 ], "texture": "#wood_frame" },
				"east": { "uv": [ 5.125, 9.375, 4.4375, 9.4375 ], "texture": "#wood_frame" }
			}
		},
		{
			"__comment": "Voxels",
			"from": [ 6.5, -13.5, 25 ],
			"to": [ 7, -12.5, 28 ],
			"faces": {
				"down": { "uv": [ 3.625, 8.3125, 3.6875, 8.6875 ], "texture": "#wood_frame" },
				"up": { "uv": [ 3.6875, 8.6875, 3.75, 8.3125 ], "texture": "#wood_frame" },
				"north": { "uv": [ 4.6875, 8, 4.625, 8.125 ], "texture": "#wood_frame" },
				"south": { "uv": [ 4.625, 8.125, 4.6875, 8.25 ], "texture": "#wood_frame" },
				"west": { "uv": [ 0.5, 8, 0.875, 8.125 ], "texture": "#wood_frame" },
				"east": { "uv": [ 0.375, 8, 0, 8.125 ], "texture": "#wood_frame" }
			}
		},
		{
			"__comment": "Voxels",
			"from": [ 6.5, -13, -12 ],
			"to": [ 9.5, 21, -11.5 ],
			"faces": {
				"south": { "uv": [ 4, 9.75, 4.375, 14 ], "texture": "#wood_frame" },
				"west": { "uv": [ 10.6875, 10, 10.75, 14.25 ], "texture": "#wood_frame" },
				"east": { "uv": [ 10.6875, 10, 10.625, 14.25 ], "texture": "#wood_frame" }
			}
		},
		{
			"__comment": "Voxels",
			"from": [ 6.5, -13, -11.5 ],
			"to": [ 9.5, -12.5, -11 ],
			"faces": {
				"up": { "uv": [ 5, 9, 5.375, 8.9375 ], "texture": "#wood_frame" },
				"south": { "uv": [ 4.625, 8.875, 5, 8.9375 ], "texture": "#wood_frame" },
				"west": { "uv": [ 4.9375, 8.0625, 5, 8.125 ], "texture": "#wood_frame" },
				"east": { "uv": [ 5.375, 8.8125, 5.3125, 8.875 ], "texture": "#wood_frame" }
			}
		},
		{
			"__comment": "Voxels",
			"from": [ 6.5, -13, -3.5 ],
			"to": [ 9, -12.5, -3 ],
			"faces": {
				"down": { "uv": [ 4.75, 9.5625, 5.0625, 9.625 ], "texture": "#wood_frame" },
				"up": { "uv": [ 4.9375, 8.8125, 5.25, 8.75 ], "texture": "#wood_frame" },
				"north": { "uv": [ 4.625, 8.5625, 4.3125, 8.625 ], "texture": "#wood_frame" },
				"south": { "uv": [ 3, 8, 3.3125, 8.0625 ], "texture": "#wood_frame" },
				"west": { "uv": [ 5.0625, 8.3125, 5.125, 8.375 ], "texture": "#wood_frame" },
				"east": { "uv": [ 5.1875, 8.3125, 5.125, 8.375 ], "texture": "#wood_frame" }
			}
		},
		{
			"__comment": "Voxels",
			"from": [ 6.5, -13, 24.5 ],
			"to": [ 9.5, -12.5, 25 ],
			"faces": {
				"down": { "uv": [ 5, 8.875, 5.375, 8.9375 ], "texture": "#wood_frame" },
				"up": { "uv": [ 4, 9.625, 4.375, 9.5625 ], "texture": "#wood_frame" },
				"north": { "uv": [ 4.75, 9.5625, 4.375, 9.625 ], "texture": "#wood_frame" },
				"south": { "uv": [ 5, 9.25, 5.375, 9.3125 ], "texture": "#wood_frame" },
				"west": { "uv": [ 5, 8.0625, 5.0625, 8.125 ], "texture": "#wood_frame" },
				"east": { "uv": [ 5.1875, 8.375, 5.125, 8.4375 ], "texture": "#wood_frame" }
			}
		},
		{
			"__comment": "Voxels",
			"from": [ 6.5, -12.5, -11.5 ],
			"to": [ 9, 20.5, -11 ],
			"faces": {
				"up": { "uv": [ 4.3125, 8.4375, 4.625, 8.375 ], "texture": "#wood_frame" },
				"south": { "uv": [ 7.625, 11.875, 7.9375, 16 ], "texture": "#wood_frame" },
				"west": { "uv": [ 10.8125, 10.125, 10.875, 14.25 ], "texture": "#wood_frame" },
				"east": { "uv": [ 10.8125, 10.125, 10.75, 14.25 ], "texture": "#wood_frame" }
			}
		},
		{
			"__comment": "Voxels",
			"from": [ 6.5, -12.5, 27 ],
			"to": [ 9, 20.5, 28 ],
			"faces": {
				"down": { "uv": [ 4, 9.625, 4.3125, 9.75 ], "texture": "#wood_frame" },
				"up": { "uv": [ 4.375, 9.75, 4.6875, 9.625 ], "texture": "#wood_frame" },
				"north": { "uv": [ 5.375, 9.875, 5.0625, 14 ], "texture": "#wood_frame" },
				"west": { "uv": [ 9.75, 10.875, 9.875, 15 ], "texture": "#wood_frame" },
				"east": { "uv": [ 9.75, 10.875, 9.625, 15 ], "texture": "#wood_frame" }
			}
		},
		{
			"__comment": "Voxels",
			"from": [ 6.5, 20.5, -11.5 ],
			"to": [ 7, 21, 28 ],
			"faces": {
				"down": { "uv": [ 10.1875, 9.5625, 10.25, 14.5 ], "texture": "#wood_frame" },
				"west": { "uv": [ 10.125, 14.5, 15.0625, 14.5625 ], "texture": "#wood_frame" },
				"east": { "uv": [ 15.0625, 14.5625, 10.125, 14.625 ], "texture": "#wood_frame" }
			}
		},
		{
			"__comment": "Voxels",
			"from": [ 6.5, 22.5, -13.5 ],
			"to": [ 9.5, 23, 29.5 ],
			"faces": {
				"down": { "uv": [ 5.75, 10.625, 6.125, 16 ], "texture": "#wood_frame" },
				"up": { "uv": [ 5.375, 16, 5.75, 10.625 ], "texture": "#wood_frame" },
				"north": { "uv": [ 4.125, 8.5625, 3.75, 8.625 ], "texture": "#wood_frame" },
				"south": { "uv": [ 3.75, 8.5, 4.125, 8.5625 ], "texture": "#wood_frame" },
				"west": { "uv": [ 9.875, 14.8125, 15.25, 14.875 ], "texture": "#wood_frame" },
				"east": { "uv": [ 15.25, 14.75, 9.875, 14.8125 ], "texture": "#wood_frame" }
			}
		},
		{
			"__comment": "Voxels",
			"from": [ 7, -13.5, -9 ],
			"to": [ 7.5, -12.5, -8.5 ],
			"faces": {
				"down": { "uv": [ 4.875, 8.25, 4.9375, 8.3125 ], "texture": "#wood_frame" },
				"up": { "uv": [ 3.4375, 8.5625, 3.5, 8.5 ], "texture": "#wood_frame" },
				"north": { "uv": [ 2.125, 8, 2.0625, 8.125 ], "texture": "#wood_frame" },
				"south": { "uv": [ 2, 8, 2.0625, 8.125 ], "texture": "#wood_frame" },
				"east": { "uv": [ 0.5, 8.375, 0.4375, 8.5 ], "texture": "#wood_frame" }
			}
		},
		{
			"__comment": "Voxels",
			"from": [ 7, -13.5, 19 ],
			"to": [ 7.5, -12.5, 19.5 ],
			"faces": {
				"down": { "uv": [ 5.1875, 8.375, 5.25, 8.4375 ], "texture": "#wood_frame" },
				"up": { "uv": [ 5, 8.1875, 5.0625, 8.125 ], "texture": "#wood_frame" },
				"north": { "uv": [ 4.375, 9.625, 4.3125, 9.75 ], "texture": "#wood_frame" },
				"south": { "uv": [ 3.4375, 8.375, 3.5, 8.5 ], "texture": "#wood_frame" },
				"east": { "uv": [ 4.9375, 8.3125, 4.875, 8.4375 ], "texture": "#wood_frame" }
			}
		},
		{
			"__comment": "Voxels",
			"from": [ 7, -13.5, 27 ],
			"to": [ 10, -13, 27.5 ],
			"faces": {
				"down": { "uv": [ 3.75, 8.4375, 4.125, 8.5 ], "texture": "#wood_frame" },
				"up": { "uv": [ 3.75, 8.4375, 4.125, 8.375 ], "texture": "#wood_frame" },
				"north": { "uv": [ 4.125, 8.3125, 3.75, 8.375 ], "texture": "#wood_frame" },
				"south": { "uv": [ 3.75, 8.25, 4.125, 8.3125 ], "texture": "#wood_frame" },
				"east": { "uv": [ 5.3125, 8.375, 5.25, 8.4375 ], "texture": "#wood_frame" }
			}
		},
		{
			"__comment": "Voxels",
			"from": [ 7, -13, -11 ],
			"to": [ 9.5, -12.5, -9 ],
			"faces": {
				"down": { "uv": [ 3, 8.0625, 3.3125, 8.3125 ], "texture": "#wood_frame" },
				"up": { "uv": [ 4.75, 9.875, 5.0625, 9.625 ], "texture": "#wood_frame" },
				"south": { "uv": [ 4.3125, 8.25, 4.625, 8.3125 ], "texture": "#wood_frame" },
				"east": { "uv": [ 4.9375, 8.625, 4.6875, 8.6875 ], "texture": "#wood_frame" }
			}
		},
		{
			"__comment": "Voxels",
			"from": [ 7, -13, -8.5 ],
			"to": [ 9.5, -12.5, -4.5 ],
			"faces": {
				"down": { "uv": [ 0, 8.375, 0.3125, 8.875 ], "texture": "#wood_frame" },
				"up": { "uv": [ 0.5, 8.875, 0.8125, 8.375 ], "texture": "#wood_frame" },
				"north": { "uv": [ 5.3125, 8.8125, 5, 8.875 ], "texture": "#wood_frame" },
				"south": { "uv": [ 4.3125, 8.6875, 4.625, 8.75 ], "texture": "#wood_frame" },
				"west": { "uv": [ 4.75, 9.1875, 5.25, 9.25 ], "texture": "#wood_frame" },
				"east": { "uv": [ 4.25, 9.125, 3.75, 9.1875 ], "texture": "#wood_frame" }
			}
		},
		{
			"__comment": "Voxels",
			"from": [ 7, -13, -4.5 ],
			"to": [ 9, -12.5, -3.5 ],
			"faces": {
				"down": { "uv": [ 2.25, 8.0625, 2.5, 8.1875 ], "texture": "#wood_frame" },
				"up": { "uv": [ 1.75, 8.1875, 2, 8.0625 ], "texture": "#wood_frame" },
				"west": { "uv": [ 5, 8.4375, 5.125, 8.5 ], "texture": "#wood_frame" },
				"east": { "uv": [ 5.25, 8.4375, 5.125, 8.5 ], "texture": "#wood_frame" }
			}
		},
		{
			"__comment": "Voxels",
			"from": [ 7, -13, -3 ],
			"to": [ 9, -12.5, 19 ],
			"faces": {
				"down": { "uv": [ 6.125, 8.5625, 6.375, 11.3125 ], "texture": "#wood_frame" },
				"up": { "uv": [ 6.5, 11.3125, 6.75, 8.5625 ], "texture": "#wood_frame" },
				"south": { "uv": [ 5.125, 9.375, 5.375, 9.4375 ], "texture": "#wood_frame" },
				"east": { "uv": [ 16, 15.5, 13.25, 15.5625 ], "texture": "#wood_frame" }
			}
		},
		{
			"__comment": "Voxels",
			"from": [ 7, -13, 19.5 ],
			"to": [ 9, -12.5, 24.5 ],
			"faces": {
				"down": { "uv": [ 1.25, 8.375, 1.5, 9 ], "texture": "#wood_frame" },
				"up": { "uv": [ 1, 9, 1.25, 8.375 ], "texture": "#wood_frame" },
				"north": { "uv": [ 2.5, 8, 2.25, 8.0625 ], "texture": "#wood_frame" },
				"west": { "uv": [ 3.75, 9.25, 4.375, 9.3125 ], "texture": "#wood_frame" },
				"east": { "uv": [ 5, 9.25, 4.375, 9.3125 ], "texture": "#wood_frame" }
			}
		},
		{
			"__comment": "Voxels",
			"from": [ 7, -13, 25 ],
			"to": [ 9.5, -12.5, 28 ],
			"faces": {
				"down": { "uv": [ 1, 8, 1.3125, 8.375 ], "texture": "#wood_frame" },
				"up": { "uv": [ 2, 9.3125, 2.3125, 8.9375 ], "texture": "#wood_frame" },
				"east": { "uv": [ 4.125, 8.0625, 3.75, 8.125 ], "texture": "#wood_frame" }
			}
		},
		{
			"__comment": "Voxels",
			"from": [ 7, 20, -11 ],
			"to": [ 8.5, 20.5, 27 ],
			"faces": {
				"down": { "uv": [ 8.25, 10.5, 8.4375, 15.25 ], "texture": "#wood_frame" },
				"up": { "uv": [ 8.4375, 15.25, 8.625, 10.5 ], "texture": "#wood_frame" },
				"west": { "uv": [ 10.375, 14.25, 15.125, 14.3125 ], "texture": "#wood_frame" },
				"east": { "uv": [ 15.125, 14.3125, 10.375, 14.375 ], "texture": "#wood_frame" }
			}
		},
		{
			"__comment": "Voxels",
			"from": [ 7, 20.5, 27.5 ],
			"to": [ 9.5, 21, 28 ],
			"faces": {
				"down": { "uv": [ 4.625, 8.75, 4.9375, 8.8125 ], "texture": "#wood_frame" },
				"north": { "uv": [ 4.625, 8.4375, 4.3125, 8.5 ], "texture": "#wood_frame" },
				"east": { "uv": [ 4.25, 8.9375, 4.1875, 9 ], "texture": "#wood_frame" }
			}
		},
		{
			"__comment": "Voxels",
			"from": [ 7.5, -13.5, -6.5 ],
			"to": [ 8, -13, -6 ],
			"faces": {
				"down": { "uv": [ 4.5625, 8.125, 4.625, 8.1875 ], "texture": "#wood_frame" },
				"north": { "uv": [ 4.25, 8.8125, 4.1875, 8.875 ], "texture": "#wood_frame" },
				"south": { "uv": [ 4.1875, 8.75, 4.25, 8.8125 ], "texture": "#wood_frame" },
				"east": { "uv": [ 5.25, 8.3125, 5.1875, 8.375 ], "texture": "#wood_frame" }
			}
		},
		{
			"__comment": "Voxels",
			"from": [ 7.5, -13.5, 22 ],
			"to": [ 8, -13, 22.5 ],
			"faces": {
				"down": { "uv": [ 4.9375, 8.1875, 5, 8.25 ], "texture": "#wood_frame" },
				"north": { "uv": [ 4.9375, 8, 4.875, 8.0625 ], "texture": "#wood_frame" },
				"south": { "uv": [ 4.875, 8.0625, 4.9375, 8.125 ], "texture": "#wood_frame" },
				"east": { "uv": [ 5.375, 8.4375, 5.3125, 8.5 ], "texture": "#wood_frame" }
			}
		},
		{
			"__comment": "Voxels",
			"from": [ 7.5, -13, -9 ],
			"to": [ 9.5, -12.5, -8.5 ],
			"faces": {
				"down": { "uv": [ 4.3125, 8.0625, 4.5625, 8.125 ], "texture": "#wood_frame" },
				"up": { "uv": [ 4.3125, 8.0625, 4.5625, 8 ], "texture": "#wood_frame" },
				"east": { "uv": [ 4.75, 8, 4.6875, 8.0625 ], "texture": "#wood_frame" }
			}
		},
		{
			"__comment": "Voxels",
			"from": [ 7.5, -13, 19 ],
			"to": [ 9, -12.5, 19.5 ],
			"faces": {
				"down": { "uv": [ 4.875, 8.5, 5.0625, 8.5625 ], "texture": "#wood_frame" },
				"up": { "uv": [ 5.0625, 8.5625, 5.25, 8.5 ], "texture": "#wood_frame" },
				"east": { "uv": [ 5.375, 8.3125, 5.3125, 8.375 ], "texture": "#wood_frame" }
			}
		},
		{
			"__comment": "Voxels",
			"from": [ 7.5, 22.5, 29.5 ],
			"to": [ 8.5, 28.5, 30 ],
			"faces": {
				"up": { "uv": [ 3.5, 8.0625, 3.625, 8 ], "texture": "#wood_frame" },
				"north": { "uv": [ 2.375, 8.1875, 2.25, 8.9375 ], "texture": "#wood_frame" },
				"south": { "uv": [ 2.375, 8.1875, 2.5, 8.9375 ], "texture": "#wood_frame" },
				"west": { "uv": [ 3.625, 8.6875, 3.6875, 9.4375 ], "texture": "#wood_frame" },
				"east": { "uv": [ 3.75, 8.6875, 3.6875, 9.4375 ], "texture": "#wood_frame" }
			}
		},
		{
			"__comment": "Voxels",
			"from": [ 7.5, 23, -13.5 ],
			"to": [ 8.5, 31, 29.5 ],
			"faces": {
				"up": { "uv": [ 9.375, 15.25, 9.5, 9.875 ], "texture": "#wood_frame" },
				"north": { "uv": [ 1.625, 8, 1.5, 9 ], "texture": "#wood_frame" },
				"south": { "uv": [ 1.625, 8, 1.75, 9 ], "texture": "#wood_frame" },
				"west": { "uv": [ 0, 15, 5.375, 16 ], "texture": "#wood_frame" },
				"east": { "uv": [ 5.375, 14, 0, 15 ], "texture": "#wood_frame" }
			}
		},
		{
			"__comment": "Voxels",
			"from": [ 7.5, 25.5, -14 ],
			"to": [ 8.5, 26.5, -13.5 ],
			"faces": {
				"down": { "uv": [ 4.125, 8.5625, 4.25, 8.625 ], "texture": "#wood_frame" },
				"up": { "uv": [ 5.25, 9.5625, 5.375, 9.5 ], "texture": "#wood_frame" },
				"north": { "uv": [ 1, 8, 0.875, 8.125 ], "texture": "#wood_frame" },
				"west": { "uv": [ 4.6875, 9.625, 4.75, 9.75 ], "texture": "#wood_frame" },
				"east": { "uv": [ 4.1875, 8, 4.125, 8.125 ], "texture": "#wood_frame" }
			}
		},
		{
			"__comment": "Voxels",
			"from": [ 7.5, 27, -14 ],
			"to": [ 8.5, 29, -13.5 ],
			"faces": {
				"down": { "uv": [ 5.25, 9.4375, 5.375, 9.5 ], "texture": "#wood_frame" },
				"up": { "uv": [ 3.5, 8.1875, 3.625, 8.125 ], "texture": "#wood_frame" },
				"north": { "uv": [ 2.4375, 9.0625, 2.3125, 9.3125 ], "texture": "#wood_frame" },
				"west": { "uv": [ 4.625, 8.25, 4.6875, 8.5 ], "texture": "#wood_frame" },
				"east": { "uv": [ 2.5, 9.0625, 2.4375, 9.3125 ], "texture": "#wood_frame" }
			}
		},
		{
			"__comment": "Voxels",
			"from": [ 7.5, 29.5, -14 ],
			"to": [ 8.5, 30.5, -13.5 ],
			"faces": {
				"down": { "uv": [ 5.25, 9.1875, 5.375, 9.25 ], "texture": "#wood_frame" },
				"up": { "uv": [ 5.25, 9.1875, 5.375, 9.125 ], "texture": "#wood_frame" },
				"north": { "uv": [ 0.5, 8, 0.375, 8.125 ], "texture": "#wood_frame" },
				"west": { "uv": [ 4.1875, 8, 4.25, 8.125 ], "texture": "#wood_frame" },
				"east": { "uv": [ 4.3125, 8, 4.25, 8.125 ], "texture": "#wood_frame" }
			}
		},
		{
			"__comment": "Voxels",
			"from": [ 8.5, -13.5, -4.5 ],
			"to": [ 9.5, -13, -1 ],
			"faces": {
				"down": { "uv": [ 3.5, 9.125, 3.625, 9.5625 ], "texture": "#wood_frame" },
				"up": { "uv": [ 3.5, 9.125, 3.625, 8.6875 ], "texture": "#wood_frame" },
				"north": { "uv": [ 4.25, 8.5, 4.125, 8.5625 ], "texture": "#wood_frame" },
				"south": { "uv": [ 4.125, 8.4375, 4.25, 8.5 ], "texture": "#wood_frame" },
				"west": { "uv": [ 3.75, 8.9375, 4.1875, 9 ], "texture": "#wood_frame" },
				"east": { "uv": [ 4.1875, 8.875, 3.75, 8.9375 ], "texture": "#wood_frame" }
			}
		},
		{
			"__comment": "Voxels",
			"from": [ 8.5, -13.5, 17 ],
			"to": [ 10, -13, 20 ],
			"faces": {
				"down": { "uv": [ 0.8125, 8.5, 1, 8.875 ], "texture": "#wood_frame" },
				"up": { "uv": [ 0.3125, 8.875, 0.5, 8.5 ], "texture": "#wood_frame" },
				"north": { "uv": [ 4.875, 8.5625, 4.6875, 8.625 ], "texture": "#wood_frame" },
				"south": { "uv": [ 4.6875, 8.4375, 4.875, 8.5 ], "texture": "#wood_frame" },
				"west": { "uv": [ 3.75, 8, 4.125, 8.0625 ], "texture": "#wood_frame" },
				"east": { "uv": [ 4.625, 9.0625, 4.25, 9.125 ], "texture": "#wood_frame" }
			}
		},
		{
			"__comment": "Voxels",
			"from": [ 8.5, -13.5, 20 ],
			"to": [ 9.5, -13, 20.5 ],
			"faces": {
				"down": { "uv": [ 4.125, 8.25, 4.25, 8.3125 ], "texture": "#wood_frame" },
				"up": { "uv": [ 4.125, 8.25, 4.25, 8.1875 ], "texture": "#wood_frame" },
				"south": { "uv": [ 5.25, 8.75, 5.375, 8.8125 ], "texture": "#wood_frame" },
				"west": { "uv": [ 4.1875, 8.6875, 4.25, 8.75 ], "texture": "#wood_frame" },
				"east": { "uv": [ 4.25, 8.625, 4.1875, 8.6875 ], "texture": "#wood_frame" }
			}
		},
		{
			"__comment": "Voxels",
			"from": [ 8.5, -13.5, 27.5 ],
			"to": [ 10, -13, 28 ],
			"faces": {
				"down": { "uv": [ 5.1875, 8.625, 5.375, 8.6875 ], "texture": "#wood_frame" },
				"up": { "uv": [ 4.6875, 8.5625, 4.875, 8.5 ], "texture": "#wood_frame" },
				"west": { "uv": [ 4.875, 8.1875, 4.9375, 8.25 ], "texture": "#wood_frame" },
				"east": { "uv": [ 5, 8.375, 4.9375, 8.4375 ], "texture": "#wood_frame" }
			}
		},
		{
			"__comment": "Voxels",
			"from": [ 8.5, 20.5, -11.5 ],
			"to": [ 9, 21, 27.5 ],
			"faces": {
				"down": { "uv": [ 10.3125, 9.5, 10.375, 14.375 ], "texture": "#wood_frame" },
				"west": { "uv": [ 10.3125, 14.375, 15.1875, 14.4375 ], "texture": "#wood_frame" },
				"east": { "uv": [ 15.1875, 14.4375, 10.3125, 14.5 ], "texture": "#wood_frame" }
			}
		},
		{
			"__comment": "Voxels",
			"from": [ 9, -13.5, -11 ],
			"to": [ 10, -13, -4.5 ],
			"faces": {
				"down": { "uv": [ 2.125, 8.125, 2.25, 8.9375 ], "texture": "#wood_frame" },
				"up": { "uv": [ 1.875, 9, 2, 8.1875 ], "texture": "#wood_frame" },
				"south": { "uv": [ 4.6875, 8.1875, 4.8125, 8.25 ], "texture": "#wood_frame" },
				"west": { "uv": [ 3.625, 9.5, 4.4375, 9.5625 ], "texture": "#wood_frame" },
				"east": { "uv": [ 5.25, 9.4375, 4.4375, 9.5 ], "texture": "#wood_frame" }
			}
		},
		{
			"__comment": "Voxels",
			"from": [ 9, -13.5, -1 ],
			"to": [ 10, -13, 17 ],
			"faces": {
				"down": { "uv": [ 5.5, 8.375, 5.625, 10.625 ], "texture": "#wood_frame" },
				"up": { "uv": [ 5.375, 10.625, 5.5, 8.375 ], "texture": "#wood_frame" },
				"north": { "uv": [ 4.875, 8.125, 4.75, 8.1875 ], "texture": "#wood_frame" },
				"west": { "uv": [ 13.375, 15.8125, 15.625, 15.875 ], "texture": "#wood_frame" },
				"east": { "uv": [ 15.625, 15.75, 13.375, 15.8125 ], "texture": "#wood_frame" }
			}
		},
		{
			"__comment": "Voxels",
			"from": [ 9, -13.5, 20.5 ],
			"to": [ 10, -13, 27 ],
			"faces": {
				"down": { "uv": [ 2, 8.125, 2.125, 8.9375 ], "texture": "#wood_frame" },
				"up": { "uv": [ 1.75, 9, 1.875, 8.1875 ], "texture": "#wood_frame" },
				"north": { "uv": [ 4.875, 8, 4.75, 8.0625 ], "texture": "#wood_frame" },
				"west": { "uv": [ 4.4375, 9.5, 5.25, 9.5625 ], "texture": "#wood_frame" },
				"east": { "uv": [ 4.4375, 9.4375, 3.625, 9.5 ], "texture": "#wood_frame" }
			}
		},
		{
			"__comment": "Voxels",
			"from": [ 9, -13, -1.5 ],
			"to": [ 9.5, -12.5, 17.5 ],
			"faces": {
				"down": { "uv": [ 5.75, 8.25, 5.8125, 10.625 ], "texture": "#wood_frame" },
				"up": { "uv": [ 5.8125, 10.625, 5.875, 8.25 ], "texture": "#wood_frame" },
				"north": { "uv": [ 5.0625, 8.375, 5, 8.4375 ], "texture": "#wood_frame" },
				"south": { "uv": [ 5.0625, 8.375, 5.125, 8.4375 ], "texture": "#wood_frame" },
				"east": { "uv": [ 15.75, 15.875, 13.375, 15.9375 ], "texture": "#wood_frame" }
			}
		},
		{
			"__comment": "Voxels",
			"from": [ 9, -13, 20.5 ],
			"to": [ 9.5, -12.5, 24.5 ],
			"faces": {
				"up": { "uv": [ 3.5625, 8.6875, 3.625, 8.1875 ], "texture": "#wood_frame" },
				"north": { "uv": [ 5, 8.3125, 4.9375, 8.375 ], "texture": "#wood_frame" },
				"east": { "uv": [ 4.25, 9, 3.75, 9.0625 ], "texture": "#wood_frame" }
			}
		},
		{
			"__comment": "Voxels",
			"from": [ 9.5, -14.5, -11.5 ],
			"to": [ 10, -13.5, 28 ],
			"faces": {
				"up": { "uv": [ 10, 14.625, 10.0625, 9.6875 ], "texture": "#wood_frame" },
				"west": { "uv": [ 9.625, 15.125, 14.5625, 15.25 ], "texture": "#wood_frame" },
				"east": { "uv": [ 14.5625, 15, 9.625, 15.125 ], "texture": "#wood_frame" }
			}
		},
		{
			"__comment": "Voxels",
			"from": [ 9.5, -13.5, -4 ],
			"to": [ 10, -13, -1 ],
			"faces": {
				"up": { "uv": [ 4.25, 8.5, 4.3125, 8.125 ], "texture": "#wood_frame" },
				"north": { "uv": [ 5.0625, 8.25, 5, 8.3125 ], "texture": "#wood_frame" },
				"east": { "uv": [ 4.125, 8.1875, 3.75, 8.25 ], "texture": "#wood_frame" }
			}
		}
	],
	"display": {
		"thirdperson_righthand": {
			"scale":  [ 0.2, 0.2, 0.2 ]
		},
		"firstperson_righthand": {
			"scale":  [ 0.2, 0.2, 0.2 ]
		},
		"gui": {
			"rotation":  [ 13, 38, 0 ],
			"translation":  [ 0, -4.173, 9.0434 ],
			"scale":  [ 0.5, 0.5, 0.5 ]
		},
		"head": {
			"rotation":  [ 0, -90, 0 ],
			"translation":  [ 0, -16.68, 0 ],
			"scale":  [ 1.8, 1.8, 1.8 ]
		},
		"ground": {
			"scale":  [ 0.2, 0.2, 0.2 ]
		}
	}
}