{
	"__comment": "Designed by DevastMc",
	"gui_light": "front",
	"textures": {
		"untitled_atlas": "blocks/amber_axe"
	},
	"elements": [ 	 
		{
			"__comment": "Voxels",
			"from": [ 7.75, 6.75, 5.875 ],
			"to": [ 8, 9.125, 6.25 ],
			"faces": {
				"down": { "uv": [ 15.5, 10.5, 16, 11.25 ], "texture": "#untitled_atlas" },
				"up": { "uv": [ 14, 11.25, 14.5, 10.5 ], "texture": "#untitled_atlas" },
				"north": { "uv": [ 2.25, 2.75, 1.75, 7.5 ], "texture": "#untitled_atlas" },
				"south": { "uv": [ 2.5, 10.5, 3, 15.25 ], "texture": "#untitled_atlas" },
				"west": { "uv": [ 0, 3.75, 0.75, 8.5 ], "texture": "#untitled_atlas" },
				"east": { "uv": [ 1.75, 11.25, 1, 16 ], "texture": "#untitled_atlas" }
			}
		},
		{
			"__comment": "Voxels",
			"from": [ 7.75, 6.75, 6.25 ],
			"to": [ 8, 9, 6.625 ],
			"faces": {
				"down": { "uv": [ 14.5, 10.5, 15, 11.25 ], "texture": "#untitled_atlas" },
				"up": { "uv": [ 15, 11.25, 15.5, 10.5 ], "texture": "#untitled_atlas" },
				"north": { "uv": [ 3, 6, 2.5, 10.5 ], "texture": "#untitled_atlas" },
				"south": { "uv": [ 2.5, 1.5, 3, 6 ], "texture": "#untitled_atlas" },
				"west": { "uv": [ 1, 2.25, 1.75, 6.75 ], "texture": "#untitled_atlas" },
				"east": { "uv": [ 1.75, 6.75, 1, 11.25 ], "texture": "#untitled_atlas" }
			}
		},
		{
			"__comment": "Voxels",
			"from": [ 7.75, 6.875, 5.625 ],
			"to": [ 8, 7.5, 5.875 ],
			"faces": {
				"down": { "uv": [ 11.25, 9.5, 11.75, 10 ], "texture": "#untitled_atlas" },
				"up": { "uv": [ 6.75, 8, 7.25, 7.5 ], "texture": "#untitled_atlas" },
				"north": { "uv": [ 4, 0.25, 3.5, 1.5 ], "texture": "#untitled_atlas" },
				"south": { "uv": [ 2.5, 0.25, 3, 1.5 ], "texture": "#untitled_atlas" },
				"west": { "uv": [ 13.25, 11.25, 13.75, 12.5 ], "texture": "#untitled_atlas" },
				"east": { "uv": [ 5.5, 3, 5, 4.25 ], "texture": "#untitled_atlas" }
			}
		},
		{
			"__comment": "Voxels",
			"from": [ 7.75, 6.875, 6.625 ],
			"to": [ 8, 7.125, 6.75 ],
			"faces": {
				"down": { "uv": [ 2.5, 0, 3, 0.25 ], "texture": "#untitled_atlas" },
				"up": { "uv": [ 3.5, 0.25, 4, 0 ], "texture": "#untitled_atlas" },
				"north": { "uv": [ 6.75, 11.25, 6.25, 11.75 ], "texture": "#untitled_atlas" },
				"south": { "uv": [ 7.75, 11.25, 8.25, 11.75 ], "texture": "#untitled_atlas" },
				"west": { "uv": [ 15.75, 13.75, 16, 14.25 ], "texture": "#untitled_atlas" },
				"east": { "uv": [ 6, 0, 5.75, 0.5 ], "texture": "#untitled_atlas" }
			}
		},
		{
			"__comment": "Voxels",
			"from": [ 7.75, 7, 5.5 ],
			"to": [ 8, 7.125, 5.625 ],
			"faces": {
				"down": { "uv": [ 10, 11.25, 10.5, 11.5 ], "texture": "#untitled_atlas" },
				"up": { "uv": [ 10.5, 11.5, 11, 11.25 ], "texture": "#untitled_atlas" },
				"north": { "uv": [ 11.75, 9.25, 11.25, 9.5 ], "texture": "#untitled_atlas" },
				"south": { "uv": [ 11.75, 9.25, 12.25, 9.5 ], "texture": "#untitled_atlas" },
				"west": { "uv": [ 8.75, 4.25, 9, 4.5 ], "texture": "#untitled_atlas" },
				"east": { "uv": [ 9, 4, 8.75, 4.25 ], "texture": "#untitled_atlas" }
			}
		},
		{
			"__comment": "Voxels",
			"from": [ 7.75, 7.5, 5.75 ],
			"to": [ 8.125, 8.875, 5.875 ],
			"faces": {
				"down": { "uv": [ 15.25, 8.75, 16, 9 ], "texture": "#untitled_atlas" },
				"up": { "uv": [ 15.25, 8.75, 16, 8.5 ], "texture": "#untitled_atlas" },
				"north": { "uv": [ 2.5, 0, 1.75, 2.75 ], "texture": "#untitled_atlas" },
				"south": { "uv": [ 0, 1, 0.75, 3.75 ], "texture": "#untitled_atlas" },
				"west": { "uv": [ 0.75, 1, 1, 3.75 ], "texture": "#untitled_atlas" },
				"east": { "uv": [ 5.75, 6.75, 5.5, 9.5 ], "texture": "#untitled_atlas" }
			}
		},
		{
			"__comment": "Voxels",
			"from": [ 7.75, 7.625, 9.875 ],
			"to": [ 8.25, 8.25, 10 ],
			"faces": {
				"down": { "uv": [ 7.5, 13.75, 8.5, 14 ], "texture": "#untitled_atlas" },
				"up": { "uv": [ 8.5, 14, 9.5, 13.75 ], "texture": "#untitled_atlas" },
				"north": { "uv": [ 7.5, 14, 6.5, 15.25 ], "texture": "#untitled_atlas" },
				"south": { "uv": [ 7.5, 14, 8.5, 15.25 ], "texture": "#untitled_atlas" },
				"west": { "uv": [ 6.25, 4.25, 6.5, 5.5 ], "texture": "#untitled_atlas" },
				"east": { "uv": [ 6.5, 8, 6.25, 9.25 ], "texture": "#untitled_atlas" }
			}
		},
		{
			"__comment": "Voxels",
			"from": [ 7.75, 7.625, 10 ],
			"to": [ 8.25, 8.125, 10.125 ],
			"faces": {
				"down": { "uv": [ 9.5, 13.75, 10.5, 14 ], "texture": "#untitled_atlas" },
				"up": { "uv": [ 10.5, 14, 11.5, 13.75 ], "texture": "#untitled_atlas" },
				"north": { "uv": [ 7.75, 12.75, 6.75, 13.75 ], "texture": "#untitled_atlas" },
				"south": { "uv": [ 10.5, 14, 11.5, 15 ], "texture": "#untitled_atlas" },
				"west": { "uv": [ 4.5, 0, 4.75, 1 ], "texture": "#untitled_atlas" },
				"east": { "uv": [ 6.75, 8.25, 6.5, 9.25 ], "texture": "#untitled_atlas" }
			}
		},
		{
			"__comment": "Voxels",
			"from": [ 7.75, 7.625, 10.125 ],
			"to": [ 8.25, 7.875, 10.375 ],
			"faces": {
				"down": { "uv": [ 13, 10.75, 14, 11.25 ], "texture": "#untitled_atlas" },
				"up": { "uv": [ 8.25, 11.75, 9.25, 11.25 ], "texture": "#untitled_atlas" },
				"north": { "uv": [ 7.75, 11.25, 6.75, 11.75 ], "texture": "#untitled_atlas" },
				"south": { "uv": [ 14.75, 13.75, 15.75, 14.25 ], "texture": "#untitled_atlas" },
				"west": { "uv": [ 13.25, 9.5, 13.75, 10 ], "texture": "#untitled_atlas" },
				"east": { "uv": [ 14.25, 9.5, 13.75, 10 ], "texture": "#untitled_atlas" }
			}
		},
		{
			"__comment": "Voxels",
			"from": [ 7.75, 7.75, 9.75 ],
			"to": [ 8.25, 8.25, 9.875 ],
			"faces": {
				"down": { "uv": [ 15, 13.5, 16, 13.75 ], "texture": "#untitled_atlas" },
				"up": { "uv": [ 13, 10.75, 14, 10.5 ], "texture": "#untitled_atlas" },
				"north": { "uv": [ 15.75, 14.25, 14.75, 15.25 ], "texture": "#untitled_atlas" },
				"south": { "uv": [ 0, 0, 1, 1 ], "texture": "#untitled_atlas" },
				"west": { "uv": [ 6.5, 7.25, 6.75, 8.25 ], "texture": "#untitled_atlas" },
				"east": { "uv": [ 6.75, 6.25, 6.5, 7.25 ], "texture": "#untitled_atlas" }
			}
		},
		{
			"__comment": "Voxels",
			"from": [ 7.75, 7.875, 9.5 ],
			"to": [ 8.25, 8.375, 9.625 ],
			"faces": {
				"down": { "uv": [ 14.25, 9.75, 15.25, 10 ], "texture": "#untitled_atlas" },
				"up": { "uv": [ 14.25, 9.75, 15.25, 9.5 ], "texture": "#untitled_atlas" },
				"north": { "uv": [ 9.5, 14, 8.5, 15 ], "texture": "#untitled_atlas" },
				"south": { "uv": [ 9.5, 14, 10.5, 15 ], "texture": "#untitled_atlas" },
				"west": { "uv": [ 6.5, 5.25, 6.75, 6.25 ], "texture": "#untitled_atlas" },
				"east": { "uv": [ 6.75, 4.25, 6.5, 5.25 ], "texture": "#untitled_atlas" }
			}
		},
		{
			"__comment": "Voxels",
			"from": [ 7.75, 7.875, 9.625 ],
			"to": [ 8.25, 8.25, 9.75 ],
			"faces": {
				"down": { "uv": [ 14.25, 9.25, 15.25, 9.5 ], "texture": "#untitled_atlas" },
				"up": { "uv": [ 6.75, 9.25, 7.75, 9 ], "texture": "#untitled_atlas" },
				"north": { "uv": [ 14.75, 12.75, 13.75, 13.5 ], "texture": "#untitled_atlas" },
				"south": { "uv": [ 14.25, 15.25, 15.25, 16 ], "texture": "#untitled_atlas" },
				"west": { "uv": [ 15.75, 12.75, 16, 13.5 ], "texture": "#untitled_atlas" },
				"east": { "uv": [ 6.75, 1.5, 6.5, 2.25 ], "texture": "#untitled_atlas" }
			}
		},
		{
			"__comment": "Voxels",
			"from": [ 7.75, 7.875, 10.25 ],
			"to": [ 8.25, 8.125, 10.375 ],
			"faces": {
				"down": { "uv": [ 7.75, 9, 8.75, 9.25 ], "texture": "#untitled_atlas" },
				"up": { "uv": [ 8.75, 9.25, 9.75, 9 ], "texture": "#untitled_atlas" },
				"north": { "uv": [ 13.75, 13.75, 12.75, 14.25 ], "texture": "#untitled_atlas" },
				"south": { "uv": [ 13.75, 13.75, 14.75, 14.25 ], "texture": "#untitled_atlas" },
				"west": { "uv": [ 15.75, 9.5, 16, 10 ], "texture": "#untitled_atlas" },
				"east": { "uv": [ 6.5, 0, 6.25, 0.5 ], "texture": "#untitled_atlas" }
			}
		},
		{
			"__comment": "Voxels",
			"from": [ 7.75, 7.875, 10.375 ],
			"to": [ 8.25, 8, 10.5 ],
			"faces": {
				"down": { "uv": [ 10.75, 9, 11.75, 9.25 ], "texture": "#untitled_atlas" },
				"up": { "uv": [ 11.75, 9.25, 12.75, 9 ], "texture": "#untitled_atlas" },
				"north": { "uv": [ 14.25, 8.75, 13.25, 9 ], "texture": "#untitled_atlas" },
				"south": { "uv": [ 12.75, 9, 13.75, 9.25 ], "texture": "#untitled_atlas" },
				"west": { "uv": [ 8.75, 3.75, 9, 4 ], "texture": "#untitled_atlas" },
				"east": { "uv": [ 9, 3.5, 8.75, 3.75 ], "texture": "#untitled_atlas" }
			}
		},
		{
			"__comment": "Voxels",
			"from": [ 7.75, 8, 7.25 ],
			"to": [ 8.25, 8.5, 7.625 ],
			"faces": {
				"down": { "uv": [ 12.75, 12.5, 13.75, 13.25 ], "texture": "#untitled_atlas" },
				"up": { "uv": [ 8, 11.25, 9, 10.5 ], "texture": "#untitled_atlas" },
				"north": { "uv": [ 9.25, 12.75, 8.25, 13.75 ], "texture": "#untitled_atlas" },
				"south": { "uv": [ 8.25, 11.75, 9.25, 12.75 ], "texture": "#untitled_atlas" },
				"west": { "uv": [ 14.5, 11.75, 15.25, 12.75 ], "texture": "#untitled_atlas" },
				"east": { "uv": [ 14.5, 11.75, 13.75, 12.75 ], "texture": "#untitled_atlas" }
			}
		},
		{
			"__comment": "Voxels",
			"from": [ 7.75, 8, 7.625 ],
			"to": [ 8.25, 8.375, 9.5 ],
			"faces": {
				"down": { "uv": [ 0, 8.5, 1, 12.25 ], "texture": "#untitled_atlas" },
				"up": { "uv": [ 0, 16, 1, 12.25 ], "texture": "#untitled_atlas" },
				"north": { "uv": [ 12.75, 12.5, 11.75, 13.25 ], "texture": "#untitled_atlas" },
				"south": { "uv": [ 9, 10.5, 10, 11.25 ], "texture": "#untitled_atlas" },
				"west": { "uv": [ 2.5, 15.25, 6.25, 16 ], "texture": "#untitled_atlas" },
				"east": { "uv": [ 10, 15.25, 6.25, 16 ], "texture": "#untitled_atlas" }
			}
		},
		{
			"__comment": "Voxels",
			"from": [ 7.75, 8, 10.125 ],
			"to": [ 8.25, 8.125, 10.25 ],
			"faces": {
				"down": { "uv": [ 7.25, 8.75, 8.25, 9 ], "texture": "#untitled_atlas" },
				"up": { "uv": [ 8.25, 9, 9.25, 8.75 ], "texture": "#untitled_atlas" },
				"north": { "uv": [ 10.25, 8.75, 9.25, 9 ], "texture": "#untitled_atlas" },
				"south": { "uv": [ 10.25, 8.75, 11.25, 9 ], "texture": "#untitled_atlas" },
				"west": { "uv": [ 8.75, 2.75, 9, 3 ], "texture": "#untitled_atlas" },
				"east": { "uv": [ 9, 2.5, 8.75, 2.75 ], "texture": "#untitled_atlas" }
			}
		},
		{
			"__comment": "Voxels",
			"from": [ 7.75, 8.125, 6.875 ],
			"to": [ 8.25, 8.625, 7.25 ],
			"faces": {
				"down": { "uv": [ 6, 10.5, 7, 11.25 ], "texture": "#untitled_atlas" },
				"up": { "uv": [ 7, 11.25, 8, 10.5 ], "texture": "#untitled_atlas" },
				"north": { "uv": [ 12.5, 14, 11.5, 15 ], "texture": "#untitled_atlas" },
				"south": { "uv": [ 6.75, 11.75, 7.75, 12.75 ], "texture": "#untitled_atlas" },
				"west": { "uv": [ 11, 12.25, 11.75, 13.25 ], "texture": "#untitled_atlas" },
				"east": { "uv": [ 11.75, 11.25, 11, 12.25 ], "texture": "#untitled_atlas" }
			}
		},
		{
			"__comment": "Voxels",
			"from": [ 7.75, 8.25, 6.625 ],
			"to": [ 8.375, 9, 6.75 ],
			"faces": {
				"down": { "uv": [ 13.75, 13.5, 15, 13.75 ], "texture": "#untitled_atlas" },
				"up": { "uv": [ 11.5, 14, 12.75, 13.75 ], "texture": "#untitled_atlas" },
				"north": { "uv": [ 5.25, 13.75, 4, 15.25 ], "texture": "#untitled_atlas" },
				"south": { "uv": [ 5.25, 13.75, 6.5, 15.25 ], "texture": "#untitled_atlas" },
				"west": { "uv": [ 6, 0, 6.25, 1.5 ], "texture": "#untitled_atlas" },
				"east": { "uv": [ 5, 0, 4.75, 1.5 ], "texture": "#untitled_atlas" }
			}
		},
		{
			"__comment": "Voxels",
			"from": [ 7.75, 8.25, 6.75 ],
			"to": [ 8.25, 8.625, 6.875 ],
			"faces": {
				"down": { "uv": [ 14.25, 8.75, 15.25, 9 ], "texture": "#untitled_atlas" },
				"up": { "uv": [ 7.25, 8.75, 8.25, 8.5 ], "texture": "#untitled_atlas" },
				"north": { "uv": [ 15.75, 12.75, 14.75, 13.5 ], "texture": "#untitled_atlas" },
				"south": { "uv": [ 5, 10.5, 6, 11.25 ], "texture": "#untitled_atlas" },
				"west": { "uv": [ 6.5, 0, 6.75, 0.75 ], "texture": "#untitled_atlas" },
				"east": { "uv": [ 7, 1.75, 6.75, 2.5 ], "texture": "#untitled_atlas" }
			}
		},
		{
			"__comment": "Voxels",
			"from": [ 7.75, 8.375, 5.625 ],
			"to": [ 8.25, 8.5, 5.75 ],
			"faces": {
				"down": { "uv": [ 8.25, 8.5, 9.25, 8.75 ], "texture": "#untitled_atlas" },
				"up": { "uv": [ 9.25, 8.75, 10.25, 8.5 ], "texture": "#untitled_atlas" },
				"north": { "uv": [ 11.25, 8.5, 10.25, 8.75 ], "texture": "#untitled_atlas" },
				"south": { "uv": [ 11.25, 8.5, 12.25, 8.75 ], "texture": "#untitled_atlas" },
				"west": { "uv": [ 8.75, 1.75, 9, 2 ], "texture": "#untitled_atlas" },
				"east": { "uv": [ 9, 1.5, 8.75, 1.75 ], "texture": "#untitled_atlas" }
			}
		},
		{
			"__comment": "Voxels",
			"from": [ 7.875, 7, 6.75 ],
			"to": [ 8, 7.125, 6.875 ],
			"faces": {
				"down": { "uv": [ 8.75, 1.25, 9, 1.5 ], "texture": "#untitled_atlas" },
				"up": { "uv": [ 8.75, 1.25, 9, 1 ], "texture": "#untitled_atlas" },
				"north": { "uv": [ 10, 6.75, 9.75, 7 ], "texture": "#untitled_atlas" },
				"south": { "uv": [ 10.5, 6.75, 10.75, 7 ], "texture": "#untitled_atlas" },
				"west": { "uv": [ 10.75, 6.75, 11, 7 ], "texture": "#untitled_atlas" },
				"east": { "uv": [ 12.25, 6.75, 12, 7 ], "texture": "#untitled_atlas" }
			}
		},
		{
			"__comment": "Voxels",
			"from": [ 7.875, 7.125, 5.5 ],
			"to": [ 8, 7.5, 5.625 ],
			"faces": {
				"down": { "uv": [ 12.25, 6.75, 12.5, 7 ], "texture": "#untitled_atlas" },
				"up": { "uv": [ 13.5, 7, 13.75, 6.75 ], "texture": "#untitled_atlas" },
				"north": { "uv": [ 7, 0.25, 6.75, 1 ], "texture": "#untitled_atlas" },
				"south": { "uv": [ 7, 0.25, 7.25, 1 ], "texture": "#untitled_atlas" },
				"west": { "uv": [ 7.25, 6.25, 7.5, 7 ], "texture": "#untitled_atlas" },
				"east": { "uv": [ 7.75, 6.25, 7.5, 7 ], "texture": "#untitled_atlas" }
			}
		},
		{
			"__comment": "Voxels",
			"from": [ 7.875, 7.125, 6.625 ],
			"to": [ 8, 8.25, 6.75 ],
			"faces": {
				"down": { "uv": [ 13.75, 6.75, 14, 7 ], "texture": "#untitled_atlas" },
				"up": { "uv": [ 14.5, 7, 14.75, 6.75 ], "texture": "#untitled_atlas" },
				"north": { "uv": [ 5.75, 0.75, 5.5, 3 ], "texture": "#untitled_atlas" },
				"south": { "uv": [ 5.25, 0.75, 5.5, 3 ], "texture": "#untitled_atlas" },
				"west": { "uv": [ 5, 0.75, 5.25, 3 ], "texture": "#untitled_atlas" },
				"east": { "uv": [ 5.75, 4.5, 5.5, 6.75 ], "texture": "#untitled_atlas" }
			}
		},
		{
			"__comment": "Voxels",
			"from": [ 7.875, 7.375, 10 ],
			"to": [ 8.125, 7.625, 10.25 ],
			"faces": {
				"down": { "uv": [ 6.75, 5, 7.25, 5.5 ], "texture": "#untitled_atlas" },
				"up": { "uv": [ 6.75, 5, 7.25, 4.5 ], "texture": "#untitled_atlas" },
				"north": { "uv": [ 7.25, 4, 6.75, 4.5 ], "texture": "#untitled_atlas" },
				"south": { "uv": [ 6.75, 3.5, 7.25, 4 ], "texture": "#untitled_atlas" },
				"west": { "uv": [ 6.75, 3, 7.25, 3.5 ], "texture": "#untitled_atlas" },
				"east": { "uv": [ 7.25, 2.5, 6.75, 3 ], "texture": "#untitled_atlas" }
			}
		},
		{
			"__comment": "Voxels",
			"from": [ 7.875, 7.5, 5.625 ],
			"to": [ 8.125, 8.375, 5.75 ],
			"faces": {
				"down": { "uv": [ 11.75, 7.5, 12.25, 7.75 ], "texture": "#untitled_atlas" },
				"up": { "uv": [ 12.25, 7.75, 12.75, 7.5 ], "texture": "#untitled_atlas" },
				"north": { "uv": [ 11, 11.5, 10.5, 13.25 ], "texture": "#untitled_atlas" },
				"south": { "uv": [ 10, 11.5, 10.5, 13.25 ], "texture": "#untitled_atlas" },
				"west": { "uv": [ 6, 1.5, 6.25, 3.25 ], "texture": "#untitled_atlas" },
				"east": { "uv": [ 6.25, 3.25, 6, 5 ], "texture": "#untitled_atlas" }
			}
		},
		{
			"__comment": "Voxels",
			"from": [ 7.875, 7.5, 9.875 ],
			"to": [ 8.125, 7.625, 10 ],
			"faces": {
				"down": { "uv": [ 12.75, 7.5, 13.25, 7.75 ], "texture": "#untitled_atlas" },
				"up": { "uv": [ 13.25, 7.75, 13.75, 7.5 ], "texture": "#untitled_atlas" },
				"north": { "uv": [ 14.25, 7.5, 13.75, 7.75 ], "texture": "#untitled_atlas" },
				"south": { "uv": [ 14.25, 7.5, 14.75, 7.75 ], "texture": "#untitled_atlas" },
				"west": { "uv": [ 14.75, 6.75, 15, 7 ], "texture": "#untitled_atlas" },
				"east": { "uv": [ 9.25, 4.5, 9, 4.75 ], "texture": "#untitled_atlas" }
			}
		},
		{
			"__comment": "Voxels",
			"from": [ 7.875, 7.5, 10.25 ],
			"to": [ 8.25, 7.625, 10.375 ],
			"faces": {
				"down": { "uv": [ 7.25, 3.5, 8, 3.75 ], "texture": "#untitled_atlas" },
				"up": { "uv": [ 7.25, 3.5, 8, 3.25 ], "texture": "#untitled_atlas" },
				"north": { "uv": [ 8, 3, 7.25, 3.25 ], "texture": "#untitled_atlas" },
				"south": { "uv": [ 7.25, 2.75, 8, 3 ], "texture": "#untitled_atlas" },
				"west": { "uv": [ 9, 4.25, 9.25, 4.5 ], "texture": "#untitled_atlas" },
				"east": { "uv": [ 9.25, 3.5, 9, 3.75 ], "texture": "#untitled_atlas" }
			}
		},
		{
			"__comment": "Voxels",
			"from": [ 7.875, 7.625, 9.75 ],
			"to": [ 8.125, 7.75, 9.875 ],
			"faces": {
				"down": { "uv": [ 9.25, 7.25, 9.75, 7.5 ], "texture": "#untitled_atlas" },
				"up": { "uv": [ 9.75, 7.5, 10.25, 7.25 ], "texture": "#untitled_atlas" },
				"north": { "uv": [ 10.75, 7.25, 10.25, 7.5 ], "texture": "#untitled_atlas" },
				"south": { "uv": [ 10.75, 7.25, 11.25, 7.5 ], "texture": "#untitled_atlas" },
				"west": { "uv": [ 9, 3.25, 9.25, 3.5 ], "texture": "#untitled_atlas" },
				"east": { "uv": [ 9.25, 3, 9, 3.25 ], "texture": "#untitled_atlas" }
			}
		},
		{
			"__comment": "Voxels",
			"from": [ 7.875, 7.625, 10.375 ],
			"to": [ 8.25, 7.875, 10.5 ],
			"faces": {
				"down": { "uv": [ 7.25, 0.25, 8, 0.5 ], "texture": "#untitled_atlas" },
				"up": { "uv": [ 7.25, 0.25, 8, 0 ], "texture": "#untitled_atlas" },
				"north": { "uv": [ 1.75, 0, 1, 0.5 ], "texture": "#untitled_atlas" },
				"south": { "uv": [ 13.75, 11.25, 14.5, 11.75 ], "texture": "#untitled_atlas" },
				"west": { "uv": [ 8, 1.25, 8.25, 1.75 ], "texture": "#untitled_atlas" },
				"east": { "uv": [ 8.25, 0.75, 8, 1.25 ], "texture": "#untitled_atlas" }
			}
		},
		{
			"__comment": "Voxels",
			"from": [ 7.875, 7.75, 9.375 ],
			"to": [ 8.125, 8, 9.5 ],
			"faces": {
				"down": { "uv": [ 11.25, 7.25, 11.75, 7.5 ], "texture": "#untitled_atlas" },
				"up": { "uv": [ 11.75, 7.5, 12.25, 7.25 ], "texture": "#untitled_atlas" },
				"north": { "uv": [ 7.25, 6, 6.75, 6.5 ], "texture": "#untitled_atlas" },
				"south": { "uv": [ 6.75, 5.5, 7.25, 6 ], "texture": "#untitled_atlas" },
				"west": { "uv": [ 8, 0.25, 8.25, 0.75 ], "texture": "#untitled_atlas" },
				"east": { "uv": [ 8.5, 6.75, 8.25, 7.25 ], "texture": "#untitled_atlas" }
			}
		},
		{
			"__comment": "Voxels",
			"from": [ 7.875, 7.75, 9.5 ],
			"to": [ 8.25, 7.875, 9.75 ],
			"faces": {
				"down": { "uv": [ 10, 10, 10.75, 10.5 ], "texture": "#untitled_atlas" },
				"up": { "uv": [ 10.75, 10.5, 11.5, 10 ], "texture": "#untitled_atlas" },
				"north": { "uv": [ 10.25, 7.75, 9.5, 8 ], "texture": "#untitled_atlas" },
				"south": { "uv": [ 10.25, 7.75, 11, 8 ], "texture": "#untitled_atlas" },
				"west": { "uv": [ 12.25, 9.25, 12.75, 9.5 ], "texture": "#untitled_atlas" },
				"east": { "uv": [ 13.25, 9.25, 12.75, 9.5 ], "texture": "#untitled_atlas" }
			}
		},
		{
			"__comment": "Voxels",
			"from": [ 7.875, 7.875, 7.25 ],
			"to": [ 8.125, 8, 9.375 ],
			"faces": {
				"down": { "uv": [ 3, 6.75, 3.5, 11 ], "texture": "#untitled_atlas" },
				"up": { "uv": [ 3, 15.25, 3.5, 11 ], "texture": "#untitled_atlas" },
				"north": { "uv": [ 13.75, 9.25, 13.25, 9.5 ], "texture": "#untitled_atlas" },
				"south": { "uv": [ 13.75, 9.25, 14.25, 9.5 ], "texture": "#untitled_atlas" },
				"west": { "uv": [ 10, 15.75, 14.25, 16 ], "texture": "#untitled_atlas" },
				"east": { "uv": [ 14.25, 15.5, 10, 15.75 ], "texture": "#untitled_atlas" }
			}
		},
		{
			"__comment": "Voxels",
			"from": [ 7.875, 7.875, 10.125 ],
			"to": [ 8.25, 8, 10.25 ],
			"faces": {
				"down": { "uv": [ 12.5, 7.75, 13.25, 8 ], "texture": "#untitled_atlas" },
				"up": { "uv": [ 13.25, 8, 14, 7.75 ], "texture": "#untitled_atlas" },
				"north": { "uv": [ 14.75, 7.75, 14, 8 ], "texture": "#untitled_atlas" },
				"south": { "uv": [ 14.75, 7.75, 15.5, 8 ], "texture": "#untitled_atlas" },
				"west": { "uv": [ 9, 2.75, 9.25, 3 ], "texture": "#untitled_atlas" },
				"east": { "uv": [ 9.25, 2, 9, 2.25 ], "texture": "#untitled_atlas" }
			}
		},
		{
			"__comment": "Voxels",
			"from": [ 7.875, 8, 6.875 ],
			"to": [ 8.125, 8.125, 7.25 ],
			"faces": {
				"down": { "uv": [ 10, 9.25, 10.5, 10 ], "texture": "#untitled_atlas" },
				"up": { "uv": [ 6.25, 10, 6.75, 9.25 ], "texture": "#untitled_atlas" },
				"north": { "uv": [ 13, 7, 12.5, 7.25 ], "texture": "#untitled_atlas" },
				"south": { "uv": [ 12, 7, 12.5, 7.25 ], "texture": "#untitled_atlas" },
				"west": { "uv": [ 12.5, 8, 13.25, 8.25 ], "texture": "#untitled_atlas" },
				"east": { "uv": [ 12.5, 8, 11.75, 8.25 ], "texture": "#untitled_atlas" }
			}
		},
		{
			"__comment": "Voxels",
			"from": [ 7.875, 8, 10.375 ],
			"to": [ 8.25, 8.25, 10.5 ],
			"faces": {
				"down": { "uv": [ 11, 8, 11.75, 8.25 ], "texture": "#untitled_atlas" },
				"up": { "uv": [ 15.25, 9.5, 16, 9.25 ], "texture": "#untitled_atlas" },
				"north": { "uv": [ 11.25, 9.5, 10.5, 10 ], "texture": "#untitled_atlas" },
				"south": { "uv": [ 14.5, 11.25, 15.25, 11.75 ], "texture": "#untitled_atlas" },
				"west": { "uv": [ 8.5, 1, 8.75, 1.5 ], "texture": "#untitled_atlas" },
				"east": { "uv": [ 8.75, 1.5, 8.5, 2 ], "texture": "#untitled_atlas" }
			}
		},
		{
			"__comment": "Voxels",
			"from": [ 7.875, 8.125, 6.75 ],
			"to": [ 8.25, 8.25, 6.875 ],
			"faces": {
				"down": { "uv": [ 10.5, 9.25, 11.25, 9.5 ], "texture": "#untitled_atlas" },
				"up": { "uv": [ 9.25, 9.5, 10, 9.25 ], "texture": "#untitled_atlas" },
				"north": { "uv": [ 12.5, 7.75, 11.75, 8 ], "texture": "#untitled_atlas" },
				"south": { "uv": [ 11, 7.75, 11.75, 8 ], "texture": "#untitled_atlas" },
				"west": { "uv": [ 13.25, 6.75, 13.5, 7 ], "texture": "#untitled_atlas" },
				"east": { "uv": [ 13.25, 6.75, 13, 7 ], "texture": "#untitled_atlas" }
			}
		},
		{
			"__comment": "Voxels",
			"from": [ 7.875, 8.125, 10 ],
			"to": [ 8.25, 8.375, 10.25 ],
			"faces": {
				"down": { "uv": [ 15.25, 11.25, 16, 11.75 ], "texture": "#untitled_atlas" },
				"up": { "uv": [ 5, 0.75, 5.75, 0.25 ], "texture": "#untitled_atlas" },
				"north": { "uv": [ 7, 10, 6.25, 10.5 ], "texture": "#untitled_atlas" },
				"south": { "uv": [ 7, 10, 7.75, 10.5 ], "texture": "#untitled_atlas" },
				"west": { "uv": [ 15.25, 9.5, 15.75, 10 ], "texture": "#untitled_atlas" },
				"east": { "uv": [ 7.25, 8.5, 6.75, 9 ], "texture": "#untitled_atlas" }
			}
		},
		{
			"__comment": "Voxels",
			"from": [ 7.875, 8.125, 10.25 ],
			"to": [ 8.25, 8.25, 10.375 ],
			"faces": {
				"down": { "uv": [ 8.75, 7.75, 9.5, 8 ], "texture": "#untitled_atlas" },
				"up": { "uv": [ 8, 8, 8.75, 7.75 ], "texture": "#untitled_atlas" },
				"north": { "uv": [ 8, 0.5, 7.25, 0.75 ], "texture": "#untitled_atlas" },
				"south": { "uv": [ 7.25, 0.75, 8, 1 ], "texture": "#untitled_atlas" },
				"west": { "uv": [ 10.25, 6.75, 10.5, 7 ], "texture": "#untitled_atlas" },
				"east": { "uv": [ 10.25, 6.75, 10, 7 ], "texture": "#untitled_atlas" }
			}
		},
		{
			"__comment": "Voxels",
			"from": [ 7.875, 8.25, 9.625 ],
			"to": [ 8.375, 8.375, 9.75 ],
			"faces": {
				"down": { "uv": [ 9.75, 9, 10.75, 9.25 ], "texture": "#untitled_atlas" },
				"up": { "uv": [ 12.25, 8.75, 13.25, 8.5 ], "texture": "#untitled_atlas" },
				"north": { "uv": [ 15.25, 8.25, 14.25, 8.5 ], "texture": "#untitled_atlas" },
				"south": { "uv": [ 7.25, 8, 8.25, 8.25 ], "texture": "#untitled_atlas" },
				"west": { "uv": [ 8.75, 0.5, 9, 0.75 ], "texture": "#untitled_atlas" },
				"east": { "uv": [ 9, 0.75, 8.75, 1 ], "texture": "#untitled_atlas" }
			}
		},
		{
			"__comment": "Voxels",
			"from": [ 7.875, 8.25, 9.75 ],
			"to": [ 8.25, 8.5, 9.875 ],
			"faces": {
				"down": { "uv": [ 7.25, 3.75, 8, 4 ], "texture": "#untitled_atlas" },
				"up": { "uv": [ 7.25, 4.25, 8, 4 ], "texture": "#untitled_atlas" },
				"north": { "uv": [ 8.5, 10, 7.75, 10.5 ], "texture": "#untitled_atlas" },
				"south": { "uv": [ 8.5, 10, 9.25, 10.5 ], "texture": "#untitled_atlas" },
				"west": { "uv": [ 8.5, 5, 8.75, 5.5 ], "texture": "#untitled_atlas" },
				"east": { "uv": [ 8.75, 5.5, 8.5, 6 ], "texture": "#untitled_atlas" }
			}
		},
		{
			"__comment": "Voxels",
			"from": [ 7.875, 8.25, 9.875 ],
			"to": [ 8.25, 8.375, 10 ],
			"faces": {
				"down": { "uv": [ 7.25, 4.25, 8, 4.5 ], "texture": "#untitled_atlas" },
				"up": { "uv": [ 7.25, 4.75, 8, 4.5 ], "texture": "#untitled_atlas" },
				"north": { "uv": [ 8, 4.75, 7.25, 5 ], "texture": "#untitled_atlas" },
				"south": { "uv": [ 7.25, 5, 8, 5.25 ], "texture": "#untitled_atlas" },
				"west": { "uv": [ 8.25, 0, 8.5, 0.25 ], "texture": "#untitled_atlas" },
				"east": { "uv": [ 9, 0.25, 8.75, 0.5 ], "texture": "#untitled_atlas" }
			}
		},
		{
			"__comment": "Voxels",
			"from": [ 7.875, 8.375, 7.625 ],
			"to": [ 8.25, 8.5, 9.75 ],
			"faces": {
				"down": { "uv": [ 1.75, 7.5, 2.5, 11.75 ], "texture": "#untitled_atlas" },
				"up": { "uv": [ 1.75, 16, 2.5, 11.75 ], "texture": "#untitled_atlas" },
				"north": { "uv": [ 8, 5.25, 7.25, 5.5 ], "texture": "#untitled_atlas" },
				"south": { "uv": [ 7.25, 5.5, 8, 5.75 ], "texture": "#untitled_atlas" },
				"west": { "uv": [ 10, 15.25, 14.25, 15.5 ], "texture": "#untitled_atlas" },
				"east": { "uv": [ 12.75, 15, 8.5, 15.25 ], "texture": "#untitled_atlas" }
			}
		},
		{
			"__comment": "Voxels",
			"from": [ 7.875, 8.5, 5.625 ],
			"to": [ 8.25, 8.75, 5.75 ],
			"faces": {
				"down": { "uv": [ 7.25, 5.75, 8, 6 ], "texture": "#untitled_atlas" },
				"up": { "uv": [ 7.25, 6.25, 8, 6 ], "texture": "#untitled_atlas" },
				"north": { "uv": [ 10, 10, 9.25, 10.5 ], "texture": "#untitled_atlas" },
				"south": { "uv": [ 11.5, 10, 12.25, 10.5 ], "texture": "#untitled_atlas" },
				"west": { "uv": [ 8.25, 4.25, 8.5, 4.75 ], "texture": "#untitled_atlas" },
				"east": { "uv": [ 8.25, 2.75, 8, 3.25 ], "texture": "#untitled_atlas" }
			}
		},
		{
			"__comment": "Voxels",
			"from": [ 7.875, 8.5, 7.25 ],
			"to": [ 8.25, 8.625, 7.625 ],
			"faces": {
				"down": { "uv": [ 15.25, 15.25, 16, 16 ], "texture": "#untitled_atlas" },
				"up": { "uv": [ 12.25, 11.25, 13, 10.5 ], "texture": "#untitled_atlas" },
				"north": { "uv": [ 8, 7.75, 7.25, 8 ], "texture": "#untitled_atlas" },
				"south": { "uv": [ 14, 8, 14.75, 8.25 ], "texture": "#untitled_atlas" },
				"west": { "uv": [ 13.25, 8, 14, 8.25 ], "texture": "#untitled_atlas" },
				"east": { "uv": [ 5.75, 0, 5, 0.25 ], "texture": "#untitled_atlas" }
			}
		},
		{
			"__comment": "Voxels",
			"from": [ 7.875, 8.5, 7.625 ],
			"to": [ 8.125, 8.625, 7.875 ],
			"faces": {
				"down": { "uv": [ 6.75, 6.5, 7.25, 7 ], "texture": "#untitled_atlas" },
				"up": { "uv": [ 12.75, 10, 13.25, 9.5 ], "texture": "#untitled_atlas" },
				"north": { "uv": [ 8.75, 7.5, 8.25, 7.75 ], "texture": "#untitled_atlas" },
				"south": { "uv": [ 8.75, 7.25, 9.25, 7.5 ], "texture": "#untitled_atlas" },
				"west": { "uv": [ 15.5, 8, 16, 8.25 ], "texture": "#untitled_atlas" },
				"east": { "uv": [ 16, 7.75, 15.5, 8 ], "texture": "#untitled_atlas" }
			}
		},
		{
			"__comment": "Voxels",
			"from": [ 7.875, 8.5, 8.875 ],
			"to": [ 8.25, 8.625, 9.25 ],
			"faces": {
				"down": { "uv": [ 10.75, 10.5, 11.5, 11.25 ], "texture": "#untitled_atlas" },
				"up": { "uv": [ 11.5, 11.25, 12.25, 10.5 ], "texture": "#untitled_atlas" },
				"north": { "uv": [ 8, 2.5, 7.25, 2.75 ], "texture": "#untitled_atlas" },
				"south": { "uv": [ 7.25, 2.25, 8, 2.5 ], "texture": "#untitled_atlas" },
				"west": { "uv": [ 11.75, 11.25, 12.5, 11.5 ], "texture": "#untitled_atlas" },
				"east": { "uv": [ 13.25, 11.25, 12.5, 11.5 ], "texture": "#untitled_atlas" }
			}
		},
		{
			"__comment": "Voxels",
			"from": [ 7.875, 8.625, 6.75 ],
			"to": [ 8.25, 9.125, 6.875 ],
			"faces": {
				"down": { "uv": [ 14.75, 8, 15.5, 8.25 ], "texture": "#untitled_atlas" },
				"up": { "uv": [ 7.25, 7.75, 8, 7.5 ], "texture": "#untitled_atlas" },
				"north": { "uv": [ 5.75, 9.5, 5, 10.5 ], "texture": "#untitled_atlas" },
				"south": { "uv": [ 12.5, 11.5, 13.25, 12.5 ], "texture": "#untitled_atlas" },
				"west": { "uv": [ 12.5, 14, 12.75, 15 ], "texture": "#untitled_atlas" },
				"east": { "uv": [ 16, 14.25, 15.75, 15.25 ], "texture": "#untitled_atlas" }
			}
		},
		{
			"__comment": "Voxels",
			"from": [ 7.875, 8.625, 6.875 ],
			"to": [ 8.25, 8.875, 7 ],
			"faces": {
				"down": { "uv": [ 7.75, 9.25, 8.5, 9.5 ], "texture": "#untitled_atlas" },
				"up": { "uv": [ 8.5, 9.5, 9.25, 9.25 ], "texture": "#untitled_atlas" },
				"north": { "uv": [ 13, 10, 12.25, 10.5 ], "texture": "#untitled_atlas" },
				"south": { "uv": [ 13, 10, 13.75, 10.5 ], "texture": "#untitled_atlas" },
				"west": { "uv": [ 8, 3.75, 8.25, 4.25 ], "texture": "#untitled_atlas" },
				"east": { "uv": [ 8.25, 3.25, 8, 3.75 ], "texture": "#untitled_atlas" }
			}
		},
		{
			"__comment": "Voxels",
			"from": [ 7.875, 8.625, 7 ],
			"to": [ 8.25, 8.75, 7.25 ],
			"faces": {
				"down": { "uv": [ 13.75, 10, 14.5, 10.5 ], "texture": "#untitled_atlas" },
				"up": { "uv": [ 14.5, 10.5, 15.25, 10 ], "texture": "#untitled_atlas" },
				"north": { "uv": [ 16, 8.25, 15.25, 8.5 ], "texture": "#untitled_atlas" },
				"south": { "uv": [ 10.25, 8, 11, 8.25 ], "texture": "#untitled_atlas" },
				"west": { "uv": [ 8.75, 7.5, 9.25, 7.75 ], "texture": "#untitled_atlas" },
				"east": { "uv": [ 9.75, 7.5, 9.25, 7.75 ], "texture": "#untitled_atlas" }
			}
		},
		{
			"__comment": "Voxels",
			"from": [ 7.875, 8.875, 5.75 ],
			"to": [ 8.375, 9, 5.875 ],
			"faces": {
				"down": { "uv": [ 13.75, 9, 14.75, 9.25 ], "texture": "#untitled_atlas" },
				"up": { "uv": [ 14.75, 9.25, 15.75, 9 ], "texture": "#untitled_atlas" },
				"north": { "uv": [ 12.25, 8.75, 11.25, 9 ], "texture": "#untitled_atlas" },
				"south": { "uv": [ 12.25, 8.75, 13.25, 9 ], "texture": "#untitled_atlas" },
				"west": { "uv": [ 9, 1.75, 9.25, 2 ], "texture": "#untitled_atlas" },
				"east": { "uv": [ 9.25, 1, 9, 1.25 ], "texture": "#untitled_atlas" }
			}
		},
		{
			"__comment": "Voxels",
			"from": [ 7.875, 9, 6.25 ],
			"to": [ 8.375, 9.125, 6.75 ],
			"faces": {
				"down": { "uv": [ 12.75, 14.25, 13.75, 15.25 ], "texture": "#untitled_atlas" },
				"up": { "uv": [ 13.75, 15.25, 14.75, 14.25 ], "texture": "#untitled_atlas" },
				"north": { "uv": [ 15.25, 8.5, 14.25, 8.75 ], "texture": "#untitled_atlas" },
				"south": { "uv": [ 7.25, 8.25, 8.25, 8.5 ], "texture": "#untitled_atlas" },
				"west": { "uv": [ 8.25, 8.25, 9.25, 8.5 ], "texture": "#untitled_atlas" },
				"east": { "uv": [ 10.25, 8.25, 9.25, 8.5 ], "texture": "#untitled_atlas" }
			}
		},
		{
			"__comment": "Voxels",
			"from": [ 7.875, 9.125, 5.875 ],
			"to": [ 8.375, 9.25, 6 ],
			"faces": {
				"down": { "uv": [ 10.25, 8.25, 11.25, 8.5 ], "texture": "#untitled_atlas" },
				"up": { "uv": [ 11.25, 8.5, 12.25, 8.25 ], "texture": "#untitled_atlas" },
				"north": { "uv": [ 13.25, 8.25, 12.25, 8.5 ], "texture": "#untitled_atlas" },
				"south": { "uv": [ 13.25, 8.25, 14.25, 8.5 ], "texture": "#untitled_atlas" },
				"west": { "uv": [ 9, 0.75, 9.25, 1 ], "texture": "#untitled_atlas" },
				"east": { "uv": [ 9.75, 6.5, 9.5, 6.75 ], "texture": "#untitled_atlas" }
			}
		},
		{
			"__comment": "Voxels",
			"from": [ 7.875, 9.125, 6 ],
			"to": [ 8.25, 9.25, 6.5 ],
			"faces": {
				"down": { "uv": [ 15.25, 11.75, 16, 12.75 ], "texture": "#untitled_atlas" },
				"up": { "uv": [ 11.75, 12.5, 12.5, 11.5 ], "texture": "#untitled_atlas" },
				"north": { "uv": [ 8, 7.25, 7.25, 7.5 ], "texture": "#untitled_atlas" },
				"south": { "uv": [ 7.25, 7, 8, 7.25 ], "texture": "#untitled_atlas" },
				"west": { "uv": [ 13.25, 8.5, 14.25, 8.75 ], "texture": "#untitled_atlas" },
				"east": { "uv": [ 7.5, 13.75, 6.5, 14 ], "texture": "#untitled_atlas" }
			}
		},
		{
			"__comment": "Voxels",
			"from": [ 7.875, 9.125, 6.5 ],
			"to": [ 8.125, 9.25, 6.625 ],
			"faces": {
				"down": { "uv": [ 14.75, 7.5, 15.25, 7.75 ], "texture": "#untitled_atlas" },
				"up": { "uv": [ 15.25, 7.75, 15.75, 7.5 ], "texture": "#untitled_atlas" },
				"north": { "uv": [ 12, 7, 11.5, 7.25 ], "texture": "#untitled_atlas" },
				"south": { "uv": [ 11, 7, 11.5, 7.25 ], "texture": "#untitled_atlas" },
				"west": { "uv": [ 9, 2.25, 9.25, 2.5 ], "texture": "#untitled_atlas" },
				"east": { "uv": [ 9.25, 2.5, 9, 2.75 ], "texture": "#untitled_atlas" }
			}
		},
		{
			"__comment": "Voxels",
			"from": [ 8, 7.125, 6 ],
			"to": [ 8.125, 9.125, 6.25 ],
			"faces": {
				"down": { "uv": [ 8.25, 2.25, 8.5, 2.75 ], "texture": "#untitled_atlas" },
				"up": { "uv": [ 8.25, 3.25, 8.5, 2.75 ], "texture": "#untitled_atlas" },
				"north": { "uv": [ 2.5, 3.5, 2.25, 7.5 ], "texture": "#untitled_atlas" },
				"south": { "uv": [ 0.75, 4.5, 1, 8.5 ], "texture": "#untitled_atlas" },
				"west": { "uv": [ 3.5, 11.25, 4, 15.25 ], "texture": "#untitled_atlas" },
				"east": { "uv": [ 3.5, 2.75, 3, 6.75 ], "texture": "#untitled_atlas" }
			}
		},
		{
			"__comment": "Voxels",
			"from": [ 8, 7.125, 6.25 ],
			"to": [ 8.125, 9, 6.375 ],
			"faces": {
				"down": { "uv": [ 9.5, 6.75, 9.75, 7 ], "texture": "#untitled_atlas" },
				"up": { "uv": [ 8.75, 0.25, 9, 0 ], "texture": "#untitled_atlas" },
				"north": { "uv": [ 4.25, 0, 4, 3.75 ], "texture": "#untitled_atlas" },
				"south": { "uv": [ 4.25, 3.75, 4.5, 7.5 ], "texture": "#untitled_atlas" },
				"west": { "uv": [ 4.25, 7.5, 4.5, 11.25 ], "texture": "#untitled_atlas" },
				"east": { "uv": [ 4.25, 7.5, 4, 11.25 ], "texture": "#untitled_atlas" }
			}
		},
		{
			"__comment": "Voxels",
			"from": [ 8, 7.25, 5.75 ],
			"to": [ 8.125, 7.5, 6 ],
			"faces": {
				"down": { "uv": [ 8, 4.25, 8.25, 4.75 ], "texture": "#untitled_atlas" },
				"up": { "uv": [ 8, 2.75, 8.25, 2.25 ], "texture": "#untitled_atlas" },
				"north": { "uv": [ 8.75, 2, 8.5, 2.5 ], "texture": "#untitled_atlas" },
				"south": { "uv": [ 8.5, 2.5, 8.75, 3 ], "texture": "#untitled_atlas" },
				"west": { "uv": [ 6.75, 8, 7.25, 8.5 ], "texture": "#untitled_atlas" },
				"east": { "uv": [ 7.25, 7, 6.75, 7.5 ], "texture": "#untitled_atlas" }
			}
		},
		{
			"__comment": "Voxels",
			"from": [ 8, 7.25, 6.375 ],
			"to": [ 8.125, 9, 6.625 ],
			"faces": {
				"down": { "uv": [ 8.5, 3, 8.75, 3.5 ], "texture": "#untitled_atlas" },
				"up": { "uv": [ 8.5, 4, 8.75, 3.5 ], "texture": "#untitled_atlas" },
				"north": { "uv": [ 4.75, 7.75, 4.5, 11.25 ], "texture": "#untitled_atlas" },
				"south": { "uv": [ 4.5, 4.25, 4.75, 7.75 ], "texture": "#untitled_atlas" },
				"west": { "uv": [ 3.5, 7.75, 4, 11.25 ], "texture": "#untitled_atlas" },
				"east": { "uv": [ 4, 4.25, 3.5, 7.75 ], "texture": "#untitled_atlas" }
			}
		},
		{
			"__comment": "Voxels",
			"from": [ 8, 7.375, 5.625 ],
			"to": [ 8.125, 7.5, 5.75 ],
			"faces": {
				"down": { "uv": [ 9, 0.5, 9.25, 0.75 ], "texture": "#untitled_atlas" },
				"up": { "uv": [ 9, 0.5, 9.25, 0.25 ], "texture": "#untitled_atlas" },
				"north": { "uv": [ 13.25, 7, 13, 7.25 ], "texture": "#untitled_atlas" },
				"south": { "uv": [ 13.25, 7, 13.5, 7.25 ], "texture": "#untitled_atlas" },
				"west": { "uv": [ 13.5, 7, 13.75, 7.25 ], "texture": "#untitled_atlas" },
				"east": { "uv": [ 14, 7, 13.75, 7.25 ], "texture": "#untitled_atlas" }
			}
		},
		{
			"__comment": "Voxels",
			"from": [ 8, 7.375, 6.625 ],
			"to": [ 8.125, 7.5, 6.75 ],
			"faces": {
				"down": { "uv": [ 9, 6.75, 9.25, 7 ], "texture": "#untitled_atlas" },
				"up": { "uv": [ 9.25, 7, 9.5, 6.75 ], "texture": "#untitled_atlas" },
				"north": { "uv": [ 11.25, 6.75, 11, 7 ], "texture": "#untitled_atlas" },
				"south": { "uv": [ 11.25, 6.75, 11.5, 7 ], "texture": "#untitled_atlas" },
				"west": { "uv": [ 11.5, 6.75, 11.75, 7 ], "texture": "#untitled_atlas" },
				"east": { "uv": [ 12, 6.75, 11.75, 7 ], "texture": "#untitled_atlas" }
			}
		},
		{
			"__comment": "Voxels",
			"from": [ 8, 7.5, 5.875 ],
			"to": [ 8.125, 9.125, 6 ],
			"faces": {
				"down": { "uv": [ 9, 1.5, 9.25, 1.75 ], "texture": "#untitled_atlas" },
				"up": { "uv": [ 9, 1.5, 9.25, 1.25 ], "texture": "#untitled_atlas" },
				"north": { "uv": [ 5, 4.75, 4.75, 8 ], "texture": "#untitled_atlas" },
				"south": { "uv": [ 4.75, 1.5, 5, 4.75 ], "texture": "#untitled_atlas" },
				"west": { "uv": [ 4.75, 8, 5, 11.25 ], "texture": "#untitled_atlas" },
				"east": { "uv": [ 4.75, 1, 4.5, 4.25 ], "texture": "#untitled_atlas" }
			}
		},
		{
			"__comment": "Voxels",
			"from": [ 8, 7.625, 6.625 ],
			"to": [ 8.125, 8.25, 6.75 ],
			"faces": {
				"down": { "uv": [ 9, 0, 9.25, 0.25 ], "texture": "#untitled_atlas" },
				"up": { "uv": [ 9.25, 6.75, 9.5, 6.5 ], "texture": "#untitled_atlas" },
				"north": { "uv": [ 6.5, 0.5, 6.25, 1.75 ], "texture": "#untitled_atlas" },
				"south": { "uv": [ 6.25, 1.75, 6.5, 3 ], "texture": "#untitled_atlas" },
				"west": { "uv": [ 6.25, 5.5, 6.5, 6.75 ], "texture": "#untitled_atlas" },
				"east": { "uv": [ 6.5, 6.75, 6.25, 8 ], "texture": "#untitled_atlas" }
			}
		},
		{
			"__comment": "Voxels",
			"from": [ 8, 7.625, 9.625 ],
			"to": [ 8.125, 7.75, 9.75 ],
			"faces": {
				"down": { "uv": [ 12, 6.5, 12.25, 6.75 ], "texture": "#untitled_atlas" },
				"up": { "uv": [ 12.25, 6.75, 12.5, 6.5 ], "texture": "#untitled_atlas" },
				"north": { "uv": [ 12.75, 6.5, 12.5, 6.75 ], "texture": "#untitled_atlas" },
				"south": { "uv": [ 12.75, 6.5, 13, 6.75 ], "texture": "#untitled_atlas" },
				"west": { "uv": [ 13, 6.5, 13.25, 6.75 ], "texture": "#untitled_atlas" },
				"east": { "uv": [ 13.5, 6.5, 13.25, 6.75 ], "texture": "#untitled_atlas" }
			}
		},
		{
			"__comment": "Voxels",
			"from": [ 8, 8, 6.75 ],
			"to": [ 8.125, 8.125, 6.875 ],
			"faces": {
				"down": { "uv": [ 13.5, 6.5, 13.75, 6.75 ], "texture": "#untitled_atlas" },
				"up": { "uv": [ 13.75, 6.75, 14, 6.5 ], "texture": "#untitled_atlas" },
				"north": { "uv": [ 14.75, 6.5, 14.5, 6.75 ], "texture": "#untitled_atlas" },
				"south": { "uv": [ 14.75, 6.5, 15, 6.75 ], "texture": "#untitled_atlas" },
				"west": { "uv": [ 15, 6.5, 15.25, 6.75 ], "texture": "#untitled_atlas" },
				"east": { "uv": [ 15.5, 6.5, 15.25, 6.75 ], "texture": "#untitled_atlas" }
			}
		},
		{
			"__comment": "Voxels",
			"from": [ 8, 8.25, 10.25 ],
			"to": [ 8.125, 8.375, 10.375 ],
			"faces": {
				"down": { "uv": [ 9.75, 6.5, 10, 6.75 ], "texture": "#untitled_atlas" },
				"up": { "uv": [ 10, 6.75, 10.25, 6.5 ], "texture": "#untitled_atlas" },
				"north": { "uv": [ 10.5, 6.5, 10.25, 6.75 ], "texture": "#untitled_atlas" },
				"south": { "uv": [ 11, 6.5, 11.25, 6.75 ], "texture": "#untitled_atlas" },
				"west": { "uv": [ 11.25, 6.5, 11.5, 6.75 ], "texture": "#untitled_atlas" },
				"east": { "uv": [ 11.75, 6.5, 11.5, 6.75 ], "texture": "#untitled_atlas" }
			}
		},
		{
			"__comment": "Voxels",
			"from": [ 8, 8.375, 9.875 ],
			"to": [ 8.25, 8.5, 10 ],
			"faces": {
				"down": { "uv": [ 9.75, 7.5, 10.25, 7.75 ], "texture": "#untitled_atlas" },
				"up": { "uv": [ 10.25, 7.75, 10.75, 7.5 ], "texture": "#untitled_atlas" },
				"north": { "uv": [ 11.25, 7.5, 10.75, 7.75 ], "texture": "#untitled_atlas" },
				"south": { "uv": [ 11.25, 7.5, 11.75, 7.75 ], "texture": "#untitled_atlas" },
				"west": { "uv": [ 11.75, 6.5, 12, 6.75 ], "texture": "#untitled_atlas" },
				"east": { "uv": [ 14.25, 6.5, 14, 6.75 ], "texture": "#untitled_atlas" }
			}
		},
		{
			"__comment": "Voxels",
			"from": [ 8, 8.375, 10 ],
			"to": [ 8.125, 8.5, 10.125 ],
			"faces": {
				"down": { "uv": [ 14.25, 6.5, 14.5, 6.75 ], "texture": "#untitled_atlas" },
				"up": { "uv": [ 15.5, 6.75, 15.75, 6.5 ], "texture": "#untitled_atlas" },
				"north": { "uv": [ 16, 6.5, 15.75, 6.75 ], "texture": "#untitled_atlas" },
				"south": { "uv": [ 9.25, 6.25, 9.5, 6.5 ], "texture": "#untitled_atlas" },
				"west": { "uv": [ 9.25, 6, 9.5, 6.25 ], "texture": "#untitled_atlas" },
				"east": { "uv": [ 9.5, 5.25, 9.25, 5.5 ], "texture": "#untitled_atlas" }
			}
		},
		{
			"__comment": "Voxels",
			"from": [ 8, 8.5, 7.875 ],
			"to": [ 8.125, 8.625, 8 ],
			"faces": {
				"down": { "uv": [ 9.25, 5, 9.5, 5.25 ], "texture": "#untitled_atlas" },
				"up": { "uv": [ 14.25, 7, 14.5, 6.75 ], "texture": "#untitled_atlas" },
				"north": { "uv": [ 9.5, 4.75, 9.25, 5 ], "texture": "#untitled_atlas" },
				"south": { "uv": [ 5.5, 4.25, 5.75, 4.5 ], "texture": "#untitled_atlas" },
				"west": { "uv": [ 15.75, 9, 16, 9.25 ], "texture": "#untitled_atlas" },
				"east": { "uv": [ 8.25, 0, 8, 0.25 ], "texture": "#untitled_atlas" }
			}
		},
		{
			"__comment": "Voxels",
			"from": [ 8, 8.5, 8.375 ],
			"to": [ 8.125, 8.625, 8.875 ],
			"faces": {
				"down": { "uv": [ 6.5, 2.25, 6.75, 3.25 ], "texture": "#untitled_atlas" },
				"up": { "uv": [ 6.5, 4.25, 6.75, 3.25 ], "texture": "#untitled_atlas" },
				"north": { "uv": [ 16, 7.5, 15.75, 7.75 ], "texture": "#untitled_atlas" },
				"south": { "uv": [ 15.75, 7.25, 16, 7.5 ], "texture": "#untitled_atlas" },
				"west": { "uv": [ 9.25, 8, 10.25, 8.25 ], "texture": "#untitled_atlas" },
				"east": { "uv": [ 9.25, 8, 8.25, 8.25 ], "texture": "#untitled_atlas" }
			}
		},
		{
			"__comment": "Voxels",
			"from": [ 8, 8.5, 9.25 ],
			"to": [ 8.25, 8.625, 9.625 ],
			"faces": {
				"down": { "uv": [ 6.75, 9.25, 7.25, 10 ], "texture": "#untitled_atlas" },
				"up": { "uv": [ 7.25, 10, 7.75, 9.25 ], "texture": "#untitled_atlas" },
				"north": { "uv": [ 8.75, 7.25, 8.25, 7.5 ], "texture": "#untitled_atlas" },
				"south": { "uv": [ 6.75, 0, 7.25, 0.25 ], "texture": "#untitled_atlas" },
				"west": { "uv": [ 7.25, 2, 8, 2.25 ], "texture": "#untitled_atlas" },
				"east": { "uv": [ 8, 1.75, 7.25, 2 ], "texture": "#untitled_atlas" }
			}
		},
		{
			"__comment": "Voxels",
			"from": [ 8, 8.625, 7.25 ],
			"to": [ 8.125, 8.75, 7.375 ],
			"faces": {
				"down": { "uv": [ 14, 7, 14.25, 7.25 ], "texture": "#untitled_atlas" },
				"up": { "uv": [ 14.25, 7.25, 14.5, 7 ], "texture": "#untitled_atlas" },
				"north": { "uv": [ 14.75, 7, 14.5, 7.25 ], "texture": "#untitled_atlas" },
				"south": { "uv": [ 14.75, 7, 15, 7.25 ], "texture": "#untitled_atlas" },
				"west": { "uv": [ 15, 7, 15.25, 7.25 ], "texture": "#untitled_atlas" },
				"east": { "uv": [ 15.5, 7, 15.25, 7.25 ], "texture": "#untitled_atlas" }
			}
		},
		{
			"__comment": "Voxels",
			"from": [ 8, 8.75, 7 ],
			"to": [ 8.125, 8.875, 7.125 ],
			"faces": {
				"down": { "uv": [ 15.5, 7, 15.75, 7.25 ], "texture": "#untitled_atlas" },
				"up": { "uv": [ 15.75, 7.25, 16, 7 ], "texture": "#untitled_atlas" },
				"north": { "uv": [ 9, 5.25, 8.75, 5.5 ], "texture": "#untitled_atlas" },
				"south": { "uv": [ 8.75, 5, 9, 5.25 ], "texture": "#untitled_atlas" },
				"west": { "uv": [ 8.75, 4.75, 9, 5 ], "texture": "#untitled_atlas" },
				"east": { "uv": [ 9, 4.5, 8.75, 4.75 ], "texture": "#untitled_atlas" }
			}
		},
		{
			"__comment": "Voxels",
			"from": [ 8, 9, 5.75 ],
			"to": [ 8.25, 9.125, 5.875 ],
			"faces": {
				"down": { "uv": [ 12.25, 7.25, 12.75, 7.5 ], "texture": "#untitled_atlas" },
				"up": { "uv": [ 12.75, 7.5, 13.25, 7.25 ], "texture": "#untitled_atlas" },
				"north": { "uv": [ 13.75, 7.25, 13.25, 7.5 ], "texture": "#untitled_atlas" },
				"south": { "uv": [ 13.75, 7.25, 14.25, 7.5 ], "texture": "#untitled_atlas" },
				"west": { "uv": [ 8.75, 3.25, 9, 3.5 ], "texture": "#untitled_atlas" },
				"east": { "uv": [ 9, 3, 8.75, 3.25 ], "texture": "#untitled_atlas" }
			}
		},
		{
			"__comment": "Voxels",
			"from": [ 8.125, 7.5, 10 ],
			"to": [ 8.25, 7.625, 10.25 ],
			"faces": {
				"down": { "uv": [ 8.25, 6.25, 8.5, 6.75 ], "texture": "#untitled_atlas" },
				"up": { "uv": [ 8.25, 6.25, 8.5, 5.75 ], "texture": "#untitled_atlas" },
				"north": { "uv": [ 9, 2.25, 8.75, 2.5 ], "texture": "#untitled_atlas" },
				"south": { "uv": [ 8.75, 2, 9, 2.25 ], "texture": "#untitled_atlas" },
				"west": { "uv": [ 14.25, 7.25, 14.75, 7.5 ], "texture": "#untitled_atlas" },
				"east": { "uv": [ 15.25, 7.25, 14.75, 7.5 ], "texture": "#untitled_atlas" }
			}
		},
		{
			"__comment": "Voxels",
			"from": [ 8.125, 7.75, 6 ],
			"to": [ 8.25, 9.125, 6.25 ],
			"faces": {
				"down": { "uv": [ 8.25, 5.25, 8.5, 5.75 ], "texture": "#untitled_atlas" },
				"up": { "uv": [ 8.25, 5.25, 8.5, 4.75 ], "texture": "#untitled_atlas" },
				"north": { "uv": [ 5.5, 6.75, 5.25, 9.5 ], "texture": "#untitled_atlas" },
				"south": { "uv": [ 5, 6.75, 5.25, 9.5 ], "texture": "#untitled_atlas" },
				"west": { "uv": [ 3, 0, 3.5, 2.75 ], "texture": "#untitled_atlas" },
				"east": { "uv": [ 4, 1.5, 3.5, 4.25 ], "texture": "#untitled_atlas" }
			}
		},
		{
			"__comment": "Voxels",
			"from": [ 8.125, 7.75, 6.25 ],
			"to": [ 8.25, 9, 6.625 ],
			"faces": {
				"down": { "uv": [ 7.75, 6.25, 8, 7 ], "texture": "#untitled_atlas" },
				"up": { "uv": [ 7.25, 1.75, 7.5, 1 ], "texture": "#untitled_atlas" },
				"north": { "uv": [ 5.5, 4.25, 5.25, 6.75 ], "texture": "#untitled_atlas" },
				"south": { "uv": [ 5, 4.25, 5.25, 6.75 ], "texture": "#untitled_atlas" },
				"west": { "uv": [ 4, 11.25, 4.75, 13.75 ], "texture": "#untitled_atlas" },
				"east": { "uv": [ 5.5, 11.25, 4.75, 13.75 ], "texture": "#untitled_atlas" }
			}
		},
		{
			"__comment": "Voxels",
			"from": [ 8.125, 7.875, 5.75 ],
			"to": [ 8.25, 8.875, 6 ],
			"faces": {
				"down": { "uv": [ 8.25, 3.75, 8.5, 4.25 ], "texture": "#untitled_atlas" },
				"up": { "uv": [ 8.25, 3.75, 8.5, 3.25 ], "texture": "#untitled_atlas" },
				"north": { "uv": [ 6, 4.5, 5.75, 6.5 ], "texture": "#untitled_atlas" },
				"south": { "uv": [ 5.75, 6.5, 6, 8.5 ], "texture": "#untitled_atlas" },
				"west": { "uv": [ 7.75, 11.75, 8.25, 13.75 ], "texture": "#untitled_atlas" },
				"east": { "uv": [ 6.75, 11.75, 6.25, 13.75 ], "texture": "#untitled_atlas" }
			}
		},
		{
			"__comment": "Voxels",
			"from": [ 8.125, 7.875, 7.625 ],
			"to": [ 8.25, 8, 9.5 ],
			"faces": {
				"down": { "uv": [ 4.25, 0, 4.5, 3.75 ], "texture": "#untitled_atlas" },
				"up": { "uv": [ 4, 7.5, 4.25, 3.75 ], "texture": "#untitled_atlas" },
				"north": { "uv": [ 12.75, 6.75, 12.5, 7 ], "texture": "#untitled_atlas" },
				"south": { "uv": [ 12.75, 6.75, 13, 7 ], "texture": "#untitled_atlas" },
				"west": { "uv": [ 10, 13.5, 13.75, 13.75 ], "texture": "#untitled_atlas" },
				"east": { "uv": [ 13.75, 13.25, 10, 13.5 ], "texture": "#untitled_atlas" }
			}
		},
		{
			"__comment": "Voxels",
			"from": [ 8.125, 8, 7 ],
			"to": [ 8.25, 8.125, 7.25 ],
			"faces": {
				"down": { "uv": [ 8.25, 1.75, 8.5, 2.25 ], "texture": "#untitled_atlas" },
				"up": { "uv": [ 8.25, 1.75, 8.5, 1.25 ], "texture": "#untitled_atlas" },
				"north": { "uv": [ 14.25, 6.75, 14, 7 ], "texture": "#untitled_atlas" },
				"south": { "uv": [ 9.25, 4.5, 9.5, 4.75 ], "texture": "#untitled_atlas" },
				"west": { "uv": [ 15.25, 7.25, 15.75, 7.5 ], "texture": "#untitled_atlas" },
				"east": { "uv": [ 9, 7, 8.5, 7.25 ], "texture": "#untitled_atlas" }
			}
		},
		{
			"__comment": "Voxels",
			"from": [ 8.125, 8.125, 6.625 ],
			"to": [ 8.25, 8.25, 6.75 ],
			"faces": {
				"down": { "uv": [ 15, 6.75, 15.25, 7 ], "texture": "#untitled_atlas" },
				"up": { "uv": [ 15.25, 7, 15.5, 6.75 ], "texture": "#untitled_atlas" },
				"north": { "uv": [ 15.75, 6.75, 15.5, 7 ], "texture": "#untitled_atlas" },
				"south": { "uv": [ 15.75, 6.75, 16, 7 ], "texture": "#untitled_atlas" },
				"west": { "uv": [ 9, 6.5, 9.25, 6.75 ], "texture": "#untitled_atlas" },
				"east": { "uv": [ 9.25, 6.25, 9, 6.5 ], "texture": "#untitled_atlas" }
			}
		},
		{
			"__comment": "Voxels",
			"from": [ 8.125, 8.25, 5.625 ],
			"to": [ 8.25, 8.375, 5.75 ],
			"faces": {
				"down": { "uv": [ 9, 6, 9.25, 6.25 ], "texture": "#untitled_atlas" },
				"up": { "uv": [ 9, 6, 9.25, 5.75 ], "texture": "#untitled_atlas" },
				"north": { "uv": [ 9.25, 5.5, 9, 5.75 ], "texture": "#untitled_atlas" },
				"south": { "uv": [ 9, 5.25, 9.25, 5.5 ], "texture": "#untitled_atlas" },
				"west": { "uv": [ 9, 5, 9.25, 5.25 ], "texture": "#untitled_atlas" },
				"east": { "uv": [ 9.25, 4.75, 9, 5 ], "texture": "#untitled_atlas" }
			}
		},
		{
			"__comment": "Voxels",
			"from": [ 8.125, 8.5, 8.625 ],
			"to": [ 8.25, 8.625, 8.875 ],
			"faces": {
				"down": { "uv": [ 8.25, 0.75, 8.5, 1.25 ], "texture": "#untitled_atlas" },
				"up": { "uv": [ 8.25, 0.75, 8.5, 0.25 ], "texture": "#untitled_atlas" },
				"north": { "uv": [ 9.25, 4, 9, 4.25 ], "texture": "#untitled_atlas" },
				"south": { "uv": [ 9, 3.75, 9.25, 4 ], "texture": "#untitled_atlas" },
				"west": { "uv": [ 9, 7, 9.5, 7.25 ], "texture": "#untitled_atlas" },
				"east": { "uv": [ 10, 7, 9.5, 7.25 ], "texture": "#untitled_atlas" }
			}
		},
		{
			"__comment": "Voxels",
			"from": [ 8.125, 8.875, 5.875 ],
			"to": [ 8.375, 9.125, 6 ],
			"faces": {
				"down": { "uv": [ 10, 7, 10.5, 7.25 ], "texture": "#untitled_atlas" },
				"up": { "uv": [ 10.5, 7.25, 11, 7 ], "texture": "#untitled_atlas" },
				"north": { "uv": [ 12.75, 9.5, 12.25, 10 ], "texture": "#untitled_atlas" },
				"south": { "uv": [ 11.75, 9.5, 12.25, 10 ], "texture": "#untitled_atlas" },
				"west": { "uv": [ 8.5, 6.5, 8.75, 7 ], "texture": "#untitled_atlas" },
				"east": { "uv": [ 8.75, 6, 8.5, 6.5 ], "texture": "#untitled_atlas" }
			}
		},
		{
			"__comment": "Voxels",
			"from": [ 8.25, 8, 9.25 ],
			"to": [ 8.375, 8.375, 9.625 ],
			"faces": {
				"down": { "uv": [ 7.5, 1, 7.75, 1.75 ], "texture": "#untitled_atlas" },
				"up": { "uv": [ 7.75, 1.75, 8, 1 ], "texture": "#untitled_atlas" },
				"north": { "uv": [ 8.25, 7, 8, 7.75 ], "texture": "#untitled_atlas" },
				"south": { "uv": [ 8, 6.25, 8.25, 7 ], "texture": "#untitled_atlas" },
				"west": { "uv": [ 5.5, 11.25, 6.25, 12 ], "texture": "#untitled_atlas" },
				"east": { "uv": [ 10.75, 10.5, 10, 11.25 ], "texture": "#untitled_atlas" }
			}
		},
		{
			"__comment": "Voxels",
			"from": [ 8.25, 8, 9.625 ],
			"to": [ 8.375, 8.25, 10 ],
			"faces": {
				"down": { "uv": [ 8, 5.5, 8.25, 6.25 ], "texture": "#untitled_atlas" },
				"up": { "uv": [ 8, 5.5, 8.25, 4.75 ], "texture": "#untitled_atlas" },
				"north": { "uv": [ 8.75, 4.5, 8.5, 5 ], "texture": "#untitled_atlas" },
				"south": { "uv": [ 8.5, 4, 8.75, 4.5 ], "texture": "#untitled_atlas" },
				"west": { "uv": [ 15.25, 10, 16, 10.5 ], "texture": "#untitled_atlas" },
				"east": { "uv": [ 8.5, 9.5, 7.75, 10 ], "texture": "#untitled_atlas" }
			}
		},
		{
			"__comment": "Voxels",
			"from": [ 8.25, 8.125, 6.125 ],
			"to": [ 8.375, 9.125, 6.25 ],
			"faces": {
				"down": { "uv": [ 10.5, 6.5, 10.75, 6.75 ], "texture": "#untitled_atlas" },
				"up": { "uv": [ 10.75, 6.75, 11, 6.5 ], "texture": "#untitled_atlas" },
				"north": { "uv": [ 6.25, 8.5, 6, 10.5 ], "texture": "#untitled_atlas" },
				"south": { "uv": [ 5.75, 0.5, 6, 2.5 ], "texture": "#untitled_atlas" },
				"west": { "uv": [ 5.75, 8.5, 6, 10.5 ], "texture": "#untitled_atlas" },
				"east": { "uv": [ 6, 2.5, 5.75, 4.5 ], "texture": "#untitled_atlas" }
			}
		},
		{
			"__comment": "Voxels",
			"from": [ 8.25, 8.125, 6.25 ],
			"to": [ 8.375, 9, 6.625 ],
			"faces": {
				"down": { "uv": [ 0.75, 3.75, 1, 4.5 ], "texture": "#untitled_atlas" },
				"up": { "uv": [ 2.25, 3.5, 2.5, 2.75 ], "texture": "#untitled_atlas" },
				"north": { "uv": [ 6.25, 6.75, 6, 8.5 ], "texture": "#untitled_atlas" },
				"south": { "uv": [ 6, 5, 6.25, 6.75 ], "texture": "#untitled_atlas" },
				"west": { "uv": [ 1, 0.5, 1.75, 2.25 ], "texture": "#untitled_atlas" },
				"east": { "uv": [ 6.25, 12, 5.5, 13.75 ], "texture": "#untitled_atlas" }
			}
		},
		{
			"__comment": "Voxels",
			"from": [ 8.25, 8.125, 8.875 ],
			"to": [ 8.375, 8.375, 9.25 ],
			"faces": {
				"down": { "uv": [ 6.5, 0.75, 6.75, 1.5 ], "texture": "#untitled_atlas" },
				"up": { "uv": [ 7, 2.5, 7.25, 1.75 ], "texture": "#untitled_atlas" },
				"north": { "uv": [ 8.75, 0.5, 8.5, 1 ], "texture": "#untitled_atlas" },
				"south": { "uv": [ 8.5, 0, 8.75, 0.5 ], "texture": "#untitled_atlas" },
				"west": { "uv": [ 8.5, 9.5, 9.25, 10 ], "texture": "#untitled_atlas" },
				"east": { "uv": [ 10, 9.5, 9.25, 10 ], "texture": "#untitled_atlas" }
			}
		},
		{
			"__comment": "Voxels",
			"from": [ 8.25, 8.25, 5.75 ],
			"to": [ 8.375, 8.875, 6.125 ],
			"faces": {
				"down": { "uv": [ 6.75, 1, 7, 1.75 ], "texture": "#untitled_atlas" },
				"up": { "uv": [ 7, 1.75, 7.25, 1 ], "texture": "#untitled_atlas" },
				"north": { "uv": [ 6.5, 3, 6.25, 4.25 ], "texture": "#untitled_atlas" },
				"south": { "uv": [ 5.5, 3, 5.75, 4.25 ], "texture": "#untitled_atlas" },
				"west": { "uv": [ 9.25, 12.5, 10, 13.75 ], "texture": "#untitled_atlas" },
				"east": { "uv": [ 10, 11.25, 9.25, 12.5 ], "texture": "#untitled_atlas" }
			}
		},
		{
			"__comment": "Voxels",
			"from": [ 8.25, 8.875, 6 ],
			"to": [ 8.375, 9.125, 6.125 ],
			"faces": {
				"down": { "uv": [ 9.25, 5.75, 9.5, 6 ], "texture": "#untitled_atlas" },
				"up": { "uv": [ 9.25, 5.75, 9.5, 5.5 ], "texture": "#untitled_atlas" },
				"north": { "uv": [ 9, 6.5, 8.75, 7 ], "texture": "#untitled_atlas" },
				"south": { "uv": [ 8.75, 6, 9, 6.5 ], "texture": "#untitled_atlas" },
				"west": { "uv": [ 8.75, 5.5, 9, 6 ], "texture": "#untitled_atlas" },
				"east": { "uv": [ 8.25, 1.75, 8, 2.25 ], "texture": "#untitled_atlas" }
			}
		}
	],
	"display": {
		"thirdperson_righthand": {
			"rotation":  [ 90, 0, 0 ],
			"scale":  [ 1.5, 1.5, 1.5 ]
		},
		"firstperson_righthand": {
			"rotation":  [ 90, -2, 0 ],
			"translation":  [ -3.47, 4.8695, 4.1739 ],
			"scale":  [ 1.5, 1.5, 1.5 ]
		},
		"gui": {
			"rotation":  [ 97, 19, 116 ],
			"scale":  [ 2, 2, 2 ]
		}
	}
}