{
	"__comment": "Designed by DevastMc",
	"gui_light": "front",
	"textures": {
		"amber_stone_pickaxe": "blocks/amber_stone_pickaxe"
	},
	"elements": [ 	 
		{
			"__comment": "Voxels",
			"from": [ 7, 11.5, 8.25 ],
			"to": [ 8.5, 12.5, 8.5 ],
			"faces": {
				"down": { "uv": [ 8.75, 11.75, 10.25, 12 ], "texture": "#amber_stone_pickaxe" },
				"up": { "uv": [ 7.25, 11.75, 8.75, 11.5 ], "texture": "#amber_stone_pickaxe" },
				"north": { "uv": [ 4.5, 12.75, 3, 13.75 ], "texture": "#amber_stone_pickaxe" },
				"south": { "uv": [ 4.5, 12.75, 6, 13.75 ], "texture": "#amber_stone_pickaxe" },
				"west": { "uv": [ 4.5, 1, 4.75, 2 ], "texture": "#amber_stone_pickaxe" },
				"east": { "uv": [ 4.5, 0, 4.25, 1 ], "texture": "#amber_stone_pickaxe" }
			}
		},
		{
			"__comment": "Voxels",
			"from": [ 7, 11.75, 8.5 ],
			"to": [ 8.5, 12.5, 8.75 ],
			"faces": {
				"down": { "uv": [ 7.25, 11.75, 8.75, 12 ], "texture": "#amber_stone_pickaxe" },
				"up": { "uv": [ 6, 13, 7.5, 12.75 ], "texture": "#amber_stone_pickaxe" },
				"south": { "uv": [ 6, 13, 7.5, 13.75 ], "texture": "#amber_stone_pickaxe" },
				"west": { "uv": [ 3.5, 0, 3.75, 0.75 ], "texture": "#amber_stone_pickaxe" },
				"east": { "uv": [ 14, 13.75, 13.75, 14.5 ], "texture": "#amber_stone_pickaxe" }
			}
		},
		{
			"__comment": "Voxels",
			"from": [ 7, 12.5, 8.25 ],
			"to": [ 8.25, 13, 8.75 ],
			"faces": {
				"down": { "uv": [ 9.25, 12.25, 10.5, 12.75 ], "texture": "#amber_stone_pickaxe" },
				"up": { "uv": [ 8, 12.75, 9.25, 12.25 ], "texture": "#amber_stone_pickaxe" },
				"north": { "uv": [ 8, 12.25, 6.75, 12.75 ], "texture": "#amber_stone_pickaxe" },
				"south": { "uv": [ 6.25, 13.75, 7.5, 14.25 ], "texture": "#amber_stone_pickaxe" },
				"west": { "uv": [ 4.75, 10.75, 5.25, 11.25 ], "texture": "#amber_stone_pickaxe" },
				"east": { "uv": [ 5.75, 10.75, 5.25, 11.25 ], "texture": "#amber_stone_pickaxe" }
			}
		},
		{
			"__comment": "Voxels",
			"from": [ 7.25, 9.25, 8 ],
			"to": [ 8.5, 12, 8.25 ],
			"faces": {
				"down": { "uv": [ 11.5, 11.75, 12.75, 12 ], "texture": "#amber_stone_pickaxe" },
				"up": { "uv": [ 10.25, 12, 11.5, 11.75 ], "texture": "#amber_stone_pickaxe" },
				"north": { "uv": [ 1.25, 13.25, 0, 16 ], "texture": "#amber_stone_pickaxe" },
				"south": { "uv": [ 0, 10.5, 1.25, 13.25 ], "texture": "#amber_stone_pickaxe" },
				"west": { "uv": [ 3.25, 4.25, 3.5, 7 ], "texture": "#amber_stone_pickaxe" },
				"east": { "uv": [ 3.25, 4.25, 3, 7 ], "texture": "#amber_stone_pickaxe" }
			}
		},
		{
			"__comment": "Voxels",
			"from": [ 7.25, 9.25, 8.25 ],
			"to": [ 8.5, 11.5, 8.75 ],
			"faces": {
				"down": { "uv": [ 5.5, 12.25, 6.75, 12.75 ], "texture": "#amber_stone_pickaxe" },
				"up": { "uv": [ 7.5, 14.25, 8.75, 13.75 ], "texture": "#amber_stone_pickaxe" },
				"south": { "uv": [ 0, 0, 1.25, 2.25 ], "texture": "#amber_stone_pickaxe" },
				"west": { "uv": [ 2.25, 1.5, 2.75, 3.75 ], "texture": "#amber_stone_pickaxe" },
				"east": { "uv": [ 3.5, 10.5, 3, 12.75 ], "texture": "#amber_stone_pickaxe" }
			}
		},
		{
			"__comment": "Voxels",
			"from": [ 7.25, 10, 7.75 ],
			"to": [ 8.25, 12.25, 8 ],
			"faces": {
				"down": { "uv": [ 7.75, 11.25, 8.75, 11.5 ], "texture": "#amber_stone_pickaxe" },
				"up": { "uv": [ 8.75, 11.5, 9.75, 11.25 ], "texture": "#amber_stone_pickaxe" },
				"north": { "uv": [ 2.25, 2.25, 1.25, 4.5 ], "texture": "#amber_stone_pickaxe" },
				"south": { "uv": [ 1.25, 0, 2.25, 2.25 ], "texture": "#amber_stone_pickaxe" },
				"west": { "uv": [ 3.5, 5.25, 3.75, 7.5 ], "texture": "#amber_stone_pickaxe" },
				"east": { "uv": [ 3.75, 3, 3.5, 5.25 ], "texture": "#amber_stone_pickaxe" }
			}
		},
		{
			"__comment": "Voxels",
			"from": [ 7.25, 10.25, 7.25 ],
			"to": [ 8.25, 11, 7.75 ],
			"faces": {
				"down": { "uv": [ 4.75, 11.5, 5.75, 12 ], "texture": "#amber_stone_pickaxe" },
				"up": { "uv": [ 15, 12.75, 16, 12.25 ], "texture": "#amber_stone_pickaxe" },
				"north": { "uv": [ 4.5, 12, 3.5, 12.75 ], "texture": "#amber_stone_pickaxe" },
				"west": { "uv": [ 4.25, 5.5, 4.75, 6.25 ], "texture": "#amber_stone_pickaxe" },
				"east": { "uv": [ 4.75, 6.25, 4.25, 7 ], "texture": "#amber_stone_pickaxe" }
			}
		},
		{
			"__comment": "Voxels",
			"from": [ 7.25, 10.5, 6.75 ],
			"to": [ 8.25, 10.75, 7.25 ],
			"faces": {
				"down": { "uv": [ 13, 12.25, 14, 12.75 ], "texture": "#amber_stone_pickaxe" },
				"up": { "uv": [ 3.75, 12, 4.75, 11.5 ], "texture": "#amber_stone_pickaxe" },
				"north": { "uv": [ 10.75, 11.25, 9.75, 11.5 ], "texture": "#amber_stone_pickaxe" },
				"west": { "uv": [ 14, 10.25, 14.5, 10.5 ], "texture": "#amber_stone_pickaxe" },
				"east": { "uv": [ 15, 10.25, 14.5, 10.5 ], "texture": "#amber_stone_pickaxe" }
			}
		},
		{
			"__comment": "Voxels",
			"from": [ 7.25, 10.75, 7 ],
			"to": [ 8.25, 11, 7.25 ],
			"faces": {
				"up": { "uv": [ 12.75, 11.5, 13.75, 11.25 ], "texture": "#amber_stone_pickaxe" },
				"north": { "uv": [ 14.75, 11.25, 13.75, 11.5 ], "texture": "#amber_stone_pickaxe" },
				"west": { "uv": [ 10, 11.5, 10.25, 11.75 ], "texture": "#amber_stone_pickaxe" },
				"east": { "uv": [ 6, 6.25, 5.75, 6.5 ], "texture": "#amber_stone_pickaxe" }
			}
		},
		{
			"__comment": "Voxels",
			"from": [ 7.25, 11, 8.75 ],
			"to": [ 8.25, 13.25, 9 ],
			"faces": {
				"down": { "uv": [ 11.75, 13.75, 12.75, 14 ], "texture": "#amber_stone_pickaxe" },
				"up": { "uv": [ 13, 13, 14, 12.75 ], "texture": "#amber_stone_pickaxe" },
				"north": { "uv": [ 6.25, 13.75, 5.25, 16 ], "texture": "#amber_stone_pickaxe" },
				"south": { "uv": [ 3.25, 13.75, 4.25, 16 ], "texture": "#amber_stone_pickaxe" },
				"west": { "uv": [ 3.5, 7.5, 3.75, 9.75 ], "texture": "#amber_stone_pickaxe" },
				"east": { "uv": [ 3.75, 0.75, 3.5, 3 ], "texture": "#amber_stone_pickaxe" }
			}
		},
		{
			"__comment": "Voxels",
			"from": [ 7.25, 11.5, 8.5 ],
			"to": [ 8.5, 11.75, 8.75 ],
			"faces": {
				"south": { "uv": [ 8, 12, 9.25, 12.25 ], "texture": "#amber_stone_pickaxe" },
				"west": { "uv": [ 5.75, 6.5, 6, 6.75 ], "texture": "#amber_stone_pickaxe" },
				"east": { "uv": [ 6, 6.75, 5.75, 7 ], "texture": "#amber_stone_pickaxe" }
			}
		},
		{
			"__comment": "Voxels",
			"from": [ 7.25, 12, 8 ],
			"to": [ 8.25, 13, 8.25 ],
			"faces": {
				"up": { "uv": [ 14, 12.25, 15, 12 ], "texture": "#amber_stone_pickaxe" },
				"north": { "uv": [ 10.5, 12.75, 9.5, 13.75 ], "texture": "#amber_stone_pickaxe" },
				"south": { "uv": [ 8.5, 12.75, 9.5, 13.75 ], "texture": "#amber_stone_pickaxe" },
				"west": { "uv": [ 4, 1.5, 4.25, 2.5 ], "texture": "#amber_stone_pickaxe" },
				"east": { "uv": [ 4.25, 0.5, 4, 1.5 ], "texture": "#amber_stone_pickaxe" }
			}
		},
		{
			"__comment": "Voxels",
			"from": [ 7.25, 12, 9 ],
			"to": [ 8.25, 13, 9.25 ],
			"faces": {
				"down": { "uv": [ 12.75, 11.5, 13.75, 11.75 ], "texture": "#amber_stone_pickaxe" },
				"up": { "uv": [ 14, 12, 15, 11.75 ], "texture": "#amber_stone_pickaxe" },
				"south": { "uv": [ 10.5, 12.75, 11.5, 13.75 ], "texture": "#amber_stone_pickaxe" },
				"west": { "uv": [ 4.25, 2, 4.5, 3 ], "texture": "#amber_stone_pickaxe" },
				"east": { "uv": [ 4.75, 2, 4.5, 3 ], "texture": "#amber_stone_pickaxe" }
			}
		},
		{
			"__comment": "Voxels",
			"from": [ 7.25, 12.25, 7.75 ],
			"to": [ 8, 12.5, 8 ],
			"faces": {
				"up": { "uv": [ 9.5, 11, 10.25, 10.75 ], "texture": "#amber_stone_pickaxe" },
				"north": { "uv": [ 14, 10.75, 13.25, 11 ], "texture": "#amber_stone_pickaxe" },
				"west": { "uv": [ 5.5, 0.5, 5.75, 0.75 ], "texture": "#amber_stone_pickaxe" },
				"east": { "uv": [ 5.75, 0.75, 5.5, 1 ], "texture": "#amber_stone_pickaxe" }
			}
		},
		{
			"__comment": "Voxels",
			"from": [ 7.25, 13, 8 ],
			"to": [ 8, 13.25, 8.75 ],
			"faces": {
				"down": { "uv": [ 10.5, 12, 11.25, 12.75 ], "texture": "#amber_stone_pickaxe" },
				"up": { "uv": [ 11.25, 12.75, 12, 12 ], "texture": "#amber_stone_pickaxe" },
				"north": { "uv": [ 13.25, 10.75, 12.5, 11 ], "texture": "#amber_stone_pickaxe" },
				"west": { "uv": [ 9.5, 11, 10.25, 11.25 ], "texture": "#amber_stone_pickaxe" },
				"east": { "uv": [ 9.5, 10.75, 8.75, 11 ], "texture": "#amber_stone_pickaxe" }
			}
		},
		{
			"__comment": "Voxels",
			"from": [ 7.5, 5, 8.5 ],
			"to": [ 8.75, 6.75, 8.75 ],
			"faces": {
				"down": { "uv": [ 10.25, 11.5, 11.5, 11.75 ], "texture": "#amber_stone_pickaxe" },
				"up": { "uv": [ 9.25, 12.25, 10.5, 12 ], "texture": "#amber_stone_pickaxe" },
				"north": { "uv": [ 7.5, 14.25, 6.25, 16 ], "texture": "#amber_stone_pickaxe" },
				"south": { "uv": [ 7.5, 14.25, 8.75, 16 ], "texture": "#amber_stone_pickaxe" },
				"west": { "uv": [ 3.75, 1.75, 4, 3.5 ], "texture": "#amber_stone_pickaxe" },
				"east": { "uv": [ 4, 0, 3.75, 1.75 ], "texture": "#amber_stone_pickaxe" }
			}
		},
		{
			"__comment": "Voxels",
			"from": [ 7.5, 5.25, 8.25 ],
			"to": [ 8.75, 6.75, 8.5 ],
			"faces": {
				"down": { "uv": [ 12.75, 11.75, 14, 12 ], "texture": "#amber_stone_pickaxe" },
				"up": { "uv": [ 11.5, 11.75, 12.75, 11.5 ], "texture": "#amber_stone_pickaxe" },
				"north": { "uv": [ 15.25, 14.5, 14, 16 ], "texture": "#amber_stone_pickaxe" },
				"west": { "uv": [ 4, 5, 4.25, 6.5 ], "texture": "#amber_stone_pickaxe" },
				"east": { "uv": [ 4.25, 6.5, 4, 8 ], "texture": "#amber_stone_pickaxe" }
			}
		},
		{
			"__comment": "Voxels",
			"from": [ 7.5, 6.25, 8.75 ],
			"to": [ 8.5, 8.5, 9 ],
			"faces": {
				"down": { "uv": [ 15, 11.5, 16, 11.75 ], "texture": "#amber_stone_pickaxe" },
				"up": { "uv": [ 4.75, 11.5, 5.75, 11.25 ], "texture": "#amber_stone_pickaxe" },
				"north": { "uv": [ 5.25, 13.75, 4.25, 16 ], "texture": "#amber_stone_pickaxe" },
				"south": { "uv": [ 2.25, 13.75, 3.25, 16 ], "texture": "#amber_stone_pickaxe" },
				"west": { "uv": [ 3.5, 9.75, 3.75, 12 ], "texture": "#amber_stone_pickaxe" },
				"east": { "uv": [ 3, 1.5, 2.75, 3.75 ], "texture": "#amber_stone_pickaxe" }
			}
		},
		{
			"__comment": "Voxels",
			"from": [ 7.5, 6.75, 8.25 ],
			"to": [ 8.5, 9.25, 8.75 ],
			"faces": {
				"down": { "uv": [ 14, 12.25, 15, 12.75 ], "texture": "#amber_stone_pickaxe" },
				"north": { "uv": [ 2.25, 11, 1.25, 13.5 ], "texture": "#amber_stone_pickaxe" },
				"south": { "uv": [ 1.25, 13.5, 2.25, 16 ], "texture": "#amber_stone_pickaxe" },
				"west": { "uv": [ 2.25, 3.75, 2.75, 6.25 ], "texture": "#amber_stone_pickaxe" },
				"east": { "uv": [ 2.75, 6.25, 2.25, 8.75 ], "texture": "#amber_stone_pickaxe" }
			}
		},
		{
			"__comment": "Voxels",
			"from": [ 7.5, 8.5, 8 ],
			"to": [ 8.5, 9.25, 8.25 ],
			"faces": {
				"down": { "uv": [ 5.75, 11.25, 6.75, 11.5 ], "texture": "#amber_stone_pickaxe" },
				"north": { "uv": [ 13.75, 13.75, 12.75, 14.5 ], "texture": "#amber_stone_pickaxe" },
				"west": { "uv": [ 4.75, 3.75, 5, 4.5 ], "texture": "#amber_stone_pickaxe" },
				"east": { "uv": [ 5.25, 9.25, 5, 10 ], "texture": "#amber_stone_pickaxe" }
			}
		},
		{
			"__comment": "Voxels",
			"from": [ 7.5, 8.5, 8.75 ],
			"to": [ 8.25, 11, 9 ],
			"faces": {
				"north": { "uv": [ 3, 8.75, 2.25, 11.25 ], "texture": "#amber_stone_pickaxe" },
				"south": { "uv": [ 2.25, 11.25, 3, 13.75 ], "texture": "#amber_stone_pickaxe" },
				"west": { "uv": [ 2.75, 3.75, 3, 6.25 ], "texture": "#amber_stone_pickaxe" },
				"east": { "uv": [ 3, 6.25, 2.75, 8.75 ], "texture": "#amber_stone_pickaxe" }
			}
		},
		{
			"__comment": "Voxels",
			"from": [ 7.5, 9, 7.75 ],
			"to": [ 8.25, 10, 8 ],
			"faces": {
				"down": { "uv": [ 14.75, 10.75, 15.5, 11 ], "texture": "#amber_stone_pickaxe" },
				"north": { "uv": [ 12.25, 12.75, 11.5, 13.75 ], "texture": "#amber_stone_pickaxe" },
				"south": { "uv": [ 14.75, 12.75, 15.5, 13.75 ], "texture": "#amber_stone_pickaxe" },
				"west": { "uv": [ 4.75, 6.75, 5, 7.75 ], "texture": "#amber_stone_pickaxe" },
				"east": { "uv": [ 4.5, 1, 4.25, 2 ], "texture": "#amber_stone_pickaxe" }
			}
		},
		{
			"__comment": "Voxels",
			"from": [ 7.5, 10, 7.25 ],
			"to": [ 8, 10.25, 7.75 ],
			"faces": {
				"down": { "uv": [ 6.75, 10.75, 7.25, 11.25 ], "texture": "#amber_stone_pickaxe" },
				"north": { "uv": [ 6, 10, 5.5, 10.25 ], "texture": "#amber_stone_pickaxe" },
				"west": { "uv": [ 6.5, 10, 7, 10.25 ], "texture": "#amber_stone_pickaxe" },
				"east": { "uv": [ 7.5, 10, 7, 10.25 ], "texture": "#amber_stone_pickaxe" }
			}
		},
		{
			"__comment": "Voxels",
			"from": [ 7.5, 10.25, 6.75 ],
			"to": [ 8, 10.5, 7.25 ],
			"faces": {
				"down": { "uv": [ 7.75, 10.75, 8.25, 11.25 ], "texture": "#amber_stone_pickaxe" },
				"north": { "uv": [ 10, 10, 9.5, 10.25 ], "texture": "#amber_stone_pickaxe" },
				"west": { "uv": [ 14, 10.5, 14.5, 10.75 ], "texture": "#amber_stone_pickaxe" },
				"east": { "uv": [ 11, 10, 10.5, 10.25 ], "texture": "#amber_stone_pickaxe" }
			}
		},
		{
			"__comment": "Voxels",
			"from": [ 7.5, 10.5, 5.25 ],
			"to": [ 7.75, 11, 6 ],
			"faces": {
				"down": { "uv": [ 5, 7.75, 5.25, 8.5 ], "texture": "#amber_stone_pickaxe" },
				"up": { "uv": [ 5, 7.75, 5.25, 7 ], "texture": "#amber_stone_pickaxe" },
				"north": { "uv": [ 4.25, 0, 4, 0.5 ], "texture": "#amber_stone_pickaxe" },
				"south": { "uv": [ 15.5, 10.75, 15.75, 11.25 ], "texture": "#amber_stone_pickaxe" },
				"west": { "uv": [ 5.75, 11.5, 6.5, 12 ], "texture": "#amber_stone_pickaxe" },
				"east": { "uv": [ 7.25, 11.5, 6.5, 12 ], "texture": "#amber_stone_pickaxe" }
			}
		},
		{
			"__comment": "Voxels",
			"from": [ 7.5, 10.75, 6 ],
			"to": [ 8, 11.5, 6.25 ],
			"faces": {
				"down": { "uv": [ 6, 10.5, 6.5, 10.75 ], "texture": "#amber_stone_pickaxe" },
				"up": { "uv": [ 7.5, 10.75, 8, 10.5 ], "texture": "#amber_stone_pickaxe" },
				"north": { "uv": [ 3.5, 0, 3, 0.75 ], "texture": "#amber_stone_pickaxe" },
				"south": { "uv": [ 4.25, 10.75, 4.75, 11.5 ], "texture": "#amber_stone_pickaxe" },
				"west": { "uv": [ 4.75, 1.5, 5, 2.25 ], "texture": "#amber_stone_pickaxe" },
				"east": { "uv": [ 5, 0.75, 4.75, 1.5 ], "texture": "#amber_stone_pickaxe" }
			}
		},
		{
			"__comment": "Voxels",
			"from": [ 7.5, 10.75, 6.25 ],
			"to": [ 7.75, 11.75, 7 ],
			"faces": {
				"down": { "uv": [ 4.75, 0, 5, 0.75 ], "texture": "#amber_stone_pickaxe" },
				"up": { "uv": [ 5, 10.75, 5.25, 10 ], "texture": "#amber_stone_pickaxe" },
				"north": { "uv": [ 4.5, 3, 4.25, 4 ], "texture": "#amber_stone_pickaxe" },
				"south": { "uv": [ 4.5, 3, 4.75, 4 ], "texture": "#amber_stone_pickaxe" },
				"west": { "uv": [ 2.25, 0.5, 3, 1.5 ], "texture": "#amber_stone_pickaxe" },
				"east": { "uv": [ 16, 15, 15.25, 16 ], "texture": "#amber_stone_pickaxe" }
			}
		},
		{
			"__comment": "Voxels",
			"from": [ 7.5, 11, 5.5 ],
			"to": [ 7.75, 11.25, 6 ],
			"faces": {
				"up": { "uv": [ 5, 4, 5.25, 3.5 ], "texture": "#amber_stone_pickaxe" },
				"north": { "uv": [ 5.75, 1.5, 5.5, 1.75 ], "texture": "#amber_stone_pickaxe" },
				"west": { "uv": [ 8, 10.5, 8.5, 10.75 ], "texture": "#amber_stone_pickaxe" },
				"east": { "uv": [ 13, 10.5, 12.5, 10.75 ], "texture": "#amber_stone_pickaxe" }
			}
		},
		{
			"__comment": "Voxels",
			"from": [ 7.5, 11, 7 ],
			"to": [ 8, 12, 7.75 ],
			"faces": {
				"down": { "uv": [ 4.25, 10, 4.75, 10.75 ], "texture": "#amber_stone_pickaxe" },
				"up": { "uv": [ 4.25, 9.25, 4.75, 8.5 ], "texture": "#amber_stone_pickaxe" },
				"north": { "uv": [ 16, 12.75, 15.5, 13.75 ], "texture": "#amber_stone_pickaxe" },
				"west": { "uv": [ 14, 12.75, 14.75, 13.75 ], "texture": "#amber_stone_pickaxe" },
				"east": { "uv": [ 13, 12.75, 12.25, 13.75 ], "texture": "#amber_stone_pickaxe" }
			}
		},
		{
			"__comment": "Voxels",
			"from": [ 7.5, 11.25, 5.75 ],
			"to": [ 7.75, 11.5, 6 ],
			"faces": {
				"up": { "uv": [ 5.5, 8.25, 5.75, 8 ], "texture": "#amber_stone_pickaxe" },
				"north": { "uv": [ 5.75, 8.25, 5.5, 8.5 ], "texture": "#amber_stone_pickaxe" },
				"west": { "uv": [ 5.5, 8.75, 5.75, 9 ], "texture": "#amber_stone_pickaxe" },
				"east": { "uv": [ 5.75, 9, 5.5, 9.25 ], "texture": "#amber_stone_pickaxe" }
			}
		},
		{
			"__comment": "Voxels",
			"from": [ 7.5, 11.25, 9 ],
			"to": [ 8, 12, 9.25 ],
			"faces": {
				"down": { "uv": [ 13, 10.5, 13.5, 10.75 ], "texture": "#amber_stone_pickaxe" },
				"south": { "uv": [ 4.25, 7.75, 4.75, 8.5 ], "texture": "#amber_stone_pickaxe" },
				"west": { "uv": [ 5, 8.5, 5.25, 9.25 ], "texture": "#amber_stone_pickaxe" },
				"east": { "uv": [ 5, 6, 4.75, 6.75 ], "texture": "#amber_stone_pickaxe" }
			}
		},
		{
			"__comment": "Voxels",
			"from": [ 7.5, 11.75, 6.5 ],
			"to": [ 7.75, 12, 7 ],
			"faces": {
				"up": { "uv": [ 5.25, 9.5, 5.5, 9 ], "texture": "#amber_stone_pickaxe" },
				"north": { "uv": [ 5.75, 9.5, 5.5, 9.75 ], "texture": "#amber_stone_pickaxe" },
				"west": { "uv": [ 9, 10.25, 9.5, 10.5 ], "texture": "#amber_stone_pickaxe" },
				"east": { "uv": [ 10, 10.25, 9.5, 10.5 ], "texture": "#amber_stone_pickaxe" }
			}
		},
		{
			"__comment": "Voxels",
			"from": [ 7.5, 12, 7 ],
			"to": [ 7.75, 12.25, 7.5 ],
			"faces": {
				"up": { "uv": [ 5.25, 7.5, 5.5, 7 ], "texture": "#amber_stone_pickaxe" },
				"north": { "uv": [ 14, 11.5, 13.75, 11.75 ], "texture": "#amber_stone_pickaxe" },
				"south": { "uv": [ 12, 10, 12.25, 10.25 ], "texture": "#amber_stone_pickaxe" },
				"west": { "uv": [ 11, 10.25, 11.5, 10.5 ], "texture": "#amber_stone_pickaxe" },
				"east": { "uv": [ 12, 10.25, 11.5, 10.5 ], "texture": "#amber_stone_pickaxe" }
			}
		},
		{
			"__comment": "Voxels",
			"from": [ 7.5, 12.5, 7.75 ],
			"to": [ 8, 12.75, 8 ],
			"faces": {
				"up": { "uv": [ 12.5, 10.5, 13, 10.25 ], "texture": "#amber_stone_pickaxe" },
				"north": { "uv": [ 13.5, 10.25, 13, 10.5 ], "texture": "#amber_stone_pickaxe" },
				"west": { "uv": [ 12.25, 10, 12.5, 10.25 ], "texture": "#amber_stone_pickaxe" },
				"east": { "uv": [ 14.25, 10, 14, 10.25 ], "texture": "#amber_stone_pickaxe" }
			}
		},
		{
			"__comment": "Voxels",
			"from": [ 7.5, 13, 9 ],
			"to": [ 7.75, 13.25, 9.25 ],
			"faces": {
				"up": { "uv": [ 14.5, 10.25, 14.75, 10 ], "texture": "#amber_stone_pickaxe" },
				"south": { "uv": [ 15.5, 10, 15.75, 10.25 ], "texture": "#amber_stone_pickaxe" },
				"west": { "uv": [ 15.75, 10, 16, 10.25 ], "texture": "#amber_stone_pickaxe" },
				"east": { "uv": [ 5.75, 9.75, 5.5, 10 ], "texture": "#amber_stone_pickaxe" }
			}
		},
		{
			"__comment": "Voxels",
			"from": [ 7.75, 3, 8.5 ],
			"to": [ 8.75, 5, 8.75 ],
			"faces": {
				"down": { "uv": [ 14, 11.5, 15, 11.75 ], "texture": "#amber_stone_pickaxe" },
				"north": { "uv": [ 12.75, 14, 11.75, 16 ], "texture": "#amber_stone_pickaxe" },
				"south": { "uv": [ 10.75, 14, 11.75, 16 ], "texture": "#amber_stone_pickaxe" },
				"west": { "uv": [ 3.75, 5.5, 4, 7.5 ], "texture": "#amber_stone_pickaxe" },
				"east": { "uv": [ 4, 7.5, 3.75, 9.5 ], "texture": "#amber_stone_pickaxe" }
			}
		},
		{
			"__comment": "Voxels",
			"from": [ 7.75, 3.25, 8.25 ],
			"to": [ 8.75, 5.25, 8.5 ],
			"faces": {
				"down": { "uv": [ 8.75, 13.75, 9.75, 14 ], "texture": "#amber_stone_pickaxe" },
				"north": { "uv": [ 10.75, 14, 9.75, 16 ], "texture": "#amber_stone_pickaxe" },
				"south": { "uv": [ 8.75, 14, 9.75, 16 ], "texture": "#amber_stone_pickaxe" },
				"west": { "uv": [ 3.75, 3.5, 4, 5.5 ], "texture": "#amber_stone_pickaxe" },
				"east": { "uv": [ 4, 9.5, 3.75, 11.5 ], "texture": "#amber_stone_pickaxe" }
			}
		},
		{
			"__comment": "Voxels",
			"from": [ 7.75, 3.25, 8.75 ],
			"to": [ 8.75, 6.25, 9 ],
			"faces": {
				"down": { "uv": [ 12, 12, 13, 12.25 ], "texture": "#amber_stone_pickaxe" },
				"up": { "uv": [ 10.75, 14, 11.75, 13.75 ], "texture": "#amber_stone_pickaxe" },
				"north": { "uv": [ 1, 7.5, 0, 10.5 ], "texture": "#amber_stone_pickaxe" },
				"south": { "uv": [ 0, 4.5, 1, 7.5 ], "texture": "#amber_stone_pickaxe" },
				"west": { "uv": [ 1, 4.5, 1.25, 7.5 ], "texture": "#amber_stone_pickaxe" },
				"east": { "uv": [ 1.25, 7.5, 1, 10.5 ], "texture": "#amber_stone_pickaxe" }
			}
		},
		{
			"__comment": "Voxels",
			"from": [ 7.75, 4.5, 8 ],
			"to": [ 8.5, 7.75, 8.25 ],
			"faces": {
				"down": { "uv": [ 14.75, 11.25, 15.5, 11.5 ], "texture": "#amber_stone_pickaxe" },
				"up": { "uv": [ 8.75, 11.25, 9.5, 11 ], "texture": "#amber_stone_pickaxe" },
				"north": { "uv": [ 2, 4.5, 1.25, 7.75 ], "texture": "#amber_stone_pickaxe" },
				"south": { "uv": [ 1.25, 7.75, 2, 11 ], "texture": "#amber_stone_pickaxe" },
				"west": { "uv": [ 2, 4.5, 2.25, 7.75 ], "texture": "#amber_stone_pickaxe" },
				"east": { "uv": [ 2.25, 7.75, 2, 11 ], "texture": "#amber_stone_pickaxe" }
			}
		},
		{
			"__comment": "Voxels",
			"from": [ 7.75, 7.5, 9 ],
			"to": [ 8.25, 8.25, 9.25 ],
			"faces": {
				"down": { "uv": [ 11, 10, 11.5, 10.25 ], "texture": "#amber_stone_pickaxe" },
				"up": { "uv": [ 15.5, 11.5, 16, 11.25 ], "texture": "#amber_stone_pickaxe" },
				"south": { "uv": [ 4.25, 7, 4.75, 7.75 ], "texture": "#amber_stone_pickaxe" },
				"west": { "uv": [ 4.75, 5.25, 5, 6 ], "texture": "#amber_stone_pickaxe" },
				"east": { "uv": [ 5, 4.5, 4.75, 5.25 ], "texture": "#amber_stone_pickaxe" }
			}
		},
		{
			"__comment": "Voxels",
			"from": [ 7.75, 7.75, 8 ],
			"to": [ 8.25, 8.5, 8.25 ],
			"faces": {
				"north": { "uv": [ 4.75, 4.75, 4.25, 5.5 ], "texture": "#amber_stone_pickaxe" },
				"west": { "uv": [ 4.75, 3, 5, 3.75 ], "texture": "#amber_stone_pickaxe" },
				"east": { "uv": [ 5, 2.25, 4.75, 3 ], "texture": "#amber_stone_pickaxe" }
			}
		},
		{
			"__comment": "Voxels",
			"from": [ 7.75, 7.75, 9.25 ],
			"to": [ 8.25, 8, 9.5 ],
			"faces": {
				"down": { "uv": [ 8.5, 10.5, 9, 10.75 ], "texture": "#amber_stone_pickaxe" },
				"up": { "uv": [ 9, 10.75, 9.5, 10.5 ], "texture": "#amber_stone_pickaxe" },
				"south": { "uv": [ 10, 10.5, 10.5, 10.75 ], "texture": "#amber_stone_pickaxe" },
				"west": { "uv": [ 5.75, 5, 6, 5.25 ], "texture": "#amber_stone_pickaxe" },
				"east": { "uv": [ 6, 4.75, 5.75, 5 ], "texture": "#amber_stone_pickaxe" }
			}
		},
		{
			"__comment": "Voxels",
			"from": [ 7.75, 8.75, 7.75 ],
			"to": [ 8.25, 9, 8 ],
			"faces": {
				"down": { "uv": [ 10.5, 10.5, 11, 10.75 ], "texture": "#amber_stone_pickaxe" },
				"north": { "uv": [ 12, 10.5, 11.5, 10.75 ], "texture": "#amber_stone_pickaxe" },
				"west": { "uv": [ 12.5, 10, 12.75, 10.25 ], "texture": "#amber_stone_pickaxe" },
				"east": { "uv": [ 13, 10, 12.75, 10.25 ], "texture": "#amber_stone_pickaxe" }
			}
		},
		{
			"__comment": "Voxels",
			"from": [ 7.75, 10.75, 5.75 ],
			"to": [ 8, 11.25, 6 ],
			"faces": {
				"down": { "uv": [ 13.5, 10, 13.75, 10.25 ], "texture": "#amber_stone_pickaxe" },
				"up": { "uv": [ 13.75, 10.25, 14, 10 ], "texture": "#amber_stone_pickaxe" },
				"north": { "uv": [ 5.25, 3, 5, 3.5 ], "texture": "#amber_stone_pickaxe" },
				"west": { "uv": [ 5, 2, 5.25, 2.5 ], "texture": "#amber_stone_pickaxe" },
				"east": { "uv": [ 5.25, 1.5, 5, 2 ], "texture": "#amber_stone_pickaxe" }
			}
		},
		{
			"__comment": "Voxels",
			"from": [ 7.75, 10.75, 6.75 ],
			"to": [ 8, 11.75, 7 ],
			"faces": {
				"up": { "uv": [ 15.25, 10.25, 15.5, 10 ], "texture": "#amber_stone_pickaxe" },
				"north": { "uv": [ 4.75, 0, 4.5, 1 ], "texture": "#amber_stone_pickaxe" },
				"south": { "uv": [ 4.75, 9.75, 5, 10.75 ], "texture": "#amber_stone_pickaxe" },
				"east": { "uv": [ 5, 7.75, 4.75, 8.75 ], "texture": "#amber_stone_pickaxe" }
			}
		},
		{
			"__comment": "Voxels",
			"from": [ 7.75, 11, 6.25 ],
			"to": [ 8, 11.5, 6.75 ],
			"faces": {
				"down": { "uv": [ 5, 0.5, 5.25, 1 ], "texture": "#amber_stone_pickaxe" },
				"up": { "uv": [ 5, 0.5, 5.25, 0 ], "texture": "#amber_stone_pickaxe" },
				"east": { "uv": [ 6.75, 10.75, 6.25, 11.25 ], "texture": "#amber_stone_pickaxe" }
			}
		},
		{
			"__comment": "Voxels",
			"from": [ 7.75, 11.5, 6.5 ],
			"to": [ 8, 11.75, 6.75 ],
			"faces": {
				"up": { "uv": [ 5.5, 5, 5.75, 4.75 ], "texture": "#amber_stone_pickaxe" },
				"north": { "uv": [ 5.75, 4.5, 5.5, 4.75 ], "texture": "#amber_stone_pickaxe" },
				"east": { "uv": [ 5.75, 2.75, 5.5, 3 ], "texture": "#amber_stone_pickaxe" }
			}
		},
		{
			"__comment": "Voxels",
			"from": [ 7.75, 12, 7.25 ],
			"to": [ 8, 12.25, 7.75 ],
			"faces": {
				"up": { "uv": [ 5.25, 8.5, 5.5, 8 ], "texture": "#amber_stone_pickaxe" },
				"north": { "uv": [ 5.75, 2, 5.5, 2.25 ], "texture": "#amber_stone_pickaxe" },
				"west": { "uv": [ 14.5, 10.5, 15, 10.75 ], "texture": "#amber_stone_pickaxe" },
				"east": { "uv": [ 15.5, 10.5, 15, 10.75 ], "texture": "#amber_stone_pickaxe" }
			}
		},
		{
			"__comment": "Voxels",
			"from": [ 8, 2.75, 8.5 ],
			"to": [ 8.5, 3, 8.75 ],
			"faces": {
				"down": { "uv": [ 15.5, 10.5, 16, 10.75 ], "texture": "#amber_stone_pickaxe" },
				"north": { "uv": [ 6.5, 10.25, 6, 10.5 ], "texture": "#amber_stone_pickaxe" },
				"south": { "uv": [ 6.5, 10.25, 7, 10.5 ], "texture": "#amber_stone_pickaxe" },
				"west": { "uv": [ 5.75, 6, 6, 6.25 ], "texture": "#amber_stone_pickaxe" },
				"east": { "uv": [ 6, 5.25, 5.75, 5.5 ], "texture": "#amber_stone_pickaxe" }
			}
		},
		{
			"__comment": "Voxels",
			"from": [ 8, 3, 8.25 ],
			"to": [ 8.5, 3.25, 8.5 ],
			"faces": {
				"down": { "uv": [ 7, 10.25, 7.5, 10.5 ], "texture": "#amber_stone_pickaxe" },
				"north": { "uv": [ 8.5, 10.25, 8, 10.5 ], "texture": "#amber_stone_pickaxe" },
				"west": { "uv": [ 11.5, 10, 11.75, 10.25 ], "texture": "#amber_stone_pickaxe" },
				"east": { "uv": [ 12, 10, 11.75, 10.25 ], "texture": "#amber_stone_pickaxe" }
			}
		},
		{
			"__comment": "Voxels",
			"from": [ 8, 3, 8.75 ],
			"to": [ 8.75, 3.25, 9 ],
			"faces": {
				"down": { "uv": [ 11, 11, 11.75, 11.25 ], "texture": "#amber_stone_pickaxe" },
				"south": { "uv": [ 11.75, 10.75, 12.5, 11 ], "texture": "#amber_stone_pickaxe" },
				"west": { "uv": [ 13, 10, 13.25, 10.25 ], "texture": "#amber_stone_pickaxe" },
				"east": { "uv": [ 13.5, 10, 13.25, 10.25 ], "texture": "#amber_stone_pickaxe" }
			}
		},
		{
			"__comment": "Voxels",
			"from": [ 8, 3.25, 8 ],
			"to": [ 8.5, 4.5, 8.25 ],
			"faces": {
				"down": { "uv": [ 10, 10.25, 10.5, 10.5 ], "texture": "#amber_stone_pickaxe" },
				"north": { "uv": [ 3.5, 3, 3, 4.25 ], "texture": "#amber_stone_pickaxe" },
				"west": { "uv": [ 4, 2.5, 4.25, 3.75 ], "texture": "#amber_stone_pickaxe" },
				"east": { "uv": [ 4.25, 3.75, 4, 5 ], "texture": "#amber_stone_pickaxe" }
			}
		},
		{
			"__comment": "Voxels",
			"from": [ 8, 3.25, 9 ],
			"to": [ 8.75, 3.75, 9.25 ],
			"faces": {
				"down": { "uv": [ 14, 11, 14.75, 11.25 ], "texture": "#amber_stone_pickaxe" },
				"up": { "uv": [ 14, 11, 14.75, 10.75 ], "texture": "#amber_stone_pickaxe" },
				"south": { "uv": [ 2.25, 0, 3, 0.5 ], "texture": "#amber_stone_pickaxe" },
				"west": { "uv": [ 5.25, 6.5, 5.5, 7 ], "texture": "#amber_stone_pickaxe" },
				"east": { "uv": [ 5.5, 6, 5.25, 6.5 ], "texture": "#amber_stone_pickaxe" }
			}
		},
		{
			"__comment": "Voxels",
			"from": [ 8, 3.75, 9 ],
			"to": [ 8.5, 5.5, 9.25 ],
			"faces": {
				"up": { "uv": [ 15.5, 10.5, 16, 10.25 ], "texture": "#amber_stone_pickaxe" },
				"south": { "uv": [ 3, 7, 3.5, 8.75 ], "texture": "#amber_stone_pickaxe" },
				"west": { "uv": [ 4, 8, 4.25, 9.75 ], "texture": "#amber_stone_pickaxe" },
				"east": { "uv": [ 4.25, 9.75, 4, 11.5 ], "texture": "#amber_stone_pickaxe" }
			}
		},
		{
			"__comment": "Voxels",
			"from": [ 8, 5.5, 9 ],
			"to": [ 8.25, 5.75, 9.25 ],
			"faces": {
				"up": { "uv": [ 5.5, 7.75, 5.75, 7.5 ], "texture": "#amber_stone_pickaxe" },
				"south": { "uv": [ 5.5, 7, 5.75, 7.25 ], "texture": "#amber_stone_pickaxe" },
				"west": { "uv": [ 5.5, 6.75, 5.75, 7 ], "texture": "#amber_stone_pickaxe" },
				"east": { "uv": [ 5.75, 6.5, 5.5, 6.75 ], "texture": "#amber_stone_pickaxe" }
			}
		},
		{
			"__comment": "Voxels",
			"from": [ 8, 10, 7.5 ],
			"to": [ 8.25, 10.25, 7.75 ],
			"faces": {
				"down": { "uv": [ 5.75, 4.5, 6, 4.75 ], "texture": "#amber_stone_pickaxe" },
				"north": { "uv": [ 5.75, 5.75, 5.5, 6 ], "texture": "#amber_stone_pickaxe" },
				"east": { "uv": [ 5.75, 5, 5.5, 5.25 ], "texture": "#amber_stone_pickaxe" }
			}
		},
		{
			"__comment": "Voxels",
			"from": [ 8, 11, 7.25 ],
			"to": [ 8.25, 11.25, 7.75 ],
			"faces": {
				"up": { "uv": [ 5.25, 5, 5.5, 4.5 ], "texture": "#amber_stone_pickaxe" },
				"north": { "uv": [ 5.75, 4.25, 5.5, 4.5 ], "texture": "#amber_stone_pickaxe" },
				"east": { "uv": [ 8.5, 10, 8, 10.25 ], "texture": "#amber_stone_pickaxe" }
			}
		},
		{
			"__comment": "Voxels",
			"from": [ 8, 11.5, 9 ],
			"to": [ 8.25, 12, 9.25 ],
			"faces": {
				"down": { "uv": [ 5.5, 3.25, 5.75, 3.5 ], "texture": "#amber_stone_pickaxe" },
				"south": { "uv": [ 5.25, 3.5, 5.5, 4 ], "texture": "#amber_stone_pickaxe" },
				"east": { "uv": [ 5.5, 2.5, 5.25, 3 ], "texture": "#amber_stone_pickaxe" }
			}
		},
		{
			"__comment": "Voxels",
			"from": [ 8, 13, 8.25 ],
			"to": [ 8.25, 13.25, 8.75 ],
			"faces": {
				"up": { "uv": [ 5.25, 2, 5.5, 1.5 ], "texture": "#amber_stone_pickaxe" },
				"north": { "uv": [ 5.75, 1.25, 5.5, 1.5 ], "texture": "#amber_stone_pickaxe" },
				"east": { "uv": [ 9.5, 10, 9, 10.25 ], "texture": "#amber_stone_pickaxe" }
			}
		},
		{
			"__comment": "Voxels",
			"from": [ 8.25, 2.75, 8.75 ],
			"to": [ 8.5, 3, 9 ],
			"faces": {
				"down": { "uv": [ 5.5, 0.25, 5.75, 0.5 ], "texture": "#amber_stone_pickaxe" },
				"south": { "uv": [ 5.75, 9.5, 6, 9.75 ], "texture": "#amber_stone_pickaxe" },
				"west": { "uv": [ 5.75, 9.25, 6, 9.5 ], "texture": "#amber_stone_pickaxe" },
				"east": { "uv": [ 6, 9, 5.75, 9.25 ], "texture": "#amber_stone_pickaxe" }
			}
		},
		{
			"__comment": "Voxels",
			"from": [ 8.25, 7.75, 9 ],
			"to": [ 8.5, 8, 9.25 ],
			"faces": {
				"down": { "uv": [ 5.75, 8.75, 6, 9 ], "texture": "#amber_stone_pickaxe" },
				"up": { "uv": [ 5.75, 8.75, 6, 8.5 ], "texture": "#amber_stone_pickaxe" },
				"south": { "uv": [ 5.75, 8, 6, 8.25 ], "texture": "#amber_stone_pickaxe" },
				"east": { "uv": [ 6, 7.5, 5.75, 7.75 ], "texture": "#amber_stone_pickaxe" }
			}
		},
		{
			"__comment": "Voxels",
			"from": [ 8.25, 10.25, 7.75 ],
			"to": [ 8.5, 11, 8 ],
			"faces": {
				"down": { "uv": [ 5.75, 7.25, 6, 7.5 ], "texture": "#amber_stone_pickaxe" },
				"up": { "uv": [ 5.75, 7.25, 6, 7 ], "texture": "#amber_stone_pickaxe" },
				"north": { "uv": [ 5.25, 6.25, 5, 7 ], "texture": "#amber_stone_pickaxe" },
				"east": { "uv": [ 5.25, 4, 5, 4.75 ], "texture": "#amber_stone_pickaxe" }
			}
		},
		{
			"__comment": "Voxels",
			"from": [ 8.25, 11.75, 8.75 ],
			"to": [ 8.5, 12.25, 9 ],
			"faces": {
				"down": { "uv": [ 5.75, 5.75, 6, 6 ], "texture": "#amber_stone_pickaxe" },
				"up": { "uv": [ 5.75, 5.75, 6, 5.5 ], "texture": "#amber_stone_pickaxe" },
				"south": { "uv": [ 5.25, 0.5, 5.5, 1 ], "texture": "#amber_stone_pickaxe" },
				"east": { "uv": [ 5.5, 5.5, 5.25, 6 ], "texture": "#amber_stone_pickaxe" }
			}
		}
	],
	"display": {
		"firstperson_righthand": {
			"rotation":  [ 6, 3, 0 ],
			"translation":  [ 0, 4.1739, 1.3913 ]
		},
		"gui": {
			"rotation":  [ 97, -58, 116 ],
			"scale":  [ 1.5, 1.5, 1.5 ]
		}
	}
}