{
	"__comment": "Designed by DevastMc",
	"gui_light": "front",
	"textures": {
		"untitled_atlas": "blocks/amber_pickaxe"
	},
	"elements": [ 	 
		{
			"__comment": "Voxels",
			"from": [ 6.75, 11, 7.75 ],
			"to": [ 8, 12.5, 8.75 ],
			"faces": {
				"down": { "uv": [ 10.25, 13.5, 11.5, 14.5 ], "texture": "#untitled_atlas" },
				"up": { "uv": [ 9, 14.5, 10.25, 13.5 ], "texture": "#untitled_atlas" },
				"north": { "uv": [ 6, 14.5, 4.75, 16 ], "texture": "#untitled_atlas" },
				"south": { "uv": [ 6, 14.5, 7.25, 16 ], "texture": "#untitled_atlas" },
				"west": { "uv": [ 2, 4.25, 3, 5.75 ], "texture": "#untitled_atlas" },
				"east": { "uv": [ 3, 2.75, 2, 4.25 ], "texture": "#untitled_atlas" }
			}
		},
		{
			"__comment": "Voxels",
			"from": [ 6.75, 11.25, 8.75 ],
			"to": [ 8.25, 12.5, 9 ],
			"faces": {
				"down": { "uv": [ 7.25, 14.5, 8.75, 14.75 ], "texture": "#untitled_atlas" },
				"up": { "uv": [ 8.75, 14.75, 10.25, 14.5 ], "texture": "#untitled_atlas" },
				"north": { "uv": [ 8.75, 14.75, 7.25, 16 ], "texture": "#untitled_atlas" },
				"south": { "uv": [ 8.75, 14.75, 10.25, 16 ], "texture": "#untitled_atlas" },
				"west": { "uv": [ 5.25, 4.75, 5.5, 6 ], "texture": "#untitled_atlas" },
				"east": { "uv": [ 5.5, 3.5, 5.25, 4.75 ], "texture": "#untitled_atlas" }
			}
		},
		{
			"__comment": "Voxels",
			"from": [ 6.75, 11.25, 9 ],
			"to": [ 8, 12.5, 9.25 ],
			"faces": {
				"down": { "uv": [ 10.25, 14.5, 11.5, 14.75 ], "texture": "#untitled_atlas" },
				"up": { "uv": [ 11.5, 14.75, 12.75, 14.5 ], "texture": "#untitled_atlas" },
				"south": { "uv": [ 10.25, 14.75, 11.5, 16 ], "texture": "#untitled_atlas" },
				"west": { "uv": [ 5.25, 2.25, 5.5, 3.5 ], "texture": "#untitled_atlas" },
				"east": { "uv": [ 5.5, 1, 5.25, 2.25 ], "texture": "#untitled_atlas" }
			}
		},
		{
			"__comment": "Voxels",
			"from": [ 6.75, 11.5, 13 ],
			"to": [ 7.75, 12, 14 ],
			"faces": {
				"down": { "uv": [ 13.5, 13.5, 14.5, 14.5 ], "texture": "#untitled_atlas" },
				"up": { "uv": [ 14.5, 14.5, 15.5, 13.5 ], "texture": "#untitled_atlas" },
				"north": { "uv": [ 15.75, 11, 14.75, 11.5 ], "texture": "#untitled_atlas" },
				"south": { "uv": [ 14.75, 11.5, 15.75, 12 ], "texture": "#untitled_atlas" },
				"west": { "uv": [ 14.75, 12, 15.75, 12.5 ], "texture": "#untitled_atlas" },
				"east": { "uv": [ 10.5, 11, 9.5, 11.5 ], "texture": "#untitled_atlas" }
			}
		},
		{
			"__comment": "Voxels",
			"from": [ 6.75, 11.75, 11.75 ],
			"to": [ 8, 12, 13 ],
			"faces": {
				"down": { "uv": [ 11.5, 14.75, 12.75, 16 ], "texture": "#untitled_atlas" },
				"up": { "uv": [ 12.75, 16, 14, 14.75 ], "texture": "#untitled_atlas" },
				"north": { "uv": [ 14, 14.5, 12.75, 14.75 ], "texture": "#untitled_atlas" },
				"south": { "uv": [ 14, 14.5, 15.25, 14.75 ], "texture": "#untitled_atlas" },
				"west": { "uv": [ 8.5, 10.25, 9.75, 10.5 ], "texture": "#untitled_atlas" },
				"east": { "uv": [ 11, 10.25, 9.75, 10.5 ], "texture": "#untitled_atlas" }
			}
		},
		{
			"__comment": "Voxels",
			"from": [ 7, 0.75, 8 ],
			"to": [ 8, 11, 9 ],
			"faces": {
				"down": { "uv": [ 5.5, 12, 6.5, 13 ], "texture": "#untitled_atlas" },
				"up": { "uv": [ 5.5, 12, 6.5, 11 ], "texture": "#untitled_atlas" },
				"north": { "uv": [ 4, 5.75, 3, 16 ], "texture": "#untitled_atlas" },
				"south": { "uv": [ 0, 5.75, 1, 16 ], "texture": "#untitled_atlas" },
				"west": { "uv": [ 1, 5.75, 2, 16 ], "texture": "#untitled_atlas" },
				"east": { "uv": [ 3, 5.75, 2, 16 ], "texture": "#untitled_atlas" }
			}
		},
		{
			"__comment": "Voxels",
			"from": [ 7, 1, 9 ],
			"to": [ 8, 1.5, 9.25 ],
			"faces": {
				"down": { "uv": [ 12.75, 10, 13.75, 10.25 ], "texture": "#untitled_atlas" },
				"up": { "uv": [ 13.75, 10, 14.75, 9.75 ], "texture": "#untitled_atlas" },
				"south": { "uv": [ 14.5, 13, 15.5, 13.5 ], "texture": "#untitled_atlas" },
				"west": { "uv": [ 10, 13, 10.25, 13.5 ], "texture": "#untitled_atlas" },
				"east": { "uv": [ 11.5, 13, 11.25, 13.5 ], "texture": "#untitled_atlas" }
			}
		},
		{
			"__comment": "Voxels",
			"from": [ 7, 8, 7.75 ],
			"to": [ 8, 11, 8 ],
			"faces": {
				"down": { "uv": [ 2, 0, 3, 0.25 ], "texture": "#untitled_atlas" },
				"north": { "uv": [ 1, 2.75, 0, 5.75 ], "texture": "#untitled_atlas" },
				"west": { "uv": [ 5, 5, 5.25, 8 ], "texture": "#untitled_atlas" },
				"east": { "uv": [ 5.25, 8, 5, 11 ], "texture": "#untitled_atlas" }
			}
		},
		{
			"__comment": "Voxels",
			"from": [ 7, 10.25, 9 ],
			"to": [ 8, 10.75, 9.25 ],
			"faces": {
				"down": { "uv": [ 6.5, 11, 7.5, 11.25 ], "texture": "#untitled_atlas" },
				"up": { "uv": [ 13.5, 10.5, 14.5, 10.25 ], "texture": "#untitled_atlas" },
				"south": { "uv": [ 1, 0, 2, 0.5 ], "texture": "#untitled_atlas" },
				"west": { "uv": [ 13.25, 11, 13.5, 11.5 ], "texture": "#untitled_atlas" },
				"east": { "uv": [ 13.75, 11, 13.5, 11.5 ], "texture": "#untitled_atlas" }
			}
		},
		{
			"__comment": "Voxels",
			"from": [ 7, 10.75, 9 ],
			"to": [ 7.75, 11.25, 9.25 ],
			"faces": {
				"north": { "uv": [ 6, 10.5, 5.25, 11 ], "texture": "#untitled_atlas" },
				"south": { "uv": [ 6, 10.5, 6.75, 11 ], "texture": "#untitled_atlas" },
				"west": { "uv": [ 6, 4.25, 6.25, 4.75 ], "texture": "#untitled_atlas" },
				"east": { "uv": [ 6, 0.25, 5.75, 0.75 ], "texture": "#untitled_atlas" }
			}
		},
		{
			"__comment": "Voxels",
			"from": [ 7, 11, 7.5 ],
			"to": [ 8, 12.5, 7.75 ],
			"faces": {
				"down": { "uv": [ 5.75, 10, 6.75, 10.25 ], "texture": "#untitled_atlas" },
				"up": { "uv": [ 6.75, 10.25, 7.75, 10 ], "texture": "#untitled_atlas" },
				"north": { "uv": [ 6, 13, 5, 14.5 ], "texture": "#untitled_atlas" },
				"west": { "uv": [ 5, 3.5, 5.25, 5 ], "texture": "#untitled_atlas" },
				"east": { "uv": [ 5.25, 2, 5, 3.5 ], "texture": "#untitled_atlas" }
			}
		},
		{
			"__comment": "Voxels",
			"from": [ 7, 11, 8.75 ],
			"to": [ 8, 11.25, 9 ],
			"faces": {
				"south": { "uv": [ 10.75, 10, 11.75, 10.25 ], "texture": "#untitled_atlas" },
				"west": { "uv": [ 6.5, 4, 6.75, 4.25 ], "texture": "#untitled_atlas" },
				"east": { "uv": [ 6.75, 2.75, 6.5, 3 ], "texture": "#untitled_atlas" }
			}
		},
		{
			"__comment": "Voxels",
			"from": [ 7, 11.25, 7.25 ],
			"to": [ 8, 12.25, 7.5 ],
			"faces": {
				"down": { "uv": [ 13.75, 10, 14.75, 10.25 ], "texture": "#untitled_atlas" },
				"up": { "uv": [ 14.75, 10.25, 15.75, 10 ], "texture": "#untitled_atlas" },
				"north": { "uv": [ 3, 0.25, 2, 1.25 ], "texture": "#untitled_atlas" },
				"west": { "uv": [ 5.5, 4.25, 5.75, 5.25 ], "texture": "#untitled_atlas" },
				"east": { "uv": [ 5.75, 3.25, 5.5, 4.25 ], "texture": "#untitled_atlas" }
			}
		},
		{
			"__comment": "Voxels",
			"from": [ 7, 11.25, 9.25 ],
			"to": [ 8, 12.25, 9.5 ],
			"faces": {
				"down": { "uv": [ 5.75, 9.75, 6.75, 10 ], "texture": "#untitled_atlas" },
				"up": { "uv": [ 6.75, 10, 7.75, 9.75 ], "texture": "#untitled_atlas" },
				"south": { "uv": [ 6.5, 12, 7.5, 13 ], "texture": "#untitled_atlas" },
				"west": { "uv": [ 5.5, 2.25, 5.75, 3.25 ], "texture": "#untitled_atlas" },
				"east": { "uv": [ 5.75, 1.25, 5.5, 2.25 ], "texture": "#untitled_atlas" }
			}
		},
		{
			"__comment": "Voxels",
			"from": [ 7, 11.75, 5.75 ],
			"to": [ 8, 12, 7.25 ],
			"faces": {
				"down": { "uv": [ 8, 13, 9, 14.5 ], "texture": "#untitled_atlas" },
				"up": { "uv": [ 2, 2.75, 3, 1.25 ], "texture": "#untitled_atlas" },
				"north": { "uv": [ 8.75, 9.75, 7.75, 10 ], "texture": "#untitled_atlas" },
				"west": { "uv": [ 8.25, 10.75, 9.75, 11 ], "texture": "#untitled_atlas" },
				"east": { "uv": [ 9.75, 10.5, 8.25, 10.75 ], "texture": "#untitled_atlas" }
			}
		},
		{
			"__comment": "Voxels",
			"from": [ 7, 11.75, 9.5 ],
			"to": [ 8, 12.25, 10.25 ],
			"faces": {
				"down": { "uv": [ 9.5, 11.5, 10.5, 12.25 ], "texture": "#untitled_atlas" },
				"up": { "uv": [ 9.5, 13, 10.5, 12.25 ], "texture": "#untitled_atlas" },
				"south": { "uv": [ 9, 13, 10, 13.5 ], "texture": "#untitled_atlas" },
				"west": { "uv": [ 9.75, 10.5, 10.5, 11 ], "texture": "#untitled_atlas" },
				"east": { "uv": [ 11.25, 10.5, 10.5, 11 ], "texture": "#untitled_atlas" }
			}
		},
		{
			"__comment": "Voxels",
			"from": [ 7, 11.75, 10.25 ],
			"to": [ 8, 12, 11.75 ],
			"faces": {
				"down": { "uv": [ 6, 13, 7, 14.5 ], "texture": "#untitled_atlas" },
				"up": { "uv": [ 7, 14.5, 8, 13 ], "texture": "#untitled_atlas" },
				"west": { "uv": [ 12.75, 10.75, 14.25, 11 ], "texture": "#untitled_atlas" },
				"east": { "uv": [ 14.25, 10.5, 12.75, 10.75 ], "texture": "#untitled_atlas" }
			}
		},
		{
			"__comment": "Voxels",
			"from": [ 7, 12, 6.5 ],
			"to": [ 8, 12.25, 7.25 ],
			"faces": {
				"up": { "uv": [ 6.5, 12, 7.5, 11.25 ], "texture": "#untitled_atlas" },
				"north": { "uv": [ 12.75, 9.75, 11.75, 10 ], "texture": "#untitled_atlas" },
				"west": { "uv": [ 7.5, 9.5, 8.25, 9.75 ], "texture": "#untitled_atlas" },
				"east": { "uv": [ 9, 9.5, 8.25, 9.75 ], "texture": "#untitled_atlas" }
			}
		},
		{
			"__comment": "Voxels",
			"from": [ 7, 12, 10.25 ],
			"to": [ 7.75, 12.25, 12.5 ],
			"faces": {
				"down": { "uv": [ 1, 0.5, 1.75, 2.75 ], "texture": "#untitled_atlas" },
				"up": { "uv": [ 0, 2.75, 0.75, 0.5 ], "texture": "#untitled_atlas" },
				"south": { "uv": [ 6, 9.25, 6.75, 9.5 ], "texture": "#untitled_atlas" },
				"west": { "uv": [ 13.25, 12.75, 15.5, 13 ], "texture": "#untitled_atlas" },
				"east": { "uv": [ 15.5, 12.5, 13.25, 12.75 ], "texture": "#untitled_atlas" }
			}
		},
		{
			"__comment": "Voxels",
			"from": [ 7, 12.25, 9.25 ],
			"to": [ 7.75, 12.5, 9.5 ],
			"faces": {
				"up": { "uv": [ 14.25, 9.5, 15, 9.25 ], "texture": "#untitled_atlas" },
				"south": { "uv": [ 11.25, 9.5, 12, 9.75 ], "texture": "#untitled_atlas" },
				"west": { "uv": [ 6.5, 2.5, 6.75, 2.75 ], "texture": "#untitled_atlas" },
				"east": { "uv": [ 6.75, 2.25, 6.5, 2.5 ], "texture": "#untitled_atlas" }
			}
		},
		{
			"__comment": "Voxels",
			"from": [ 7.25, 0.75, 7.75 ],
			"to": [ 8, 8, 8 ],
			"faces": {
				"down": { "uv": [ 13.5, 9.5, 14.25, 9.75 ], "texture": "#untitled_atlas" },
				"north": { "uv": [ 4.75, 8.75, 4, 16 ], "texture": "#untitled_atlas" },
				"west": { "uv": [ 4.75, 0, 5, 7.25 ], "texture": "#untitled_atlas" },
				"east": { "uv": [ 5, 7.25, 4.75, 14.5 ], "texture": "#untitled_atlas" }
			}
		},
		{
			"__comment": "Voxels",
			"from": [ 7.25, 0.75, 9 ],
			"to": [ 7.75, 1, 9.25 ],
			"faces": {
				"down": { "uv": [ 6, 5.5, 6.5, 5.75 ], "texture": "#untitled_atlas" },
				"south": { "uv": [ 6, 4.75, 6.5, 5 ], "texture": "#untitled_atlas" },
				"west": { "uv": [ 6.5, 3.5, 6.75, 3.75 ], "texture": "#untitled_atlas" },
				"east": { "uv": [ 6.75, 3.75, 6.5, 4 ], "texture": "#untitled_atlas" }
			}
		},
		{
			"__comment": "Voxels",
			"from": [ 7.25, 1.5, 9 ],
			"to": [ 8, 3.5, 9.25 ],
			"faces": {
				"up": { "uv": [ 11.25, 9.5, 12, 9.25 ], "texture": "#untitled_atlas" },
				"south": { "uv": [ 3, 3.75, 3.75, 5.75 ], "texture": "#untitled_atlas" },
				"west": { "uv": [ 0.75, 0.75, 1, 2.75 ], "texture": "#untitled_atlas" },
				"east": { "uv": [ 2, 0.75, 1.75, 2.75 ], "texture": "#untitled_atlas" }
			}
		},
		{
			"__comment": "Voxels",
			"from": [ 7.25, 3.5, 9 ],
			"to": [ 7.75, 4.5, 9.25 ],
			"faces": {
				"up": { "uv": [ 6, 9, 6.5, 8.75 ], "texture": "#untitled_atlas" },
				"south": { "uv": [ 13.25, 11.5, 13.75, 12.5 ], "texture": "#untitled_atlas" },
				"west": { "uv": [ 5.5, 0.25, 5.75, 1.25 ], "texture": "#untitled_atlas" },
				"east": { "uv": [ 5.5, 0, 5.25, 1 ], "texture": "#untitled_atlas" }
			}
		},
		{
			"__comment": "Voxels",
			"from": [ 7.25, 8.25, 9 ],
			"to": [ 7.75, 10.25, 9.25 ],
			"faces": {
				"down": { "uv": [ 15.5, 9.25, 16, 9.5 ], "texture": "#untitled_atlas" },
				"south": { "uv": [ 5, 11, 5.5, 13 ], "texture": "#untitled_atlas" },
				"west": { "uv": [ 3.75, 1.75, 4, 3.75 ], "texture": "#untitled_atlas" },
				"east": { "uv": [ 4, 3.75, 3.75, 5.75 ], "texture": "#untitled_atlas" }
			}
		},
		{
			"__comment": "Voxels",
			"from": [ 7.25, 9.75, 7.5 ],
			"to": [ 7.75, 11, 7.75 ],
			"faces": {
				"down": { "uv": [ 6, 5.25, 6.5, 5.5 ], "texture": "#untitled_atlas" },
				"north": { "uv": [ 11.75, 11, 11.25, 12.25 ], "texture": "#untitled_atlas" },
				"west": { "uv": [ 5.5, 9, 5.75, 10.25 ], "texture": "#untitled_atlas" },
				"east": { "uv": [ 5.75, 5.25, 5.5, 6.5 ], "texture": "#untitled_atlas" }
			}
		},
		{
			"__comment": "Voxels",
			"from": [ 7.25, 11, 7.25 ],
			"to": [ 7.75, 11.25, 7.5 ],
			"faces": {
				"down": { "uv": [ 12.25, 11, 12.75, 11.25 ], "texture": "#untitled_atlas" },
				"north": { "uv": [ 6.5, 7.5, 6, 7.75 ], "texture": "#untitled_atlas" },
				"west": { "uv": [ 6.25, 0, 6.5, 0.25 ], "texture": "#untitled_atlas" },
				"east": { "uv": [ 6.75, 5, 6.5, 5.25 ], "texture": "#untitled_atlas" }
			}
		},
		{
			"__comment": "Voxels",
			"from": [ 7.25, 11.5, 3.5 ],
			"to": [ 8, 11.75, 4.75 ],
			"faces": {
				"down": { "uv": [ 8, 11.75, 8.75, 13 ], "texture": "#untitled_atlas" },
				"up": { "uv": [ 8.75, 13, 9.5, 11.75 ], "texture": "#untitled_atlas" },
				"north": { "uv": [ 15.5, 9.75, 14.75, 10 ], "texture": "#untitled_atlas" },
				"south": { "uv": [ 15, 9.5, 15.75, 9.75 ], "texture": "#untitled_atlas" },
				"west": { "uv": [ 11, 10.25, 12.25, 10.5 ], "texture": "#untitled_atlas" },
				"east": { "uv": [ 13.5, 10.25, 12.25, 10.5 ], "texture": "#untitled_atlas" }
			}
		},
		{
			"__comment": "Voxels",
			"from": [ 7.25, 11.5, 4.75 ],
			"to": [ 7.75, 12, 5.75 ],
			"faces": {
				"down": { "uv": [ 13.75, 11.5, 14.25, 12.5 ], "texture": "#untitled_atlas" },
				"up": { "uv": [ 14.25, 12.5, 14.75, 11.5 ], "texture": "#untitled_atlas" },
				"north": { "uv": [ 12.75, 11.25, 12.25, 11.75 ], "texture": "#untitled_atlas" },
				"south": { "uv": [ 15.5, 13, 16, 13.5 ], "texture": "#untitled_atlas" },
				"west": { "uv": [ 13.5, 13, 14.5, 13.5 ], "texture": "#untitled_atlas" },
				"east": { "uv": [ 12.5, 13, 11.5, 13.5 ], "texture": "#untitled_atlas" }
			}
		},
		{
			"__comment": "Voxels",
			"from": [ 7.25, 11.5, 5.75 ],
			"to": [ 8, 11.75, 6.5 ],
			"faces": {
				"down": { "uv": [ 8.75, 11, 9.5, 11.75 ], "texture": "#untitled_atlas" },
				"north": { "uv": [ 7.5, 9.25, 6.75, 9.5 ], "texture": "#untitled_atlas" },
				"south": { "uv": [ 7.5, 9.25, 8.25, 9.5 ], "texture": "#untitled_atlas" },
				"west": { "uv": [ 8.25, 9.25, 9, 9.5 ], "texture": "#untitled_atlas" },
				"east": { "uv": [ 9.75, 9.25, 9, 9.5 ], "texture": "#untitled_atlas" }
			}
		},
		{
			"__comment": "Voxels",
			"from": [ 7.25, 11.75, 4.5 ],
			"to": [ 7.75, 12, 4.75 ],
			"faces": {
				"up": { "uv": [ 6, 7.5, 6.5, 7.25 ], "texture": "#untitled_atlas" },
				"north": { "uv": [ 6.5, 6.5, 6, 6.75 ], "texture": "#untitled_atlas" },
				"west": { "uv": [ 6.5, 2, 6.75, 2.25 ], "texture": "#untitled_atlas" },
				"east": { "uv": [ 5.75, 0, 5.5, 0.25 ], "texture": "#untitled_atlas" }
			}
		},
		{
			"__comment": "Voxels",
			"from": [ 7.25, 12, 5.5 ],
			"to": [ 8, 12.25, 6.5 ],
			"faces": {
				"down": { "uv": [ 10.5, 12, 11.25, 13 ], "texture": "#untitled_atlas" },
				"up": { "uv": [ 10.5, 12, 11.25, 11 ], "texture": "#untitled_atlas" },
				"north": { "uv": [ 13.5, 9.25, 12.75, 9.5 ], "texture": "#untitled_atlas" },
				"west": { "uv": [ 14.5, 10.25, 15.5, 10.5 ], "texture": "#untitled_atlas" },
				"east": { "uv": [ 12.75, 10, 11.75, 10.25 ], "texture": "#untitled_atlas" }
			}
		},
		{
			"__comment": "Voxels",
			"from": [ 7.25, 12, 12.5 ],
			"to": [ 7.75, 12.25, 12.75 ],
			"faces": {
				"up": { "uv": [ 6, 6, 6.5, 5.75 ], "texture": "#untitled_atlas" },
				"south": { "uv": [ 6, 5, 6.5, 5.25 ], "texture": "#untitled_atlas" },
				"west": { "uv": [ 15.75, 10, 16, 10.25 ], "texture": "#untitled_atlas" },
				"east": { "uv": [ 6, 0, 5.75, 0.25 ], "texture": "#untitled_atlas" }
			}
		},
		{
			"__comment": "Voxels",
			"from": [ 7.25, 12.25, 7.25 ],
			"to": [ 8, 12.5, 7.5 ],
			"faces": {
				"up": { "uv": [ 10.5, 9.5, 11.25, 9.25 ], "texture": "#untitled_atlas" },
				"north": { "uv": [ 12.75, 9.5, 12, 9.75 ], "texture": "#untitled_atlas" },
				"west": { "uv": [ 15.75, 9.5, 16, 9.75 ], "texture": "#untitled_atlas" },
				"east": { "uv": [ 6.25, 3.75, 6, 4 ], "texture": "#untitled_atlas" }
			}
		},
		{
			"__comment": "Voxels",
			"from": [ 7.5, 4.5, 9 ],
			"to": [ 7.75, 4.75, 9.25 ],
			"faces": {
				"up": { "uv": [ 6, 3.5, 6.25, 3.25 ], "texture": "#untitled_atlas" },
				"south": { "uv": [ 6, 3, 6.25, 3.25 ], "texture": "#untitled_atlas" },
				"west": { "uv": [ 6.25, 3, 6.5, 3.25 ], "texture": "#untitled_atlas" },
				"east": { "uv": [ 6.5, 2.5, 6.25, 2.75 ], "texture": "#untitled_atlas" }
			}
		},
		{
			"__comment": "Voxels",
			"from": [ 7.5, 5, 9 ],
			"to": [ 7.75, 5.25, 9.25 ],
			"faces": {
				"down": { "uv": [ 6, 1.25, 6.25, 1.5 ], "texture": "#untitled_atlas" },
				"up": { "uv": [ 6.25, 1.5, 6.5, 1.25 ], "texture": "#untitled_atlas" },
				"south": { "uv": [ 6.25, 1, 6.5, 1.25 ], "texture": "#untitled_atlas" },
				"west": { "uv": [ 6, 0.75, 6.25, 1 ], "texture": "#untitled_atlas" },
				"east": { "uv": [ 6.5, 0.75, 6.25, 1 ], "texture": "#untitled_atlas" }
			}
		},
		{
			"__comment": "Voxels",
			"from": [ 7.5, 8, 9 ],
			"to": [ 7.75, 8.25, 9.25 ],
			"faces": {
				"down": { "uv": [ 6, 0.5, 6.25, 0.75 ], "texture": "#untitled_atlas" },
				"south": { "uv": [ 6.25, 0.25, 6.5, 0.5 ], "texture": "#untitled_atlas" },
				"west": { "uv": [ 6, 0, 6.25, 0.25 ], "texture": "#untitled_atlas" },
				"east": { "uv": [ 6.75, 6, 6.5, 6.25 ], "texture": "#untitled_atlas" }
			}
		},
		{
			"__comment": "Voxels",
			"from": [ 7.5, 9.5, 7.5 ],
			"to": [ 7.75, 9.75, 7.75 ],
			"faces": {
				"down": { "uv": [ 6.5, 5.75, 6.75, 6 ], "texture": "#untitled_atlas" },
				"north": { "uv": [ 6.75, 5.25, 6.5, 5.5 ], "texture": "#untitled_atlas" },
				"west": { "uv": [ 6.5, 4.5, 6.75, 4.75 ], "texture": "#untitled_atlas" },
				"east": { "uv": [ 6.75, 4.25, 6.5, 4.5 ], "texture": "#untitled_atlas" }
			}
		},
		{
			"__comment": "Voxels",
			"from": [ 7.5, 11.25, 2.5 ],
			"to": [ 7.75, 11.5, 4 ],
			"faces": {
				"down": { "uv": [ 5.25, 6, 5.5, 7.5 ], "texture": "#untitled_atlas" },
				"up": { "uv": [ 5.25, 9, 5.5, 7.5 ], "texture": "#untitled_atlas" },
				"north": { "uv": [ 6.75, 3.25, 6.5, 3.5 ], "texture": "#untitled_atlas" },
				"south": { "uv": [ 6.5, 3, 6.75, 3.25 ], "texture": "#untitled_atlas" },
				"west": { "uv": [ 5.5, 10.25, 7, 10.5 ], "texture": "#untitled_atlas" },
				"east": { "uv": [ 8.5, 10.25, 7, 10.5 ], "texture": "#untitled_atlas" }
			}
		},
		{
			"__comment": "Voxels",
			"from": [ 7.5, 11.5, 3 ],
			"to": [ 7.75, 11.75, 3.5 ],
			"faces": {
				"up": { "uv": [ 14, 11.5, 14.25, 11 ], "texture": "#untitled_atlas" },
				"north": { "uv": [ 1, 0.5, 0.75, 0.75 ], "texture": "#untitled_atlas" },
				"west": { "uv": [ 15.5, 12.75, 16, 13 ], "texture": "#untitled_atlas" },
				"east": { "uv": [ 16, 12.5, 15.5, 12.75 ], "texture": "#untitled_atlas" }
			}
		},
		{
			"__comment": "Voxels",
			"from": [ 7.5, 11.75, 4 ],
			"to": [ 7.75, 12, 4.5 ],
			"faces": {
				"up": { "uv": [ 14.5, 11.5, 14.75, 11 ], "texture": "#untitled_atlas" },
				"north": { "uv": [ 6.5, 4.5, 6.25, 4.75 ], "texture": "#untitled_atlas" },
				"west": { "uv": [ 15.5, 10.25, 16, 10.5 ], "texture": "#untitled_atlas" },
				"east": { "uv": [ 16, 9.75, 15.5, 10 ], "texture": "#untitled_atlas" }
			}
		},
		{
			"__comment": "Voxels",
			"from": [ 7.75, 10.25, 7.5 ],
			"to": [ 8, 11, 7.75 ],
			"faces": {
				"down": { "uv": [ 6, 3.5, 6.25, 3.75 ], "texture": "#untitled_atlas" },
				"north": { "uv": [ 6, 8.25, 5.75, 9 ], "texture": "#untitled_atlas" },
				"east": { "uv": [ 6, 6, 5.75, 6.75 ], "texture": "#untitled_atlas" }
			}
		},
		{
			"__comment": "Voxels",
			"from": [ 7.75, 11, 9 ],
			"to": [ 8, 11.25, 9.25 ],
			"faces": {
				"down": { "uv": [ 6, 2.75, 6.25, 3 ], "texture": "#untitled_atlas" },
				"south": { "uv": [ 6.5, 8, 6.75, 8.25 ], "texture": "#untitled_atlas" },
				"east": { "uv": [ 6.5, 2.25, 6.25, 2.5 ], "texture": "#untitled_atlas" }
			}
		},
		{
			"__comment": "Voxels",
			"from": [ 7.75, 11.25, 2.75 ],
			"to": [ 8, 11.5, 3 ],
			"faces": {
				"down": { "uv": [ 6, 2, 6.25, 2.25 ], "texture": "#untitled_atlas" },
				"up": { "uv": [ 6.25, 2.25, 6.5, 2 ], "texture": "#untitled_atlas" },
				"north": { "uv": [ 6.25, 1.75, 6, 2 ], "texture": "#untitled_atlas" },
				"south": { "uv": [ 6.25, 1.75, 6.5, 2 ], "texture": "#untitled_atlas" },
				"east": { "uv": [ 6.5, 1.5, 6.25, 1.75 ], "texture": "#untitled_atlas" }
			}
		},
		{
			"__comment": "Voxels",
			"from": [ 7.75, 11.5, 5 ],
			"to": [ 8, 12, 5.75 ],
			"faces": {
				"down": { "uv": [ 5.75, 5.25, 6, 6 ], "texture": "#untitled_atlas" },
				"up": { "uv": [ 5.75, 5.25, 6, 4.5 ], "texture": "#untitled_atlas" },
				"north": { "uv": [ 16, 11.5, 15.75, 12 ], "texture": "#untitled_atlas" },
				"south": { "uv": [ 15.75, 12, 16, 12.5 ], "texture": "#untitled_atlas" },
				"east": { "uv": [ 7.5, 10.5, 6.75, 11 ], "texture": "#untitled_atlas" }
			}
		},
		{
			"__comment": "Voxels",
			"from": [ 7.75, 11.5, 13.25 ],
			"to": [ 8, 12, 14 ],
			"faces": {
				"down": { "uv": [ 5.75, 3.75, 6, 4.5 ], "texture": "#untitled_atlas" },
				"up": { "uv": [ 5.75, 3.75, 6, 3 ], "texture": "#untitled_atlas" },
				"north": { "uv": [ 16, 11, 15.75, 11.5 ], "texture": "#untitled_atlas" },
				"south": { "uv": [ 5, 0, 5.25, 0.5 ], "texture": "#untitled_atlas" },
				"east": { "uv": [ 12, 10.5, 11.25, 11 ], "texture": "#untitled_atlas" }
			}
		},
		{
			"__comment": "Voxels",
			"from": [ 7.75, 11.75, 4.75 ],
			"to": [ 8, 12, 5 ],
			"faces": {
				"down": { "uv": [ 6.5, 9, 6.75, 9.25 ], "texture": "#untitled_atlas" },
				"up": { "uv": [ 6.5, 9, 6.75, 8.75 ], "texture": "#untitled_atlas" },
				"north": { "uv": [ 6.75, 8.5, 6.5, 8.75 ], "texture": "#untitled_atlas" },
				"east": { "uv": [ 6.75, 7.75, 6.5, 8 ], "texture": "#untitled_atlas" }
			}
		},
		{
			"__comment": "Voxels",
			"from": [ 7.75, 11.75, 13 ],
			"to": [ 8, 12, 13.25 ],
			"faces": {
				"down": { "uv": [ 6.5, 7.5, 6.75, 7.75 ], "texture": "#untitled_atlas" },
				"up": { "uv": [ 6.5, 7.5, 6.75, 7.25 ], "texture": "#untitled_atlas" },
				"east": { "uv": [ 6.75, 6.25, 6.5, 6.5 ], "texture": "#untitled_atlas" }
			}
		},
		{
			"__comment": "Voxels",
			"from": [ 8, 1, 8 ],
			"to": [ 8.25, 1.5, 8.75 ],
			"faces": {
				"down": { "uv": [ 5.75, 2.25, 6, 3 ], "texture": "#untitled_atlas" },
				"up": { "uv": [ 12.75, 11.75, 13, 11 ], "texture": "#untitled_atlas" },
				"north": { "uv": [ 16, 10.5, 15.75, 11 ], "texture": "#untitled_atlas" },
				"south": { "uv": [ 5.75, 1.75, 6, 2.25 ], "texture": "#untitled_atlas" },
				"east": { "uv": [ 15, 10.5, 14.25, 11 ], "texture": "#untitled_atlas" }
			}
		},
		{
			"__comment": "Voxels",
			"from": [ 8, 11, 8 ],
			"to": [ 8.25, 12.5, 8.75 ],
			"faces": {
				"down": { "uv": [ 13, 11, 13.25, 11.75 ], "texture": "#untitled_atlas" },
				"up": { "uv": [ 5.75, 9.75, 6, 9 ], "texture": "#untitled_atlas" },
				"north": { "uv": [ 5.25, 0.5, 5, 2 ], "texture": "#untitled_atlas" },
				"south": { "uv": [ 5.25, 9, 5.5, 10.5 ], "texture": "#untitled_atlas" },
				"east": { "uv": [ 4.75, 0, 4, 1.5 ], "texture": "#untitled_atlas" }
			}
		},
		{
			"__comment": "Voxels",
			"from": [ 8, 11.25, 7.5 ],
			"to": [ 8.25, 12.5, 8 ],
			"faces": {
				"down": { "uv": [ 5.75, 1.25, 6, 1.75 ], "texture": "#untitled_atlas" },
				"up": { "uv": [ 5.75, 1.25, 6, 0.75 ], "texture": "#untitled_atlas" },
				"north": { "uv": [ 5.75, 6.5, 5.5, 7.75 ], "texture": "#untitled_atlas" },
				"west": { "uv": [ 11.75, 11, 12.25, 12.25 ], "texture": "#untitled_atlas" },
				"east": { "uv": [ 12.75, 11.75, 12.25, 13 ], "texture": "#untitled_atlas" }
			}
		}
	],
	"display": {
		"thirdperson_righthand": {
			"translation":  [ 0, 2.0869, 0 ]
		},
		"firstperson_righthand": {
			"rotation":  [ -6, 6, 0 ],
			"translation":  [ 0, 4.1739, -0.695 ]
		},
		"gui": {
			"rotation":  [ 79, -90, 124 ],
			"translation":  [ 0.6826, 2.0868, 6.9556 ],
			"scale":  [ 1.4, 1.4, 1.4 ]
		}
	}
}