{
	"__comment": "Designed by DevastMc",
	"gui_light": "front",
	"textures": {
		"amber_axe": "blocks/amber_stone_axe"
	},
	"elements": [ 	 
		{
			"__comment": "Voxels",
			"from": [ 6.75, 4.75, 8 ],
			"to": [ 8, 7.25, 8.25 ],
			"faces": {
				"down": { "uv": [ 0, 0, 1.25, 0.25 ], "texture": "#amber_axe" },
				"up": { "uv": [ 8, 14.5, 9.25, 14.25 ], "texture": "#amber_axe" },
				"north": { "uv": [ 1.25, 13.5, 0, 16 ], "texture": "#amber_axe" },
				"south": { "uv": [ 0, 11, 1.25, 13.5 ], "texture": "#amber_axe" },
				"west": { "uv": [ 3.5, 5.25, 3.75, 7.75 ], "texture": "#amber_axe" },
				"east": { "uv": [ 3.25, 1, 3, 3.5 ], "texture": "#amber_axe" }
			}
		},
		{
			"__comment": "Voxels",
			"from": [ 6.75, 5, 8.25 ],
			"to": [ 8, 6.25, 8.5 ],
			"faces": {
				"down": { "uv": [ 9.25, 14.25, 10.5, 14.5 ], "texture": "#amber_axe" },
				"up": { "uv": [ 6, 13.5, 7.25, 13.25 ], "texture": "#amber_axe" },
				"south": { "uv": [ 11.75, 14.75, 13, 16 ], "texture": "#amber_axe" },
				"west": { "uv": [ 2.75, 2, 3, 3.25 ], "texture": "#amber_axe" },
				"east": { "uv": [ 3, 0.75, 2.75, 2 ], "texture": "#amber_axe" }
			}
		},
		{
			"__comment": "Voxels",
			"from": [ 6.75, 5.25, 7.75 ],
			"to": [ 8, 5.75, 8 ],
			"faces": {
				"down": { "uv": [ 12.75, 12.5, 14, 12.75 ], "texture": "#amber_axe" },
				"up": { "uv": [ 6.75, 12.5, 8, 12.25 ], "texture": "#amber_axe" },
				"north": { "uv": [ 13, 14.25, 11.75, 14.75 ], "texture": "#amber_axe" },
				"west": { "uv": [ 6, 7.25, 6.25, 7.75 ], "texture": "#amber_axe" },
				"east": { "uv": [ 6.25, 6.75, 6, 7.25 ], "texture": "#amber_axe" }
			}
		},
		{
			"__comment": "Voxels",
			"from": [ 6.75, 10.5, 7.5 ],
			"to": [ 8.5, 11, 8 ],
			"faces": {
				"down": { "uv": [ 7.25, 13.75, 9, 14.25 ], "texture": "#amber_axe" },
				"up": { "uv": [ 14.25, 14.75, 16, 14.25 ], "texture": "#amber_axe" },
				"north": { "uv": [ 6.75, 14.25, 5, 14.75 ], "texture": "#amber_axe" },
				"south": { "uv": [ 3.25, 14.25, 5, 14.75 ], "texture": "#amber_axe" },
				"west": { "uv": [ 15.5, 11.5, 16, 12 ], "texture": "#amber_axe" },
				"east": { "uv": [ 5.25, 11, 4.75, 11.5 ], "texture": "#amber_axe" }
			}
		},
		{
			"__comment": "Voxels",
			"from": [ 7, 3.5, 8 ],
			"to": [ 7.5, 4.75, 8.25 ],
			"faces": {
				"down": { "uv": [ 13, 9.75, 13.5, 10 ], "texture": "#amber_axe" },
				"north": { "uv": [ 3.5, 3.5, 3, 4.75 ], "texture": "#amber_axe" },
				"south": { "uv": [ 15.5, 14.75, 16, 16 ], "texture": "#amber_axe" },
				"west": { "uv": [ 3.5, 3.5, 3.75, 4.75 ], "texture": "#amber_axe" },
				"east": { "uv": [ 4.25, 1.25, 4, 2.5 ], "texture": "#amber_axe" }
			}
		},
		{
			"__comment": "Voxels",
			"from": [ 7, 3.75, 7.75 ],
			"to": [ 7.5, 5.25, 8 ],
			"faces": {
				"down": { "uv": [ 14, 9.75, 14.5, 10 ], "texture": "#amber_axe" },
				"north": { "uv": [ 3.5, 9.25, 3, 10.75 ], "texture": "#amber_axe" },
				"south": { "uv": [ 3, 7.75, 3.5, 9.25 ], "texture": "#amber_axe" },
				"west": { "uv": [ 4, 5.5, 4.25, 7 ], "texture": "#amber_axe" },
				"east": { "uv": [ 4.25, 7, 4, 8.5 ], "texture": "#amber_axe" }
			}
		},
		{
			"__comment": "Voxels",
			"from": [ 7, 3.75, 8.25 ],
			"to": [ 7.75, 5, 8.5 ],
			"faces": {
				"down": { "uv": [ 9.75, 10, 10.5, 10.25 ], "texture": "#amber_axe" },
				"north": { "uv": [ 2, 0, 1.25, 1.25 ], "texture": "#amber_axe" },
				"south": { "uv": [ 2, 2, 2.75, 3.25 ], "texture": "#amber_axe" },
				"west": { "uv": [ 4, 0, 4.25, 1.25 ], "texture": "#amber_axe" },
				"east": { "uv": [ 4.5, 10.25, 4.25, 11.5 ], "texture": "#amber_axe" }
			}
		},
		{
			"__comment": "Voxels",
			"from": [ 7, 4, 8.5 ],
			"to": [ 7.75, 7, 8.75 ],
			"faces": {
				"down": { "uv": [ 5.25, 6.25, 6, 6.5 ], "texture": "#amber_axe" },
				"up": { "uv": [ 12.75, 10.25, 13.5, 10 ], "texture": "#amber_axe" },
				"north": { "uv": [ 2, 10, 1.25, 13 ], "texture": "#amber_axe" },
				"south": { "uv": [ 1.25, 13, 2, 16 ], "texture": "#amber_axe" },
				"west": { "uv": [ 3.25, 4.75, 3.5, 7.75 ], "texture": "#amber_axe" },
				"east": { "uv": [ 3.25, 4.75, 3, 7.75 ], "texture": "#amber_axe" }
			}
		},
		{
			"__comment": "Voxels",
			"from": [ 7, 5.25, 7.5 ],
			"to": [ 7.75, 7.5, 7.75 ],
			"faces": {
				"down": { "uv": [ 12, 10, 12.75, 10.25 ], "texture": "#amber_axe" },
				"up": { "uv": [ 9, 10.25, 9.75, 10 ], "texture": "#amber_axe" },
				"north": { "uv": [ 2, 7.75, 1.25, 10 ], "texture": "#amber_axe" },
				"south": { "uv": [ 1.25, 5.5, 2, 7.75 ], "texture": "#amber_axe" },
				"west": { "uv": [ 3.75, 8.75, 4, 11 ], "texture": "#amber_axe" },
				"east": { "uv": [ 3.5, 1.25, 3.25, 3.5 ], "texture": "#amber_axe" }
			}
		},
		{
			"__comment": "Voxels",
			"from": [ 7, 5.75, 7.75 ],
			"to": [ 8, 8.5, 8 ],
			"faces": {
				"up": { "uv": [ 7.75, 12.75, 8.75, 12.5 ], "texture": "#amber_axe" },
				"north": { "uv": [ 1, 1, 0, 3.75 ], "texture": "#amber_axe" },
				"south": { "uv": [ 0, 3.75, 1, 6.5 ], "texture": "#amber_axe" },
				"west": { "uv": [ 1, 1, 1.25, 3.75 ], "texture": "#amber_axe" },
				"east": { "uv": [ 1.25, 3.75, 1, 6.5 ], "texture": "#amber_axe" }
			}
		},
		{
			"__comment": "Voxels",
			"from": [ 7, 6.25, 8.25 ],
			"to": [ 8, 7.75, 8.5 ],
			"faces": {
				"up": { "uv": [ 7, 11, 8, 10.75 ], "texture": "#amber_axe" },
				"north": { "uv": [ 3, 9.75, 2, 11.25 ], "texture": "#amber_axe" },
				"south": { "uv": [ 2, 8.25, 3, 9.75 ], "texture": "#amber_axe" },
				"west": { "uv": [ 4, 4, 4.25, 5.5 ], "texture": "#amber_axe" },
				"east": { "uv": [ 4.25, 2.5, 4, 4 ], "texture": "#amber_axe" }
			}
		},
		{
			"__comment": "Voxels",
			"from": [ 7, 7.25, 8 ],
			"to": [ 8, 8.5, 8.25 ],
			"faces": {
				"up": { "uv": [ 14.75, 11.25, 15.75, 11 ], "texture": "#amber_axe" },
				"south": { "uv": [ 2, 4.5, 3, 5.75 ], "texture": "#amber_axe" },
				"west": { "uv": [ 4.25, 9, 4.5, 10.25 ], "texture": "#amber_axe" },
				"east": { "uv": [ 4.5, 7.75, 4.25, 9 ], "texture": "#amber_axe" }
			}
		},
		{
			"__comment": "Voxels",
			"from": [ 7, 7.75, 7.5 ],
			"to": [ 8, 9.25, 7.75 ],
			"faces": {
				"down": { "uv": [ 6.25, 11, 7.25, 11.25 ], "texture": "#amber_axe" },
				"up": { "uv": [ 13.25, 11.25, 14.25, 11 ], "texture": "#amber_axe" },
				"north": { "uv": [ 3, 11.25, 2, 12.75 ], "texture": "#amber_axe" },
				"south": { "uv": [ 2, 12.75, 3, 14.25 ], "texture": "#amber_axe" },
				"west": { "uv": [ 4, 8.5, 4.25, 10 ], "texture": "#amber_axe" },
				"east": { "uv": [ 4.25, 10, 4, 11.5 ], "texture": "#amber_axe" }
			}
		},
		{
			"__comment": "Voxels",
			"from": [ 7, 8.5, 7.75 ],
			"to": [ 7.25, 8.75, 8 ],
			"faces": {
				"up": { "uv": [ 5.75, 0.75, 6, 0.5 ], "texture": "#amber_axe" },
				"south": { "uv": [ 5.75, 1, 6, 1.25 ], "texture": "#amber_axe" },
				"west": { "uv": [ 5.75, 1.25, 6, 1.5 ], "texture": "#amber_axe" },
				"east": { "uv": [ 6, 5.5, 5.75, 5.75 ], "texture": "#amber_axe" }
			}
		},
		{
			"__comment": "Voxels",
			"from": [ 7, 9, 7.75 ],
			"to": [ 8.25, 9.25, 8 ],
			"faces": {
				"down": { "uv": [ 8, 11.75, 9.25, 12 ], "texture": "#amber_axe" },
				"up": { "uv": [ 8, 11.75, 9.25, 11.5 ], "texture": "#amber_axe" },
				"north": { "uv": [ 10.5, 12.25, 9.25, 12.5 ], "texture": "#amber_axe" },
				"south": { "uv": [ 9.25, 12, 10.5, 12.25 ], "texture": "#amber_axe" },
				"west": { "uv": [ 15.75, 10, 16, 10.25 ], "texture": "#amber_axe" },
				"east": { "uv": [ 16, 10.5, 15.75, 10.75 ], "texture": "#amber_axe" }
			}
		},
		{
			"__comment": "Voxels",
			"from": [ 7, 9.25, 7.5 ],
			"to": [ 7.75, 10.5, 7.75 ],
			"faces": {
				"north": { "uv": [ 3.75, 12, 3, 13.25 ], "texture": "#amber_axe" },
				"south": { "uv": [ 3, 10.75, 3.75, 12 ], "texture": "#amber_axe" },
				"west": { "uv": [ 4.25, 6.5, 4.5, 7.75 ], "texture": "#amber_axe" },
				"east": { "uv": [ 4.5, 5.25, 4.25, 6.5 ], "texture": "#amber_axe" }
			}
		},
		{
			"__comment": "Voxels",
			"from": [ 7, 9.25, 7.75 ],
			"to": [ 7.25, 10.5, 8 ],
			"faces": {
				"south": { "uv": [ 4.25, 2.75, 4.5, 4 ], "texture": "#amber_axe" },
				"west": { "uv": [ 4.25, 1.5, 4.5, 2.75 ], "texture": "#amber_axe" },
				"east": { "uv": [ 4.5, 0.25, 4.25, 1.5 ], "texture": "#amber_axe" }
			}
		},
		{
			"__comment": "Voxels",
			"from": [ 7, 9.75, 8 ],
			"to": [ 8.25, 12, 8.25 ],
			"faces": {
				"down": { "uv": [ 9.25, 11.75, 10.5, 12 ], "texture": "#amber_axe" },
				"up": { "uv": [ 9.25, 11.75, 10.5, 11.5 ], "texture": "#amber_axe" },
				"north": { "uv": [ 1.25, 6.5, 0, 8.75 ], "texture": "#amber_axe" },
				"south": { "uv": [ 0, 8.75, 1.25, 11 ], "texture": "#amber_axe" },
				"west": { "uv": [ 3.75, 11, 4, 13.25 ], "texture": "#amber_axe" },
				"east": { "uv": [ 3.75, 1.25, 3.5, 3.5 ], "texture": "#amber_axe" }
			}
		},
		{
			"__comment": "Voxels",
			"from": [ 7, 10, 5.75 ],
			"to": [ 8.25, 11.25, 7.5 ],
			"faces": {
				"down": { "uv": [ 2, 14.25, 3.25, 16 ], "texture": "#amber_axe" },
				"up": { "uv": [ 6.75, 16, 8, 14.25 ], "texture": "#amber_axe" },
				"north": { "uv": [ 14.25, 14.75, 13, 16 ], "texture": "#amber_axe" },
				"south": { "uv": [ 14.25, 14.75, 15.5, 16 ], "texture": "#amber_axe" },
				"west": { "uv": [ 5, 14.75, 6.75, 16 ], "texture": "#amber_axe" },
				"east": { "uv": [ 5, 14.75, 3.25, 16 ], "texture": "#amber_axe" }
			}
		},
		{
			"__comment": "Voxels",
			"from": [ 7, 10, 8.25 ],
			"to": [ 8.25, 11.5, 8.5 ],
			"faces": {
				"down": { "uv": [ 10.5, 12.25, 11.75, 12.5 ], "texture": "#amber_axe" },
				"up": { "uv": [ 10.5, 12.25, 11.75, 12 ], "texture": "#amber_axe" },
				"south": { "uv": [ 9.25, 14.5, 10.5, 16 ], "texture": "#amber_axe" },
				"west": { "uv": [ 3.5, 7.75, 3.75, 9.25 ], "texture": "#amber_axe" },
				"east": { "uv": [ 3.75, 9.25, 3.5, 10.75 ], "texture": "#amber_axe" }
			}
		},
		{
			"__comment": "Voxels",
			"from": [ 7, 10.25, 5.5 ],
			"to": [ 8.25, 11, 5.75 ],
			"faces": {
				"down": { "uv": [ 10.5, 11.75, 11.75, 12 ], "texture": "#amber_axe" },
				"up": { "uv": [ 10.5, 11.75, 11.75, 11.5 ], "texture": "#amber_axe" },
				"north": { "uv": [ 7.25, 13.5, 6, 14.25 ], "texture": "#amber_axe" },
				"west": { "uv": [ 4.75, 3.5, 5, 4.25 ], "texture": "#amber_axe" },
				"east": { "uv": [ 5, 4.25, 4.75, 5 ], "texture": "#amber_axe" }
			}
		},
		{
			"__comment": "Voxels",
			"from": [ 7, 10.5, 8.5 ],
			"to": [ 8.25, 11, 8.75 ],
			"faces": {
				"down": { "uv": [ 11.75, 12.25, 13, 12.5 ], "texture": "#amber_axe" },
				"up": { "uv": [ 11.75, 12.25, 13, 12 ], "texture": "#amber_axe" },
				"south": { "uv": [ 13, 13.75, 14.25, 14.25 ], "texture": "#amber_axe" },
				"west": { "uv": [ 6, 5.25, 6.25, 5.75 ], "texture": "#amber_axe" },
				"east": { "uv": [ 6.25, 4.75, 6, 5.25 ], "texture": "#amber_axe" }
			}
		},
		{
			"__comment": "Voxels",
			"from": [ 7, 11, 7.5 ],
			"to": [ 8.5, 12, 8 ],
			"faces": {
				"up": { "uv": [ 11.5, 14.25, 13, 13.75 ], "texture": "#amber_axe" },
				"north": { "uv": [ 6, 13.25, 4.5, 14.25 ], "texture": "#amber_axe" },
				"south": { "uv": [ 3, 13.25, 4.5, 14.25 ], "texture": "#amber_axe" },
				"west": { "uv": [ 4.5, 11.5, 5, 12.5 ], "texture": "#amber_axe" },
				"east": { "uv": [ 5.5, 11.5, 5, 12.5 ], "texture": "#amber_axe" }
			}
		},
		{
			"__comment": "Voxels",
			"from": [ 7, 11.25, 7 ],
			"to": [ 8.25, 11.5, 7.5 ],
			"faces": {
				"up": { "uv": [ 13, 13.75, 14.25, 13.25 ], "texture": "#amber_axe" },
				"north": { "uv": [ 13, 11.75, 11.75, 12 ], "texture": "#amber_axe" },
				"west": { "uv": [ 15, 9.75, 15.5, 10 ], "texture": "#amber_axe" },
				"east": { "uv": [ 16, 9.75, 15.5, 10 ], "texture": "#amber_axe" }
			}
		},
		{
			"__comment": "Voxels",
			"from": [ 7, 11.5, 7.25 ],
			"to": [ 8.25, 11.75, 7.5 ],
			"faces": {
				"up": { "uv": [ 13, 12.5, 14.25, 12.25 ], "texture": "#amber_axe" },
				"north": { "uv": [ 9.25, 12, 8, 12.25 ], "texture": "#amber_axe" },
				"west": { "uv": [ 7.75, 9, 8, 9.25 ], "texture": "#amber_axe" },
				"east": { "uv": [ 6.75, 1.5, 6.5, 1.75 ], "texture": "#amber_axe" }
			}
		},
		{
			"__comment": "Voxels",
			"from": [ 7.25, 3.5, 8.25 ],
			"to": [ 7.5, 3.75, 8.5 ],
			"faces": {
				"down": { "uv": [ 6.5, 1.75, 6.75, 2 ], "texture": "#amber_axe" },
				"south": { "uv": [ 7.75, 9.25, 8, 9.5 ], "texture": "#amber_axe" },
				"west": { "uv": [ 7.5, 9.25, 7.75, 9.5 ], "texture": "#amber_axe" },
				"east": { "uv": [ 7, 9.25, 6.75, 9.5 ], "texture": "#amber_axe" }
			}
		},
		{
			"__comment": "Voxels",
			"from": [ 7.25, 3.75, 8.5 ],
			"to": [ 7.5, 4, 8.75 ],
			"faces": {
				"down": { "uv": [ 6.5, 9.25, 6.75, 9.5 ], "texture": "#amber_axe" },
				"south": { "uv": [ 14.75, 9.5, 15, 9.75 ], "texture": "#amber_axe" },
				"west": { "uv": [ 14.5, 9.5, 14.75, 9.75 ], "texture": "#amber_axe" },
				"east": { "uv": [ 14.5, 9.5, 14.25, 9.75 ], "texture": "#amber_axe" }
			}
		},
		{
			"__comment": "Voxels",
			"from": [ 7.25, 7, 8.5 ],
			"to": [ 7.75, 7.5, 8.75 ],
			"faces": {
				"up": { "uv": [ 8.75, 9.75, 9.25, 9.5 ], "texture": "#amber_axe" },
				"south": { "uv": [ 5.75, 11, 6.25, 11.5 ], "texture": "#amber_axe" },
				"west": { "uv": [ 6, 0.25, 6.25, 0.75 ], "texture": "#amber_axe" },
				"east": { "uv": [ 6.5, 9, 6.25, 9.5 ], "texture": "#amber_axe" }
			}
		},
		{
			"__comment": "Voxels",
			"from": [ 7.25, 7.5, 7.5 ],
			"to": [ 8, 7.75, 7.75 ],
			"faces": {
				"down": { "uv": [ 12, 12.5, 12.75, 12.75 ], "texture": "#amber_axe" },
				"north": { "uv": [ 11.25, 10.75, 10.5, 11 ], "texture": "#amber_axe" },
				"west": { "uv": [ 13.75, 9.5, 14, 9.75 ], "texture": "#amber_axe" },
				"east": { "uv": [ 6, 4.75, 5.75, 5 ], "texture": "#amber_axe" }
			}
		},
		{
			"__comment": "Voxels",
			"from": [ 7.25, 7.75, 8.25 ],
			"to": [ 8, 8.5, 8.5 ],
			"faces": {
				"up": { "uv": [ 11.25, 10.75, 12, 10.5 ], "texture": "#amber_axe" },
				"south": { "uv": [ 15, 13.5, 15.75, 14.25 ], "texture": "#amber_axe" },
				"west": { "uv": [ 15.75, 13.5, 16, 14.25 ], "texture": "#amber_axe" },
				"east": { "uv": [ 4, 0, 3.75, 0.75 ], "texture": "#amber_axe" }
			}
		},
		{
			"__comment": "Voxels",
			"from": [ 7.25, 8.5, 8 ],
			"to": [ 8.25, 8.75, 8.25 ],
			"faces": {
				"down": { "uv": [ 8.25, 11.25, 9.25, 11.5 ], "texture": "#amber_axe" },
				"up": { "uv": [ 8.25, 11.25, 9.25, 11 ], "texture": "#amber_axe" },
				"north": { "uv": [ 10.25, 11.25, 9.25, 11.5 ], "texture": "#amber_axe" },
				"south": { "uv": [ 9.25, 11, 10.25, 11.25 ], "texture": "#amber_axe" },
				"west": { "uv": [ 10.25, 10.5, 10.5, 10.75 ], "texture": "#amber_axe" },
				"east": { "uv": [ 16, 11, 15.75, 11.25 ], "texture": "#amber_axe" }
			}
		},
		{
			"__comment": "Voxels",
			"from": [ 7.25, 8.75, 8 ],
			"to": [ 7.75, 9.75, 8.25 ],
			"faces": {
				"north": { "uv": [ 4.5, 11.5, 4, 12.5 ], "texture": "#amber_axe" },
				"south": { "uv": [ 5.5, 11.5, 6, 12.5 ], "texture": "#amber_axe" },
				"west": { "uv": [ 4.5, 2.5, 4.75, 3.5 ], "texture": "#amber_axe" },
				"east": { "uv": [ 5, 9, 4.75, 10 ], "texture": "#amber_axe" }
			}
		},
		{
			"__comment": "Voxels",
			"from": [ 7.25, 9, 7.25 ],
			"to": [ 8, 9.25, 7.5 ],
			"faces": {
				"down": { "uv": [ 12.75, 10.5, 13.5, 10.75 ], "texture": "#amber_axe" },
				"up": { "uv": [ 13.5, 11, 14.25, 10.75 ], "texture": "#amber_axe" },
				"north": { "uv": [ 14.25, 10.5, 13.5, 10.75 ], "texture": "#amber_axe" },
				"west": { "uv": [ 6.75, 8.25, 7, 8.5 ], "texture": "#amber_axe" },
				"east": { "uv": [ 13.5, 9, 13.25, 9.25 ], "texture": "#amber_axe" }
			}
		},
		{
			"__comment": "Voxels",
			"from": [ 7.25, 9, 8.25 ],
			"to": [ 8, 9.25, 8.5 ],
			"faces": {
				"down": { "uv": [ 14.25, 10.5, 15, 10.75 ], "texture": "#amber_axe" },
				"up": { "uv": [ 15, 11, 15.75, 10.75 ], "texture": "#amber_axe" },
				"north": { "uv": [ 15.75, 10.5, 15, 10.75 ], "texture": "#amber_axe" },
				"south": { "uv": [ 5, 10.25, 5.75, 10.5 ], "texture": "#amber_axe" },
				"west": { "uv": [ 11, 9, 11.25, 9.25 ], "texture": "#amber_axe" },
				"east": { "uv": [ 11, 9, 10.75, 9.25 ], "texture": "#amber_axe" }
			}
		},
		{
			"__comment": "Voxels",
			"from": [ 7.25, 9.25, 7.25 ],
			"to": [ 7.75, 10, 7.5 ],
			"faces": {
				"north": { "uv": [ 11.25, 12.5, 10.75, 13.25 ], "texture": "#amber_axe" },
				"west": { "uv": [ 4.75, 2.75, 5, 3.5 ], "texture": "#amber_axe" },
				"east": { "uv": [ 5, 2, 4.75, 2.75 ], "texture": "#amber_axe" }
			}
		},
		{
			"__comment": "Voxels",
			"from": [ 7.25, 9.75, 5.75 ],
			"to": [ 8, 10, 7.25 ],
			"faces": {
				"down": { "uv": [ 1.25, 2.5, 2, 4 ], "texture": "#amber_axe" },
				"north": { "uv": [ 9.5, 10.25, 8.75, 10.5 ], "texture": "#amber_axe" },
				"south": { "uv": [ 9.5, 10.25, 10.25, 10.5 ], "texture": "#amber_axe" },
				"west": { "uv": [ 12.75, 12.75, 14.25, 13 ], "texture": "#amber_axe" },
				"east": { "uv": [ 14.25, 13, 12.75, 13.25 ], "texture": "#amber_axe" }
			}
		},
		{
			"__comment": "Voxels",
			"from": [ 7.25, 9.75, 7.75 ],
			"to": [ 7.5, 10, 8 ],
			"faces": {
				"down": { "uv": [ 10.5, 9, 10.75, 9.25 ], "texture": "#amber_axe" },
				"up": { "uv": [ 6.5, 1.5, 6.75, 1.25 ], "texture": "#amber_axe" },
				"east": { "uv": [ 6.75, 5, 6.5, 5.25 ], "texture": "#amber_axe" }
			}
		},
		{
			"__comment": "Voxels",
			"from": [ 7.25, 9.75, 8.25 ],
			"to": [ 8, 10, 8.5 ],
			"faces": {
				"down": { "uv": [ 10.25, 10.25, 11, 10.5 ], "texture": "#amber_axe" },
				"south": { "uv": [ 6, 10, 6.75, 10.25 ], "texture": "#amber_axe" },
				"west": { "uv": [ 6.5, 5.25, 6.75, 5.5 ], "texture": "#amber_axe" },
				"east": { "uv": [ 6.75, 6.25, 6.5, 6.5 ], "texture": "#amber_axe" }
			}
		},
		{
			"__comment": "Voxels",
			"from": [ 7.25, 10, 5.5 ],
			"to": [ 8, 10.25, 5.75 ],
			"faces": {
				"down": { "uv": [ 13.5, 10, 14.25, 10.25 ], "texture": "#amber_axe" },
				"north": { "uv": [ 6, 8.75, 5.25, 9 ], "texture": "#amber_axe" },
				"west": { "uv": [ 6.5, 8.5, 6.75, 8.75 ], "texture": "#amber_axe" },
				"east": { "uv": [ 6.75, 8.75, 6.5, 9 ], "texture": "#amber_axe" }
			}
		},
		{
			"__comment": "Voxels",
			"from": [ 7.25, 10, 8.5 ],
			"to": [ 8, 10.5, 8.75 ],
			"faces": {
				"down": { "uv": [ 14.75, 10.25, 15.5, 10.5 ], "texture": "#amber_axe" },
				"south": { "uv": [ 6, 12, 6.75, 12.5 ], "texture": "#amber_axe" },
				"west": { "uv": [ 6.25, 5.5, 6.5, 6 ], "texture": "#amber_axe" },
				"east": { "uv": [ 6.5, 5, 6.25, 5.5 ], "texture": "#amber_axe" }
			}
		},
		{
			"__comment": "Voxels",
			"from": [ 7.25, 10.25, 5.25 ],
			"to": [ 8.25, 11, 5.5 ],
			"faces": {
				"down": { "uv": [ 14.75, 11.25, 15.75, 11.5 ], "texture": "#amber_axe" },
				"up": { "uv": [ 13.25, 11.5, 14.25, 11.25 ], "texture": "#amber_axe" },
				"north": { "uv": [ 10, 13.5, 9, 14.25 ], "texture": "#amber_axe" },
				"west": { "uv": [ 5, 1.25, 5.25, 2 ], "texture": "#amber_axe" },
				"east": { "uv": [ 5.25, 0.5, 5, 1.25 ], "texture": "#amber_axe" }
			}
		},
		{
			"__comment": "Voxels",
			"from": [ 7.25, 10.25, 7.75 ],
			"to": [ 8.5, 10.5, 8 ],
			"faces": {
				"down": { "uv": [ 6.75, 12, 8, 12.25 ], "texture": "#amber_axe" },
				"north": { "uv": [ 8, 11.5, 6.75, 11.75 ], "texture": "#amber_axe" },
				"south": { "uv": [ 8, 12.25, 9.25, 12.5 ], "texture": "#amber_axe" },
				"east": { "uv": [ 16, 9.25, 15.75, 9.5 ], "texture": "#amber_axe" }
			}
		},
		{
			"__comment": "Voxels",
			"from": [ 7.25, 10.25, 8.75 ],
			"to": [ 8, 11.25, 9 ],
			"faces": {
				"down": { "uv": [ 13.25, 10.25, 14, 10.5 ], "texture": "#amber_axe" },
				"up": { "uv": [ 14, 10.5, 14.75, 10.25 ], "texture": "#amber_axe" },
				"north": { "uv": [ 10.75, 13.25, 10, 14.25 ], "texture": "#amber_axe" },
				"south": { "uv": [ 10.75, 13.25, 11.5, 14.25 ], "texture": "#amber_axe" },
				"west": { "uv": [ 4.75, 6, 5, 7 ], "texture": "#amber_axe" },
				"east": { "uv": [ 5, 5, 4.75, 6 ], "texture": "#amber_axe" }
			}
		},
		{
			"__comment": "Voxels",
			"from": [ 7.25, 10.5, 9 ],
			"to": [ 8.25, 11, 9.25 ],
			"faces": {
				"down": { "uv": [ 9.5, 10.75, 10.5, 11 ], "texture": "#amber_axe" },
				"up": { "uv": [ 6.75, 12.75, 7.75, 12.5 ], "texture": "#amber_axe" },
				"north": { "uv": [ 6.75, 12.75, 5.75, 13.25 ], "texture": "#amber_axe" },
				"south": { "uv": [ 4.75, 12.75, 5.75, 13.25 ], "texture": "#amber_axe" },
				"west": { "uv": [ 6.25, 4.5, 6.5, 5 ], "texture": "#amber_axe" },
				"east": { "uv": [ 6.5, 4, 6.25, 4.5 ], "texture": "#amber_axe" }
			}
		},
		{
			"__comment": "Voxels",
			"from": [ 7.25, 10.5, 9.25 ],
			"to": [ 8, 11.25, 9.5 ],
			"faces": {
				"down": { "uv": [ 10.5, 10, 11.25, 10.25 ], "texture": "#amber_axe" },
				"up": { "uv": [ 11.25, 10.25, 12, 10 ], "texture": "#amber_axe" },
				"north": { "uv": [ 4.75, 12.5, 4, 13.25 ], "texture": "#amber_axe" },
				"south": { "uv": [ 3, 0.25, 3.75, 1 ], "texture": "#amber_axe" },
				"west": { "uv": [ 5, 5.75, 5.25, 6.5 ], "texture": "#amber_axe" },
				"east": { "uv": [ 16, 12.5, 15.75, 13.25 ], "texture": "#amber_axe" }
			}
		},
		{
			"__comment": "Voxels",
			"from": [ 7.25, 11, 5.5 ],
			"to": [ 8.25, 11.25, 5.75 ],
			"faces": {
				"up": { "uv": [ 4.75, 12.75, 5.75, 12.5 ], "texture": "#amber_axe" },
				"north": { "uv": [ 13.25, 11, 12.25, 11.25 ], "texture": "#amber_axe" },
				"west": { "uv": [ 5.75, 0.25, 6, 0.5 ], "texture": "#amber_axe" },
				"east": { "uv": [ 6, 4, 5.75, 4.25 ], "texture": "#amber_axe" }
			}
		},
		{
			"__comment": "Voxels",
			"from": [ 7.25, 11, 8.5 ],
			"to": [ 8.25, 11.25, 8.75 ],
			"faces": {
				"up": { "uv": [ 10.25, 11.25, 11.25, 11 ], "texture": "#amber_axe" },
				"south": { "uv": [ 5.75, 12.5, 6.75, 12.75 ], "texture": "#amber_axe" },
				"west": { "uv": [ 5.75, 4.25, 6, 4.5 ], "texture": "#amber_axe" },
				"east": { "uv": [ 6, 4.5, 5.75, 4.75 ], "texture": "#amber_axe" }
			}
		},
		{
			"__comment": "Voxels",
			"from": [ 7.25, 11, 9 ],
			"to": [ 8, 11.25, 9.25 ],
			"faces": {
				"up": { "uv": [ 12, 11, 12.75, 10.75 ], "texture": "#amber_axe" },
				"west": { "uv": [ 8.25, 9, 8.5, 9.25 ], "texture": "#amber_axe" },
				"east": { "uv": [ 7.75, 9, 7.5, 9.25 ], "texture": "#amber_axe" }
			}
		},
		{
			"__comment": "Voxels",
			"from": [ 7.25, 11.25, 5.75 ],
			"to": [ 8.25, 11.5, 7 ],
			"faces": {
				"up": { "uv": [ 2, 8.25, 3, 7 ], "texture": "#amber_axe" },
				"north": { "uv": [ 10.75, 12.5, 9.75, 12.75 ], "texture": "#amber_axe" },
				"west": { "uv": [ 14.25, 11.75, 15.5, 12 ], "texture": "#amber_axe" },
				"east": { "uv": [ 14.25, 11.5, 13, 11.75 ], "texture": "#amber_axe" }
			}
		},
		{
			"__comment": "Voxels",
			"from": [ 7.25, 11.25, 8.5 ],
			"to": [ 8, 11.5, 8.75 ],
			"faces": {
				"up": { "uv": [ 14.25, 13.5, 15, 13.25 ], "texture": "#amber_axe" },
				"south": { "uv": [ 5.25, 7, 6, 7.25 ], "texture": "#amber_axe" },
				"west": { "uv": [ 5.75, 0, 6, 0.25 ], "texture": "#amber_axe" },
				"east": { "uv": [ 6.25, 0, 6, 0.25 ], "texture": "#amber_axe" }
			}
		},
		{
			"__comment": "Voxels",
			"from": [ 7.25, 11.5, 6 ],
			"to": [ 8, 11.75, 7.25 ],
			"faces": {
				"down": { "uv": [ 1.25, 1.25, 2, 2.5 ], "texture": "#amber_axe" },
				"up": { "uv": [ 2, 2, 2.75, 0.75 ], "texture": "#amber_axe" },
				"north": { "uv": [ 13.25, 10.25, 12.5, 10.5 ], "texture": "#amber_axe" },
				"west": { "uv": [ 14.25, 12, 15.5, 12.25 ], "texture": "#amber_axe" },
				"east": { "uv": [ 15.5, 12.25, 14.25, 12.5 ], "texture": "#amber_axe" }
			}
		},
		{
			"__comment": "Voxels",
			"from": [ 7.25, 11.5, 8.25 ],
			"to": [ 8.25, 12, 8.5 ],
			"faces": {
				"up": { "uv": [ 7.25, 11.25, 8.25, 11 ], "texture": "#amber_axe" },
				"south": { "uv": [ 7.75, 12.75, 8.75, 13.25 ], "texture": "#amber_axe" },
				"west": { "uv": [ 8.75, 13.25, 9, 13.75 ], "texture": "#amber_axe" },
				"east": { "uv": [ 13, 13.25, 12.75, 13.75 ], "texture": "#amber_axe" }
			}
		},
		{
			"__comment": "Voxels",
			"from": [ 7.25, 11.75, 7.25 ],
			"to": [ 8.25, 12, 7.5 ],
			"faces": {
				"up": { "uv": [ 8, 11, 9, 10.75 ], "texture": "#amber_axe" },
				"north": { "uv": [ 8, 10.5, 7, 10.75 ], "texture": "#amber_axe" },
				"west": { "uv": [ 14, 9, 14.25, 9.25 ], "texture": "#amber_axe" },
				"east": { "uv": [ 14.5, 9, 14.25, 9.25 ], "texture": "#amber_axe" }
			}
		},
		{
			"__comment": "Voxels",
			"from": [ 7.25, 12, 7.5 ],
			"to": [ 8.25, 12.25, 8 ],
			"faces": {
				"up": { "uv": [ 9.75, 13.25, 10.75, 12.75 ], "texture": "#amber_axe" },
				"north": { "uv": [ 11.25, 11.25, 10.25, 11.5 ], "texture": "#amber_axe" },
				"south": { "uv": [ 9, 13.25, 10, 13.5 ], "texture": "#amber_axe" },
				"west": { "uv": [ 3.25, 1, 3.75, 1.25 ], "texture": "#amber_axe" },
				"east": { "uv": [ 16, 12.25, 15.5, 12.5 ], "texture": "#amber_axe" }
			}
		},
		{
			"__comment": "Voxels",
			"from": [ 7.25, 12, 8 ],
			"to": [ 7.75, 12.25, 8.25 ],
			"faces": {
				"up": { "uv": [ 15.5, 10.5, 16, 10.25 ], "texture": "#amber_axe" },
				"south": { "uv": [ 5.5, 7.5, 6, 7.75 ], "texture": "#amber_axe" },
				"west": { "uv": [ 12.25, 9.5, 12.5, 9.75 ], "texture": "#amber_axe" },
				"east": { "uv": [ 13.25, 9.5, 13, 9.75 ], "texture": "#amber_axe" }
			}
		},
		{
			"__comment": "Voxels",
			"from": [ 7.5, 3.75, 8 ],
			"to": [ 7.75, 4.75, 8.25 ],
			"faces": {
				"down": { "uv": [ 13.25, 9.5, 13.5, 9.75 ], "texture": "#amber_axe" },
				"north": { "uv": [ 4.75, 3.5, 4.5, 4.5 ], "texture": "#amber_axe" },
				"east": { "uv": [ 5, 8, 4.75, 9 ], "texture": "#amber_axe" }
			}
		},
		{
			"__comment": "Voxels",
			"from": [ 7.5, 4, 7.75 ],
			"to": [ 7.75, 5.25, 8 ],
			"faces": {
				"down": { "uv": [ 15, 9.5, 15.25, 9.75 ], "texture": "#amber_axe" },
				"north": { "uv": [ 4.75, 6.5, 4.5, 7.75 ], "texture": "#amber_axe" },
				"south": { "uv": [ 4.5, 7.75, 4.75, 9 ], "texture": "#amber_axe" },
				"east": { "uv": [ 4.75, 10.25, 4.5, 11.5 ], "texture": "#amber_axe" }
			}
		},
		{
			"__comment": "Voxels",
			"from": [ 7.5, 8.5, 7.75 ],
			"to": [ 8.25, 8.75, 8 ],
			"faces": {
				"down": { "uv": [ 7.5, 10, 8.25, 10.25 ], "texture": "#amber_axe" },
				"up": { "uv": [ 6.75, 10.25, 7.5, 10 ], "texture": "#amber_axe" },
				"north": { "uv": [ 7.25, 10.25, 6.5, 10.5 ], "texture": "#amber_axe" },
				"west": { "uv": [ 9.5, 9.25, 9.75, 9.5 ], "texture": "#amber_axe" },
				"east": { "uv": [ 10, 9.25, 9.75, 9.5 ], "texture": "#amber_axe" }
			}
		},
		{
			"__comment": "Voxels",
			"from": [ 7.5, 8.5, 8.25 ],
			"to": [ 7.75, 9, 8.5 ],
			"faces": {
				"north": { "uv": [ 3.75, 4.75, 3.5, 5.25 ], "texture": "#amber_axe" },
				"south": { "uv": [ 4.5, 0, 4.75, 0.5 ], "texture": "#amber_axe" },
				"west": { "uv": [ 4.75, 0, 5, 0.5 ], "texture": "#amber_axe" },
				"east": { "uv": [ 5.25, 0, 5, 0.5 ], "texture": "#amber_axe" }
			}
		},
		{
			"__comment": "Voxels",
			"from": [ 7.5, 8.75, 7.75 ],
			"to": [ 7.75, 9, 8 ],
			"faces": {
				"west": { "uv": [ 6.5, 7.25, 6.75, 7.5 ], "texture": "#amber_axe" },
				"east": { "uv": [ 6.75, 7, 6.5, 7.25 ], "texture": "#amber_axe" }
			}
		},
		{
			"__comment": "Voxels",
			"from": [ 7.5, 9.25, 7.75 ],
			"to": [ 7.75, 9.75, 8 ],
			"faces": {
				"up": { "uv": [ 6.5, 6.75, 6.75, 6.5 ], "texture": "#amber_axe" },
				"west": { "uv": [ 5.5, 5.75, 5.75, 6.25 ], "texture": "#amber_axe" },
				"east": { "uv": [ 6, 5.75, 5.75, 6.25 ], "texture": "#amber_axe" }
			}
		},
		{
			"__comment": "Voxels",
			"from": [ 7.5, 9.25, 8.25 ],
			"to": [ 8, 9.75, 8.5 ],
			"faces": {
				"north": { "uv": [ 7, 10.5, 6.5, 11 ], "texture": "#amber_axe" },
				"south": { "uv": [ 5, 10.5, 5.5, 11 ], "texture": "#amber_axe" },
				"west": { "uv": [ 5.25, 5, 5.5, 5.5 ], "texture": "#amber_axe" },
				"east": { "uv": [ 5.75, 5, 5.5, 5.5 ], "texture": "#amber_axe" }
			}
		},
		{
			"__comment": "Voxels",
			"from": [ 7.5, 9.5, 6 ],
			"to": [ 8, 9.75, 6.5 ],
			"faces": {
				"down": { "uv": [ 14.25, 11, 14.75, 11.5 ], "texture": "#amber_axe" },
				"north": { "uv": [ 5.75, 4.75, 5.25, 5 ], "texture": "#amber_axe" },
				"south": { "uv": [ 5.25, 4.5, 5.75, 4.75 ], "texture": "#amber_axe" },
				"west": { "uv": [ 5.25, 4.25, 5.75, 4.5 ], "texture": "#amber_axe" },
				"east": { "uv": [ 5.75, 4, 5.25, 4.25 ], "texture": "#amber_axe" }
			}
		},
		{
			"__comment": "Voxels",
			"from": [ 7.5, 9.5, 6.5 ],
			"to": [ 7.75, 9.75, 6.75 ],
			"faces": {
				"down": { "uv": [ 11.25, 9, 11.5, 9.25 ], "texture": "#amber_axe" },
				"south": { "uv": [ 12.5, 9, 12.75, 9.25 ], "texture": "#amber_axe" },
				"west": { "uv": [ 12.75, 9, 13, 9.25 ], "texture": "#amber_axe" },
				"east": { "uv": [ 13.25, 9, 13, 9.25 ], "texture": "#amber_axe" }
			}
		},
		{
			"__comment": "Voxels",
			"from": [ 7.5, 10, 5.25 ],
			"to": [ 8, 10.25, 5.5 ],
			"faces": {
				"down": { "uv": [ 5.25, 3.75, 5.75, 4 ], "texture": "#amber_axe" },
				"north": { "uv": [ 5.75, 3.25, 5.25, 3.5 ], "texture": "#amber_axe" },
				"west": { "uv": [ 6.75, 8, 7, 8.25 ], "texture": "#amber_axe" },
				"east": { "uv": [ 7, 7.75, 6.75, 8 ], "texture": "#amber_axe" }
			}
		},
		{
			"__comment": "Voxels",
			"from": [ 7.5, 10, 7.75 ],
			"to": [ 7.75, 10.25, 8 ],
			"faces": {
				"down": { "uv": [ 6.75, 7.5, 7, 7.75 ], "texture": "#amber_axe" },
				"west": { "uv": [ 6.75, 6, 7, 6.25 ], "texture": "#amber_axe" },
				"east": { "uv": [ 7, 5.25, 6.75, 5.5 ], "texture": "#amber_axe" }
			}
		},
		{
			"__comment": "Voxels",
			"from": [ 7.5, 10, 8.75 ],
			"to": [ 7.75, 10.25, 9 ],
			"faces": {
				"down": { "uv": [ 6.75, 5, 7, 5.25 ], "texture": "#amber_axe" },
				"south": { "uv": [ 15.25, 11.5, 15.5, 11.75 ], "texture": "#amber_axe" },
				"west": { "uv": [ 4.25, 0, 4.5, 0.25 ], "texture": "#amber_axe" },
				"east": { "uv": [ 16, 11.25, 15.75, 11.5 ], "texture": "#amber_axe" }
			}
		},
		{
			"__comment": "Voxels",
			"from": [ 7.5, 10.25, 5 ],
			"to": [ 8, 11, 5.25 ],
			"faces": {
				"down": { "uv": [ 5.25, 2.75, 5.75, 3 ], "texture": "#amber_axe" },
				"up": { "uv": [ 5.25, 2.75, 5.75, 2.5 ], "texture": "#amber_axe" },
				"north": { "uv": [ 14.75, 12.5, 14.25, 13.25 ], "texture": "#amber_axe" },
				"west": { "uv": [ 4.75, 1.25, 5, 2 ], "texture": "#amber_axe" },
				"east": { "uv": [ 5, 0.5, 4.75, 1.25 ], "texture": "#amber_axe" }
			}
		},
		{
			"__comment": "Voxels",
			"from": [ 7.5, 10.25, 9 ],
			"to": [ 8, 10.5, 9.25 ],
			"faces": {
				"down": { "uv": [ 5.25, 2.25, 5.75, 2.5 ], "texture": "#amber_axe" },
				"south": { "uv": [ 5.25, 1.5, 5.75, 1.75 ], "texture": "#amber_axe" },
				"west": { "uv": [ 5.75, 3.75, 6, 4 ], "texture": "#amber_axe" },
				"east": { "uv": [ 6, 3.5, 5.75, 3.75 ], "texture": "#amber_axe" }
			}
		},
		{
			"__comment": "Voxels",
			"from": [ 7.5, 10.25, 9.25 ],
			"to": [ 7.75, 10.5, 9.5 ],
			"faces": {
				"down": { "uv": [ 5.75, 3.25, 6, 3.5 ], "texture": "#amber_axe" },
				"south": { "uv": [ 5.75, 2.5, 6, 2.75 ], "texture": "#amber_axe" },
				"west": { "uv": [ 5.75, 2.25, 6, 2.5 ], "texture": "#amber_axe" },
				"east": { "uv": [ 6, 2, 5.75, 2.25 ], "texture": "#amber_axe" }
			}
		},
		{
			"__comment": "Voxels",
			"from": [ 7.5, 10.5, 9.5 ],
			"to": [ 7.75, 11.25, 9.75 ],
			"faces": {
				"down": { "uv": [ 5.75, 1.75, 6, 2 ], "texture": "#amber_axe" },
				"up": { "uv": [ 5.75, 1.75, 6, 1.5 ], "texture": "#amber_axe" },
				"south": { "uv": [ 5, 8.75, 5.25, 9.5 ], "texture": "#amber_axe" },
				"west": { "uv": [ 5, 8, 5.25, 8.75 ], "texture": "#amber_axe" },
				"east": { "uv": [ 5.25, 7.25, 5, 8 ], "texture": "#amber_axe" }
			}
		},
		{
			"__comment": "Voxels",
			"from": [ 7.5, 11, 5.25 ],
			"to": [ 8, 11.25, 5.5 ],
			"faces": {
				"up": { "uv": [ 5.25, 1.25, 5.75, 1 ], "texture": "#amber_axe" },
				"north": { "uv": [ 5.75, 0.75, 5.25, 1 ], "texture": "#amber_axe" },
				"west": { "uv": [ 12.5, 9.5, 12.75, 9.75 ], "texture": "#amber_axe" },
				"east": { "uv": [ 13, 9.5, 12.75, 9.75 ], "texture": "#amber_axe" }
			}
		},
		{
			"__comment": "Voxels",
			"from": [ 7.5, 11.25, 5.5 ],
			"to": [ 8, 11.5, 5.75 ],
			"faces": {
				"up": { "uv": [ 5.25, 0.25, 5.75, 0 ], "texture": "#amber_axe" },
				"north": { "uv": [ 6.5, 9.75, 6, 10 ], "texture": "#amber_axe" },
				"west": { "uv": [ 14, 9.5, 14.25, 9.75 ], "texture": "#amber_axe" },
				"east": { "uv": [ 6.75, 4.25, 6.5, 4.5 ], "texture": "#amber_axe" }
			}
		},
		{
			"__comment": "Voxels",
			"from": [ 7.5, 11.25, 8.75 ],
			"to": [ 8, 11.5, 9 ],
			"faces": {
				"up": { "uv": [ 7.5, 10, 8, 9.75 ], "texture": "#amber_axe" },
				"south": { "uv": [ 8.5, 9.75, 9, 10 ], "texture": "#amber_axe" },
				"west": { "uv": [ 15.5, 9.5, 15.75, 9.75 ], "texture": "#amber_axe" },
				"east": { "uv": [ 16, 9.5, 15.75, 9.75 ], "texture": "#amber_axe" }
			}
		},
		{
			"__comment": "Voxels",
			"from": [ 7.5, 11.25, 9 ],
			"to": [ 7.75, 11.5, 9.25 ],
			"faces": {
				"up": { "uv": [ 6.25, 1.75, 6.5, 1.5 ], "texture": "#amber_axe" },
				"south": { "uv": [ 6.25, 1, 6.5, 1.25 ], "texture": "#amber_axe" },
				"west": { "uv": [ 6.25, 0.75, 6.5, 1 ], "texture": "#amber_axe" },
				"east": { "uv": [ 6.5, 0.5, 6.25, 0.75 ], "texture": "#amber_axe" }
			}
		},
		{
			"__comment": "Voxels",
			"from": [ 7.5, 11.5, 5.75 ],
			"to": [ 8, 11.75, 6 ],
			"faces": {
				"up": { "uv": [ 9.5, 10, 10, 9.75 ], "texture": "#amber_axe" },
				"north": { "uv": [ 10.5, 9.75, 10, 10 ], "texture": "#amber_axe" },
				"west": { "uv": [ 7, 9.25, 7.25, 9.5 ], "texture": "#amber_axe" },
				"east": { "uv": [ 7.5, 9.25, 7.25, 9.5 ], "texture": "#amber_axe" }
			}
		},
		{
			"__comment": "Voxels",
			"from": [ 7.5, 12, 7.25 ],
			"to": [ 8, 12.25, 7.5 ],
			"faces": {
				"up": { "uv": [ 11.5, 10, 12, 9.75 ], "texture": "#amber_axe" },
				"north": { "uv": [ 12.5, 9.75, 12, 10 ], "texture": "#amber_axe" },
				"west": { "uv": [ 8.5, 9.25, 8.75, 9.5 ], "texture": "#amber_axe" },
				"east": { "uv": [ 9, 9.25, 8.75, 9.5 ], "texture": "#amber_axe" }
			}
		},
		{
			"__comment": "Voxels",
			"from": [ 7.75, 4.25, 8 ],
			"to": [ 8, 4.75, 8.25 ],
			"faces": {
				"down": { "uv": [ 9, 9.25, 9.25, 9.5 ], "texture": "#amber_axe" },
				"north": { "uv": [ 6.25, 9.25, 6, 9.75 ], "texture": "#amber_axe" },
				"south": { "uv": [ 6, 8.75, 6.25, 9.25 ], "texture": "#amber_axe" },
				"east": { "uv": [ 6.25, 7.75, 6, 8.25 ], "texture": "#amber_axe" }
			}
		},
		{
			"__comment": "Voxels",
			"from": [ 7.75, 4.75, 8.25 ],
			"to": [ 8, 5, 8.5 ],
			"faces": {
				"down": { "uv": [ 10.5, 9.25, 10.75, 9.5 ], "texture": "#amber_axe" },
				"south": { "uv": [ 11.25, 9.25, 11.5, 9.5 ], "texture": "#amber_axe" },
				"east": { "uv": [ 12, 9.25, 11.75, 9.5 ], "texture": "#amber_axe" }
			}
		},
		{
			"__comment": "Voxels",
			"from": [ 7.75, 5.25, 8.5 ],
			"to": [ 8, 5.5, 8.75 ],
			"faces": {
				"down": { "uv": [ 12, 9.25, 12.25, 9.5 ], "texture": "#amber_axe" },
				"up": { "uv": [ 12.25, 9.5, 12.5, 9.25 ], "texture": "#amber_axe" },
				"south": { "uv": [ 12.75, 9.25, 13, 9.5 ], "texture": "#amber_axe" },
				"east": { "uv": [ 13.5, 9.25, 13.25, 9.5 ], "texture": "#amber_axe" }
			}
		},
		{
			"__comment": "Voxels",
			"from": [ 7.75, 7.25, 7.5 ],
			"to": [ 8, 7.5, 7.75 ],
			"faces": {
				"down": { "uv": [ 13.5, 9.25, 13.75, 9.5 ], "texture": "#amber_axe" },
				"north": { "uv": [ 14.25, 9.25, 14, 9.5 ], "texture": "#amber_axe" },
				"east": { "uv": [ 15, 9.25, 14.75, 9.5 ], "texture": "#amber_axe" }
			}
		},
		{
			"__comment": "Voxels",
			"from": [ 7.75, 9, 8 ],
			"to": [ 8, 9.75, 8.25 ],
			"faces": {
				"down": { "uv": [ 15, 9.25, 15.25, 9.5 ], "texture": "#amber_axe" },
				"north": { "uv": [ 5.25, 6.5, 5, 7.25 ], "texture": "#amber_axe" },
				"south": { "uv": [ 5, 5, 5.25, 5.75 ], "texture": "#amber_axe" },
				"east": { "uv": [ 5.25, 3.5, 5, 4.25 ], "texture": "#amber_axe" }
			}
		},
		{
			"__comment": "Voxels",
			"from": [ 7.75, 9.5, 7.25 ],
			"to": [ 8, 10, 8 ],
			"faces": {
				"down": { "uv": [ 5, 2.75, 5.25, 3.5 ], "texture": "#amber_axe" },
				"up": { "uv": [ 5, 2.75, 5.25, 2 ], "texture": "#amber_axe" },
				"north": { "uv": [ 6.25, 6.25, 6, 6.75 ], "texture": "#amber_axe" },
				"south": { "uv": [ 6, 5.75, 6.25, 6.25 ], "texture": "#amber_axe" },
				"west": { "uv": [ 11.25, 12.75, 12, 13.25 ], "texture": "#amber_axe" },
				"east": { "uv": [ 12.75, 12.75, 12, 13.25 ], "texture": "#amber_axe" }
			}
		},
		{
			"__comment": "Voxels",
			"from": [ 7.75, 10, 7.5 ],
			"to": [ 8.5, 10.25, 7.75 ],
			"faces": {
				"down": { "uv": [ 15, 10, 15.75, 10.25 ], "texture": "#amber_axe" },
				"up": { "uv": [ 5.25, 10, 6, 9.75 ], "texture": "#amber_axe" },
				"north": { "uv": [ 6, 9.5, 5.25, 9.75 ], "texture": "#amber_axe" },
				"south": { "uv": [ 5.25, 9.25, 6, 9.5 ], "texture": "#amber_axe" },
				"east": { "uv": [ 6.75, 5.75, 6.5, 6 ], "texture": "#amber_axe" }
			}
		},
		{
			"__comment": "Voxels",
			"from": [ 7.75, 10.25, 7.5 ],
			"to": [ 8.25, 10.5, 7.75 ],
			"faces": {
				"east": { "uv": [ 7, 4.5, 6.75, 4.75 ], "texture": "#amber_axe" }
			}
		},
		{
			"__comment": "Voxels",
			"from": [ 7.75, 10.75, 9.5 ],
			"to": [ 8, 11, 9.75 ],
			"faces": {
				"down": { "uv": [ 6.5, 4, 6.75, 4.25 ], "texture": "#amber_axe" },
				"up": { "uv": [ 6.5, 4, 6.75, 3.75 ], "texture": "#amber_axe" },
				"south": { "uv": [ 6.5, 3.25, 6.75, 3.5 ], "texture": "#amber_axe" },
				"east": { "uv": [ 6.75, 2.75, 6.5, 3 ], "texture": "#amber_axe" }
			}
		},
		{
			"__comment": "Voxels",
			"from": [ 8, 8, 7.75 ],
			"to": [ 8.25, 8.5, 8 ],
			"faces": {
				"down": { "uv": [ 6.5, 2.5, 6.75, 2.75 ], "texture": "#amber_axe" },
				"north": { "uv": [ 6.25, 4.25, 6, 4.75 ], "texture": "#amber_axe" },
				"south": { "uv": [ 6, 3.75, 6.25, 4.25 ], "texture": "#amber_axe" },
				"east": { "uv": [ 6.25, 2.75, 6, 3.25 ], "texture": "#amber_axe" }
			}
		},
		{
			"__comment": "Voxels",
			"from": [ 8, 8.25, 8 ],
			"to": [ 8.25, 8.5, 8.25 ],
			"faces": {
				"down": { "uv": [ 6.5, 1, 6.75, 1.25 ], "texture": "#amber_axe" },
				"south": { "uv": [ 6.5, 0.25, 6.75, 0.5 ], "texture": "#amber_axe" },
				"east": { "uv": [ 7, 9, 6.75, 9.25 ], "texture": "#amber_axe" }
			}
		},
		{
			"__comment": "Voxels",
			"from": [ 8, 8.5, 7.5 ],
			"to": [ 8.25, 9, 7.75 ],
			"faces": {
				"down": { "uv": [ 7, 9, 7.25, 9.25 ], "texture": "#amber_axe" },
				"up": { "uv": [ 7.25, 9.25, 7.5, 9 ], "texture": "#amber_axe" },
				"north": { "uv": [ 6.25, 2.25, 6, 2.75 ], "texture": "#amber_axe" },
				"south": { "uv": [ 6, 1.75, 6.25, 2.25 ], "texture": "#amber_axe" },
				"east": { "uv": [ 6.25, 0.75, 6, 1.25 ], "texture": "#amber_axe" }
			}
		},
		{
			"__comment": "Voxels",
			"from": [ 8, 8.75, 8 ],
			"to": [ 8.25, 9, 8.25 ],
			"faces": {
				"up": { "uv": [ 8.75, 9.25, 9, 9 ], "texture": "#amber_axe" },
				"north": { "uv": [ 9.25, 9, 9, 9.25 ], "texture": "#amber_axe" },
				"south": { "uv": [ 9.25, 9, 9.5, 9.25 ], "texture": "#amber_axe" },
				"west": { "uv": [ 9.5, 9, 9.75, 9.25 ], "texture": "#amber_axe" },
				"east": { "uv": [ 10, 9, 9.75, 9.25 ], "texture": "#amber_axe" }
			}
		},
		{
			"__comment": "Voxels",
			"from": [ 8, 9.25, 7.75 ],
			"to": [ 8.25, 10.25, 8 ],
			"faces": {
				"north": { "uv": [ 4.75, 4.5, 4.5, 5.5 ], "texture": "#amber_axe" },
				"south": { "uv": [ 4.5, 1.5, 4.75, 2.5 ], "texture": "#amber_axe" },
				"west": { "uv": [ 4.5, 0.5, 4.75, 1.5 ], "texture": "#amber_axe" },
				"east": { "uv": [ 5, 10, 4.75, 11 ], "texture": "#amber_axe" }
			}
		},
		{
			"__comment": "Voxels",
			"from": [ 8, 9.5, 7.5 ],
			"to": [ 8.25, 10, 7.75 ],
			"faces": {
				"down": { "uv": [ 11.5, 9, 11.75, 9.25 ], "texture": "#amber_axe" },
				"north": { "uv": [ 6.5, 8.5, 6.25, 9 ], "texture": "#amber_axe" },
				"east": { "uv": [ 6.5, 7, 6.25, 7.5 ], "texture": "#amber_axe" }
			}
		},
		{
			"__comment": "Voxels",
			"from": [ 8, 9.75, 6 ],
			"to": [ 8.25, 10, 6.5 ],
			"faces": {
				"down": { "uv": [ 6.25, 6.5, 6.5, 7 ], "texture": "#amber_axe" },
				"north": { "uv": [ 13.75, 9, 13.5, 9.25 ], "texture": "#amber_axe" },
				"south": { "uv": [ 13.75, 9, 14, 9.25 ], "texture": "#amber_axe" },
				"east": { "uv": [ 10.75, 9.5, 10.25, 9.75 ], "texture": "#amber_axe" }
			}
		},
		{
			"__comment": "Voxels",
			"from": [ 8, 10.25, 8.5 ],
			"to": [ 8.25, 10.5, 8.75 ],
			"faces": {
				"down": { "uv": [ 14.5, 9, 14.75, 9.25 ], "texture": "#amber_axe" },
				"south": { "uv": [ 15.25, 9, 15.5, 9.25 ], "texture": "#amber_axe" },
				"east": { "uv": [ 16, 9, 15.75, 9.25 ], "texture": "#amber_axe" }
			}
		},
		{
			"__comment": "Voxels",
			"from": [ 8, 10.5, 8.75 ],
			"to": [ 8.25, 11.25, 9 ],
			"faces": {
				"down": { "uv": [ 6.75, 8.75, 7, 9 ], "texture": "#amber_axe" },
				"up": { "uv": [ 6.75, 8.75, 7, 8.5 ], "texture": "#amber_axe" },
				"north": { "uv": [ 5.5, 8, 5.25, 8.75 ], "texture": "#amber_axe" },
				"south": { "uv": [ 5.5, 8, 5.75, 8.75 ], "texture": "#amber_axe" },
				"east": { "uv": [ 5.5, 7.25, 5.25, 8 ], "texture": "#amber_axe" }
			}
		},
		{
			"__comment": "Voxels",
			"from": [ 8.25, 10, 8 ],
			"to": [ 8.5, 12, 8.25 ],
			"faces": {
				"down": { "uv": [ 6.75, 7.25, 7, 7.5 ], "texture": "#amber_axe" },
				"up": { "uv": [ 6.75, 7.25, 7, 7 ], "texture": "#amber_axe" },
				"north": { "uv": [ 4, 6.75, 3.75, 8.75 ], "texture": "#amber_axe" },
				"south": { "uv": [ 3.75, 4.75, 4, 6.75 ], "texture": "#amber_axe" },
				"east": { "uv": [ 4, 2.75, 3.75, 4.75 ], "texture": "#amber_axe" }
			}
		},
		{
			"__comment": "Voxels",
			"from": [ 8.25, 10.75, 7.25 ],
			"to": [ 8.5, 11.25, 7.5 ],
			"faces": {
				"down": { "uv": [ 6.75, 5.75, 7, 6 ], "texture": "#amber_axe" },
				"up": { "uv": [ 6.75, 5.75, 7, 5.5 ], "texture": "#amber_axe" },
				"north": { "uv": [ 6.5, 3, 6.25, 3.5 ], "texture": "#amber_axe" },
				"south": { "uv": [ 6.25, 2.5, 6.5, 3 ], "texture": "#amber_axe" },
				"east": { "uv": [ 6, 5, 5.75, 5.5 ], "texture": "#amber_axe" }
			}
		}
	],
	"display": {
		"firstperson_righthand": {
			"rotation":  [ 0, 10, 0 ],
			"translation":  [ -4.5, 3.4782, 3 ],
			"scale":  [ 1.4, 1.4, 1.4 ]
		},
		"gui": {
			"rotation":  [ 31, -69, 39 ],
			"scale":  [ 1.5, 1.5, 1.5 ]
		}
	}
}