{
	"__comment": "Designed by DevastMc",
	"textures": {
		"code_unlocked": "blocks/code_unlocked"
	},
	"elements": [ 	 
		{
			"__comment": "Voxels",
			"from": [ 6.5, 5.5, 10 ],
			"to": [ 9.5, 7.5, 11.5 ],
			"faces": {
				"down": { "uv": [ 12.75, 7.25, 14.25, 8 ], "texture": "#code_unlocked" },
				"up": { "uv": [ 8.25, 8, 9.75, 7.25 ], "texture": "#code_unlocked" },
				"north": { "uv": [ 7, 11, 5.5, 12 ], "texture": "#code_unlocked" },
				"south": { "uv": [ 8.5, 11, 10, 12 ], "texture": "#code_unlocked" },
				"west": { "uv": [ 2.5, 1.5, 3.25, 2.5 ], "texture": "#code_unlocked" },
				"east": { "uv": [ 3.25, 0.5, 2.5, 1.5 ], "texture": "#code_unlocked" }
			}
		},
		{
			"__comment": "Voxels",
			"from": [ 6.5, 6, 9.5 ],
			"to": [ 9.5, 7, 10 ],
			"faces": {
				"down": { "uv": [ 11.5, 11, 13, 11.25 ], "texture": "#code_unlocked" },
				"up": { "uv": [ 13.25, 11.25, 14.75, 11 ], "texture": "#code_unlocked" },
				"north": { "uv": [ 15.75, 6.75, 14.25, 7.25 ], "texture": "#code_unlocked" },
				"west": { "uv": [ 6.75, 3, 7, 3.5 ], "texture": "#code_unlocked" },
				"east": { "uv": [ 7, 3.5, 6.75, 4 ], "texture": "#code_unlocked" }
			}
		},
		{
			"__comment": "Voxels",
			"from": [ 6.5, 6, 11.5 ],
			"to": [ 9.5, 7, 12 ],
			"faces": {
				"down": { "uv": [ 12.75, 10.5, 14.25, 10.75 ], "texture": "#code_unlocked" },
				"up": { "uv": [ 11.25, 11, 12.75, 10.75 ], "texture": "#code_unlocked" },
				"south": { "uv": [ 12.75, 6.75, 14.25, 7.25 ], "texture": "#code_unlocked" },
				"west": { "uv": [ 6.5, 0, 6.75, 0.5 ], "texture": "#code_unlocked" },
				"east": { "uv": [ 6.75, 0.5, 6.5, 1 ], "texture": "#code_unlocked" }
			}
		},
		{
			"__comment": "Voxels",
			"from": [ 6.5, 8.5, 10 ],
			"to": [ 9.5, 10.5, 11.5 ],
			"faces": {
				"down": { "uv": [ 11.25, 7.25, 12.75, 8 ], "texture": "#code_unlocked" },
				"up": { "uv": [ 9.75, 8, 11.25, 7.25 ], "texture": "#code_unlocked" },
				"north": { "uv": [ 8.5, 11, 7, 12 ], "texture": "#code_unlocked" },
				"south": { "uv": [ 10, 11, 11.5, 12 ], "texture": "#code_unlocked" },
				"west": { "uv": [ 3.5, 0.5, 4.25, 1.5 ], "texture": "#code_unlocked" },
				"east": { "uv": [ 4.25, 1.5, 3.5, 2.5 ], "texture": "#code_unlocked" }
			}
		},
		{
			"__comment": "Voxels",
			"from": [ 6.5, 9, 9.5 ],
			"to": [ 9.5, 10, 10 ],
			"faces": {
				"down": { "uv": [ 11.25, 10.5, 12.75, 10.75 ], "texture": "#code_unlocked" },
				"up": { "uv": [ 12.75, 11, 14.25, 10.75 ], "texture": "#code_unlocked" },
				"north": { "uv": [ 11.25, 6.25, 9.75, 6.75 ], "texture": "#code_unlocked" },
				"west": { "uv": [ 6.5, 1.5, 6.75, 2 ], "texture": "#code_unlocked" },
				"east": { "uv": [ 6.75, 2, 6.5, 2.5 ], "texture": "#code_unlocked" }
			}
		},
		{
			"__comment": "Voxels",
			"from": [ 6.5, 9, 11.5 ],
			"to": [ 9.5, 10, 12 ],
			"faces": {
				"down": { "uv": [ 14.25, 10.5, 15.75, 10.75 ], "texture": "#code_unlocked" },
				"up": { "uv": [ 14.25, 11, 15.75, 10.75 ], "texture": "#code_unlocked" },
				"south": { "uv": [ 11.25, 6.75, 12.75, 7.25 ], "texture": "#code_unlocked" },
				"west": { "uv": [ 6.5, 3, 6.75, 3.5 ], "texture": "#code_unlocked" },
				"east": { "uv": [ 6.75, 1, 6.5, 1.5 ], "texture": "#code_unlocked" }
			}
		},
		{
			"__comment": "Voxels",
			"from": [ 7, 4, 2.5 ],
			"to": [ 9.5, 12, 9.5 ],
			"faces": {
				"down": { "uv": [ 8.25, 12.5, 9.5, 16 ], "texture": "#code_unlocked" },
				"up": { "uv": [ 7, 16, 8.25, 12.5 ], "texture": "#code_unlocked" },
				"north": { "uv": [ 5.75, 12, 4.5, 16 ], "texture": "#code_unlocked" },
				"south": { "uv": [ 5.75, 12, 7, 16 ], "texture": "#code_unlocked" },
				"west": { "uv": [ 0, 12, 3.5, 16 ], "texture": "#code_unlocked" },
				"east": { "uv": [ 3.5, 8, 0, 12 ], "texture": "#code_unlocked" }
			}
		},
		{
			"__comment": "Voxels",
			"from": [ 7, 4, 9.5 ],
			"to": [ 9.5, 6, 10 ],
			"faces": {
				"down": { "uv": [ 11, 10.25, 12.25, 10.5 ], "texture": "#code_unlocked" },
				"south": { "uv": [ 8.25, 8, 9.5, 9 ], "texture": "#code_unlocked" },
				"west": { "uv": [ 5, 0, 5.25, 1 ], "texture": "#code_unlocked" },
				"east": { "uv": [ 5.5, 0, 5.25, 1 ], "texture": "#code_unlocked" }
			}
		},
		{
			"__comment": "Voxels",
			"from": [ 7, 4, 10 ],
			"to": [ 9.5, 5.5, 13.5 ],
			"faces": {
				"down": { "uv": [ 0, 0.75, 1.25, 2.5 ], "texture": "#code_unlocked" },
				"up": { "uv": [ 1.25, 2.5, 2.5, 0.75 ], "texture": "#code_unlocked" },
				"south": { "uv": [ 7, 3, 8.25, 3.75 ], "texture": "#code_unlocked" },
				"west": { "uv": [ 13.25, 11.25, 15, 12 ], "texture": "#code_unlocked" },
				"east": { "uv": [ 13.25, 11.25, 11.5, 12 ], "texture": "#code_unlocked" }
			}
		},
		{
			"__comment": "Voxels",
			"from": [ 7, 5.5, 11.5 ],
			"to": [ 9.5, 6, 13.5 ],
			"faces": {
				"up": { "uv": [ 12, 9, 13.25, 8 ], "texture": "#code_unlocked" },
				"south": { "uv": [ 14.75, 10.25, 16, 10.5 ], "texture": "#code_unlocked" },
				"west": { "uv": [ 15, 9.5, 16, 9.75 ], "texture": "#code_unlocked" },
				"east": { "uv": [ 15, 9.5, 14, 9.75 ], "texture": "#code_unlocked" }
			}
		},
		{
			"__comment": "Voxels",
			"from": [ 7, 6, 12 ],
			"to": [ 9.5, 12, 13.5 ],
			"faces": {
				"up": { "uv": [ 7, 3, 8.25, 2.25 ], "texture": "#code_unlocked" },
				"north": { "uv": [ 12.75, 13, 11.5, 16 ], "texture": "#code_unlocked" },
				"south": { "uv": [ 12.75, 13, 14, 16 ], "texture": "#code_unlocked" },
				"west": { "uv": [ 14, 13, 14.75, 16 ], "texture": "#code_unlocked" },
				"east": { "uv": [ 15.5, 13, 14.75, 16 ], "texture": "#code_unlocked" }
			}
		},
		{
			"__comment": "Voxels",
			"from": [ 7, 7, 9.5 ],
			"to": [ 9.5, 9, 10 ],
			"faces": {
				"south": { "uv": [ 7, 7, 8.25, 8 ], "texture": "#code_unlocked" },
				"west": { "uv": [ 15.75, 14, 16, 15 ], "texture": "#code_unlocked" },
				"east": { "uv": [ 15.75, 14, 15.5, 15 ], "texture": "#code_unlocked" }
			}
		},
		{
			"__comment": "Voxels",
			"from": [ 7, 7, 11.5 ],
			"to": [ 9.5, 9, 12 ],
			"faces": {
				"north": { "uv": [ 12.75, 12, 11.5, 13 ], "texture": "#code_unlocked" },
				"west": { "uv": [ 4.25, 0.5, 4.5, 1.5 ], "texture": "#code_unlocked" },
				"east": { "uv": [ 4.5, 1.5, 4.25, 2.5 ], "texture": "#code_unlocked" }
			}
		},
		{
			"__comment": "Voxels",
			"from": [ 7, 7.5, 10 ],
			"to": [ 9.5, 8.5, 11.5 ],
			"faces": {
				"west": { "uv": [ 3.5, 0, 4.25, 0.5 ], "texture": "#code_unlocked" },
				"east": { "uv": [ 3.25, 0, 2.5, 0.5 ], "texture": "#code_unlocked" }
			}
		},
		{
			"__comment": "Voxels",
			"from": [ 7, 10, 9.5 ],
			"to": [ 9.5, 12, 10 ],
			"faces": {
				"up": { "uv": [ 11, 10, 12.25, 9.75 ], "texture": "#code_unlocked" },
				"south": { "uv": [ 13.25, 8, 14.5, 9 ], "texture": "#code_unlocked" },
				"west": { "uv": [ 3.25, 1.5, 3.5, 2.5 ], "texture": "#code_unlocked" },
				"east": { "uv": [ 3.5, 0.5, 3.25, 1.5 ], "texture": "#code_unlocked" }
			}
		},
		{
			"__comment": "Voxels",
			"from": [ 7, 10, 11.5 ],
			"to": [ 9.5, 12, 12 ],
			"faces": {
				"up": { "uv": [ 14.75, 10, 16, 9.75 ], "texture": "#code_unlocked" },
				"north": { "uv": [ 10.75, 8, 9.5, 9 ], "texture": "#code_unlocked" },
				"west": { "uv": [ 15.5, 15, 15.75, 16 ], "texture": "#code_unlocked" },
				"east": { "uv": [ 16, 15, 15.75, 16 ], "texture": "#code_unlocked" }
			}
		},
		{
			"__comment": "Voxels",
			"from": [ 7, 10.5, 10 ],
			"to": [ 9.5, 12, 11.5 ],
			"faces": {
				"up": { "uv": [ 7, 0.75, 8.25, 0 ], "texture": "#code_unlocked" },
				"west": { "uv": [ 15, 11.25, 15.75, 12 ], "texture": "#code_unlocked" },
				"east": { "uv": [ 14.75, 12.25, 14, 13 ], "texture": "#code_unlocked" }
			}
		},
		{
			"__comment": "Voxels",
			"from": [ 7.5, 3.5, 2.5 ],
			"to": [ 9.5, 4, 13.5 ],
			"faces": {
				"down": { "uv": [ 0, 2.5, 1, 8 ], "texture": "#code_unlocked" },
				"up": { "uv": [ 1, 8, 2, 2.5 ], "texture": "#code_unlocked" },
				"north": { "uv": [ 12, 9.25, 11, 9.5 ], "texture": "#code_unlocked" },
				"south": { "uv": [ 13, 9.25, 14, 9.5 ], "texture": "#code_unlocked" },
				"west": { "uv": [ 5.5, 9, 11, 9.25 ], "texture": "#code_unlocked" },
				"east": { "uv": [ 11, 9.25, 5.5, 9.5 ], "texture": "#code_unlocked" }
			}
		},
		{
			"__comment": "Voxels",
			"from": [ 7.5, 4, 2 ],
			"to": [ 9.5, 12, 2.5 ],
			"faces": {
				"down": { "uv": [ 14, 9.25, 15, 9.5 ], "texture": "#code_unlocked" },
				"up": { "uv": [ 12, 9.5, 13, 9.25 ], "texture": "#code_unlocked" },
				"north": { "uv": [ 11.5, 12, 10.5, 16 ], "texture": "#code_unlocked" },
				"west": { "uv": [ 5.5, 0, 5.75, 4 ], "texture": "#code_unlocked" },
				"east": { "uv": [ 6.5, 0, 6.25, 4 ], "texture": "#code_unlocked" }
			}
		},
		{
			"__comment": "Voxels",
			"from": [ 7.5, 4, 13.5 ],
			"to": [ 9.5, 12, 14 ],
			"faces": {
				"down": { "uv": [ 15, 11, 16, 11.25 ], "texture": "#code_unlocked" },
				"up": { "uv": [ 11, 9.75, 12, 9.5 ], "texture": "#code_unlocked" },
				"north": { "uv": [ 4.5, 6.5, 3.5, 10.5 ], "texture": "#code_unlocked" },
				"south": { "uv": [ 3.5, 2.5, 4.5, 6.5 ], "texture": "#code_unlocked" },
				"west": { "uv": [ 5.75, 0, 6, 4 ], "texture": "#code_unlocked" },
				"east": { "uv": [ 6.25, 0, 6, 4 ], "texture": "#code_unlocked" }
			}
		},
		{
			"__comment": "Voxels",
			"from": [ 7.5, 12, 2.5 ],
			"to": [ 9.5, 12.5, 13.5 ],
			"faces": {
				"down": { "uv": [ 2, 2.5, 3, 8 ], "texture": "#code_unlocked" },
				"up": { "uv": [ 3.5, 16, 4.5, 10.5 ], "texture": "#code_unlocked" },
				"north": { "uv": [ 13, 9.5, 12, 9.75 ], "texture": "#code_unlocked" },
				"south": { "uv": [ 13, 9.5, 14, 9.75 ], "texture": "#code_unlocked" },
				"west": { "uv": [ 5.5, 9.5, 11, 9.75 ], "texture": "#code_unlocked" },
				"east": { "uv": [ 11, 9.75, 5.5, 10 ], "texture": "#code_unlocked" }
			}
		},
		{
			"__comment": "Voxels",
			"from": [ 8.5, 3, 2 ],
			"to": [ 9.5, 4, 2.5 ],
			"faces": {
				"down": { "uv": [ 13.5, 9, 14, 9.25 ], "texture": "#code_unlocked" },
				"north": { "uv": [ 5, 0, 4.5, 0.5 ], "texture": "#code_unlocked" },
				"south": { "uv": [ 5, 1, 5.5, 1.5 ], "texture": "#code_unlocked" },
				"west": { "uv": [ 6.5, 2.5, 6.75, 3 ], "texture": "#code_unlocked" },
				"east": { "uv": [ 7, 2.5, 6.75, 3 ], "texture": "#code_unlocked" }
			}
		},
		{
			"__comment": "Voxels",
			"from": [ 8.5, 3, 2.5 ],
			"to": [ 9.5, 3.5, 14 ],
			"faces": {
				"down": { "uv": [ 4.5, 0.5, 5, 6.25 ], "texture": "#code_unlocked" },
				"up": { "uv": [ 4.5, 12, 5, 6.25 ], "texture": "#code_unlocked" },
				"south": { "uv": [ 15.5, 9, 16, 9.25 ], "texture": "#code_unlocked" },
				"west": { "uv": [ 5.5, 10.5, 11.25, 10.75 ], "texture": "#code_unlocked" },
				"east": { "uv": [ 11.25, 10.75, 5.5, 11 ], "texture": "#code_unlocked" }
			}
		},
		{
			"__comment": "Voxels",
			"from": [ 8.5, 3.5, 13.5 ],
			"to": [ 9.5, 4, 14 ],
			"faces": {
				"south": { "uv": [ 11, 9, 11.5, 9.25 ], "texture": "#code_unlocked" },
				"west": { "uv": [ 15.75, 11.25, 16, 11.5 ], "texture": "#code_unlocked" },
				"east": { "uv": [ 15, 11, 14.75, 11.25 ], "texture": "#code_unlocked" }
			}
		},
		{
			"__comment": "Voxels",
			"from": [ 8.5, 12, 2 ],
			"to": [ 9.5, 13, 2.5 ],
			"faces": {
				"up": { "uv": [ 12, 9.25, 12.5, 9 ], "texture": "#code_unlocked" },
				"north": { "uv": [ 16, 13.5, 15.5, 14 ], "texture": "#code_unlocked" },
				"south": { "uv": [ 15.5, 13, 16, 13.5 ], "texture": "#code_unlocked" },
				"west": { "uv": [ 3.25, 0, 3.5, 0.5 ], "texture": "#code_unlocked" },
				"east": { "uv": [ 4.5, 0, 4.25, 0.5 ], "texture": "#code_unlocked" }
			}
		},
		{
			"__comment": "Voxels",
			"from": [ 8.5, 12, 13.5 ],
			"to": [ 9.5, 13, 14 ],
			"faces": {
				"up": { "uv": [ 13, 9.25, 13.5, 9 ], "texture": "#code_unlocked" },
				"north": { "uv": [ 11.75, 6.25, 11.25, 6.75 ], "texture": "#code_unlocked" },
				"south": { "uv": [ 11.75, 6.25, 12.25, 6.75 ], "texture": "#code_unlocked" },
				"west": { "uv": [ 15.75, 11.5, 16, 12 ], "texture": "#code_unlocked" },
				"east": { "uv": [ 6.75, 3.5, 6.5, 4 ], "texture": "#code_unlocked" }
			}
		},
		{
			"__comment": "Voxels",
			"from": [ 8.5, 12.5, 2.5 ],
			"to": [ 9.5, 13, 13.5 ],
			"faces": {
				"up": { "uv": [ 5, 12, 5.5, 6.5 ], "texture": "#code_unlocked" },
				"west": { "uv": [ 5.5, 10.25, 11, 10.5 ], "texture": "#code_unlocked" },
				"east": { "uv": [ 11, 10, 5.5, 10.25 ], "texture": "#code_unlocked" }
			}
		},
		{
			"__comment": "Voxels",
			"from": [ 9, 3, 1.5 ],
			"to": [ 9.5, 13, 2 ],
			"faces": {
				"down": { "uv": [ 15.75, 10.75, 16, 11 ], "texture": "#code_unlocked" },
				"up": { "uv": [ 15.75, 10.75, 16, 10.5 ], "texture": "#code_unlocked" },
				"north": { "uv": [ 5.5, 1.5, 5.25, 6.5 ], "texture": "#code_unlocked" },
				"south": { "uv": [ 5.5, 4, 5.75, 9 ], "texture": "#code_unlocked" },
				"west": { "uv": [ 5.75, 4, 6, 9 ], "texture": "#code_unlocked" },
				"east": { "uv": [ 6.25, 4, 6, 9 ], "texture": "#code_unlocked" }
			}
		},
		{
			"__comment": "Voxels",
			"from": [ 9, 3, 14 ],
			"to": [ 9.5, 13, 14.5 ],
			"faces": {
				"down": { "uv": [ 14.5, 12, 14.75, 12.25 ], "texture": "#code_unlocked" },
				"up": { "uv": [ 13, 11.25, 13.25, 11 ], "texture": "#code_unlocked" },
				"north": { "uv": [ 6.5, 4, 6.25, 9 ], "texture": "#code_unlocked" },
				"south": { "uv": [ 6.5, 4, 6.75, 9 ], "texture": "#code_unlocked" },
				"west": { "uv": [ 6.75, 4, 7, 9 ], "texture": "#code_unlocked" },
				"east": { "uv": [ 5.25, 1.5, 5, 6.5 ], "texture": "#code_unlocked" }
			}
		}
	],
	"display": {
		"thirdperson_righthand": {
			"scale":  [ 0.3, 0.3, 0.3 ]
		},
		"firstperson_righthand": {
			"rotation":  [ -106, 0, 0 ],
			"translation":  [ 3.4782, 0, -4.869 ]
		},
		"gui": {
			"rotation":  [ -88, 0, 42 ]
		},
		"ground": {
			"scale":  [ 0.0001, 0.0001, 0.0001 ]
		}
	}
}