{
	"__comment": "Designed by DevastMc",
	"parent": "minecraft:block/block",
	"textures": {
		"particle": "block/coal_block",
		"texture": "block/smooth_stone"
	},
	"elements": [ 	 
		{
			"__comment": "Element",
			"from": [ -0.5, 13.5, 7.5 ],
			"to": [ 16.5, 15.5, 9.5 ],
			"faces": {
				"down": { "uv": [ 0, 7, 16, 9 ], "texture": "#texture", "cullface": "down", "rotation": 180 },
				"up": { "uv": [ 16, 9, 0, 7 ], "texture": "#texture", "rotation": 180 },
				"north": { "uv": [ 0, 7, 16, 10 ], "texture": "#texture", "rotation": 180 },
				"south": { "uv": [ 0, 7, 16, 10 ], "texture": "#texture", "rotation": 180 },
				"west": { "uv": [ 0, 7, 2, 10 ], "texture": "#texture", "cullface": "south" },
				"east": { "uv": [ 2, 10, 0, 7 ], "texture": "#texture", "cullface": "north", "rotation": 180 }
			}
		},
		{
			"__comment": "Element",
			"from": [ -0.5, 11, 7.5 ],
			"to": [ 16.5, 13, 9.5 ],
			"faces": {
				"down": { "uv": [ 0, 7, 16, 9 ], "texture": "#particle", "cullface": "down", "rotation": 180 },
				"up": { "uv": [ 16, 9, 0, 7 ], "texture": "#particle", "rotation": 180 },
				"north": { "uv": [ 0, 7, 16, 10 ], "texture": "#particle", "rotation": 180 },
				"south": { "uv": [ 0, 7, 16, 10 ], "texture": "#particle", "rotation": 180 },
				"west": { "uv": [ 0, 7, 2, 10 ], "texture": "#particle", "cullface": "south" },
				"east": { "uv": [ 2, 10, 0, 7 ], "texture": "#particle", "cullface": "north", "rotation": 180 }
			}
		},
		{
			"__comment": "Element",
			"from": [ 0, 6.5, 7.5 ],
			"to": [ 9, 8.5, 9.5 ],
			"faces": {
				"down": { "uv": [ 0, 7, 16, 9 ], "texture": "#particle", "cullface": "down", "rotation": 180 },
				"up": { "uv": [ 16, 9, 0, 7 ], "texture": "#particle", "rotation": 180 },
				"north": { "uv": [ 0, 7, 16, 10 ], "texture": "#particle", "rotation": 180 },
				"south": { "uv": [ 0, 7, 16, 10 ], "texture": "#particle", "rotation": 180 },
				"west": { "uv": [ 0, 7, 2, 10 ], "texture": "#particle", "cullface": "south" },
				"east": { "uv": [ 2, 10, 0, 7 ], "texture": "#particle", "cullface": "north", "rotation": 180 }
			}
		},
		{
			"__comment": "Element",
			"from": [ 7.4167, 8.5, 7 ],
			"to": [ 17.9167, 10.5, 10 ],
			"faces": {
				"down": { "uv": [ 0, 7, 16, 9 ], "texture": "#particle", "cullface": "down", "rotation": 180 },
				"up": { "uv": [ 16, 9, 0, 7 ], "texture": "#particle", "rotation": 180 },
				"north": { "uv": [ 0, 7, 16, 10 ], "texture": "#particle", "rotation": 180 },
				"south": { "uv": [ 0, 7, 16, 10 ], "texture": "#particle", "rotation": 180 },
				"west": { "uv": [ 0, 7, 2, 10 ], "texture": "#particle", "cullface": "south" },
				"east": { "uv": [ 2, 10, 0, 7 ], "texture": "#particle", "cullface": "north", "rotation": 180 }
			}
		}
	]
}