{
	"__comment": "Designed by DevastMc",
	"textures": {
		"ration_box": "blocks/ration_box"
	},
	"elements": [ 	 
		{
			"__comment": "Voxels",
			"from": [ 1.5, 0, 1.5 ],
			"to": [ 14.5, 5, 2 ],
			"faces": {
				"down": { "uv": [ 11.875, 11.375, 15.125, 11.5 ], "texture": "#ration_box" },
				"up": { "uv": [ 8.5, 11.75, 11.75, 11.625 ], "texture": "#ration_box" },
				"north": { "uv": [ 9.75, 14.75, 6.5, 16 ], "texture": "#ration_box" },
				"south": { "uv": [ 6.5, 13.5, 9.75, 14.75 ], "texture": "#ration_box" },
				"west": { "uv": [ 5.125, 5, 5.25, 6.25 ], "texture": "#ration_box" },
				"east": { "uv": [ 5.375, 5, 5.25, 6.25 ], "texture": "#ration_box" }
			}
		},
		{
			"__comment": "Voxels",
			"from": [ 1.5, 0, 2 ],
			"to": [ 14.5, 0.5, 14.5 ],
			"faces": {
				"down": { "uv": [ 0, 12.875, 3.25, 16 ], "texture": "#ration_box" },
				"up": { "uv": [ 3.25, 16, 6.5, 12.875 ], "texture": "#ration_box" },
				"south": { "uv": [ 8.625, 11.375, 11.875, 11.5 ], "texture": "#ration_box" },
				"west": { "uv": [ 3.625, 11, 6.75, 11.125 ], "texture": "#ration_box" },
				"east": { "uv": [ 9.875, 11, 6.75, 11.125 ], "texture": "#ration_box" }
			}
		},
		{
			"__comment": "Voxels",
			"from": [ 1.5, 0.5, 2 ],
			"to": [ 12.5, 5.5, 2.5 ],
			"faces": {
				"up": { "uv": [ 10.75, 10.75, 13.5, 10.625 ], "texture": "#ration_box" },
				"north": { "uv": [ 2.75, 11.625, 0, 12.875 ], "texture": "#ration_box" },
				"south": { "uv": [ 0, 10.375, 2.75, 11.625 ], "texture": "#ration_box" },
				"west": { "uv": [ 5.375, 5, 5.5, 6.25 ], "texture": "#ration_box" },
				"east": { "uv": [ 5.625, 5, 5.5, 6.25 ], "texture": "#ration_box" }
			}
		},
		{
			"__comment": "Voxels",
			"from": [ 1.5, 0.5, 2.5 ],
			"to": [ 3, 5.5, 3 ],
			"faces": {
				"up": { "uv": [ 11.125, 7.875, 11.5, 7.75 ], "texture": "#ration_box" },
				"south": { "uv": [ 15.625, 13.5, 16, 14.75 ], "texture": "#ration_box" },
				"west": { "uv": [ 5.625, 5, 5.75, 6.25 ], "texture": "#ration_box" },
				"east": { "uv": [ 5.875, 5, 5.75, 6.25 ], "texture": "#ration_box" }
			}
		},
		{
			"__comment": "Voxels",
			"from": [ 1.5, 0.5, 3 ],
			"to": [ 2.5, 5.5, 14.5 ],
			"faces": {
				"up": { "uv": [ 2.75, 11.75, 3, 8.875 ], "texture": "#ration_box" },
				"south": { "uv": [ 2.75, 0.75, 3, 2 ], "texture": "#ration_box" },
				"west": { "uv": [ 12.75, 13.5, 15.625, 14.75 ], "texture": "#ration_box" },
				"east": { "uv": [ 15.625, 14.75, 12.75, 16 ], "texture": "#ration_box" }
			}
		},
		{
			"__comment": "Voxels",
			"from": [ 2, 0, 1 ],
			"to": [ 6.5, 0.5, 1.5 ],
			"faces": {
				"down": { "uv": [ 5.5, 2.5, 6.625, 2.625 ], "texture": "#ration_box" },
				"up": { "uv": [ 5.5, 2.5, 6.625, 2.375 ], "texture": "#ration_box" },
				"north": { "uv": [ 6.625, 2.25, 5.5, 2.375 ], "texture": "#ration_box" },
				"west": { "uv": [ 15.625, 7.5, 15.75, 7.625 ], "texture": "#ration_box" },
				"east": { "uv": [ 15.625, 7.5, 15.5, 7.625 ], "texture": "#ration_box" }
			}
		},
		{
			"__comment": "Voxels",
			"from": [ 2, 0.5, 1 ],
			"to": [ 5.5, 1, 1.5 ],
			"faces": {
				"up": { "uv": [ 15.125, 9.625, 16, 9.5 ], "texture": "#ration_box" },
				"north": { "uv": [ 9.75, 12.875, 8.875, 13 ], "texture": "#ration_box" },
				"west": { "uv": [ 15.375, 7.5, 15.5, 7.625 ], "texture": "#ration_box" },
				"east": { "uv": [ 15.375, 7.5, 15.25, 7.625 ], "texture": "#ration_box" }
			}
		},
		{
			"__comment": "Voxels",
			"from": [ 2, 1, 1 ],
			"to": [ 4.5, 1.5, 1.5 ],
			"faces": {
				"up": { "uv": [ 11.875, 8.25, 12.5, 8.125 ], "texture": "#ration_box" },
				"north": { "uv": [ 13.125, 8.125, 12.5, 8.25 ], "texture": "#ration_box" },
				"west": { "uv": [ 14.875, 7.5, 15, 7.625 ], "texture": "#ration_box" },
				"east": { "uv": [ 14.5, 7.5, 14.375, 7.625 ], "texture": "#ration_box" }
			}
		},
		{
			"__comment": "Voxels",
			"from": [ 2, 1.5, 1 ],
			"to": [ 3, 2, 1.5 ],
			"faces": {
				"up": { "uv": [ 15.75, 8.375, 16, 8.25 ], "texture": "#ration_box" },
				"north": { "uv": [ 8.125, 1.75, 7.875, 1.875 ], "texture": "#ration_box" },
				"west": { "uv": [ 14.25, 7.5, 14.375, 7.625 ], "texture": "#ration_box" },
				"east": { "uv": [ 14.25, 7.5, 14.125, 7.625 ], "texture": "#ration_box" }
			}
		},
		{
			"__comment": "Voxels",
			"from": [ 2, 5, 1.5 ],
			"to": [ 14.5, 5.5, 2 ],
			"faces": {
				"up": { "uv": [ 3.625, 11, 6.75, 10.875 ], "texture": "#ration_box" },
				"north": { "uv": [ 15, 11.25, 11.875, 11.375 ], "texture": "#ration_box" },
				"south": { "uv": [ 11.875, 11.125, 15, 11.25 ], "texture": "#ration_box" },
				"west": { "uv": [ 13.75, 7.5, 13.875, 7.625 ], "texture": "#ration_box" },
				"east": { "uv": [ 13.25, 7.5, 13.125, 7.625 ], "texture": "#ration_box" }
			}
		},
		{
			"__comment": "Voxels",
			"from": [ 2.5, 0.5, 13.5 ],
			"to": [ 14.5, 5.5, 14 ],
			"faces": {
				"up": { "uv": [ 6.75, 11, 9.75, 10.875 ], "texture": "#ration_box" },
				"north": { "uv": [ 12.75, 13.5, 9.75, 14.75 ], "texture": "#ration_box" },
				"south": { "uv": [ 9.75, 14.75, 12.75, 16 ], "texture": "#ration_box" },
				"east": { "uv": [ 5.5, 1.875, 5.375, 3.125 ], "texture": "#ration_box" }
			}
		},
		{
			"__comment": "Voxels",
			"from": [ 2.5, 0.5, 14 ],
			"to": [ 14.5, 5, 14.5 ],
			"faces": {
				"up": { "uv": [ 12.75, 11, 15.75, 10.875 ], "texture": "#ration_box" },
				"south": { "uv": [ 5.75, 11.75, 8.75, 12.875 ], "texture": "#ration_box" },
				"east": { "uv": [ 5.75, 0.125, 5.625, 1.25 ], "texture": "#ration_box" }
			}
		},
		{
			"__comment": "Voxels",
			"from": [ 2.5, 2, 3.5 ],
			"to": [ 3, 4.5, 5 ],
			"faces": {
				"down": { "uv": [ 13.75, 12.125, 13.875, 12.5 ], "texture": "#ration_box" },
				"up": { "uv": [ 5, 5.5, 5.125, 5.125 ], "texture": "#ration_box" },
				"north": { "uv": [ 2.75, 0, 2.625, 0.625 ], "texture": "#ration_box" },
				"south": { "uv": [ 3.5, 3.625, 3.625, 4.25 ], "texture": "#ration_box" },
				"east": { "uv": [ 4, 4.875, 3.625, 5.5 ], "texture": "#ration_box" }
			}
		},
		{
			"__comment": "Voxels",
			"from": [ 2.5, 2, 6 ],
			"to": [ 5, 5.5, 7.5 ],
			"faces": {
				"down": { "uv": [ 4.125, 6.25, 4.75, 6.625 ], "texture": "#ration_box" },
				"up": { "uv": [ 4, 4.875, 4.625, 4.5 ], "texture": "#ration_box" },
				"north": { "uv": [ 15.125, 12, 14.5, 12.875 ], "texture": "#ration_box" },
				"south": { "uv": [ 13.875, 12, 14.5, 12.875 ], "texture": "#ration_box" },
				"east": { "uv": [ 3.375, 5.125, 3, 6 ], "texture": "#ration_box" }
			}
		},
		{
			"__comment": "Voxels",
			"from": [ 2.5, 2, 7.5 ],
			"to": [ 5, 4, 8 ],
			"faces": {
				"down": { "uv": [ 7.5, 8, 8.125, 8.125 ], "texture": "#ration_box" },
				"up": { "uv": [ 8.125, 8.125, 8.75, 8 ], "texture": "#ration_box" },
				"south": { "uv": [ 3, 1, 3.625, 1.5 ], "texture": "#ration_box" },
				"east": { "uv": [ 7, 2.25, 6.875, 2.75 ], "texture": "#ration_box" }
			}
		},
		{
			"__comment": "Voxels",
			"from": [ 2.5, 2, 8 ],
			"to": [ 5, 2.5, 13.5 ],
			"faces": {
				"down": { "uv": [ 0, 3.25, 0.625, 4.625 ], "texture": "#ration_box" },
				"up": { "uv": [ 0.625, 4.625, 1.25, 3.25 ], "texture": "#ration_box" },
				"east": { "uv": [ 16, 10.125, 14.625, 10.25 ], "texture": "#ration_box" }
			}
		},
		{
			"__comment": "Voxels",
			"from": [ 2.5, 2.5, 5.5 ],
			"to": [ 5, 5.5, 6 ],
			"faces": {
				"down": { "uv": [ 11.25, 8, 11.875, 8.125 ], "texture": "#ration_box" },
				"up": { "uv": [ 11.875, 8.125, 12.5, 8 ], "texture": "#ration_box" },
				"north": { "uv": [ 3.625, 10.75, 3, 11.5 ], "texture": "#ration_box" },
				"east": { "uv": [ 6.875, 2, 6.75, 2.75 ], "texture": "#ration_box" }
			}
		},
		{
			"__comment": "Voxels",
			"from": [ 2.5, 2.5, 8.5 ],
			"to": [ 6, 3, 10.5 ],
			"faces": {
				"down": { "uv": [ 8.875, 13, 9.75, 13.5 ], "texture": "#ration_box" },
				"up": { "uv": [ 15, 13.5, 15.875, 13 ], "texture": "#ration_box" },
				"north": { "uv": [ 15.875, 8.625, 15, 8.75 ], "texture": "#ration_box" },
				"south": { "uv": [ 13.25, 8.75, 14.125, 8.875 ], "texture": "#ration_box" },
				"east": { "uv": [ 8, 5.125, 7.5, 5.25 ], "texture": "#ration_box" }
			}
		},
		{
			"__comment": "Voxels",
			"from": [ 2.5, 2.5, 11.5 ],
			"to": [ 6, 3, 13 ],
			"faces": {
				"down": { "uv": [ 15.125, 11.75, 16, 12.125 ], "texture": "#ration_box" },
				"up": { "uv": [ 15.125, 11.5, 16, 11.125 ], "texture": "#ration_box" },
				"north": { "uv": [ 8, 8.5, 7.125, 8.625 ], "texture": "#ration_box" },
				"south": { "uv": [ 15, 8.75, 15.875, 8.875 ], "texture": "#ration_box" },
				"east": { "uv": [ 6.75, 4.625, 6.375, 4.75 ], "texture": "#ration_box" }
			}
		},
		{
			"__comment": "Voxels",
			"from": [ 2.5, 2.5, 13 ],
			"to": [ 5, 3, 13.5 ],
			"faces": {
				"up": { "uv": [ 7.5, 8, 8.125, 7.875 ], "texture": "#ration_box" },
				"east": { "uv": [ 13, 7.5, 12.875, 7.625 ], "texture": "#ration_box" }
			}
		},
		{
			"__comment": "Voxels",
			"from": [ 2.5, 3, 3 ],
			"to": [ 8, 4.5, 3.5 ],
			"faces": {
				"down": { "uv": [ 14.625, 10, 16, 10.125 ], "texture": "#ration_box" },
				"up": { "uv": [ 5.125, 6.5, 6.5, 6.375 ], "texture": "#ration_box" },
				"north": { "uv": [ 13.75, 12.125, 12.375, 12.5 ], "texture": "#ration_box" },
				"south": { "uv": [ 12.375, 11.75, 13.75, 12.125 ], "texture": "#ration_box" },
				"east": { "uv": [ 7.5, 4, 7.375, 4.375 ], "texture": "#ration_box" }
			}
		},
		{
			"__comment": "Voxels",
			"from": [ 2.5, 3, 8.5 ],
			"to": [ 4, 3.5, 10.5 ],
			"faces": {
				"up": { "uv": [ 4, 0.5, 4.375, 0 ], "texture": "#ration_box" },
				"north": { "uv": [ 7.5, 3.75, 7.125, 3.875 ], "texture": "#ration_box" },
				"south": { "uv": [ 7.125, 2.875, 7.5, 3 ], "texture": "#ration_box" },
				"east": { "uv": [ 8, 4.375, 7.5, 4.5 ], "texture": "#ration_box" }
			}
		},
		{
			"__comment": "Voxels",
			"from": [ 2.5, 3, 11.5 ],
			"to": [ 4, 5.5, 13.5 ],
			"faces": {
				"down": { "uv": [ 4, 1.5, 4.375, 2 ], "texture": "#ration_box" },
				"up": { "uv": [ 4.625, 4.875, 5, 4.375 ], "texture": "#ration_box" },
				"north": { "uv": [ 4.375, 4.875, 4, 5.5 ], "texture": "#ration_box" },
				"east": { "uv": [ 3.5, 2, 3, 2.625 ], "texture": "#ration_box" }
			}
		},
		{
			"__comment": "Voxels",
			"from": [ 2.5, 3.5, 9 ],
			"to": [ 6, 4, 10 ],
			"faces": {
				"down": { "uv": [ 3.625, 3, 4.5, 3.25 ], "texture": "#ration_box" },
				"up": { "uv": [ 3.625, 3, 4.5, 2.75 ], "texture": "#ration_box" },
				"north": { "uv": [ 15, 8.5, 14.125, 8.625 ], "texture": "#ration_box" },
				"south": { "uv": [ 9.75, 8.5, 10.625, 8.625 ], "texture": "#ration_box" },
				"east": { "uv": [ 8.125, 1.375, 7.875, 1.5 ], "texture": "#ration_box" }
			}
		},
		{
			"__comment": "Voxels",
			"from": [ 2.5, 4.5, 5 ],
			"to": [ 5, 5.5, 5.5 ],
			"faces": {
				"down": { "uv": [ 13.75, 7.875, 14.375, 8 ], "texture": "#ration_box" },
				"up": { "uv": [ 14.375, 8, 15, 7.875 ], "texture": "#ration_box" },
				"north": { "uv": [ 5.125, 2.5, 4.5, 2.75 ], "texture": "#ration_box" },
				"east": { "uv": [ 8.25, 2.5, 8.125, 2.75 ], "texture": "#ration_box" }
			}
		},
		{
			"__comment": "Voxels",
			"from": [ 2.5, 4.5, 11 ],
			"to": [ 5, 5.5, 11.5 ],
			"faces": {
				"down": { "uv": [ 4.125, 6.125, 4.75, 6.25 ], "texture": "#ration_box" },
				"up": { "uv": [ 15.375, 8.5, 16, 8.375 ], "texture": "#ration_box" },
				"north": { "uv": [ 14.5, 11.75, 13.875, 12 ], "texture": "#ration_box" },
				"south": { "uv": [ 14.5, 11.75, 15.125, 12 ], "texture": "#ration_box" },
				"east": { "uv": [ 8.25, 1.25, 8.125, 1.5 ], "texture": "#ration_box" }
			}
		},
		{
			"__comment": "Voxels",
			"from": [ 2.5, 5, 14 ],
			"to": [ 14, 5.5, 14.5 ],
			"faces": {
				"up": { "uv": [ 5.125, 10.75, 8, 10.625 ], "texture": "#ration_box" },
				"south": { "uv": [ 10.875, 10.75, 13.75, 10.875 ], "texture": "#ration_box" },
				"east": { "uv": [ 12.25, 7.5, 12.125, 7.625 ], "texture": "#ration_box" }
			}
		},
		{
			"__comment": "Voxels",
			"from": [ 3, 2, 5.5 ],
			"to": [ 5, 2.5, 6 ],
			"faces": {
				"down": { "uv": [ 7.5, 4, 8, 4.125 ], "texture": "#ration_box" },
				"north": { "uv": [ 8, 3.25, 7.5, 3.375 ], "texture": "#ration_box" },
				"west": { "uv": [ 12, 7.5, 12.125, 7.625 ], "texture": "#ration_box" },
				"east": { "uv": [ 11.75, 7.5, 11.625, 7.625 ], "texture": "#ration_box" }
			}
		},
		{
			"__comment": "Voxels",
			"from": [ 3, 2.5, 2.5 ],
			"to": [ 4.5, 4.5, 3 ],
			"faces": {
				"down": { "uv": [ 7.125, 1.75, 7.5, 1.875 ], "texture": "#ration_box" },
				"up": { "uv": [ 12, 7.75, 12.375, 7.625 ], "texture": "#ration_box" },
				"south": { "uv": [ 4.75, 1.5, 5.125, 2 ], "texture": "#ration_box" },
				"east": { "uv": [ 7.25, 4.625, 7.125, 5.125 ], "texture": "#ration_box" }
			}
		},
		{
			"__comment": "Voxels",
			"from": [ 3, 2.5, 3 ],
			"to": [ 4.5, 3, 4 ],
			"faces": {
				"down": { "uv": [ 7.125, 5.375, 7.5, 5.625 ], "texture": "#ration_box" },
				"up": { "uv": [ 7.125, 5.375, 7.5, 5.125 ], "texture": "#ration_box" },
				"south": { "uv": [ 11.5, 7.75, 11.875, 7.875 ], "texture": "#ration_box" },
				"west": { "uv": [ 7.875, 1.25, 8.125, 1.375 ], "texture": "#ration_box" },
				"east": { "uv": [ 8.125, 1.125, 7.875, 1.25 ], "texture": "#ration_box" }
			}
		},
		{
			"__comment": "Voxels",
			"from": [ 3, 2.5, 8 ],
			"to": [ 5, 3.5, 8.5 ],
			"faces": {
				"up": { "uv": [ 7.5, 2.75, 8, 2.625 ], "texture": "#ration_box" },
				"south": { "uv": [ 6.125, 5, 6.625, 5.25 ], "texture": "#ration_box" },
				"west": { "uv": [ 8.125, 1, 8.25, 1.25 ], "texture": "#ration_box" },
				"east": { "uv": [ 8.25, 0.75, 8.125, 1 ], "texture": "#ration_box" }
			}
		},
		{
			"__comment": "Voxels",
			"from": [ 3, 2.5, 10.5 ],
			"to": [ 6, 3.5, 11 ],
			"faces": {
				"down": { "uv": [ 15, 8.25, 15.75, 8.375 ], "texture": "#ration_box" },
				"up": { "uv": [ 7.5, 8.25, 8.25, 8.125 ], "texture": "#ration_box" },
				"north": { "uv": [ 5.125, 0.5, 4.375, 0.75 ], "texture": "#ration_box" },
				"south": { "uv": [ 4.375, 0.25, 5.125, 0.5 ], "texture": "#ration_box" },
				"west": { "uv": [ 8.125, 0.5, 8.25, 0.75 ], "texture": "#ration_box" },
				"east": { "uv": [ 8.25, 0.25, 8.125, 0.5 ], "texture": "#ration_box" }
			}
		},
		{
			"__comment": "Voxels",
			"from": [ 3, 2.5, 11 ],
			"to": [ 5, 4.5, 11.5 ],
			"faces": {
				"north": { "uv": [ 2.75, 4.625, 2.25, 5.125 ], "texture": "#ration_box" },
				"south": { "uv": [ 3.625, 6.125, 4.125, 6.625 ], "texture": "#ration_box" },
				"west": { "uv": [ 7, 3.25, 7.125, 3.75 ], "texture": "#ration_box" },
				"east": { "uv": [ 7, 3.25, 6.875, 3.75 ], "texture": "#ration_box" }
			}
		},
		{
			"__comment": "Voxels",
			"from": [ 3, 3, 3.5 ],
			"to": [ 8, 4.5, 5.5 ],
			"faces": {
				"down": { "uv": [ 8.75, 11.875, 10, 12.375 ], "texture": "#ration_box" },
				"up": { "uv": [ 8.75, 12.875, 10, 12.375 ], "texture": "#ration_box" },
				"south": { "uv": [ 3.625, 11.125, 4.875, 11.5 ], "texture": "#ration_box" },
				"west": { "uv": [ 2.25, 1.75, 2.75, 2.125 ], "texture": "#ration_box" },
				"east": { "uv": [ 2.75, 1.375, 2.25, 1.75 ], "texture": "#ration_box" }
			}
		},
		{
			"__comment": "Voxels",
			"from": [ 3, 3.5, 8.5 ],
			"to": [ 6, 5, 9 ],
			"faces": {
				"down": { "uv": [ 8.25, 8.125, 9, 8.25 ], "texture": "#ration_box" },
				"up": { "uv": [ 9, 8.25, 9.75, 8.125 ], "texture": "#ration_box" },
				"north": { "uv": [ 5.125, 7.875, 4.375, 8.25 ], "texture": "#ration_box" },
				"south": { "uv": [ 3.625, 7.875, 4.375, 8.25 ], "texture": "#ration_box" },
				"west": { "uv": [ 7.125, 3, 7.25, 3.375 ], "texture": "#ration_box" },
				"east": { "uv": [ 7.5, 3.375, 7.375, 3.75 ], "texture": "#ration_box" }
			}
		},
		{
			"__comment": "Voxels",
			"from": [ 3, 3.5, 10 ],
			"to": [ 6, 5, 10.5 ],
			"faces": {
				"down": { "uv": [ 9.75, 8.125, 10.5, 8.25 ], "texture": "#ration_box" },
				"up": { "uv": [ 10.5, 8.25, 11.25, 8.125 ], "texture": "#ration_box" },
				"north": { "uv": [ 5.125, 8.25, 4.375, 8.625 ], "texture": "#ration_box" },
				"south": { "uv": [ 3.625, 8.25, 4.375, 8.625 ], "texture": "#ration_box" },
				"west": { "uv": [ 7.25, 3.375, 7.375, 3.75 ], "texture": "#ration_box" },
				"east": { "uv": [ 7.25, 3.375, 7.125, 3.75 ], "texture": "#ration_box" }
			}
		},
		{
			"__comment": "Voxels",
			"from": [ 3, 4, 7.5 ],
			"to": [ 5, 5, 8 ],
			"faces": {
				"up": { "uv": [ 6.25, 1.75, 6.75, 1.625 ], "texture": "#ration_box" },
				"south": { "uv": [ 7.375, 8.625, 7.875, 8.875 ], "texture": "#ration_box" },
				"west": { "uv": [ 8.125, 0, 8.25, 0.25 ], "texture": "#ration_box" },
				"east": { "uv": [ 8.375, 7.375, 8.25, 7.625 ], "texture": "#ration_box" }
			}
		},
		{
			"__comment": "Voxels",
			"from": [ 3, 4, 9 ],
			"to": [ 6.5, 5, 10 ],
			"faces": {
				"down": { "uv": [ 3.625, 3.25, 4.5, 3.5 ], "texture": "#ration_box" },
				"up": { "uv": [ 15, 11.75, 15.875, 11.5 ], "texture": "#ration_box" },
				"north": { "uv": [ 4.5, 4, 3.625, 4.25 ], "texture": "#ration_box" },
				"south": { "uv": [ 3.625, 2.5, 4.5, 2.75 ], "texture": "#ration_box" },
				"west": { "uv": [ 6.5, 3.125, 6.75, 3.375 ], "texture": "#ration_box" },
				"east": { "uv": [ 5.125, 0, 4.875, 0.25 ], "texture": "#ration_box" }
			}
		},
		{
			"__comment": "Voxels",
			"from": [ 3, 5, 9 ],
			"to": [ 6, 5.5, 10 ],
			"faces": {
				"up": { "uv": [ 4.375, 5.125, 5.125, 4.875 ], "texture": "#ration_box" },
				"north": { "uv": [ 15.75, 8.5, 15, 8.625 ], "texture": "#ration_box" },
				"south": { "uv": [ 7.125, 8.375, 7.875, 8.5 ], "texture": "#ration_box" },
				"west": { "uv": [ 7.875, 0.75, 8.125, 0.875 ], "texture": "#ration_box" },
				"east": { "uv": [ 8.125, 0.625, 7.875, 0.75 ], "texture": "#ration_box" }
			}
		},
		{
			"__comment": "Voxels",
			"from": [ 3.5, 1.5, 5.5 ],
			"to": [ 4, 2, 6 ],
			"faces": {
				"down": { "uv": [ 11.5, 7.5, 11.625, 7.625 ], "texture": "#ration_box" },
				"north": { "uv": [ 8.375, 0.25, 8.25, 0.375 ], "texture": "#ration_box" },
				"south": { "uv": [ 8.25, 0.375, 8.375, 0.5 ], "texture": "#ration_box" },
				"west": { "uv": [ 8.25, 1.125, 8.375, 1.25 ], "texture": "#ration_box" },
				"east": { "uv": [ 8.375, 1.25, 8.25, 1.375 ], "texture": "#ration_box" }
			}
		},
		{
			"__comment": "Voxels",
			"from": [ 3.5, 2.5, 4 ],
			"to": [ 4.5, 3, 5.5 ],
			"faces": {
				"down": { "uv": [ 6.5, 5.25, 6.75, 5.625 ], "texture": "#ration_box" },
				"west": { "uv": [ 11.625, 7.625, 12, 7.75 ], "texture": "#ration_box" },
				"east": { "uv": [ 11.625, 7.625, 11.25, 7.75 ], "texture": "#ration_box" }
			}
		},
		{
			"__comment": "Voxels",
			"from": [ 3.5, 3.5, 8 ],
			"to": [ 5, 5, 8.5 ],
			"faces": {
				"up": { "uv": [ 8.625, 7.75, 9, 7.625 ], "texture": "#ration_box" },
				"north": { "uv": [ 6.125, 0.5, 5.75, 0.875 ], "texture": "#ration_box" },
				"west": { "uv": [ 8.125, 5.5, 8.25, 5.875 ], "texture": "#ration_box" },
				"east": { "uv": [ 7.375, 3, 7.25, 3.375 ], "texture": "#ration_box" }
			}
		},
		{
			"__comment": "Voxels",
			"from": [ 3.5, 3.5, 10.5 ],
			"to": [ 6, 5, 11 ],
			"faces": {
				"up": { "uv": [ 15, 8, 15.625, 7.875 ], "texture": "#ration_box" },
				"south": { "uv": [ 4.375, 5.125, 5, 5.5 ], "texture": "#ration_box" },
				"west": { "uv": [ 8.125, 5.875, 8.25, 6.25 ], "texture": "#ration_box" },
				"east": { "uv": [ 8.25, 6.25, 8.125, 6.625 ], "texture": "#ration_box" }
			}
		},
		{
			"__comment": "Voxels",
			"from": [ 3.5, 4.5, 4.5 ],
			"to": [ 4.5, 5, 5 ],
			"faces": {
				"up": { "uv": [ 13, 7.75, 13.25, 7.625 ], "texture": "#ration_box" },
				"north": { "uv": [ 13.5, 7.625, 13.25, 7.75 ], "texture": "#ration_box" },
				"west": { "uv": [ 8.25, 1.625, 8.375, 1.75 ], "texture": "#ration_box" },
				"east": { "uv": [ 8.375, 1.75, 8.25, 1.875 ], "texture": "#ration_box" }
			}
		},
		{
			"__comment": "Voxels",
			"from": [ 3.5, 5, 7.5 ],
			"to": [ 4.5, 5.5, 8 ],
			"faces": {
				"up": { "uv": [ 14, 7.75, 14.25, 7.625 ], "texture": "#ration_box" },
				"south": { "uv": [ 14.5, 7.625, 14.75, 7.75 ], "texture": "#ration_box" },
				"west": { "uv": [ 8.25, 2.125, 8.375, 2.25 ], "texture": "#ration_box" },
				"east": { "uv": [ 8.375, 2.25, 8.25, 2.375 ], "texture": "#ration_box" }
			}
		},
		{
			"__comment": "Voxels",
			"from": [ 3.5, 5, 8.5 ],
			"to": [ 5.5, 5.5, 9 ],
			"faces": {
				"up": { "uv": [ 7.5, 2.125, 8, 2 ], "texture": "#ration_box" },
				"north": { "uv": [ 8, 4.25, 7.5, 4.375 ], "texture": "#ration_box" },
				"west": { "uv": [ 8.25, 2.625, 8.375, 2.75 ], "texture": "#ration_box" },
				"east": { "uv": [ 8.375, 2.75, 8.25, 2.875 ], "texture": "#ration_box" }
			}
		},
		{
			"__comment": "Voxels",
			"from": [ 3.5, 5, 10 ],
			"to": [ 5.5, 5.5, 11 ],
			"faces": {
				"down": { "uv": [ 7.875, 8.625, 8.375, 8.875 ], "texture": "#ration_box" },
				"up": { "uv": [ 4.5, 2.25, 5, 2 ], "texture": "#ration_box" },
				"south": { "uv": [ 15.5, 8.875, 16, 9 ], "texture": "#ration_box" },
				"west": { "uv": [ 14.75, 7.625, 15, 7.75 ], "texture": "#ration_box" },
				"east": { "uv": [ 15.25, 7.625, 15, 7.75 ], "texture": "#ration_box" }
			}
		},
		{
			"__comment": "Voxels",
			"from": [ 4, 3.5, 11.5 ],
			"to": [ 6, 4.5, 13 ],
			"faces": {
				"down": { "uv": [ 4.625, 9.125, 5.125, 9.5 ], "texture": "#ration_box" },
				"up": { "uv": [ 4.625, 9.875, 5.125, 9.5 ], "texture": "#ration_box" },
				"north": { "uv": [ 9.375, 8.625, 8.875, 8.875 ], "texture": "#ration_box" },
				"south": { "uv": [ 9.375, 8.625, 9.875, 8.875 ], "texture": "#ration_box" },
				"east": { "uv": [ 5.125, 6.625, 4.75, 6.875 ], "texture": "#ration_box" }
			}
		},
		{
			"__comment": "Voxels",
			"from": [ 4, 3.5, 13 ],
			"to": [ 5, 5.5, 13.5 ],
			"faces": {
				"down": { "uv": [ 15.25, 7.625, 15.5, 7.75 ], "texture": "#ration_box" },
				"up": { "uv": [ 15.5, 7.75, 15.75, 7.625 ], "texture": "#ration_box" },
				"north": { "uv": [ 6.75, 0, 6.5, 0.5 ], "texture": "#ration_box" },
				"east": { "uv": [ 7, 1.75, 6.875, 2.25 ], "texture": "#ration_box" }
			}
		},
		{
			"__comment": "Voxels",
			"from": [ 4, 4.5, 4 ],
			"to": [ 14.5, 5, 4.5 ],
			"faces": {
				"down": { "uv": [ 10.375, 10.5, 13, 10.625 ], "texture": "#ration_box" },
				"up": { "uv": [ 5.125, 10.625, 7.75, 10.5 ], "texture": "#ration_box" },
				"north": { "uv": [ 15.625, 10.5, 13, 10.625 ], "texture": "#ration_box" },
				"south": { "uv": [ 7.75, 10.5, 10.375, 10.625 ], "texture": "#ration_box" },
				"west": { "uv": [ 8.25, 2.875, 8.375, 3 ], "texture": "#ration_box" },
				"east": { "uv": [ 8.375, 3, 8.25, 3.125 ], "texture": "#ration_box" }
			}
		},
		{
			"__comment": "Voxels",
			"from": [ 4, 4.5, 11.5 ],
			"to": [ 5.5, 5.5, 13 ],
			"faces": {
				"up": { "uv": [ 6.125, 0.875, 6.5, 0.5 ], "texture": "#ration_box" },
				"north": { "uv": [ 6.75, 5.625, 6.375, 5.875 ], "texture": "#ration_box" },
				"south": { "uv": [ 7.125, 8.125, 7.5, 8.375 ], "texture": "#ration_box" },
				"east": { "uv": [ 7.5, 7.625, 7.125, 7.875 ], "texture": "#ration_box" }
			}
		},
		{
			"__comment": "Voxels",
			"from": [ 4, 5, 8 ],
			"to": [ 4.5, 5.5, 8.5 ],
			"faces": {
				"up": { "uv": [ 8.25, 3.875, 8.375, 3.75 ], "texture": "#ration_box" },
				"west": { "uv": [ 8.375, 4.125, 8.5, 4.25 ], "texture": "#ration_box" },
				"east": { "uv": [ 8.5, 4.25, 8.375, 4.375 ], "texture": "#ration_box" }
			}
		},
		{
			"__comment": "Voxels",
			"from": [ 4.5, 0.5, 8 ],
			"to": [ 5.5, 1, 13.5 ],
			"faces": {
				"up": { "uv": [ 2.75, 6, 3, 4.625 ], "texture": "#ration_box" },
				"north": { "uv": [ 9.125, 7.5, 8.875, 7.625 ], "texture": "#ration_box" },
				"west": { "uv": [ 5.125, 6.625, 6.5, 6.75 ], "texture": "#ration_box" },
				"east": { "uv": [ 6.5, 6.5, 5.125, 6.625 ], "texture": "#ration_box" }
			}
		},
		{
			"__comment": "Voxels",
			"from": [ 4.5, 3, 2.5 ],
			"to": [ 8, 4, 3 ],
			"faces": {
				"down": { "uv": [ 8.875, 8.5, 9.75, 8.625 ], "texture": "#ration_box" },
				"up": { "uv": [ 11.5, 8.625, 12.375, 8.5 ], "texture": "#ration_box" },
				"east": { "uv": [ 8.375, 7.125, 8.25, 7.375 ], "texture": "#ration_box" }
			}
		},
		{
			"__comment": "Voxels",
			"from": [ 4.5, 3, 8.5 ],
			"to": [ 6, 3.5, 10.5 ],
			"faces": {
				"up": { "uv": [ 6.25, 7.375, 6.625, 6.875 ], "texture": "#ration_box" },
				"north": { "uv": [ 15.25, 7.75, 14.875, 7.875 ], "texture": "#ration_box" },
				"west": { "uv": [ 7.5, 2.25, 8, 2.375 ], "texture": "#ration_box" },
				"east": { "uv": [ 8, 2.375, 7.5, 2.5 ], "texture": "#ration_box" }
			}
		},
		{
			"__comment": "Voxels",
			"from": [ 4.5, 3, 11.5 ],
			"to": [ 6, 3.5, 13 ],
			"faces": {
				"north": { "uv": [ 9.625, 7.75, 9.25, 7.875 ], "texture": "#ration_box" },
				"south": { "uv": [ 8.875, 7.75, 9.25, 7.875 ], "texture": "#ration_box" },
				"west": { "uv": [ 8.5, 7.75, 8.875, 7.875 ], "texture": "#ration_box" },
				"east": { "uv": [ 8.5, 7.75, 8.125, 7.875 ], "texture": "#ration_box" }
			}
		},
		{
			"__comment": "Voxels",
			"from": [ 4.5, 3, 13 ],
			"to": [ 5, 3.5, 13.5 ],
			"faces": {
				"west": { "uv": [ 12.25, 7.5, 12.375, 7.625 ], "texture": "#ration_box" },
				"east": { "uv": [ 8.375, 0.625, 8.25, 0.75 ], "texture": "#ration_box" }
			}
		},
		{
			"__comment": "Voxels",
			"from": [ 4.5, 4, 2.5 ],
			"to": [ 5.5, 4.5, 3 ],
			"faces": {
				"up": { "uv": [ 7.875, 1, 8.125, 0.875 ], "texture": "#ration_box" },
				"east": { "uv": [ 8.125, 2.125, 8, 2.25 ], "texture": "#ration_box" }
			}
		},
		{
			"__comment": "Voxels",
			"from": [ 4.5, 4.5, 3.5 ],
			"to": [ 14.5, 5, 4 ],
			"faces": {
				"down": { "uv": [ 5.125, 10.375, 7.625, 10.5 ], "texture": "#ration_box" },
				"up": { "uv": [ 7.625, 10.5, 10.125, 10.375 ], "texture": "#ration_box" },
				"north": { "uv": [ 12.625, 10.375, 10.125, 10.5 ], "texture": "#ration_box" },
				"west": { "uv": [ 8, 3.25, 8.125, 3.375 ], "texture": "#ration_box" },
				"east": { "uv": [ 6.75, 1.875, 6.625, 2 ], "texture": "#ration_box" }
			}
		},
		{
			"__comment": "Voxels",
			"from": [ 5, 1, 8.5 ],
			"to": [ 5.5, 2.5, 13.5 ],
			"faces": {
				"up": { "uv": [ 5.875, 6.25, 6, 5 ], "texture": "#ration_box" },
				"north": { "uv": [ 7.625, 0.125, 7.5, 0.5 ], "texture": "#ration_box" },
				"west": { "uv": [ 7.375, 11.125, 8.625, 11.5 ], "texture": "#ration_box" },
				"east": { "uv": [ 7.375, 11.125, 6.125, 11.5 ], "texture": "#ration_box" }
			}
		},
		{
			"__comment": "Voxels",
			"from": [ 5, 2, 6.5 ],
			"to": [ 14.5, 5, 7.5 ],
			"faces": {
				"down": { "uv": [ 10, 12.625, 12.375, 12.875 ], "texture": "#ration_box" },
				"up": { "uv": [ 10, 12.625, 12.375, 12.375 ], "texture": "#ration_box" },
				"north": { "uv": [ 2.375, 6.625, 0, 7.375 ], "texture": "#ration_box" },
				"south": { "uv": [ 0, 7.375, 2.375, 8.125 ], "texture": "#ration_box" },
				"east": { "uv": [ 3, 0, 2.75, 0.75 ], "texture": "#ration_box" }
			}
		},
		{
			"__comment": "Voxels",
			"from": [ 5, 2.5, 6 ],
			"to": [ 14.5, 5, 6.5 ],
			"faces": {
				"down": { "uv": [ 12.625, 10.375, 15, 10.5 ], "texture": "#ration_box" },
				"up": { "uv": [ 7.5, 10.25, 9.875, 10.125 ], "texture": "#ration_box" },
				"north": { "uv": [ 8.875, 12.875, 6.5, 13.5 ], "texture": "#ration_box" },
				"east": { "uv": [ 3.625, 2, 3.5, 2.625 ], "texture": "#ration_box" }
			}
		},
		{
			"__comment": "Voxels",
			"from": [ 5, 3, 5.5 ],
			"to": [ 14.5, 3.5, 6 ],
			"faces": {
				"down": { "uv": [ 9.875, 10, 12.25, 10.125 ], "texture": "#ration_box" },
				"up": { "uv": [ 12.25, 10.125, 14.625, 10 ], "texture": "#ration_box" },
				"north": { "uv": [ 12.375, 11.75, 10, 11.875 ], "texture": "#ration_box" },
				"east": { "uv": [ 8.5, 2.25, 8.375, 2.375 ], "texture": "#ration_box" }
			}
		},
		{
			"__comment": "Voxels",
			"from": [ 5, 3, 7.5 ],
			"to": [ 14.5, 3.5, 8 ],
			"faces": {
				"down": { "uv": [ 5.125, 10, 7.5, 10.125 ], "texture": "#ration_box" },
				"up": { "uv": [ 12.25, 10.25, 14.625, 10.125 ], "texture": "#ration_box" },
				"south": { "uv": [ 5.125, 10.125, 7.5, 10.25 ], "texture": "#ration_box" },
				"east": { "uv": [ 8.5, 2.75, 8.375, 2.875 ], "texture": "#ration_box" }
			}
		},
		{
			"__comment": "Voxels",
			"from": [ 5, 3, 8 ],
			"to": [ 5.5, 3.5, 8.5 ],
			"faces": {
				"down": { "uv": [ 8.375, 2.875, 8.5, 3 ], "texture": "#ration_box" },
				"up": { "uv": [ 8.375, 3.125, 8.5, 3 ], "texture": "#ration_box" },
				"east": { "uv": [ 8.5, 5.375, 8.375, 5.5 ], "texture": "#ration_box" }
			}
		},
		{
			"__comment": "Voxels",
			"from": [ 5, 3.5, 5.5 ],
			"to": [ 5.5, 5, 6 ],
			"faces": {
				"up": { "uv": [ 8.375, 6.5, 8.5, 6.375 ], "texture": "#ration_box" },
				"north": { "uv": [ 13.875, 11.75, 13.75, 12.125 ], "texture": "#ration_box" },
				"east": { "uv": [ 8.125, 0.125, 8, 0.5 ], "texture": "#ration_box" }
			}
		},
		{
			"__comment": "Voxels",
			"from": [ 5, 4, 8 ],
			"to": [ 5.5, 5, 8.5 ],
			"faces": {
				"down": { "uv": [ 11.25, 7.5, 11.375, 7.625 ], "texture": "#ration_box" },
				"up": { "uv": [ 8.25, 0.25, 8.375, 0.125 ], "texture": "#ration_box" },
				"north": { "uv": [ 8.25, 5, 8.125, 5.25 ], "texture": "#ration_box" },
				"east": { "uv": [ 6.75, 5, 6.625, 5.25 ], "texture": "#ration_box" }
			}
		},
		{
			"__comment": "Voxels",
			"from": [ 5, 4.5, 4.5 ],
			"to": [ 14.5, 5, 5 ],
			"faces": {
				"down": { "uv": [ 12.25, 10.25, 14.625, 10.375 ], "texture": "#ration_box" },
				"up": { "uv": [ 9.875, 10.25, 12.25, 10.125 ], "texture": "#ration_box" },
				"south": { "uv": [ 7.5, 10.25, 9.875, 10.375 ], "texture": "#ration_box" },
				"west": { "uv": [ 8, 2, 8.125, 2.125 ], "texture": "#ration_box" },
				"east": { "uv": [ 5.75, 0, 5.625, 0.125 ], "texture": "#ration_box" }
			}
		},
		{
			"__comment": "Voxels",
			"from": [ 5, 5, 6.5 ],
			"to": [ 8, 5.5, 7.5 ],
			"faces": {
				"up": { "uv": [ 4.375, 1.125, 5.125, 0.875 ], "texture": "#ration_box" },
				"north": { "uv": [ 11.625, 8.375, 10.875, 8.5 ], "texture": "#ration_box" },
				"south": { "uv": [ 11.625, 8.375, 12.375, 8.5 ], "texture": "#ration_box" },
				"east": { "uv": [ 3.625, 0.25, 3.375, 0.375 ], "texture": "#ration_box" }
			}
		},
		{
			"__comment": "Voxels",
			"from": [ 5.5, 0.5, 6 ],
			"to": [ 14.5, 2.5, 6.5 ],
			"faces": {
				"north": { "uv": [ 15, 13, 12.75, 13.5 ], "texture": "#ration_box" },
				"south": { "uv": [ 0, 4.625, 2.25, 5.125 ], "texture": "#ration_box" },
				"west": { "uv": [ 7, 2.25, 7.125, 2.75 ], "texture": "#ration_box" },
				"east": { "uv": [ 6.75, 6.875, 6.625, 7.375 ], "texture": "#ration_box" }
			}
		},
		{
			"__comment": "Voxels",
			"from": [ 5.5, 0.5, 6.5 ],
			"to": [ 14.5, 2, 8 ],
			"faces": {
				"up": { "uv": [ 0, 1.375, 2.25, 1 ], "texture": "#ration_box" },
				"south": { "uv": [ 0, 2.125, 2.25, 2.5 ], "texture": "#ration_box" },
				"west": { "uv": [ 6.125, 0.125, 6.5, 0.5 ], "texture": "#ration_box" },
				"east": { "uv": [ 6.125, 0.125, 5.75, 0.5 ], "texture": "#ration_box" }
			}
		},
		{
			"__comment": "Voxels",
			"from": [ 5.5, 2, 7.5 ],
			"to": [ 14.5, 3, 8 ],
			"faces": {
				"south": { "uv": [ 10, 12.125, 12.25, 12.375 ], "texture": "#ration_box" },
				"west": { "uv": [ 15.875, 11.5, 16, 11.75 ], "texture": "#ration_box" },
				"east": { "uv": [ 12.375, 11.875, 12.25, 12.125 ], "texture": "#ration_box" }
			}
		},
		{
			"__comment": "Voxels",
			"from": [ 5.5, 2, 8.5 ],
			"to": [ 6, 2.5, 13.5 ],
			"faces": {
				"down": { "uv": [ 5.125, 3.125, 5.25, 4.375 ], "texture": "#ration_box" },
				"up": { "uv": [ 5.125, 3.125, 5.25, 1.875 ], "texture": "#ration_box" },
				"north": { "uv": [ 8.375, 3.5, 8.25, 3.625 ], "texture": "#ration_box" },
				"east": { "uv": [ 6.5, 4.125, 5.25, 4.25 ], "texture": "#ration_box" }
			}
		},
		{
			"__comment": "Voxels",
			"from": [ 5.5, 2.5, 11 ],
			"to": [ 6, 4.5, 11.5 ],
			"faces": {
				"up": { "uv": [ 8.375, 7.25, 8.5, 7.125 ], "texture": "#ration_box" },
				"north": { "uv": [ 16, 13, 15.875, 13.5 ], "texture": "#ration_box" },
				"south": { "uv": [ 6.875, 1.25, 7, 1.75 ], "texture": "#ration_box" },
				"west": { "uv": [ 7, 1.25, 7.125, 1.75 ], "texture": "#ration_box" },
				"east": { "uv": [ 5.125, 4.375, 5, 4.875 ], "texture": "#ration_box" }
			}
		},
		{
			"__comment": "Voxels",
			"from": [ 5.5, 2.5, 13 ],
			"to": [ 6, 4.5, 13.5 ],
			"faces": {
				"up": { "uv": [ 8.375, 7.5, 8.5, 7.375 ], "texture": "#ration_box" },
				"north": { "uv": [ 7, 2.75, 6.875, 3.25 ], "texture": "#ration_box" },
				"west": { "uv": [ 7, 0.25, 7.125, 0.75 ], "texture": "#ration_box" },
				"east": { "uv": [ 6.875, 0, 6.75, 0.5 ], "texture": "#ration_box" }
			}
		},
		{
			"__comment": "Voxels",
			"from": [ 5.5, 3.5, 7.5 ],
			"to": [ 14.5, 5, 8 ],
			"faces": {
				"up": { "uv": [ 11.875, 10, 14.125, 9.875 ], "texture": "#ration_box" },
				"south": { "uv": [ 0, 2.5, 2.25, 2.875 ], "texture": "#ration_box" },
				"west": { "uv": [ 7.875, 0.125, 8, 0.5 ], "texture": "#ration_box" },
				"east": { "uv": [ 8.25, 7, 8.125, 7.375 ], "texture": "#ration_box" }
			}
		},
		{
			"__comment": "Voxels",
			"from": [ 5.5, 5, 6 ],
			"to": [ 8, 5.5, 6.5 ],
			"faces": {
				"up": { "uv": [ 15, 8.25, 15.625, 8.125 ], "texture": "#ration_box" },
				"north": { "uv": [ 15, 8.125, 14.375, 8.25 ], "texture": "#ration_box" },
				"west": { "uv": [ 8.375, 3.25, 8.5, 3.375 ], "texture": "#ration_box" },
				"east": { "uv": [ 8.5, 2, 8.375, 2.125 ], "texture": "#ration_box" }
			}
		},
		{
			"__comment": "Voxels",
			"from": [ 5.5, 5, 7.5 ],
			"to": [ 8, 5.5, 8 ],
			"faces": {
				"up": { "uv": [ 10.625, 8, 11.25, 7.875 ], "texture": "#ration_box" },
				"south": { "uv": [ 14.375, 8, 15, 8.125 ], "texture": "#ration_box" },
				"west": { "uv": [ 6.625, 2.5, 6.75, 2.625 ], "texture": "#ration_box" },
				"east": { "uv": [ 6.75, 2.125, 6.625, 2.25 ], "texture": "#ration_box" }
			}
		},
		{
			"__comment": "Voxels",
			"from": [ 5.5, 5.5, 6.5 ],
			"to": [ 8, 6, 7.5 ],
			"faces": {
				"up": { "uv": [ 4.5, 4.25, 5.125, 4 ], "texture": "#ration_box" },
				"north": { "uv": [ 8.125, 6.75, 7.5, 6.875 ], "texture": "#ration_box" },
				"south": { "uv": [ 7.5, 6.875, 8.125, 7 ], "texture": "#ration_box" },
				"west": { "uv": [ 8.375, 7.5, 8.625, 7.625 ], "texture": "#ration_box" },
				"east": { "uv": [ 16, 7.625, 15.75, 7.75 ], "texture": "#ration_box" }
			}
		},
		{
			"__comment": "Voxels",
			"from": [ 6, 0.5, 5.5 ],
			"to": [ 7.5, 3, 6 ],
			"faces": {
				"north": { "uv": [ 4, 5.5, 3.625, 6.125 ], "texture": "#ration_box" },
				"south": { "uv": [ 4, 5.5, 4.375, 6.125 ], "texture": "#ration_box" },
				"west": { "uv": [ 7, 4.25, 7.125, 4.875 ], "texture": "#ration_box" },
				"east": { "uv": [ 7, 4.875, 6.875, 5.5 ], "texture": "#ration_box" }
			}
		},
		{
			"__comment": "Voxels",
			"from": [ 6, 0.5, 8 ],
			"to": [ 14.5, 1, 8.5 ],
			"faces": {
				"up": { "uv": [ 5.125, 9.875, 7.25, 9.75 ], "texture": "#ration_box" },
				"south": { "uv": [ 13.625, 9.75, 15.75, 9.875 ], "texture": "#ration_box" },
				"west": { "uv": [ 7.5, 0, 7.625, 0.125 ], "texture": "#ration_box" },
				"east": { "uv": [ 8.125, 3.375, 8, 3.5 ], "texture": "#ration_box" }
			}
		},
		{
			"__comment": "Voxels",
			"from": [ 6, 1, 8 ],
			"to": [ 7.5, 5.5, 8.5 ],
			"faces": {
				"up": { "uv": [ 7.125, 2.25, 7.5, 2.125 ], "texture": "#ration_box" },
				"north": { "uv": [ 3.375, 7.125, 3, 8.25 ], "texture": "#ration_box" },
				"south": { "uv": [ 3, 6, 3.375, 7.125 ], "texture": "#ration_box" },
				"west": { "uv": [ 6.75, 6.75, 6.875, 7.875 ], "texture": "#ration_box" },
				"east": { "uv": [ 6.875, 7.875, 6.75, 9 ], "texture": "#ration_box" }
			}
		},
		{
			"__comment": "Voxels",
			"from": [ 6, 2.5, 3.5 ],
			"to": [ 8, 3, 5 ],
			"faces": {
				"down": { "uv": [ 2.25, 2.875, 2.75, 3.25 ], "texture": "#ration_box" },
				"north": { "uv": [ 8, 1.875, 7.5, 2 ], "texture": "#ration_box" },
				"south": { "uv": [ 7.5, 5.375, 8, 5.5 ], "texture": "#ration_box" },
				"west": { "uv": [ 7.125, 0.625, 7.5, 0.75 ], "texture": "#ration_box" },
				"east": { "uv": [ 7.5, 0.25, 7.125, 0.375 ], "texture": "#ration_box" }
			}
		},
		{
			"__comment": "Voxels",
			"from": [ 6, 3.5, 5.5 ],
			"to": [ 14.5, 5, 6 ],
			"faces": {
				"up": { "uv": [ 9.375, 9.875, 11.5, 9.75 ], "texture": "#ration_box" },
				"north": { "uv": [ 2.125, 0.625, 0, 1 ], "texture": "#ration_box" },
				"west": { "uv": [ 7.375, 3, 7.5, 3.375 ], "texture": "#ration_box" },
				"east": { "uv": [ 7.875, 0.125, 7.75, 0.5 ], "texture": "#ration_box" }
			}
		},
		{
			"__comment": "Voxels",
			"from": [ 6, 4, 8.5 ],
			"to": [ 6.5, 5, 9 ],
			"faces": {
				"down": { "uv": [ 8, 3.5, 8.125, 3.625 ], "texture": "#ration_box" },
				"up": { "uv": [ 8, 3.75, 8.125, 3.625 ], "texture": "#ration_box" },
				"east": { "uv": [ 8.375, 5.875, 8.25, 6.125 ], "texture": "#ration_box" }
			}
		},
		{
			"__comment": "Voxels",
			"from": [ 6, 4, 10 ],
			"to": [ 6.5, 5, 13.5 ],
			"faces": {
				"down": { "uv": [ 6.75, 5.875, 6.875, 6.75 ], "texture": "#ration_box" },
				"up": { "uv": [ 6.75, 5.875, 6.875, 5 ], "texture": "#ration_box" },
				"west": { "uv": [ 3.625, 2.25, 4.5, 2.5 ], "texture": "#ration_box" },
				"east": { "uv": [ 4.5, 2, 3.625, 2.25 ], "texture": "#ration_box" }
			}
		},
		{
			"__comment": "Voxels",
			"from": [ 6, 5, 5.5 ],
			"to": [ 7.5, 5.5, 6 ],
			"faces": {
				"up": { "uv": [ 15.625, 7.875, 16, 7.75 ], "texture": "#ration_box" },
				"north": { "uv": [ 9.75, 7.625, 9.375, 7.75 ], "texture": "#ration_box" },
				"west": { "uv": [ 8, 4, 8.125, 4.125 ], "texture": "#ration_box" },
				"east": { "uv": [ 8.125, 4.375, 8, 4.5 ], "texture": "#ration_box" }
			}
		},
		{
			"__comment": "Voxels",
			"from": [ 6, 5.5, 6 ],
			"to": [ 7.5, 6, 6.5 ],
			"faces": {
				"up": { "uv": [ 7.125, 1.625, 7.5, 1.5 ], "texture": "#ration_box" },
				"north": { "uv": [ 7.5, 1.375, 7.125, 1.5 ], "texture": "#ration_box" },
				"west": { "uv": [ 8, 4.75, 8.125, 4.875 ], "texture": "#ration_box" },
				"east": { "uv": [ 8.125, 5.125, 8, 5.25 ], "texture": "#ration_box" }
			}
		},
		{
			"__comment": "Voxels",
			"from": [ 6, 5.5, 7.5 ],
			"to": [ 7.5, 6, 8 ],
			"faces": {
				"up": { "uv": [ 7.125, 1.125, 7.5, 1 ], "texture": "#ration_box" },
				"south": { "uv": [ 7.125, 0.75, 7.5, 0.875 ], "texture": "#ration_box" },
				"west": { "uv": [ 15.875, 8.625, 16, 8.75 ], "texture": "#ration_box" },
				"east": { "uv": [ 16, 8.75, 15.875, 8.875 ], "texture": "#ration_box" }
			}
		},
		{
			"__comment": "Voxels",
			"from": [ 6, 6, 6.5 ],
			"to": [ 7.5, 6.5, 7.5 ],
			"faces": {
				"up": { "uv": [ 7.125, 7.125, 7.5, 6.875 ], "texture": "#ration_box" },
				"north": { "uv": [ 7.5, 0.5, 7.125, 0.625 ], "texture": "#ration_box" },
				"south": { "uv": [ 7.125, 0.375, 7.5, 0.5 ], "texture": "#ration_box" },
				"west": { "uv": [ 9.125, 7.5, 9.375, 7.625 ], "texture": "#ration_box" },
				"east": { "uv": [ 10.125, 7.5, 9.875, 7.625 ], "texture": "#ration_box" }
			}
		},
		{
			"__comment": "Voxels",
			"from": [ 6.5, 2, 2.5 ],
			"to": [ 8, 3, 3.5 ],
			"faces": {
				"down": { "uv": [ 7.125, 6.625, 7.5, 6.875 ], "texture": "#ration_box" },
				"up": { "uv": [ 7.125, 5.875, 7.5, 5.625 ], "texture": "#ration_box" },
				"south": { "uv": [ 7.125, 7.375, 7.5, 7.625 ], "texture": "#ration_box" },
				"west": { "uv": [ 6.875, 1, 7.125, 1.25 ], "texture": "#ration_box" },
				"east": { "uv": [ 7.125, 0.75, 6.875, 1 ], "texture": "#ration_box" }
			}
		},
		{
			"__comment": "Voxels",
			"from": [ 6.5, 2, 3.5 ],
			"to": [ 8, 2.5, 5.5 ],
			"faces": {
				"down": { "uv": [ 3.625, 1.5, 4, 2 ], "texture": "#ration_box" },
				"up": { "uv": [ 4.375, 2, 4.75, 1.5 ], "texture": "#ration_box" },
				"south": { "uv": [ 15.625, 7.875, 16, 8 ], "texture": "#ration_box" },
				"west": { "uv": [ 7.5, 4.125, 8, 4.25 ], "texture": "#ration_box" },
				"east": { "uv": [ 5.125, 4.25, 4.625, 4.375 ], "texture": "#ration_box" }
			}
		},
		{
			"__comment": "Voxels",
			"from": [ 6.5, 2.5, 5 ],
			"to": [ 8, 3, 5.5 ],
			"faces": {
				"south": { "uv": [ 7.5, 1, 7.875, 1.125 ], "texture": "#ration_box" },
				"west": { "uv": [ 12.25, 8.625, 12.375, 8.75 ], "texture": "#ration_box" },
				"east": { "uv": [ 6.75, 2, 6.625, 2.125 ], "texture": "#ration_box" }
			}
		},
		{
			"__comment": "Voxels",
			"from": [ 6.5, 4, 2.5 ],
			"to": [ 8, 5, 3 ],
			"faces": {
				"up": { "uv": [ 7.5, 0.875, 7.875, 0.75 ], "texture": "#ration_box" },
				"south": { "uv": [ 7.125, 5.875, 7.5, 6.125 ], "texture": "#ration_box" },
				"west": { "uv": [ 8.25, 5.125, 8.375, 5.375 ], "texture": "#ration_box" },
				"east": { "uv": [ 8.375, 4.375, 8.25, 4.625 ], "texture": "#ration_box" }
			}
		},
		{
			"__comment": "Voxels",
			"from": [ 6.5, 4.5, 3 ],
			"to": [ 14.5, 5, 3.5 ],
			"faces": {
				"down": { "uv": [ 7.125, 9.5, 9.125, 9.625 ], "texture": "#ration_box" },
				"up": { "uv": [ 5.125, 9.625, 7.125, 9.5 ], "texture": "#ration_box" },
				"north": { "uv": [ 11.125, 9.5, 9.125, 9.625 ], "texture": "#ration_box" },
				"west": { "uv": [ 6.625, 7.375, 6.75, 7.5 ], "texture": "#ration_box" },
				"east": { "uv": [ 8.5, 1.875, 8.375, 2 ], "texture": "#ration_box" }
			}
		},
		{
			"__comment": "Voxels",
			"from": [ 6.5, 4.5, 5 ],
			"to": [ 14.5, 5.5, 5.5 ],
			"faces": {
				"down": { "uv": [ 11.25, 9.625, 13.25, 9.75 ], "texture": "#ration_box" },
				"up": { "uv": [ 9.25, 9.75, 11.25, 9.625 ], "texture": "#ration_box" },
				"north": { "uv": [ 2, 0, 0, 0.25 ], "texture": "#ration_box" },
				"south": { "uv": [ 3, 11.5, 5, 11.75 ], "texture": "#ration_box" },
				"west": { "uv": [ 8.25, 4.125, 8.375, 4.375 ], "texture": "#ration_box" },
				"east": { "uv": [ 8.375, 3.875, 8.25, 4.125 ], "texture": "#ration_box" }
			}
		},
		{
			"__comment": "Voxels",
			"from": [ 6.5, 4.5, 8.5 ],
			"to": [ 8, 5, 13.5 ],
			"faces": {
				"down": { "uv": [ 3, 9.5, 3.375, 10.75 ], "texture": "#ration_box" },
				"up": { "uv": [ 3, 9.5, 3.375, 8.25 ], "texture": "#ration_box" },
				"north": { "uv": [ 7.5, 2.75, 7.125, 2.875 ], "texture": "#ration_box" },
				"west": { "uv": [ 5.5, 3, 6.75, 3.125 ], "texture": "#ration_box" },
				"east": { "uv": [ 6.75, 2.875, 5.5, 3 ], "texture": "#ration_box" }
			}
		},
		{
			"__comment": "Voxels",
			"from": [ 6.5, 5, 4.5 ],
			"to": [ 14.5, 5.5, 5 ],
			"faces": {
				"up": { "uv": [ 5.125, 9.5, 7.125, 9.375 ], "texture": "#ration_box" },
				"north": { "uv": [ 13.125, 9.5, 11.125, 9.625 ], "texture": "#ration_box" },
				"west": { "uv": [ 8.375, 3.375, 8.5, 3.5 ], "texture": "#ration_box" },
				"east": { "uv": [ 8.5, 3.5, 8.375, 3.625 ], "texture": "#ration_box" }
			}
		},
		{
			"__comment": "Voxels",
			"from": [ 6.5, 5.5, 5.5 ],
			"to": [ 7, 6, 6 ],
			"faces": {
				"up": { "uv": [ 8.375, 4.75, 8.5, 4.625 ], "texture": "#ration_box" },
				"north": { "uv": [ 8.5, 4.75, 8.375, 4.875 ], "texture": "#ration_box" },
				"west": { "uv": [ 8.375, 5.25, 8.5, 5.375 ], "texture": "#ration_box" },
				"east": { "uv": [ 8.5, 6.5, 8.375, 6.625 ], "texture": "#ration_box" }
			}
		},
		{
			"__comment": "Voxels",
			"from": [ 7, 5, 4 ],
			"to": [ 14.5, 5.5, 4.5 ],
			"faces": {
				"up": { "uv": [ 9, 9.5, 10.875, 9.375 ], "texture": "#ration_box" },
				"north": { "uv": [ 9, 9.375, 7.125, 9.5 ], "texture": "#ration_box" },
				"west": { "uv": [ 8.375, 6.625, 8.5, 6.75 ], "texture": "#ration_box" },
				"east": { "uv": [ 8.5, 7, 8.375, 7.125 ], "texture": "#ration_box" }
			}
		},
		{
			"__comment": "Voxels",
			"from": [ 7.5, 2, 5.5 ],
			"to": [ 14.5, 3, 6 ],
			"faces": {
				"down": { "uv": [ 8.625, 9.125, 10.375, 9.25 ], "texture": "#ration_box" },
				"north": { "uv": [ 6.75, 11.5, 5, 11.75 ], "texture": "#ration_box" },
				"south": { "uv": [ 6.75, 11.5, 8.5, 11.75 ], "texture": "#ration_box" },
				"east": { "uv": [ 12.375, 12.125, 12.25, 12.375 ], "texture": "#ration_box" }
			}
		},
		{
			"__comment": "Voxels",
			"from": [ 7.5, 3.5, 13 ],
			"to": [ 14.5, 4, 13.5 ],
			"faces": {
				"down": { "uv": [ 12.75, 9.375, 14.5, 9.5 ], "texture": "#ration_box" },
				"up": { "uv": [ 5.125, 9.375, 6.875, 9.25 ], "texture": "#ration_box" },
				"north": { "uv": [ 6.875, 9.125, 5.125, 9.25 ], "texture": "#ration_box" },
				"west": { "uv": [ 8.25, 0.5, 8.375, 0.625 ], "texture": "#ration_box" },
				"east": { "uv": [ 8.375, 3.375, 8.25, 3.5 ], "texture": "#ration_box" }
			}
		},
		{
			"__comment": "Voxels",
			"from": [ 7.5, 4, 8 ],
			"to": [ 14.5, 4.5, 8.5 ],
			"faces": {
				"down": { "uv": [ 12.125, 9.25, 13.875, 9.375 ], "texture": "#ration_box" },
				"up": { "uv": [ 10.375, 9.375, 12.125, 9.25 ], "texture": "#ration_box" },
				"south": { "uv": [ 6.875, 9.25, 8.625, 9.375 ], "texture": "#ration_box" },
				"east": { "uv": [ 8.5, 7.25, 8.375, 7.375 ], "texture": "#ration_box" }
			}
		},
		{
			"__comment": "Voxels",
			"from": [ 7.5, 4, 8.5 ],
			"to": [ 8.5, 4.5, 13.5 ],
			"faces": {
				"down": { "uv": [ 3.375, 8.25, 3.625, 9.5 ], "texture": "#ration_box" },
				"up": { "uv": [ 3.375, 10.75, 3.625, 9.5 ], "texture": "#ration_box" },
				"west": { "uv": [ 5.25, 4.25, 6.5, 4.375 ], "texture": "#ration_box" },
				"east": { "uv": [ 6.5, 3.75, 5.25, 3.875 ], "texture": "#ration_box" }
			}
		},
		{
			"__comment": "Voxels",
			"from": [ 8, 1, 8 ],
			"to": [ 14.5, 4, 8.5 ],
			"faces": {
				"north": { "uv": [ 1.625, 5.125, 0, 5.875 ], "texture": "#ration_box" },
				"south": { "uv": [ 0, 5.875, 1.625, 6.625 ], "texture": "#ration_box" },
				"west": { "uv": [ 6.75, 0.5, 6.875, 1.25 ], "texture": "#ration_box" },
				"east": { "uv": [ 6.875, 1.25, 6.75, 2 ], "texture": "#ration_box" }
			}
		},
		{
			"__comment": "Voxels",
			"from": [ 8, 3.5, 8.5 ],
			"to": [ 14.5, 4, 13 ],
			"faces": {
				"down": { "uv": [ 0, 8.125, 1.625, 9.25 ], "texture": "#ration_box" },
				"up": { "uv": [ 0, 10.375, 1.625, 9.25 ], "texture": "#ration_box" },
				"west": { "uv": [ 6.75, 9, 7.875, 9.125 ], "texture": "#ration_box" },
				"east": { "uv": [ 6.625, 1.25, 5.5, 1.375 ], "texture": "#ration_box" }
			}
		},
		{
			"__comment": "Voxels",
			"from": [ 8, 4.5, 2.5 ],
			"to": [ 14.5, 5.5, 3 ],
			"faces": {
				"down": { "uv": [ 5.125, 8.625, 6.75, 8.75 ], "texture": "#ration_box" },
				"up": { "uv": [ 5.125, 8.625, 6.75, 8.5 ], "texture": "#ration_box" },
				"north": { "uv": [ 10.25, 11.125, 8.625, 11.375 ], "texture": "#ration_box" },
				"south": { "uv": [ 13.375, 11.5, 15, 11.75 ], "texture": "#ration_box" },
				"west": { "uv": [ 5, 8.625, 5.125, 8.875 ], "texture": "#ration_box" },
				"east": { "uv": [ 5.125, 2, 5, 2.25 ], "texture": "#ration_box" }
			}
		},
		{
			"__comment": "Voxels",
			"from": [ 8, 4.5, 8 ],
			"to": [ 14.5, 5, 8.5 ],
			"faces": {
				"up": { "uv": [ 5.125, 8.25, 6.75, 8.125 ], "texture": "#ration_box" },
				"south": { "uv": [ 5.125, 8.375, 6.75, 8.5 ], "texture": "#ration_box" },
				"west": { "uv": [ 8.25, 1.375, 8.375, 1.5 ], "texture": "#ration_box" },
				"east": { "uv": [ 8.375, 0.75, 8.25, 0.875 ], "texture": "#ration_box" }
			}
		},
		{
			"__comment": "Voxels",
			"from": [ 8, 5, 3 ],
			"to": [ 14.5, 5.5, 4 ],
			"faces": {
				"down": { "uv": [ 10.25, 11.125, 11.875, 11.375 ], "texture": "#ration_box" },
				"up": { "uv": [ 11.75, 11.75, 13.375, 11.5 ], "texture": "#ration_box" },
				"west": { "uv": [ 15.75, 9.75, 16, 9.875 ], "texture": "#ration_box" },
				"east": { "uv": [ 6.75, 6.75, 6.5, 6.875 ], "texture": "#ration_box" }
			}
		},
		{
			"__comment": "Voxels",
			"from": [ 8, 5, 5.5 ],
			"to": [ 14.5, 5.5, 6 ],
			"faces": {
				"up": { "uv": [ 12, 9.25, 13.625, 9.125 ], "texture": "#ration_box" },
				"south": { "uv": [ 5.125, 8.25, 6.75, 8.375 ], "texture": "#ration_box" },
				"west": { "uv": [ 8.375, 6.25, 8.5, 6.375 ], "texture": "#ration_box" },
				"east": { "uv": [ 8.5, 5.875, 8.375, 6 ], "texture": "#ration_box" }
			}
		},
		{
			"__comment": "Voxels",
			"from": [ 8.5, 2, 2.5 ],
			"to": [ 11.5, 2.5, 5.5 ],
			"faces": {
				"down": { "uv": [ 1.625, 5.125, 2.375, 5.875 ], "texture": "#ration_box" },
				"up": { "uv": [ 1.625, 6.625, 2.375, 5.875 ], "texture": "#ration_box" },
				"west": { "uv": [ 15.25, 9.125, 16, 9.25 ], "texture": "#ration_box" },
				"east": { "uv": [ 16, 9.625, 15.25, 9.75 ], "texture": "#ration_box" }
			}
		},
		{
			"__comment": "Voxels",
			"from": [ 8.5, 2.5, 2.5 ],
			"to": [ 10, 3, 5.5 ],
			"faces": {
				"up": { "uv": [ 4.375, 7.875, 4.75, 7.125 ], "texture": "#ration_box" },
				"west": { "uv": [ 14.25, 8.25, 15, 8.375 ], "texture": "#ration_box" },
				"east": { "uv": [ 13.125, 8.375, 12.375, 8.5 ], "texture": "#ration_box" }
			}
		},
		{
			"__comment": "Voxels",
			"from": [ 8.5, 4, 10 ],
			"to": [ 14.5, 5.5, 12 ],
			"faces": {
				"up": { "uv": [ 1.25, 4.125, 2.75, 3.625 ], "texture": "#ration_box" },
				"north": { "uv": [ 13.875, 12.5, 12.375, 12.875 ], "texture": "#ration_box" },
				"south": { "uv": [ 1.25, 3.25, 2.75, 3.625 ], "texture": "#ration_box" },
				"west": { "uv": [ 2.25, 1, 2.75, 1.375 ], "texture": "#ration_box" },
				"east": { "uv": [ 2.75, 2.125, 2.25, 2.5 ], "texture": "#ration_box" }
			}
		},
		{
			"__comment": "Voxels",
			"from": [ 8.5, 4.5, 9.5 ],
			"to": [ 14.5, 5, 10 ],
			"faces": {
				"down": { "uv": [ 3.625, 0.75, 5.125, 0.875 ], "texture": "#ration_box" },
				"up": { "uv": [ 14.5, 9.5, 16, 9.375 ], "texture": "#ration_box" },
				"north": { "uv": [ 6.625, 7.375, 5.125, 7.5 ], "texture": "#ration_box" },
				"west": { "uv": [ 6.625, 2.75, 6.75, 2.875 ], "texture": "#ration_box" },
				"east": { "uv": [ 6.75, 2.625, 6.625, 2.75 ], "texture": "#ration_box" }
			}
		},
		{
			"__comment": "Voxels",
			"from": [ 8.5, 4.5, 12 ],
			"to": [ 14.5, 5.5, 12.5 ],
			"faces": {
				"down": { "uv": [ 3.625, 1.25, 5.125, 1.375 ], "texture": "#ration_box" },
				"up": { "uv": [ 3.625, 1.25, 5.125, 1.125 ], "texture": "#ration_box" },
				"south": { "uv": [ 3.625, 10.625, 5.125, 10.875 ], "texture": "#ration_box" },
				"west": { "uv": [ 8.125, 4.75, 8.25, 5 ], "texture": "#ration_box" },
				"east": { "uv": [ 8.25, 4.5, 8.125, 4.75 ], "texture": "#ration_box" }
			}
		},
		{
			"__comment": "Voxels",
			"from": [ 8.5, 5.5, 11.5 ],
			"to": [ 11, 6, 12 ],
			"faces": {
				"up": { "uv": [ 8.75, 8.125, 9.375, 8 ], "texture": "#ration_box" },
				"north": { "uv": [ 13.75, 7.875, 13.125, 8 ], "texture": "#ration_box" },
				"south": { "uv": [ 9.375, 8, 10, 8.125 ], "texture": "#ration_box" },
				"west": { "uv": [ 8, 5, 8.125, 5.125 ], "texture": "#ration_box" },
				"east": { "uv": [ 8.125, 4.875, 8, 5 ], "texture": "#ration_box" }
			}
		},
		{
			"__comment": "Voxels",
			"from": [ 9, 4, 12 ],
			"to": [ 10, 4.5, 13.5 ],
			"faces": {
				"down": { "uv": [ 6.875, 7.75, 7.125, 8.125 ], "texture": "#ration_box" },
				"up": { "uv": [ 6.5, 0.875, 6.75, 0.5 ], "texture": "#ration_box" },
				"west": { "uv": [ 10.125, 7.625, 10.5, 7.75 ], "texture": "#ration_box" },
				"east": { "uv": [ 7.5, 2, 7.125, 2.125 ], "texture": "#ration_box" }
			}
		},
		{
			"__comment": "Voxels",
			"from": [ 9, 4.5, 12.5 ],
			"to": [ 14.5, 5.5, 13 ],
			"faces": {
				"down": { "uv": [ 5.125, 6.25, 6.5, 6.375 ], "texture": "#ration_box" },
				"up": { "uv": [ 5.125, 6.875, 6.5, 6.75 ], "texture": "#ration_box" },
				"south": { "uv": [ 3.625, 8.625, 5, 8.875 ], "texture": "#ration_box" },
				"west": { "uv": [ 8.125, 4.25, 8.25, 4.5 ], "texture": "#ration_box" },
				"east": { "uv": [ 8.25, 4, 8.125, 4.25 ], "texture": "#ration_box" }
			}
		},
		{
			"__comment": "Voxels",
			"from": [ 9, 4.5, 13 ],
			"to": [ 11.5, 5.5, 13.5 ],
			"faces": {
				"down": { "uv": [ 7.5, 7.25, 8.125, 7.375 ], "texture": "#ration_box" },
				"up": { "uv": [ 7.5, 7.25, 8.125, 7.125 ], "texture": "#ration_box" },
				"west": { "uv": [ 8.125, 3.75, 8.25, 4 ], "texture": "#ration_box" },
				"east": { "uv": [ 8.25, 3.5, 8.125, 3.75 ], "texture": "#ration_box" }
			}
		},
		{
			"__comment": "Voxels",
			"from": [ 9, 5.5, 2.5 ],
			"to": [ 14, 6, 3 ],
			"faces": {
				"up": { "uv": [ 8.75, 11.875, 10, 11.75 ], "texture": "#ration_box" },
				"north": { "uv": [ 6.375, 4.5, 5.125, 4.625 ], "texture": "#ration_box" },
				"south": { "uv": [ 5.125, 4.75, 6.375, 4.875 ], "texture": "#ration_box" },
				"west": { "uv": [ 8.25, 2.5, 8.375, 2.625 ], "texture": "#ration_box" },
				"east": { "uv": [ 8.375, 2.375, 8.25, 2.5 ], "texture": "#ration_box" }
			}
		},
		{
			"__comment": "Voxels",
			"from": [ 9, 5.5, 3 ],
			"to": [ 9.5, 6, 6 ],
			"faces": {
				"down": { "uv": [ 6.75, 3.5, 6.875, 4.25 ], "texture": "#ration_box" },
				"up": { "uv": [ 6.75, 5, 6.875, 4.25 ], "texture": "#ration_box" },
				"south": { "uv": [ 8.25, 1.875, 8.375, 2 ], "texture": "#ration_box" },
				"west": { "uv": [ 10.125, 8.375, 10.875, 8.5 ], "texture": "#ration_box" },
				"east": { "uv": [ 10.125, 8.375, 9.375, 8.5 ], "texture": "#ration_box" }
			}
		},
		{
			"__comment": "Voxels",
			"from": [ 9, 5.5, 10.5 ],
			"to": [ 13.5, 6, 11.5 ],
			"faces": {
				"up": { "uv": [ 3.625, 6.875, 4.75, 6.625 ], "texture": "#ration_box" },
				"north": { "uv": [ 12.375, 9, 11.25, 9.125 ], "texture": "#ration_box" },
				"south": { "uv": [ 10.125, 9, 11.25, 9.125 ], "texture": "#ration_box" },
				"west": { "uv": [ 6.5, 3.75, 6.75, 3.875 ], "texture": "#ration_box" },
				"east": { "uv": [ 6.75, 3.625, 6.5, 3.75 ], "texture": "#ration_box" }
			}
		},
		{
			"__comment": "Voxels",
			"from": [ 9, 5.5, 12 ],
			"to": [ 9.5, 6.5, 14 ],
			"faces": {
				"down": { "uv": [ 6.875, 3.75, 7, 4.25 ], "texture": "#ration_box" },
				"up": { "uv": [ 7, 4.25, 7.125, 3.75 ], "texture": "#ration_box" },
				"north": { "uv": [ 8.25, 3.25, 8.125, 3.5 ], "texture": "#ration_box" },
				"south": { "uv": [ 8.125, 3, 8.25, 3.25 ], "texture": "#ration_box" },
				"west": { "uv": [ 9.875, 8.625, 10.375, 8.875 ], "texture": "#ration_box" },
				"east": { "uv": [ 8.875, 8.625, 8.375, 8.875 ], "texture": "#ration_box" }
			}
		},
		{
			"__comment": "Voxels",
			"from": [ 9, 5.5, 14 ],
			"to": [ 10.5, 6, 14.5 ],
			"faces": {
				"up": { "uv": [ 7.125, 2.375, 7.5, 2.25 ], "texture": "#ration_box" },
				"north": { "uv": [ 7.5, 2.375, 7.125, 2.5 ], "texture": "#ration_box" },
				"south": { "uv": [ 7.125, 2.5, 7.5, 2.625 ], "texture": "#ration_box" },
				"west": { "uv": [ 12.625, 7.5, 12.75, 7.625 ], "texture": "#ration_box" },
				"east": { "uv": [ 12.875, 7.5, 12.75, 7.625 ], "texture": "#ration_box" }
			}
		},
		{
			"__comment": "Voxels",
			"from": [ 9, 6, 11.5 ],
			"to": [ 14, 6.5, 12 ],
			"faces": {
				"down": { "uv": [ 5.25, 3.125, 6.5, 3.25 ], "texture": "#ration_box" },
				"up": { "uv": [ 5.25, 3.375, 6.5, 3.25 ], "texture": "#ration_box" },
				"north": { "uv": [ 6.5, 3.375, 5.25, 3.5 ], "texture": "#ration_box" },
				"south": { "uv": [ 5.125, 4.625, 6.375, 4.75 ], "texture": "#ration_box" },
				"west": { "uv": [ 13.875, 7.5, 14, 7.625 ], "texture": "#ration_box" },
				"east": { "uv": [ 14.125, 7.5, 14, 7.625 ], "texture": "#ration_box" }
			}
		},
		{
			"__comment": "Voxels",
			"from": [ 9, 6.5, 12.5 ],
			"to": [ 14, 7, 13 ],
			"faces": {
				"down": { "uv": [ 5.25, 3.5, 6.5, 3.625 ], "texture": "#ration_box" },
				"up": { "uv": [ 5.25, 3.75, 6.5, 3.625 ], "texture": "#ration_box" },
				"north": { "uv": [ 6.5, 3.875, 5.25, 4 ], "texture": "#ration_box" },
				"south": { "uv": [ 5.25, 4, 6.5, 4.125 ], "texture": "#ration_box" },
				"west": { "uv": [ 15, 7.5, 15.125, 7.625 ], "texture": "#ration_box" },
				"east": { "uv": [ 15.25, 7.5, 15.125, 7.625 ], "texture": "#ration_box" }
			}
		},
		{
			"__comment": "Voxels",
			"from": [ 9, 6.5, 13 ],
			"to": [ 13.5, 7, 13.5 ],
			"faces": {
				"down": { "uv": [ 5.125, 1.5, 6.25, 1.625 ], "texture": "#ration_box" },
				"up": { "uv": [ 5.125, 1.75, 6.25, 1.625 ], "texture": "#ration_box" },
				"south": { "uv": [ 5.5, 2, 6.625, 2.125 ], "texture": "#ration_box" },
				"west": { "uv": [ 15.75, 7.5, 15.875, 7.625 ], "texture": "#ration_box" },
				"east": { "uv": [ 16, 7.5, 15.875, 7.625 ], "texture": "#ration_box" }
			}
		},
		{
			"__comment": "Voxels",
			"from": [ 9, 6.5, 13.5 ],
			"to": [ 11.5, 7, 14 ],
			"faces": {
				"down": { "uv": [ 12.5, 8, 13.125, 8.125 ], "texture": "#ration_box" },
				"up": { "uv": [ 13.125, 8.125, 13.75, 8 ], "texture": "#ration_box" },
				"south": { "uv": [ 11.875, 7.875, 12.5, 8 ], "texture": "#ration_box" },
				"west": { "uv": [ 8.375, 6.875, 8.5, 7 ], "texture": "#ration_box" },
				"east": { "uv": [ 8.5, 6.75, 8.375, 6.875 ], "texture": "#ration_box" }
			}
		},
		{
			"__comment": "Voxels",
			"from": [ 9.5, 5.5, 2 ],
			"to": [ 13, 6, 2.5 ],
			"faces": {
				"down": { "uv": [ 12.375, 8.5, 13.25, 8.625 ], "texture": "#ration_box" },
				"up": { "uv": [ 14.125, 8.75, 15, 8.625 ], "texture": "#ration_box" },
				"north": { "uv": [ 15, 8.75, 14.125, 8.875 ], "texture": "#ration_box" },
				"west": { "uv": [ 8.375, 6.125, 8.5, 6.25 ], "texture": "#ration_box" },
				"east": { "uv": [ 8.5, 6, 8.375, 6.125 ], "texture": "#ration_box" }
			}
		},
		{
			"__comment": "Voxels",
			"from": [ 9.5, 5.5, 4 ],
			"to": [ 14, 6, 4.5 ],
			"faces": {
				"up": { "uv": [ 14.625, 9.125, 15.75, 9 ], "texture": "#ration_box" },
				"north": { "uv": [ 14.625, 9, 13.5, 9.125 ], "texture": "#ration_box" },
				"south": { "uv": [ 12.375, 9, 13.5, 9.125 ], "texture": "#ration_box" },
				"east": { "uv": [ 8.5, 5, 8.375, 5.125 ], "texture": "#ration_box" }
			}
		},
		{
			"__comment": "Voxels",
			"from": [ 9.5, 5.5, 5.5 ],
			"to": [ 13.5, 6, 6 ],
			"faces": {
				"up": { "uv": [ 15, 10.5, 16, 10.375 ], "texture": "#ration_box" },
				"north": { "uv": [ 16, 12.875, 15, 13 ], "texture": "#ration_box" },
				"south": { "uv": [ 11.375, 8.75, 12.375, 8.875 ], "texture": "#ration_box" },
				"east": { "uv": [ 8.5, 3.875, 8.375, 4 ], "texture": "#ration_box" }
			}
		},
		{
			"__comment": "Voxels",
			"from": [ 9.5, 6, 12 ],
			"to": [ 14, 6.5, 13.5 ],
			"faces": {
				"down": { "uv": [ 1.625, 8.125, 2.75, 8.5 ], "texture": "#ration_box" },
				"up": { "uv": [ 1.625, 9.625, 2.75, 9.25 ], "texture": "#ration_box" },
				"south": { "uv": [ 7.875, 9, 9, 9.125 ], "texture": "#ration_box" },
				"east": { "uv": [ 11.25, 7.625, 10.875, 7.75 ], "texture": "#ration_box" }
			}
		},
		{
			"__comment": "Voxels",
			"from": [ 9.5, 6, 13.5 ],
			"to": [ 13, 6.5, 14 ],
			"faces": {
				"down": { "uv": [ 8, 8.5, 8.875, 8.625 ], "texture": "#ration_box" },
				"up": { "uv": [ 11.375, 8.75, 12.25, 8.625 ], "texture": "#ration_box" },
				"south": { "uv": [ 10.625, 8.5, 11.5, 8.625 ], "texture": "#ration_box" },
				"east": { "uv": [ 8.5, 2.375, 8.375, 2.5 ], "texture": "#ration_box" }
			}
		},
		{
			"__comment": "Voxels",
			"from": [ 9.5, 6, 14 ],
			"to": [ 11, 6.5, 14.5 ],
			"faces": {
				"down": { "uv": [ 4.75, 7.125, 5.125, 7.25 ], "texture": "#ration_box" },
				"up": { "uv": [ 15.625, 10.625, 16, 10.5 ], "texture": "#ration_box" },
				"south": { "uv": [ 6.375, 4.875, 6.75, 5 ], "texture": "#ration_box" },
				"west": { "uv": [ 15, 11.25, 15.125, 11.375 ], "texture": "#ration_box" },
				"east": { "uv": [ 15.125, 11.125, 15, 11.25 ], "texture": "#ration_box" }
			}
		},
		{
			"__comment": "Voxels",
			"from": [ 9.5, 6.5, 12 ],
			"to": [ 13.5, 7, 12.5 ],
			"faces": {
				"up": { "uv": [ 10.375, 8.875, 11.375, 8.75 ], "texture": "#ration_box" },
				"north": { "uv": [ 15.5, 8.875, 14.5, 9 ], "texture": "#ration_box" },
				"west": { "uv": [ 6.625, 2.375, 6.75, 2.5 ], "texture": "#ration_box" },
				"east": { "uv": [ 6.75, 2.25, 6.625, 2.375 ], "texture": "#ration_box" }
			}
		},
		{
			"__comment": "Voxels",
			"from": [ 9.5, 7, 13 ],
			"to": [ 11, 7.5, 13.5 ],
			"faces": {
				"up": { "uv": [ 6.375, 4.5, 6.75, 4.375 ], "texture": "#ration_box" },
				"north": { "uv": [ 6.125, 0, 5.75, 0.125 ], "texture": "#ration_box" },
				"south": { "uv": [ 6.125, 0, 6.5, 0.125 ], "texture": "#ration_box" },
				"west": { "uv": [ 6.625, 1.25, 6.75, 1.375 ], "texture": "#ration_box" },
				"east": { "uv": [ 5.625, 0, 5.5, 0.125 ], "texture": "#ration_box" }
			}
		},
		{
			"__comment": "Voxels",
			"from": [ 10, 4, 9.5 ],
			"to": [ 14.5, 4.5, 10 ],
			"faces": {
				"north": { "uv": [ 6.25, 1.75, 5.125, 1.875 ], "texture": "#ration_box" },
				"west": { "uv": [ 8, 5.375, 8.125, 5.5 ], "texture": "#ration_box" },
				"east": { "uv": [ 8.125, 5.25, 8, 5.375 ], "texture": "#ration_box" }
			}
		},
		{
			"__comment": "Voxels",
			"from": [ 10, 5, 9.5 ],
			"to": [ 14.5, 5.5, 10 ],
			"faces": {
				"up": { "uv": [ 9.125, 9, 10.25, 8.875 ], "texture": "#ration_box" },
				"north": { "uv": [ 9.125, 8.875, 8, 9 ], "texture": "#ration_box" },
				"west": { "uv": [ 8, 4.625, 8.125, 4.75 ], "texture": "#ration_box" },
				"east": { "uv": [ 8.125, 4.5, 8, 4.625 ], "texture": "#ration_box" }
			}
		},
		{
			"__comment": "Voxels",
			"from": [ 10.5, 4.5, 9 ],
			"to": [ 13, 5, 9.5 ],
			"faces": {
				"down": { "uv": [ 7.5, 7.625, 8.125, 7.75 ], "texture": "#ration_box" },
				"up": { "uv": [ 10, 8, 10.625, 7.875 ], "texture": "#ration_box" },
				"north": { "uv": [ 8.125, 7.5, 7.5, 7.625 ], "texture": "#ration_box" },
				"west": { "uv": [ 8, 3.875, 8.125, 4 ], "texture": "#ration_box" },
				"east": { "uv": [ 8.125, 3.75, 8, 3.875 ], "texture": "#ration_box" }
			}
		},
		{
			"__comment": "Voxels",
			"from": [ 10.5, 6, 11 ],
			"to": [ 13.5, 6.5, 11.5 ],
			"faces": {
				"up": { "uv": [ 13.875, 8.5, 14.625, 8.375 ], "texture": "#ration_box" },
				"north": { "uv": [ 15.375, 8.375, 14.625, 8.5 ], "texture": "#ration_box" },
				"west": { "uv": [ 8, 3.125, 8.125, 3.25 ], "texture": "#ration_box" },
				"east": { "uv": [ 8.125, 3, 8, 3.125 ], "texture": "#ration_box" }
			}
		},
		{
			"__comment": "Voxels",
			"from": [ 11, 4, 12 ],
			"to": [ 11.5, 4.5, 12.5 ],
			"faces": {
				"south": { "uv": [ 8, 2.5, 8.125, 2.625 ], "texture": "#ration_box" },
				"west": { "uv": [ 8, 2.375, 8.125, 2.5 ], "texture": "#ration_box" },
				"east": { "uv": [ 8.125, 2.25, 8, 2.375 ], "texture": "#ration_box" }
			}
		},
		{
			"__comment": "Voxels",
			"from": [ 11, 5.5, 13.5 ],
			"to": [ 14, 6, 14 ],
			"faces": {
				"up": { "uv": [ 9, 8.375, 9.75, 8.25 ], "texture": "#ration_box" },
				"north": { "uv": [ 10.5, 8.25, 9.75, 8.375 ], "texture": "#ration_box" },
				"south": { "uv": [ 10.5, 8.25, 11.25, 8.375 ], "texture": "#ration_box" },
				"west": { "uv": [ 8.375, 1.75, 8.5, 1.875 ], "texture": "#ration_box" },
				"east": { "uv": [ 7.875, 0, 7.75, 0.125 ], "texture": "#ration_box" }
			}
		},
		{
			"__comment": "Voxels",
			"from": [ 11.5, 5, 13 ],
			"to": [ 14.5, 5.5, 13.5 ],
			"faces": {
				"down": { "uv": [ 11.25, 8.25, 12, 8.375 ], "texture": "#ration_box" },
				"up": { "uv": [ 12, 8.375, 12.75, 8.25 ], "texture": "#ration_box" },
				"east": { "uv": [ 8.375, 3.125, 8.25, 3.25 ], "texture": "#ration_box" }
			}
		},
		{
			"__comment": "Voxels",
			"from": [ 11.5, 5.5, 3 ],
			"to": [ 14, 6, 4 ],
			"faces": {
				"up": { "uv": [ 4.5, 3.5, 5.125, 3.25 ], "texture": "#ration_box" },
				"west": { "uv": [ 6.5, 6.625, 6.75, 6.75 ], "texture": "#ration_box" },
				"east": { "uv": [ 6.75, 6.5, 6.5, 6.625 ], "texture": "#ration_box" }
			}
		},
		{
			"__comment": "Voxels",
			"from": [ 11.5, 5.5, 4.5 ],
			"to": [ 14, 6, 5.5 ],
			"faces": {
				"down": { "uv": [ 4.5, 3.5, 5.125, 3.75 ], "texture": "#ration_box" },
				"up": { "uv": [ 4.5, 4, 5.125, 3.75 ], "texture": "#ration_box" },
				"south": { "uv": [ 7.5, 6.25, 8.125, 6.375 ], "texture": "#ration_box" },
				"west": { "uv": [ 6.5, 4.25, 6.75, 4.375 ], "texture": "#ration_box" },
				"east": { "uv": [ 6.75, 4.125, 6.5, 4.25 ], "texture": "#ration_box" }
			}
		},
		{
			"__comment": "Voxels",
			"from": [ 11.5, 5.5, 10 ],
			"to": [ 13, 6, 10.5 ],
			"faces": {
				"up": { "uv": [ 7.5, 1.875, 7.875, 1.75 ], "texture": "#ration_box" },
				"north": { "uv": [ 7.875, 1.625, 7.5, 1.75 ], "texture": "#ration_box" },
				"west": { "uv": [ 8.25, 1, 8.375, 1.125 ], "texture": "#ration_box" },
				"east": { "uv": [ 8.375, 0.875, 8.25, 1 ], "texture": "#ration_box" }
			}
		},
		{
			"__comment": "Voxels",
			"from": [ 11.5, 5.5, 11.5 ],
			"to": [ 14, 6, 13.5 ],
			"faces": {
				"down": { "uv": [ 3, 2.625, 3.625, 3.125 ], "texture": "#ration_box" },
				"up": { "uv": [ 3, 3.625, 3.625, 3.125 ], "texture": "#ration_box" },
				"north": { "uv": [ 8.125, 6, 7.5, 6.125 ], "texture": "#ration_box" },
				"west": { "uv": [ 7.5, 3.875, 8, 4 ], "texture": "#ration_box" },
				"east": { "uv": [ 8, 3.75, 7.5, 3.875 ], "texture": "#ration_box" }
			}
		},
		{
			"__comment": "Voxels",
			"from": [ 11.5, 5.5, 14 ],
			"to": [ 12, 6, 14.5 ],
			"faces": {
				"up": { "uv": [ 10.625, 7.625, 10.75, 7.5 ], "texture": "#ration_box" },
				"south": { "uv": [ 10.875, 7.5, 11, 7.625 ], "texture": "#ration_box" },
				"west": { "uv": [ 11, 7.5, 11.125, 7.625 ], "texture": "#ration_box" },
				"east": { "uv": [ 11.25, 7.5, 11.125, 7.625 ], "texture": "#ration_box" }
			}
		},
		{
			"__comment": "Voxels",
			"from": [ 12, 4, 9 ],
			"to": [ 13, 4.5, 9.5 ],
			"faces": {
				"north": { "uv": [ 16, 9, 15.75, 9.125 ], "texture": "#ration_box" },
				"west": { "uv": [ 11.75, 7.5, 11.875, 7.625 ], "texture": "#ration_box" },
				"east": { "uv": [ 12, 7.5, 11.875, 7.625 ], "texture": "#ration_box" }
			}
		},
		{
			"__comment": "Voxels",
			"from": [ 12.5, 2, 2 ],
			"to": [ 14.5, 4.5, 2.5 ],
			"faces": {
				"down": { "uv": [ 7.5, 3.625, 8, 3.75 ], "texture": "#ration_box" },
				"up": { "uv": [ 7.5, 3.625, 8, 3.5 ], "texture": "#ration_box" },
				"south": { "uv": [ 2.125, 0, 2.625, 0.625 ], "texture": "#ration_box" },
				"east": { "uv": [ 7, 4.25, 6.875, 4.875 ], "texture": "#ration_box" }
			}
		},
		{
			"__comment": "Voxels",
			"from": [ 12.5, 4, 2.5 ],
			"to": [ 14.5, 4.5, 3 ],
			"faces": {
				"down": { "uv": [ 7.5, 3.125, 8, 3.25 ], "texture": "#ration_box" },
				"south": { "uv": [ 7.5, 2.75, 8, 2.875 ], "texture": "#ration_box" },
				"west": { "uv": [ 13.25, 7.5, 13.375, 7.625 ], "texture": "#ration_box" },
				"east": { "uv": [ 13.5, 7.5, 13.375, 7.625 ], "texture": "#ration_box" }
			}
		},
		{
			"__comment": "Voxels",
			"from": [ 12.5, 4.5, 2 ],
			"to": [ 13, 5.5, 2.5 ],
			"faces": {
				"north": { "uv": [ 8.25, 2.25, 8.125, 2.5 ], "texture": "#ration_box" },
				"east": { "uv": [ 8.25, 1.5, 8.125, 1.75 ], "texture": "#ration_box" }
			}
		},
		{
			"__comment": "Voxels",
			"from": [ 13, 0.5, 12 ],
			"to": [ 14.5, 3.5, 13.5 ],
			"faces": {
				"up": { "uv": [ 6.125, 5.625, 6.5, 5.25 ], "texture": "#ration_box" },
				"north": { "uv": [ 2.75, 5.125, 2.375, 5.875 ], "texture": "#ration_box" },
				"west": { "uv": [ 2.375, 5.875, 2.75, 6.625 ], "texture": "#ration_box" },
				"east": { "uv": [ 4, 7.125, 3.625, 7.875 ], "texture": "#ration_box" }
			}
		},
		{
			"__comment": "Voxels",
			"from": [ 13, 2, 2.5 ],
			"to": [ 14.5, 4, 5.5 ],
			"faces": {
				"down": { "uv": [ 2.375, 7.375, 2.75, 8.125 ], "texture": "#ration_box" },
				"up": { "uv": [ 3, 1, 3.375, 0.25 ], "texture": "#ration_box" },
				"south": { "uv": [ 4.75, 6.125, 5.125, 6.625 ], "texture": "#ration_box" },
				"west": { "uv": [ 4.375, 10.125, 5.125, 10.625 ], "texture": "#ration_box" },
				"east": { "uv": [ 4.375, 10.125, 3.625, 10.625 ], "texture": "#ration_box" }
			}
		},
		{
			"__comment": "Voxels",
			"from": [ 13, 4, 3 ],
			"to": [ 14.5, 4.5, 5.5 ],
			"faces": {
				"up": { "uv": [ 4.75, 6.125, 5.125, 5.5 ], "texture": "#ration_box" },
				"west": { "uv": [ 7.5, 5.75, 8.125, 5.875 ], "texture": "#ration_box" },
				"east": { "uv": [ 8.125, 5.625, 7.5, 5.75 ], "texture": "#ration_box" }
			}
		},
		{
			"__comment": "Voxels",
			"from": [ 13, 4, 12 ],
			"to": [ 14.5, 4.5, 13.5 ],
			"faces": {
				"down": { "uv": [ 5.75, 0.875, 6.125, 1.25 ], "texture": "#ration_box" },
				"up": { "uv": [ 6.125, 1.25, 6.5, 0.875 ], "texture": "#ration_box" },
				"west": { "uv": [ 12.625, 7.75, 13, 7.875 ], "texture": "#ration_box" },
				"east": { "uv": [ 13.375, 7.75, 13, 7.875 ], "texture": "#ration_box" }
			}
		},
		{
			"__comment": "Voxels",
			"from": [ 13, 4.5, 13 ],
			"to": [ 14.5, 5, 13.5 ],
			"faces": {
				"west": { "uv": [ 8.375, 5.625, 8.5, 5.75 ], "texture": "#ration_box" },
				"east": { "uv": [ 8.5, 5.5, 8.375, 5.625 ], "texture": "#ration_box" }
			}
		},
		{
			"__comment": "Voxels",
			"from": [ 13.5, 0.5, 2 ],
			"to": [ 14.5, 2, 6 ],
			"faces": {
				"up": { "uv": [ 3.375, 7.125, 3.625, 6.125 ], "texture": "#ration_box" },
				"west": { "uv": [ 3.625, 9.5, 4.625, 9.875 ], "texture": "#ration_box" },
				"east": { "uv": [ 4.625, 9.125, 3.625, 9.5 ], "texture": "#ration_box" }
			}
		},
		{
			"__comment": "Voxels",
			"from": [ 13.5, 0.5, 8.5 ],
			"to": [ 14.5, 3.5, 12 ],
			"faces": {
				"north": { "uv": [ 2.75, 8.5, 2.5, 9.25 ], "texture": "#ration_box" },
				"west": { "uv": [ 1.625, 8.5, 2.5, 9.25 ], "texture": "#ration_box" },
				"east": { "uv": [ 2.5, 9.625, 1.625, 10.375 ], "texture": "#ration_box" }
			}
		},
		{
			"__comment": "Voxels",
			"from": [ 13.5, 4, 8.5 ],
			"to": [ 14.5, 5.5, 9.5 ],
			"faces": {
				"up": { "uv": [ 7.25, 5.125, 7.5, 4.875 ], "texture": "#ration_box" },
				"north": { "uv": [ 7.125, 6.625, 6.875, 7 ], "texture": "#ration_box" },
				"south": { "uv": [ 6.875, 6.25, 7.125, 6.625 ], "texture": "#ration_box" },
				"west": { "uv": [ 6.875, 5.875, 7.125, 6.25 ], "texture": "#ration_box" },
				"east": { "uv": [ 7.125, 5.5, 6.875, 5.875 ], "texture": "#ration_box" }
			}
		},
		{
			"__comment": "Voxels",
			"from": [ 13.5, 4.5, 2 ],
			"to": [ 14.5, 5.5, 2.5 ],
			"faces": {
				"up": { "uv": [ 9.625, 7.625, 9.875, 7.5 ], "texture": "#ration_box" },
				"north": { "uv": [ 7.5, 4.625, 7.25, 4.875 ], "texture": "#ration_box" },
				"west": { "uv": [ 8.25, 4.875, 8.375, 5.125 ], "texture": "#ration_box" },
				"east": { "uv": [ 8.375, 4.625, 8.25, 4.875 ], "texture": "#ration_box" }
			}
		},
		{
			"__comment": "Voxels",
			"from": [ 13.5, 5, 6 ],
			"to": [ 14.5, 5.5, 8.5 ],
			"faces": {
				"down": { "uv": [ 6.125, 5.625, 6.375, 6.25 ], "texture": "#ration_box" },
				"up": { "uv": [ 3.375, 1, 3.625, 0.375 ], "texture": "#ration_box" },
				"west": { "uv": [ 7.5, 6.125, 8.125, 6.25 ], "texture": "#ration_box" },
				"east": { "uv": [ 8.125, 7, 7.5, 7.125 ], "texture": "#ration_box" }
			}
		}
	],
	"display": {
		"thirdperson_righthand": {
			"scale":  [ 0.5, 0.5, 0.5 ]
		},
		"firstperson_righthand": {
			"scale":  [ 0.5, 0.5, 0.5 ]
		},
		"gui": {
			"rotation":  [ 13, 38, 0 ],
			"translation":  [ 0, 0, 9.0434 ]
		},
		"head": {
			"translation":  [ 0, -30.6, 0 ],
			"scale":  [ 2.5, 2.5, 2.5 ]
		},
		"ground": {
			"translation":  [ 0, 2.7832, 0 ],
			"scale":  [ 0.5, 0.5, 0.5 ]
		}
	}
}