{
	"__comment": "Designed by DevastMc",
	"textures": {
		"military_crate": "blocks/military_crate"
	},
	"elements": [ 	 
		{
			"__comment": "Voxels",
			"from": [ -3, 0, 1 ],
			"to": [ 19, 2, 3.5 ],
			"faces": {
				"down": { "uv": [ 5.375, 12.625, 8.125, 12.9375 ], "texture": "#military_crate" },
				"up": { "uv": [ 5.375, 13.25, 8.125, 12.9375 ], "texture": "#military_crate" },
				"north": { "uv": [ 8.125, 11.75, 5.375, 12 ], "texture": "#military_crate" },
				"south": { "uv": [ 5.375, 11.5, 8.125, 11.75 ], "texture": "#military_crate" },
				"west": { "uv": [ 8.375, 9.0625, 8.6875, 9.3125 ], "texture": "#military_crate" },
				"east": { "uv": [ 2.5625, 8.4375, 2.25, 8.6875 ], "texture": "#military_crate" }
			}
		},
		{
			"__comment": "Voxels",
			"from": [ -3, 0, 3.5 ],
			"to": [ 19, 0.5, 15 ],
			"faces": {
				"down": { "uv": [ 2.625, 14.5625, 5.375, 16 ], "texture": "#military_crate" },
				"up": { "uv": [ 2.625, 14.5625, 5.375, 13.125 ], "texture": "#military_crate" },
				"south": { "uv": [ 10.875, 15.5, 13.625, 15.5625 ], "texture": "#military_crate" },
				"west": { "uv": [ 14.125, 15.25, 15.5625, 15.3125 ], "texture": "#military_crate" },
				"east": { "uv": [ 15.625, 15.3125, 14.1875, 15.375 ], "texture": "#military_crate" }
			}
		},
		{
			"__comment": "Voxels",
			"from": [ -3, 0.5, 3.5 ],
			"to": [ -2.5, 8.5, 14.5 ],
			"faces": {
				"up": { "uv": [ 8.6875, 14.875, 8.75, 13.5 ], "texture": "#military_crate" },
				"north": { "uv": [ 8.4375, 8.0625, 8.375, 9.0625 ], "texture": "#military_crate" },
				"south": { "uv": [ 8.4375, 8.0625, 8.5, 9.0625 ], "texture": "#military_crate" },
				"west": { "uv": [ 5.375, 14.1875, 6.75, 15.1875 ], "texture": "#military_crate" },
				"east": { "uv": [ 8.125, 14.1875, 6.75, 15.1875 ], "texture": "#military_crate" }
			}
		},
		{
			"__comment": "Voxels",
			"from": [ -3, 0.5, 14.5 ],
			"to": [ 19, 2, 15 ],
			"faces": {
				"up": { "uv": [ 8.6875, 15.375, 11.4375, 15.3125 ], "texture": "#military_crate" },
				"north": { "uv": [ 10.875, 15.4375, 8.125, 15.625 ], "texture": "#military_crate" },
				"south": { "uv": [ 2.625, 8, 5.375, 8.1875 ], "texture": "#military_crate" },
				"west": { "uv": [ 13.25, 14.9375, 13.3125, 15.125 ], "texture": "#military_crate" },
				"east": { "uv": [ 5.375, 9.9375, 5.3125, 10.125 ], "texture": "#military_crate" }
			}
		},
		{
			"__comment": "Voxels",
			"from": [ -3, 2, 1.5 ],
			"to": [ 19, 8.5, 3.5 ],
			"faces": {
				"up": { "uv": [ 5.375, 11.25, 8.125, 11 ], "texture": "#military_crate" },
				"north": { "uv": [ 5.375, 8.1875, 2.625, 9 ], "texture": "#military_crate" },
				"south": { "uv": [ 5.375, 15.1875, 8.125, 16 ], "texture": "#military_crate" },
				"west": { "uv": [ 8.125, 12.875, 8.375, 13.6875 ], "texture": "#military_crate" },
				"east": { "uv": [ 8.375, 13.6875, 8.125, 14.5 ], "texture": "#military_crate" }
			}
		},
		{
			"__comment": "Voxels",
			"from": [ -3, 7, 1 ],
			"to": [ 19, 8.5, 1.5 ],
			"faces": {
				"down": { "uv": [ 11.4375, 15.3125, 14.1875, 15.375 ], "texture": "#military_crate" },
				"up": { "uv": [ 10.875, 15.5, 13.625, 15.4375 ], "texture": "#military_crate" },
				"north": { "uv": [ 10.875, 15.8125, 8.125, 16 ], "texture": "#military_crate" },
				"west": { "uv": [ 5.3125, 9, 5.375, 9.1875 ], "texture": "#military_crate" },
				"east": { "uv": [ 8.6875, 8.1875, 8.625, 8.375 ], "texture": "#military_crate" }
			}
		},
		{
			"__comment": "Voxels",
			"from": [ -3, 7, 14.5 ],
			"to": [ 19, 8.5, 15 ],
			"faces": {
				"down": { "uv": [ 8.6875, 15.375, 11.4375, 15.4375 ], "texture": "#military_crate" },
				"up": { "uv": [ 8.6875, 15.3125, 11.4375, 15.25 ], "texture": "#military_crate" },
				"north": { "uv": [ 10.875, 15.625, 8.125, 15.8125 ], "texture": "#military_crate" },
				"south": { "uv": [ 10.875, 15.625, 13.625, 15.8125 ], "texture": "#military_crate" },
				"west": { "uv": [ 8.0625, 10.8125, 8.125, 11 ], "texture": "#military_crate" },
				"east": { "uv": [ 8.125, 10.5625, 8.0625, 10.75 ], "texture": "#military_crate" }
			}
		},
		{
			"__comment": "Voxels",
			"from": [ -2.5, 0.5, 4 ],
			"to": [ -2, 1, 4.5 ],
			"faces": {
				"up": { "uv": [ 13.4375, 15.0625, 13.5, 15 ], "texture": "#military_crate" },
				"north": { "uv": [ 13.6875, 14.9375, 13.625, 15 ], "texture": "#military_crate" },
				"south": { "uv": [ 13.625, 14.875, 13.6875, 14.9375 ], "texture": "#military_crate" },
				"east": { "uv": [ 13.875, 14.875, 13.8125, 14.9375 ], "texture": "#military_crate" }
			}
		},
		{
			"__comment": "Voxels",
			"from": [ -2.5, 0.5, 6.5 ],
			"to": [ -2, 1, 7 ],
			"faces": {
				"up": { "uv": [ 13.1875, 14.9375, 13.25, 14.875 ], "texture": "#military_crate" },
				"north": { "uv": [ 14, 15, 13.9375, 15.0625 ], "texture": "#military_crate" },
				"south": { "uv": [ 13.875, 15, 13.9375, 15.0625 ], "texture": "#military_crate" },
				"east": { "uv": [ 8.125, 10.5, 8.0625, 10.5625 ], "texture": "#military_crate" }
			}
		},
		{
			"__comment": "Voxels",
			"from": [ -2.5, 0.5, 9 ],
			"to": [ -2, 1, 9.5 ],
			"faces": {
				"up": { "uv": [ 8.3125, 8.125, 8.375, 8.0625 ], "texture": "#military_crate" },
				"north": { "uv": [ 8.375, 8, 8.3125, 8.0625 ], "texture": "#military_crate" },
				"south": { "uv": [ 14.0625, 15.0625, 14.125, 15.125 ], "texture": "#military_crate" },
				"east": { "uv": [ 14, 14.9375, 13.9375, 15 ], "texture": "#military_crate" }
			}
		},
		{
			"__comment": "Voxels",
			"from": [ -2.5, 0.5, 12 ],
			"to": [ -2, 1, 14.5 ],
			"faces": {
				"up": { "uv": [ 8.5625, 8.375, 8.625, 8.0625 ], "texture": "#military_crate" },
				"north": { "uv": [ 13.9375, 14.875, 13.875, 14.9375 ], "texture": "#military_crate" },
				"east": { "uv": [ 12.8125, 14.875, 12.5, 14.9375 ], "texture": "#military_crate" }
			}
		},
		{
			"__comment": "Voxels",
			"from": [ -2.5, 1, 12.5 ],
			"to": [ 19, 8.5, 14.5 ],
			"faces": {
				"down": { "uv": [ 5.375, 10.5, 8.0625, 10.75 ], "texture": "#military_crate" },
				"up": { "uv": [ 5.375, 11, 8.0625, 10.75 ], "texture": "#military_crate" },
				"north": { "uv": [ 5.3125, 9, 2.625, 9.9375 ], "texture": "#military_crate" },
				"south": { "uv": [ 2.625, 9.9375, 5.3125, 10.875 ], "texture": "#military_crate" },
				"east": { "uv": [ 8.375, 14.5, 8.125, 15.4375 ], "texture": "#military_crate" }
			}
		},
		{
			"__comment": "Voxels",
			"from": [ -2.5, 2, 1 ],
			"to": [ -1, 7, 1.5 ],
			"faces": {
				"north": { "uv": [ 8.5625, 11.1875, 8.375, 11.8125 ], "texture": "#military_crate" },
				"west": { "uv": [ 8.0625, 8, 8.125, 8.625 ], "texture": "#military_crate" },
				"east": { "uv": [ 8.375, 8.125, 8.3125, 8.75 ], "texture": "#military_crate" }
			}
		},
		{
			"__comment": "Voxels",
			"from": [ -2.5, 2, 14.5 ],
			"to": [ -1, 7, 15 ],
			"faces": {
				"south": { "uv": [ 8.125, 8.125, 8.3125, 8.75 ], "texture": "#military_crate" },
				"west": { "uv": [ 8.625, 9.3125, 8.6875, 9.9375 ], "texture": "#military_crate" },
				"east": { "uv": [ 8.75, 9.25, 8.6875, 9.875 ], "texture": "#military_crate" }
			}
		},
		{
			"__comment": "Voxels",
			"from": [ -2.5, 8, 3.5 ],
			"to": [ 19, 8.5, 12.5 ],
			"faces": {
				"down": { "uv": [ 2.625, 12, 5.3125, 13.125 ], "texture": "#military_crate" },
				"up": { "uv": [ 2.625, 12, 5.3125, 10.875 ], "texture": "#military_crate" },
				"east": { "uv": [ 10.25, 15, 9.125, 15.0625 ], "texture": "#military_crate" }
			}
		},
		{
			"__comment": "Voxels",
			"from": [ -2.5, 8.5, 1 ],
			"to": [ 18.5, 9, 15 ],
			"faces": {
				"down": { "uv": [ 0, 12.5, 2.625, 14.25 ], "texture": "#military_crate" },
				"up": { "uv": [ 0, 16, 2.625, 14.25 ], "texture": "#military_crate" },
				"north": { "uv": [ 2.625, 8.0625, 0, 8.125 ], "texture": "#military_crate" },
				"south": { "uv": [ 0, 8, 2.625, 8.0625 ], "texture": "#military_crate" },
				"west": { "uv": [ 13.625, 15.9375, 15.375, 16 ], "texture": "#military_crate" },
				"east": { "uv": [ 15.375, 15.875, 13.625, 15.9375 ], "texture": "#military_crate" }
			}
		},
		{
			"__comment": "Voxels",
			"from": [ -2, 0.5, 12.5 ],
			"to": [ 19, 1, 14.5 ],
			"faces": {
				"north": { "uv": [ 14, 15.1875, 11.375, 15.25 ], "texture": "#military_crate" },
				"east": { "uv": [ 16, 15.5625, 15.75, 15.625 ], "texture": "#military_crate" }
			}
		},
		{
			"__comment": "Voxels",
			"from": [ -1, 0.5, 3.5 ],
			"to": [ 17, 8, 12.5 ],
			"faces": {
				"north": { "uv": [ 2.25, 8.375, 0, 9.3125 ], "texture": "#military_crate" },
				"south": { "uv": [ 0, 9.3125, 2.25, 10.25 ], "texture": "#military_crate" },
				"west": { "uv": [ 6.5, 13.25, 7.625, 14.1875 ], "texture": "#military_crate" },
				"east": { "uv": [ 6.5, 13.25, 5.375, 14.1875 ], "texture": "#military_crate" }
			}
		},
		{
			"__comment": "Voxels",
			"from": [ 0.5, -0.5, 1.5 ],
			"to": [ 3.5, 0, 14.5 ],
			"faces": {
				"down": { "uv": [ 5.375, 8.625, 5.75, 10.25 ], "texture": "#military_crate" },
				"up": { "uv": [ 5.75, 10.25, 6.125, 8.625 ], "texture": "#military_crate" },
				"north": { "uv": [ 15.625, 15.625, 15.25, 15.6875 ], "texture": "#military_crate" },
				"south": { "uv": [ 15.625, 15.75, 16, 15.8125 ], "texture": "#military_crate" },
				"west": { "uv": [ 13.625, 15.5, 15.25, 15.5625 ], "texture": "#military_crate" },
				"east": { "uv": [ 15.25, 15.5625, 13.625, 15.625 ], "texture": "#military_crate" }
			}
		},
		{
			"__comment": "Voxels",
			"from": [ 0.5, 0.5, 0.5 ],
			"to": [ 3.5, 1.5, 1 ],
			"faces": {
				"down": { "uv": [ 15.625, 15.6875, 16, 15.75 ], "texture": "#military_crate" },
				"up": { "uv": [ 15.375, 15.875, 15.75, 15.8125 ], "texture": "#military_crate" },
				"north": { "uv": [ 2.625, 11.4375, 2.25, 11.5625 ], "texture": "#military_crate" },
				"west": { "uv": [ 8.625, 8.0625, 8.6875, 8.1875 ], "texture": "#military_crate" },
				"east": { "uv": [ 13.0625, 14.875, 13, 15 ], "texture": "#military_crate" }
			}
		},
		{
			"__comment": "Voxels",
			"from": [ 0.5, 0.5, 15 ],
			"to": [ 3.5, 1.5, 15.5 ],
			"faces": {
				"down": { "uv": [ 2.25, 8.375, 2.625, 8.4375 ], "texture": "#military_crate" },
				"up": { "uv": [ 2.25, 10.3125, 2.625, 10.25 ], "texture": "#military_crate" },
				"south": { "uv": [ 15.375, 15.875, 15.75, 16 ], "texture": "#military_crate" },
				"west": { "uv": [ 13.0625, 14.875, 13.125, 15 ], "texture": "#military_crate" },
				"east": { "uv": [ 13.6875, 15, 13.625, 15.125 ], "texture": "#military_crate" }
			}
		},
		{
			"__comment": "Voxels",
			"from": [ 0.5, 2, 1 ],
			"to": [ 4.5, 7, 1.5 ],
			"faces": {
				"north": { "uv": [ 8.125, 12, 7.625, 12.625 ], "texture": "#military_crate" },
				"west": { "uv": [ 8.5625, 10.5625, 8.625, 11.1875 ], "texture": "#military_crate" },
				"east": { "uv": [ 8.75, 8, 8.6875, 8.625 ], "texture": "#military_crate" }
			}
		},
		{
			"__comment": "Voxels",
			"from": [ 0.5, 2, 14.5 ],
			"to": [ 3.5, 7, 15 ],
			"faces": {
				"south": { "uv": [ 2.25, 8.6875, 2.625, 9.3125 ], "texture": "#military_crate" },
				"west": { "uv": [ 8.625, 9.9375, 8.6875, 10.5625 ], "texture": "#military_crate" },
				"east": { "uv": [ 6.5, 8, 6.4375, 8.625 ], "texture": "#military_crate" }
			}
		},
		{
			"__comment": "Voxels",
			"from": [ 0.5, 7.5, 0.5 ],
			"to": [ 4.5, 8, 1 ],
			"faces": {
				"down": { "uv": [ 7.625, 13.25, 8.125, 13.3125 ], "texture": "#military_crate" },
				"up": { "uv": [ 15.25, 15.625, 15.75, 15.5625 ], "texture": "#military_crate" },
				"north": { "uv": [ 15.75, 15.5, 15.25, 15.5625 ], "texture": "#military_crate" },
				"west": { "uv": [ 12.125, 14.9375, 12.1875, 15 ], "texture": "#military_crate" },
				"east": { "uv": [ 12.1875, 14.875, 12.125, 14.9375 ], "texture": "#military_crate" }
			}
		},
		{
			"__comment": "Voxels",
			"from": [ 0.5, 7.5, 15 ],
			"to": [ 3.5, 8, 15.5 ],
			"faces": {
				"down": { "uv": [ 11.8125, 15, 12.1875, 15.0625 ], "texture": "#military_crate" },
				"up": { "uv": [ 11.8125, 15.125, 12.1875, 15.0625 ], "texture": "#military_crate" },
				"south": { "uv": [ 11.375, 14.875, 11.75, 14.9375 ], "texture": "#military_crate" },
				"west": { "uv": [ 13.8125, 15.0625, 13.875, 15.125 ], "texture": "#military_crate" },
				"east": { "uv": [ 13.875, 15, 13.8125, 15.0625 ], "texture": "#military_crate" }
			}
		},
		{
			"__comment": "Voxels",
			"from": [ 0.5, 9, 1.5 ],
			"to": [ 3.5, 9.5, 14.5 ],
			"faces": {
				"up": { "uv": [ 6.125, 10.25, 6.5, 8.625 ], "texture": "#military_crate" },
				"north": { "uv": [ 16, 15.3125, 15.625, 15.375 ], "texture": "#military_crate" },
				"south": { "uv": [ 15.625, 15.625, 16, 15.6875 ], "texture": "#military_crate" },
				"west": { "uv": [ 13.625, 15.75, 15.25, 15.8125 ], "texture": "#military_crate" },
				"east": { "uv": [ 15.25, 15.8125, 13.625, 15.875 ], "texture": "#military_crate" }
			}
		},
		{
			"__comment": "Voxels",
			"from": [ 1, 1.5, 0.5 ],
			"to": [ 3, 7.5, 1 ],
			"faces": {
				"north": { "uv": [ 8.375, 11.375, 8.125, 12.125 ], "texture": "#military_crate" },
				"south": { "uv": [ 8.125, 9.875, 8.375, 10.625 ], "texture": "#military_crate" },
				"west": { "uv": [ 2.5, 9.5, 2.5625, 10.25 ], "texture": "#military_crate" },
				"east": { "uv": [ 5.375, 10.125, 5.3125, 10.875 ], "texture": "#military_crate" }
			}
		},
		{
			"__comment": "Voxels",
			"from": [ 1, 1.5, 15 ],
			"to": [ 3, 7.5, 15.5 ],
			"faces": {
				"north": { "uv": [ 8.375, 12.125, 8.125, 12.875 ], "texture": "#military_crate" },
				"south": { "uv": [ 8.125, 10.625, 8.375, 11.375 ], "texture": "#military_crate" },
				"west": { "uv": [ 5.3125, 9.1875, 5.375, 9.9375 ], "texture": "#military_crate" },
				"east": { "uv": [ 2.625, 9.5, 2.5625, 10.25 ], "texture": "#military_crate" }
			}
		},
		{
			"__comment": "Voxels",
			"from": [ 3, 4, 0.5 ],
			"to": [ 3.5, 4.5, 1 ],
			"faces": {
				"down": { "uv": [ 13.75, 14.875, 13.8125, 14.9375 ], "texture": "#military_crate" },
				"up": { "uv": [ 13.6875, 14.9375, 13.75, 14.875 ], "texture": "#military_crate" },
				"north": { "uv": [ 13.5, 14.875, 13.4375, 14.9375 ], "texture": "#military_crate" },
				"east": { "uv": [ 14.0625, 15.0625, 14, 15.125 ], "texture": "#military_crate" }
			}
		},
		{
			"__comment": "Voxels",
			"from": [ 3.5, 6, 0.5 ],
			"to": [ 4.5, 7.5, 1 ],
			"faces": {
				"down": { "uv": [ 13.6875, 15, 13.8125, 15.0625 ], "texture": "#military_crate" },
				"north": { "uv": [ 2.625, 9.3125, 2.5, 9.5 ], "texture": "#military_crate" },
				"south": { "uv": [ 8, 10.3125, 8.125, 10.5 ], "texture": "#military_crate" },
				"west": { "uv": [ 13.1875, 14.9375, 13.25, 15.125 ], "texture": "#military_crate" },
				"east": { "uv": [ 13.1875, 14.9375, 13.125, 15.125 ], "texture": "#military_crate" }
			}
		},
		{
			"__comment": "Voxels",
			"from": [ 3.5, 8, 0.5 ],
			"to": [ 4, 8.5, 1 ],
			"faces": {
				"up": { "uv": [ 11.75, 15, 11.8125, 14.9375 ], "texture": "#military_crate" },
				"north": { "uv": [ 8.5625, 8, 8.5, 8.0625 ], "texture": "#military_crate" },
				"west": { "uv": [ 8.4375, 8, 8.5, 8.0625 ], "texture": "#military_crate" },
				"east": { "uv": [ 8.4375, 8, 8.375, 8.0625 ], "texture": "#military_crate" }
			}
		},
		{
			"__comment": "Voxels",
			"from": [ 11.5, 2, 1 ],
			"to": [ 15, 7, 1.5 ],
			"faces": {
				"north": { "uv": [ 7.625, 8, 7.1875, 8.625 ], "texture": "#military_crate" },
				"west": { "uv": [ 8.625, 10.5625, 8.6875, 11.1875 ], "texture": "#military_crate" },
				"east": { "uv": [ 8.625, 9.9375, 8.5625, 10.5625 ], "texture": "#military_crate" }
			}
		},
		{
			"__comment": "Voxels",
			"from": [ 11.5, 6, 0.5 ],
			"to": [ 15, 8, 1 ],
			"faces": {
				"down": { "uv": [ 10.75, 14.875, 11.1875, 14.9375 ], "texture": "#military_crate" },
				"up": { "uv": [ 11.375, 15.125, 11.8125, 15.0625 ], "texture": "#military_crate" },
				"north": { "uv": [ 8.0625, 13.3125, 7.625, 13.5625 ], "texture": "#military_crate" },
				"south": { "uv": [ 8.6875, 14.875, 9.125, 15.125 ], "texture": "#military_crate" },
				"west": { "uv": [ 2.5625, 8.4375, 2.625, 8.6875 ], "texture": "#military_crate" },
				"east": { "uv": [ 8.125, 13.3125, 8.0625, 13.5625 ], "texture": "#military_crate" }
			}
		},
		{
			"__comment": "Voxels",
			"from": [ 11.5, 8, 0.5 ],
			"to": [ 12.5, 8.5, 1 ],
			"faces": {
				"up": { "uv": [ 13.5, 15, 13.625, 14.9375 ], "texture": "#military_crate" },
				"north": { "uv": [ 8.125, 10.25, 8, 10.3125 ], "texture": "#military_crate" },
				"west": { "uv": [ 11.75, 14.875, 11.8125, 14.9375 ], "texture": "#military_crate" },
				"east": { "uv": [ 13.1875, 14.875, 13.125, 14.9375 ], "texture": "#military_crate" }
			}
		},
		{
			"__comment": "Voxels",
			"from": [ 12.5, -0.5, 1.5 ],
			"to": [ 15, 0, 14.5 ],
			"faces": {
				"down": { "uv": [ 7.8125, 8.625, 8.125, 10.25 ], "texture": "#military_crate" },
				"up": { "uv": [ 7.5, 10.25, 7.8125, 8.625 ], "texture": "#military_crate" },
				"north": { "uv": [ 13.125, 15, 12.8125, 15.0625 ], "texture": "#military_crate" },
				"south": { "uv": [ 11.8125, 14.9375, 12.125, 15 ], "texture": "#military_crate" },
				"west": { "uv": [ 13.625, 15.625, 15.25, 15.6875 ], "texture": "#military_crate" },
				"east": { "uv": [ 15.25, 15.4375, 13.625, 15.5 ], "texture": "#military_crate" }
			}
		},
		{
			"__comment": "Voxels",
			"from": [ 12.5, 0.5, 0.5 ],
			"to": [ 15, 6, 1 ],
			"faces": {
				"down": { "uv": [ 11.8125, 14.875, 12.125, 14.9375 ], "texture": "#military_crate" },
				"north": { "uv": [ 8.6875, 14.75, 8.375, 15.4375 ], "texture": "#military_crate" },
				"south": { "uv": [ 8.375, 14.0625, 8.6875, 14.75 ], "texture": "#military_crate" },
				"west": { "uv": [ 8.5625, 8.375, 8.625, 9.0625 ], "texture": "#military_crate" },
				"east": { "uv": [ 8.5625, 8.375, 8.5, 9.0625 ], "texture": "#military_crate" }
			}
		},
		{
			"__comment": "Voxels",
			"from": [ 12.5, 0.5, 15 ],
			"to": [ 15, 8, 15.5 ],
			"faces": {
				"down": { "uv": [ 12.1875, 14.875, 12.5, 14.9375 ], "texture": "#military_crate" },
				"up": { "uv": [ 12.5, 15.125, 12.8125, 15.0625 ], "texture": "#military_crate" },
				"north": { "uv": [ 2.5625, 10.4375, 2.25, 11.375 ], "texture": "#military_crate" },
				"south": { "uv": [ 2.25, 11.5625, 2.5625, 12.5 ], "texture": "#military_crate" },
				"west": { "uv": [ 2.5625, 10.4375, 2.625, 11.375 ], "texture": "#military_crate" },
				"east": { "uv": [ 2.625, 11.5625, 2.5625, 12.5 ], "texture": "#military_crate" }
			}
		},
		{
			"__comment": "Voxels",
			"from": [ 12.5, 2, 14.5 ],
			"to": [ 15, 7, 15 ],
			"faces": {
				"west": { "uv": [ 6.0625, 8, 6.125, 8.625 ], "texture": "#military_crate" },
				"east": { "uv": [ 8.75, 8.625, 8.6875, 9.25 ], "texture": "#military_crate" }
			}
		},
		{
			"__comment": "Voxels",
			"from": [ 12.5, 9, 1.5 ],
			"to": [ 15, 9.5, 14.5 ],
			"faces": {
				"up": { "uv": [ 6.875, 10.25, 7.1875, 8.625 ], "texture": "#military_crate" },
				"north": { "uv": [ 12.8125, 15, 12.5, 15.0625 ], "texture": "#military_crate" },
				"south": { "uv": [ 12.1875, 14.9375, 12.5, 15 ], "texture": "#military_crate" },
				"west": { "uv": [ 13.625, 15.6875, 15.25, 15.75 ], "texture": "#military_crate" },
				"east": { "uv": [ 15.8125, 15.375, 14.1875, 15.4375 ], "texture": "#military_crate" }
			}
		},
		{
			"__comment": "Voxels",
			"from": [ 17, 2, 1 ],
			"to": [ 18.5, 7, 1.5 ],
			"faces": {
				"north": { "uv": [ 6.6875, 8, 6.5, 8.625 ], "texture": "#military_crate" },
				"west": { "uv": [ 8.5625, 9.3125, 8.625, 9.9375 ], "texture": "#military_crate" },
				"east": { "uv": [ 8.6875, 8.4375, 8.625, 9.0625 ], "texture": "#military_crate" }
			}
		},
		{
			"__comment": "Voxels",
			"from": [ 17, 2, 14.5 ],
			"to": [ 18.5, 7, 15 ],
			"faces": {
				"south": { "uv": [ 8.375, 9.9375, 8.5625, 10.5625 ], "texture": "#military_crate" },
				"west": { "uv": [ 8.625, 11.1875, 8.6875, 11.8125 ], "texture": "#military_crate" },
				"east": { "uv": [ 8.625, 11.1875, 8.5625, 11.8125 ], "texture": "#military_crate" }
			}
		},
		{
			"__comment": "Voxels",
			"from": [ 18, 0.5, 3.5 ],
			"to": [ 19, 1, 12.5 ],
			"faces": {
				"up": { "uv": [ 8.25, 9.875, 8.375, 8.75 ], "texture": "#military_crate" },
				"west": { "uv": [ 9.125, 14.875, 10.25, 14.9375 ], "texture": "#military_crate" },
				"east": { "uv": [ 11.375, 15.0625, 10.25, 15.125 ], "texture": "#military_crate" }
			}
		},
		{
			"__comment": "Voxels",
			"from": [ 18, 1.5, 3.5 ],
			"to": [ 19, 2, 12.5 ],
			"faces": {
				"down": { "uv": [ 8.5, 12.9375, 8.625, 14.0625 ], "texture": "#military_crate" },
				"up": { "uv": [ 8.375, 12.9375, 8.5, 11.8125 ], "texture": "#military_crate" },
				"west": { "uv": [ 10.25, 15, 11.375, 15.0625 ], "texture": "#military_crate" },
				"east": { "uv": [ 11.375, 14.9375, 10.25, 15 ], "texture": "#military_crate" }
			}
		},
		{
			"__comment": "Voxels",
			"from": [ 18, 7, 3.5 ],
			"to": [ 19, 7.5, 12.5 ],
			"faces": {
				"down": { "uv": [ 8.375, 12.9375, 8.5, 14.0625 ], "texture": "#military_crate" },
				"up": { "uv": [ 8.5, 12.9375, 8.625, 11.8125 ], "texture": "#military_crate" },
				"west": { "uv": [ 14, 15.1875, 15.125, 15.25 ], "texture": "#military_crate" },
				"east": { "uv": [ 12.4375, 15.125, 11.3125, 15.1875 ], "texture": "#military_crate" }
			}
		},
		{
			"__comment": "Voxels",
			"from": [ 18.5, 1, 3.5 ],
			"to": [ 19, 1.5, 12.5 ],
			"faces": {
				"west": { "uv": [ 12.4375, 15.125, 13.5625, 15.1875 ], "texture": "#military_crate" },
				"east": { "uv": [ 14.6875, 15.125, 13.5625, 15.1875 ], "texture": "#military_crate" }
			}
		},
		{
			"__comment": "Voxels",
			"from": [ 18.5, 2, 3.5 ],
			"to": [ 19, 7, 12.5 ],
			"faces": {
				"west": { "uv": [ 5.375, 12, 6.5, 12.625 ], "texture": "#military_crate" },
				"east": { "uv": [ 7.625, 12, 6.5, 12.625 ], "texture": "#military_crate" }
			}
		},
		{
			"__comment": "Voxels",
			"from": [ 18.5, 7.5, 3.5 ],
			"to": [ 19, 8, 12.5 ],
			"faces": {
				"west": { "uv": [ 14.6875, 15.125, 15.8125, 15.1875 ], "texture": "#military_crate" },
				"east": { "uv": [ 10.25, 14.9375, 9.125, 15 ], "texture": "#military_crate" }
			}
		}
	],
	"display": {
		"thirdperson_righthand": {
			"scale":  [ 0.5, 0.5, 0.5 ]
		},
		"firstperson_righthand": {
			"scale":  [ 0.5, 0.5, 0.5 ]
		},
		"gui": {
			"rotation":  [ 13, 38, 0 ],
			"translation":  [ 0, 3.4782, 0 ]
		},
		"head": {
			"translation":  [ 0, -34.08, 0 ],
			"scale":  [ 2, 2, 2 ]
		},
		"ground": {
			"translation":  [ 0, 4.1739, 0 ],
			"scale":  [ 0.5, 0.5, 0.5 ]
		}
	}
}