{
	"__comment": "Designed by DevastMc",
	"textures": {
		"elitecrate": "blocks/elitecrate"
	},
	"elements": [ 	 
		{
			"__comment": "Voxels",
			"from": [ -5, 6, 6 ],
			"to": [ -3.5, 8.5, 7 ],
			"faces": {
				"down": { "uv": [ 5.5, 0, 5.875, 0.25 ], "texture": "#elitecrate" },
				"up": { "uv": [ 3.75, 0.25, 4.125, 0 ], "texture": "#elitecrate" },
				"north": { "uv": [ 12.625, 10, 12.25, 10.625 ], "texture": "#elitecrate" },
				"south": { "uv": [ 12.625, 10, 13, 10.625 ], "texture": "#elitecrate" },
				"west": { "uv": [ 14.5, 10, 14.75, 10.625 ], "texture": "#elitecrate" },
				"east": { "uv": [ 15, 10, 14.75, 10.625 ], "texture": "#elitecrate" }
			}
		},
		{
			"__comment": "Voxels",
			"from": [ -5, 6, 7 ],
			"to": [ -3.5, 6.5, 10 ],
			"faces": {
				"down": { "uv": [ 15.5, 12.75, 15.875, 13.5 ], "texture": "#elitecrate" },
				"up": { "uv": [ 7.25, 1.125, 7.625, 0.375 ], "texture": "#elitecrate" },
				"south": { "uv": [ 13, 6.375, 13.375, 6.5 ], "texture": "#elitecrate" },
				"west": { "uv": [ 3, 0.375, 3.75, 0.5 ], "texture": "#elitecrate" },
				"east": { "uv": [ 3.75, 0.25, 3, 0.375 ], "texture": "#elitecrate" }
			}
		},
		{
			"__comment": "Voxels",
			"from": [ -5, 6.5, 9 ],
			"to": [ -3.5, 8.5, 10 ],
			"faces": {
				"up": { "uv": [ 12.625, 7.5, 13, 7.25 ], "texture": "#elitecrate" },
				"north": { "uv": [ 0.375, 0, 0, 0.5 ], "texture": "#elitecrate" },
				"south": { "uv": [ 0.375, 0, 0.75, 0.5 ], "texture": "#elitecrate" },
				"west": { "uv": [ 2.75, 0, 3, 0.5 ], "texture": "#elitecrate" },
				"east": { "uv": [ 1, 0, 0.75, 0.5 ], "texture": "#elitecrate" }
			}
		},
		{
			"__comment": "Voxels",
			"from": [ -5, 7.5, 7 ],
			"to": [ -3.5, 8.5, 7.5 ],
			"faces": {
				"down": { "uv": [ 13, 6.25, 13.375, 6.375 ], "texture": "#elitecrate" },
				"up": { "uv": [ 13.375, 6.5, 13.75, 6.375 ], "texture": "#elitecrate" },
				"south": { "uv": [ 4.125, 0, 4.5, 0.25 ], "texture": "#elitecrate" },
				"west": { "uv": [ 14.25, 6.25, 14.375, 6.5 ], "texture": "#elitecrate" },
				"east": { "uv": [ 6, 0, 5.875, 0.25 ], "texture": "#elitecrate" }
			}
		},
		{
			"__comment": "Voxels",
			"from": [ -5, 7.5, 8.5 ],
			"to": [ -3.5, 8.5, 9 ],
			"faces": {
				"down": { "uv": [ 15.5, 9, 15.875, 9.125 ], "texture": "#elitecrate" },
				"up": { "uv": [ 15.5, 9, 15.875, 8.875 ], "texture": "#elitecrate" },
				"north": { "uv": [ 3.75, 0, 3.375, 0.25 ], "texture": "#elitecrate" },
				"west": { "uv": [ 5.875, 0.25, 6, 0.5 ], "texture": "#elitecrate" },
				"east": { "uv": [ 14.5, 6.25, 14.375, 6.5 ], "texture": "#elitecrate" }
			}
		},
		{
			"__comment": "Voxels",
			"from": [ -4.5, 0, 1 ],
			"to": [ 20.5, 11, 2 ],
			"faces": {
				"down": { "uv": [ 6, 6.25, 12.25, 6.5 ], "texture": "#elitecrate" },
				"up": { "uv": [ 6, 6.25, 12.25, 6 ], "texture": "#elitecrate" },
				"north": { "uv": [ 12.25, 10, 6, 12.75 ], "texture": "#elitecrate" },
				"south": { "uv": [ 6, 7.25, 12.25, 10 ], "texture": "#elitecrate" },
				"west": { "uv": [ 15.25, 10, 15.5, 12.75 ], "texture": "#elitecrate" },
				"east": { "uv": [ 15.75, 10, 15.5, 12.75 ], "texture": "#elitecrate" }
			}
		},
		{
			"__comment": "Voxels",
			"from": [ -4.5, 0, 2 ],
			"to": [ 20.5, 1, 15 ],
			"faces": {
				"down": { "uv": [ 6.25, 12.75, 12.5, 16 ], "texture": "#elitecrate" },
				"up": { "uv": [ 0, 16, 6.25, 12.75 ], "texture": "#elitecrate" },
				"south": { "uv": [ 6, 5.5, 12.25, 5.75 ], "texture": "#elitecrate" },
				"west": { "uv": [ 12, 7, 15.25, 7.25 ], "texture": "#elitecrate" },
				"east": { "uv": [ 15.25, 6.625, 12, 6.875 ], "texture": "#elitecrate" }
			}
		},
		{
			"__comment": "Voxels",
			"from": [ -4.5, 1, 2 ],
			"to": [ -3.5, 11, 6 ],
			"faces": {
				"up": { "uv": [ 7.625, 5, 7.875, 4 ], "texture": "#elitecrate" },
				"south": { "uv": [ 6.75, 2.5, 7, 5 ], "texture": "#elitecrate" },
				"west": { "uv": [ 13.25, 7.5, 14.25, 10 ], "texture": "#elitecrate" },
				"east": { "uv": [ 13.25, 7.5, 12.25, 10 ], "texture": "#elitecrate" }
			}
		},
		{
			"__comment": "Voxels",
			"from": [ -4.5, 1, 6 ],
			"to": [ -3.5, 6, 15 ],
			"faces": {
				"up": { "uv": [ 7, 5, 7.25, 2.75 ], "texture": "#elitecrate" },
				"south": { "uv": [ 6.25, 0.75, 6.5, 2 ], "texture": "#elitecrate" },
				"west": { "uv": [ 0, 0.5, 2.25, 1.75 ], "texture": "#elitecrate" },
				"east": { "uv": [ 4.5, 0.5, 2.25, 1.75 ], "texture": "#elitecrate" }
			}
		},
		{
			"__comment": "Voxels",
			"from": [ -4.5, 6, 10 ],
			"to": [ -3.5, 11, 15 ],
			"faces": {
				"up": { "uv": [ 7, 2.75, 7.25, 1.5 ], "texture": "#elitecrate" },
				"north": { "uv": [ 7.25, 0.25, 7, 1.5 ], "texture": "#elitecrate" },
				"south": { "uv": [ 7.25, 1.125, 7.5, 2.375 ], "texture": "#elitecrate" },
				"west": { "uv": [ 4.5, 0.5, 5.75, 1.75 ], "texture": "#elitecrate" },
				"east": { "uv": [ 15.5, 8.75, 14.25, 10 ], "texture": "#elitecrate" }
			}
		},
		{
			"__comment": "Voxels",
			"from": [ -4.5, 6.5, 7 ],
			"to": [ -3.5, 7.5, 9 ],
			"faces": {
				"up": { "uv": [ 2.25, 0.5, 2.5, 0 ], "texture": "#elitecrate" },
				"west": { "uv": [ 1.5, 0, 2, 0.25 ], "texture": "#elitecrate" },
				"east": { "uv": [ 2, 0.25, 1.5, 0.5 ], "texture": "#elitecrate" }
			}
		},
		{
			"__comment": "Voxels",
			"from": [ -4.5, 7.5, 7.5 ],
			"to": [ -3.5, 11, 8.5 ],
			"faces": {
				"up": { "uv": [ 13, 7.5, 13.25, 7.25 ], "texture": "#elitecrate" },
				"north": { "uv": [ 16, 7.875, 15.75, 8.75 ], "texture": "#elitecrate" },
				"south": { "uv": [ 7.625, 2.125, 7.875, 3 ], "texture": "#elitecrate" },
				"west": { "uv": [ 7.625, 1.25, 7.875, 2.125 ], "texture": "#elitecrate" },
				"east": { "uv": [ 7.875, 0.375, 7.625, 1.25 ], "texture": "#elitecrate" }
			}
		},
		{
			"__comment": "Voxels",
			"from": [ -4.5, 8.5, 6 ],
			"to": [ -3.5, 11, 7.5 ],
			"faces": {
				"down": { "uv": [ 5.25, 0.125, 5.5, 0.5 ], "texture": "#elitecrate" },
				"up": { "uv": [ 4.5, 0.5, 4.75, 0.125 ], "texture": "#elitecrate" },
				"west": { "uv": [ 13.375, 10, 13.75, 10.625 ], "texture": "#elitecrate" },
				"east": { "uv": [ 14.125, 10, 13.75, 10.625 ], "texture": "#elitecrate" }
			}
		},
		{
			"__comment": "Voxels",
			"from": [ -4.5, 8.5, 8.5 ],
			"to": [ -3.5, 11, 10 ],
			"faces": {
				"down": { "uv": [ 5, 0.125, 5.25, 0.5 ], "texture": "#elitecrate" },
				"up": { "uv": [ 4.75, 0.5, 5, 0.125 ], "texture": "#elitecrate" },
				"west": { "uv": [ 13, 10, 13.375, 10.625 ], "texture": "#elitecrate" },
				"east": { "uv": [ 14.5, 10, 14.125, 10.625 ], "texture": "#elitecrate" }
			}
		},
		{
			"__comment": "Voxels",
			"from": [ -3.5, 1, 14 ],
			"to": [ 20.5, 11, 15 ],
			"faces": {
				"up": { "uv": [ 6, 5.5, 12, 5.25 ], "texture": "#elitecrate" },
				"north": { "uv": [ 6, 1.75, 0, 4.25 ], "texture": "#elitecrate" },
				"south": { "uv": [ 0, 4.25, 6, 6.75 ], "texture": "#elitecrate" },
				"west": { "uv": [ 15.75, 10.25, 16, 12.75 ], "texture": "#elitecrate" },
				"east": { "uv": [ 6.75, 2.5, 6.5, 5 ], "texture": "#elitecrate" }
			}
		},
		{
			"__comment": "Voxels",
			"from": [ -3.5, 9.5, 2 ],
			"to": [ 20.5, 11, 14 ],
			"faces": {
				"down": { "uv": [ 0, 9.75, 6, 12.75 ], "texture": "#elitecrate" },
				"up": { "uv": [ 0, 9.75, 6, 6.75 ], "texture": "#elitecrate" },
				"west": { "uv": [ 12.5, 13.125, 15.5, 13.5 ], "texture": "#elitecrate" },
				"east": { "uv": [ 15.5, 13.5, 12.5, 13.875 ], "texture": "#elitecrate" }
			}
		},
		{
			"__comment": "Voxels",
			"from": [ -2, 6.5, 0.5 ],
			"to": [ -0.5, 10, 1 ],
			"faces": {
				"down": { "uv": [ 15.5, 8.75, 15.875, 8.875 ], "texture": "#elitecrate" },
				"up": { "uv": [ 12, 7, 12.375, 6.875 ], "texture": "#elitecrate" },
				"north": { "uv": [ 15.875, 9.125, 15.5, 10 ], "texture": "#elitecrate" },
				"west": { "uv": [ 7.875, 4.125, 8, 5 ], "texture": "#elitecrate" },
				"east": { "uv": [ 7.625, 1.5, 7.5, 2.375 ], "texture": "#elitecrate" }
			}
		},
		{
			"__comment": "Voxels",
			"from": [ -2, 6.5, 15 ],
			"to": [ -0.5, 10, 15.5 ],
			"faces": {
				"down": { "uv": [ 12.375, 6.875, 12.75, 7 ], "texture": "#elitecrate" },
				"up": { "uv": [ 12.75, 7, 13.125, 6.875 ], "texture": "#elitecrate" },
				"south": { "uv": [ 15.375, 7.875, 15.75, 8.75 ], "texture": "#elitecrate" },
				"west": { "uv": [ 7.875, 3.25, 8, 4.125 ], "texture": "#elitecrate" },
				"east": { "uv": [ 16, 9.125, 15.875, 10 ], "texture": "#elitecrate" }
			}
		},
		{
			"__comment": "Voxels",
			"from": [ -0.5, 8, 0.5 ],
			"to": [ 0, 9.5, 1 ],
			"faces": {
				"down": { "uv": [ 4.75, 0, 4.875, 0.125 ], "texture": "#elitecrate" },
				"up": { "uv": [ 5.125, 0.125, 5.25, 0 ], "texture": "#elitecrate" },
				"north": { "uv": [ 15.75, 6.875, 15.625, 7.25 ], "texture": "#elitecrate" },
				"east": { "uv": [ 15.75, 6.5, 15.625, 6.875 ], "texture": "#elitecrate" }
			}
		},
		{
			"__comment": "Voxels",
			"from": [ -0.5, 8, 15 ],
			"to": [ 0, 9.5, 15.5 ],
			"faces": {
				"down": { "uv": [ 5.25, 0, 5.375, 0.125 ], "texture": "#elitecrate" },
				"up": { "uv": [ 15.125, 6.625, 15.25, 6.5 ], "texture": "#elitecrate" },
				"south": { "uv": [ 15.875, 6.5, 16, 6.875 ], "texture": "#elitecrate" },
				"east": { "uv": [ 6.5, 0.375, 6.375, 0.75 ], "texture": "#elitecrate" }
			}
		},
		{
			"__comment": "Voxels",
			"from": [ 7, 6.5, 0.5 ],
			"to": [ 8.5, 10, 1 ],
			"faces": {
				"down": { "uv": [ 14.625, 6.5, 15, 6.625 ], "texture": "#elitecrate" },
				"up": { "uv": [ 12.25, 6.5, 12.625, 6.375 ], "texture": "#elitecrate" },
				"north": { "uv": [ 15.375, 7.875, 15, 8.75 ], "texture": "#elitecrate" },
				"west": { "uv": [ 7.875, 2.375, 8, 3.25 ], "texture": "#elitecrate" },
				"east": { "uv": [ 8, 1.5, 7.875, 2.375 ], "texture": "#elitecrate" }
			}
		},
		{
			"__comment": "Voxels",
			"from": [ 7, 6.5, 15 ],
			"to": [ 8.5, 10, 15.5 ],
			"faces": {
				"down": { "uv": [ 12.25, 6.25, 12.625, 6.375 ], "texture": "#elitecrate" },
				"up": { "uv": [ 12.625, 6.5, 13, 6.375 ], "texture": "#elitecrate" },
				"south": { "uv": [ 7.25, 2.375, 7.625, 3.25 ], "texture": "#elitecrate" },
				"west": { "uv": [ 7.875, 0.625, 8, 1.5 ], "texture": "#elitecrate" },
				"east": { "uv": [ 8.125, 4.125, 8, 5 ], "texture": "#elitecrate" }
			}
		},
		{
			"__comment": "Voxels",
			"from": [ 8.5, 8, 0.5 ],
			"to": [ 9, 9.5, 1 ],
			"faces": {
				"down": { "uv": [ 4.5, 0, 4.625, 0.125 ], "texture": "#elitecrate" },
				"up": { "uv": [ 4.625, 0.125, 4.75, 0 ], "texture": "#elitecrate" },
				"north": { "uv": [ 6.5, 0, 6.375, 0.375 ], "texture": "#elitecrate" },
				"east": { "uv": [ 7.375, 0, 7.25, 0.375 ], "texture": "#elitecrate" }
			}
		},
		{
			"__comment": "Voxels",
			"from": [ 8.5, 8, 15 ],
			"to": [ 9, 9.5, 15.5 ],
			"faces": {
				"down": { "uv": [ 15.875, 8.875, 16, 9 ], "texture": "#elitecrate" },
				"up": { "uv": [ 15.875, 8.875, 16, 8.75 ], "texture": "#elitecrate" },
				"south": { "uv": [ 7.5, 0, 7.625, 0.375 ], "texture": "#elitecrate" },
				"east": { "uv": [ 7.875, 0, 7.75, 0.375 ], "texture": "#elitecrate" }
			}
		},
		{
			"__comment": "Voxels",
			"from": [ 16, 8, 0.5 ],
			"to": [ 18, 9.5, 1 ],
			"faces": {
				"down": { "uv": [ 13.25, 7.375, 13.75, 7.5 ], "texture": "#elitecrate" },
				"up": { "uv": [ 13.25, 7.375, 13.75, 7.25 ], "texture": "#elitecrate" },
				"north": { "uv": [ 14, 12.75, 13.5, 13.125 ], "texture": "#elitecrate" },
				"west": { "uv": [ 15.25, 6.875, 15.375, 7.25 ], "texture": "#elitecrate" },
				"east": { "uv": [ 15.5, 6.875, 15.375, 7.25 ], "texture": "#elitecrate" }
			}
		},
		{
			"__comment": "Voxels",
			"from": [ 16, 8, 15 ],
			"to": [ 18, 9.5, 15.5 ],
			"faces": {
				"down": { "uv": [ 13.75, 7.375, 14.25, 7.5 ], "texture": "#elitecrate" },
				"up": { "uv": [ 13.75, 7.375, 14.25, 7.25 ], "texture": "#elitecrate" },
				"south": { "uv": [ 13, 12.75, 13.5, 13.125 ], "texture": "#elitecrate" },
				"west": { "uv": [ 15.75, 6.875, 15.875, 7.25 ], "texture": "#elitecrate" },
				"east": { "uv": [ 16, 6.875, 15.875, 7.25 ], "texture": "#elitecrate" }
			}
		},
		{
			"__comment": "Voxels",
			"from": [ 16.5, 6.5, 0.5 ],
			"to": [ 18, 8, 1 ],
			"faces": {
				"down": { "uv": [ 13.125, 6.875, 13.5, 7 ], "texture": "#elitecrate" },
				"north": { "uv": [ 15.5, 12.75, 15.125, 13.125 ], "texture": "#elitecrate" },
				"west": { "uv": [ 15.5, 6.5, 15.625, 6.875 ], "texture": "#elitecrate" },
				"east": { "uv": [ 6.375, 0, 6.25, 0.375 ], "texture": "#elitecrate" }
			}
		},
		{
			"__comment": "Voxels",
			"from": [ 16.5, 6.5, 15 ],
			"to": [ 18, 8, 15.5 ],
			"faces": {
				"down": { "uv": [ 13.875, 6.875, 14.25, 7 ], "texture": "#elitecrate" },
				"south": { "uv": [ 14.375, 12.75, 14.75, 13.125 ], "texture": "#elitecrate" },
				"west": { "uv": [ 6.125, 0.375, 6.25, 0.75 ], "texture": "#elitecrate" },
				"east": { "uv": [ 6.25, 0, 6.125, 0.375 ], "texture": "#elitecrate" }
			}
		},
		{
			"__comment": "Voxels",
			"from": [ 16.5, 9.5, 0.5 ],
			"to": [ 18, 10, 1 ],
			"faces": {
				"up": { "uv": [ 12, 6.625, 12.375, 6.5 ], "texture": "#elitecrate" },
				"north": { "uv": [ 12.75, 6.5, 12.375, 6.625 ], "texture": "#elitecrate" },
				"west": { "uv": [ 4.875, 0, 5, 0.125 ], "texture": "#elitecrate" },
				"east": { "uv": [ 5.125, 0, 5, 0.125 ], "texture": "#elitecrate" }
			}
		},
		{
			"__comment": "Voxels",
			"from": [ 16.5, 9.5, 15 ],
			"to": [ 18, 10, 15.5 ],
			"faces": {
				"up": { "uv": [ 13.5, 6.625, 13.875, 6.5 ], "texture": "#elitecrate" },
				"south": { "uv": [ 14.25, 6.5, 14.625, 6.625 ], "texture": "#elitecrate" },
				"west": { "uv": [ 13.375, 6.25, 13.5, 6.375 ], "texture": "#elitecrate" },
				"east": { "uv": [ 15.125, 6.5, 15, 6.625 ], "texture": "#elitecrate" }
			}
		},
		{
			"__comment": "Voxels",
			"from": [ 19.5, 1, 2 ],
			"to": [ 20.5, 9.5, 14 ],
			"faces": {
				"west": { "uv": [ 12.25, 10.625, 15.25, 12.75 ], "texture": "#elitecrate" },
				"east": { "uv": [ 15.5, 13.875, 12.5, 16 ], "texture": "#elitecrate" }
			}
		},
		{
			"__comment": "Voxels",
			"from": [ 20.5, 6, 6 ],
			"to": [ 21, 8.5, 7 ],
			"faces": {
				"down": { "uv": [ 14, 6.25, 14.125, 6.5 ], "texture": "#elitecrate" },
				"up": { "uv": [ 14.125, 6.5, 14.25, 6.25 ], "texture": "#elitecrate" },
				"north": { "uv": [ 14.625, 7.25, 14.5, 7.875 ], "texture": "#elitecrate" },
				"south": { "uv": [ 14.875, 7.25, 15, 7.875 ], "texture": "#elitecrate" },
				"east": { "uv": [ 15.25, 10, 15, 10.625 ], "texture": "#elitecrate" }
			}
		},
		{
			"__comment": "Voxels",
			"from": [ 20.5, 6, 7 ],
			"to": [ 21, 6.5, 10 ],
			"faces": {
				"down": { "uv": [ 15.875, 12.75, 16, 13.5 ], "texture": "#elitecrate" },
				"up": { "uv": [ 6, 0.75, 6.125, 0 ], "texture": "#elitecrate" },
				"south": { "uv": [ 15.875, 9, 16, 9.125 ], "texture": "#elitecrate" },
				"east": { "uv": [ 4.5, 0.25, 3.75, 0.375 ], "texture": "#elitecrate" }
			}
		},
		{
			"__comment": "Voxels",
			"from": [ 20.5, 6.5, 9 ],
			"to": [ 21, 8.5, 10 ],
			"faces": {
				"up": { "uv": [ 13.875, 6.5, 14, 6.25 ], "texture": "#elitecrate" },
				"north": { "uv": [ 15.875, 7.375, 15.75, 7.875 ], "texture": "#elitecrate" },
				"south": { "uv": [ 15.875, 7.375, 16, 7.875 ], "texture": "#elitecrate" },
				"east": { "uv": [ 1.5, 0, 1.25, 0.5 ], "texture": "#elitecrate" }
			}
		},
		{
			"__comment": "Voxels",
			"from": [ 20.5, 7.5, 7 ],
			"to": [ 21, 8.5, 7.5 ],
			"faces": {
				"down": { "uv": [ 15.75, 7.25, 15.875, 7.375 ], "texture": "#elitecrate" },
				"up": { "uv": [ 15.125, 7, 15.25, 6.875 ], "texture": "#elitecrate" },
				"south": { "uv": [ 14.625, 6.25, 14.75, 6.5 ], "texture": "#elitecrate" },
				"east": { "uv": [ 15, 6.25, 14.875, 6.5 ], "texture": "#elitecrate" }
			}
		},
		{
			"__comment": "Voxels",
			"from": [ 20.5, 7.5, 8.5 ],
			"to": [ 21, 8.5, 9 ],
			"faces": {
				"down": { "uv": [ 15.875, 7.25, 16, 7.375 ], "texture": "#elitecrate" },
				"up": { "uv": [ 15, 7, 15.125, 6.875 ], "texture": "#elitecrate" },
				"north": { "uv": [ 15.125, 6.25, 15, 6.5 ], "texture": "#elitecrate" },
				"east": { "uv": [ 15.5, 6.25, 15.375, 6.5 ], "texture": "#elitecrate" }
			}
		}
	],
	"display": {
		"thirdperson_righthand": {
			"scale":  [ 0.5, 0.5, 0.5 ]
		},
		"firstperson_righthand": {
			"scale":  [ 0.5, 0.5, 0.5 ]
		},
		"gui": {
			"rotation":  [ 13, -138, 0 ],
			"translation":  [ 0, 0.6956, 9.0434 ],
			"scale":  [ 0.8, 0.8, 0.8 ]
		},
		"head": {
			"translation":  [ 0, -34.77, 0 ],
			"scale":  [ 1.5, 1.5, 1.5 ]
		},
		"ground": {
			"translation":  [ 0, 4.8695, 0 ],
			"scale":  [ 0.5, 0.5, 0.5 ]
		}
	}
}