{
	"__comment": "Designed by DevastMc",
	"textures": {
		"barrel_red": "blocks/barrel_red"
	},
	"elements": [ 	 
		{
			"__comment": "Voxels",
			"from": [ 1.5, 0, 6.5 ],
			"to": [ 14.5, 0.5, 9.5 ],
			"faces": {
				"down": { "uv": [ 7.125, 12.0625, 8.75, 12.4375 ], "texture": "#barrel_red" },
				"up": { "uv": [ 8.75, 12.4375, 10.375, 12.0625 ], "texture": "#barrel_red" },
				"north": { "uv": [ 12, 12, 10.375, 12.0625 ], "texture": "#barrel_red" },
				"south": { "uv": [ 7.125, 12, 8.75, 12.0625 ], "texture": "#barrel_red" },
				"west": { "uv": [ 3.75, 2.75, 4.125, 2.8125 ], "texture": "#barrel_red" },
				"east": { "uv": [ 4.125, 2.5, 3.75, 2.5625 ], "texture": "#barrel_red" }
			}
		},
		{
			"__comment": "Voxels",
			"from": [ 1.5, 5.5, 7 ],
			"to": [ 14.5, 6.5, 9 ],
			"faces": {
				"down": { "uv": [ 5.75, 11.375, 7.375, 11.625 ], "texture": "#barrel_red" },
				"up": { "uv": [ 4.125, 11.625, 5.75, 11.375 ], "texture": "#barrel_red" },
				"north": { "uv": [ 9, 11.5, 7.375, 11.625 ], "texture": "#barrel_red" },
				"south": { "uv": [ 7.375, 11.375, 9, 11.5 ], "texture": "#barrel_red" },
				"west": { "uv": [ 2.5, 3.6875, 2.75, 3.8125 ], "texture": "#barrel_red" },
				"east": { "uv": [ 2.75, 0.4375, 2.5, 0.5625 ], "texture": "#barrel_red" }
			}
		},
		{
			"__comment": "Voxels",
			"from": [ 1.5, 6, 6.5 ],
			"to": [ 14.5, 6.5, 7 ],
			"faces": {
				"down": { "uv": [ 13.625, 12, 15.25, 12.0625 ], "texture": "#barrel_red" },
				"up": { "uv": [ 10.125, 11.375, 11.75, 11.3125 ], "texture": "#barrel_red" },
				"north": { "uv": [ 11.75, 11.25, 10.125, 11.3125 ], "texture": "#barrel_red" },
				"west": { "uv": [ 4.25, 5.5, 4.3125, 5.5625 ], "texture": "#barrel_red" },
				"east": { "uv": [ 4.875, 5.625, 4.8125, 5.6875 ], "texture": "#barrel_red" }
			}
		},
		{
			"__comment": "Voxels",
			"from": [ 1.5, 6, 9 ],
			"to": [ 14.5, 6.5, 9.5 ],
			"faces": {
				"down": { "uv": [ 11.75, 11.25, 13.375, 11.3125 ], "texture": "#barrel_red" },
				"up": { "uv": [ 13.375, 11.375, 15, 11.3125 ], "texture": "#barrel_red" },
				"south": { "uv": [ 4.125, 11.1875, 5.75, 11.25 ], "texture": "#barrel_red" },
				"west": { "uv": [ 4.75, 5.625, 4.8125, 5.6875 ], "texture": "#barrel_red" },
				"east": { "uv": [ 4.75, 5.625, 4.6875, 5.6875 ], "texture": "#barrel_red" }
			}
		},
		{
			"__comment": "Voxels",
			"from": [ 1.5, 11.5, 6.5 ],
			"to": [ 14.5, 12.5, 9.5 ],
			"faces": {
				"down": { "uv": [ 4.125, 11.625, 5.75, 12 ], "texture": "#barrel_red" },
				"up": { "uv": [ 13.625, 12.4375, 15.25, 12.0625 ], "texture": "#barrel_red" },
				"north": { "uv": [ 10.625, 11.5, 9, 11.625 ], "texture": "#barrel_red" },
				"south": { "uv": [ 9, 11.375, 10.625, 11.5 ], "texture": "#barrel_red" },
				"west": { "uv": [ 3.625, 6.0625, 4, 6.1875 ], "texture": "#barrel_red" },
				"east": { "uv": [ 2.625, 0, 2.25, 0.125 ], "texture": "#barrel_red" }
			}
		},
		{
			"__comment": "Voxels",
			"from": [ 1.5, 17.5, 6.5 ],
			"to": [ 14.5, 18, 9.5 ],
			"faces": {
				"down": { "uv": [ 12, 12.0625, 13.625, 12.4375 ], "texture": "#barrel_red" },
				"up": { "uv": [ 10.375, 12.4375, 12, 12.0625 ], "texture": "#barrel_red" },
				"north": { "uv": [ 10.375, 12, 8.75, 12.0625 ], "texture": "#barrel_red" },
				"south": { "uv": [ 12, 12, 13.625, 12.0625 ], "texture": "#barrel_red" },
				"west": { "uv": [ 3.75, 2.6875, 4.125, 2.75 ], "texture": "#barrel_red" },
				"east": { "uv": [ 4.125, 2.4375, 3.75, 2.5 ], "texture": "#barrel_red" }
			}
		},
		{
			"__comment": "Voxels",
			"from": [ 2, -0.5, 6 ],
			"to": [ 14, 18, 6.5 ],
			"faces": {
				"down": { "uv": [ 11.625, 11.0625, 13.125, 11.125 ], "texture": "#barrel_red" },
				"up": { "uv": [ 7.125, 11.125, 8.625, 11.0625 ], "texture": "#barrel_red" },
				"north": { "uv": [ 1.5, 13.6875, 0, 16 ], "texture": "#barrel_red" },
				"south": { "uv": [ 0, 11.375, 1.5, 13.6875 ], "texture": "#barrel_red" },
				"west": { "uv": [ 2.75, 2.375, 2.8125, 4.6875 ], "texture": "#barrel_red" },
				"east": { "uv": [ 2.875, 2.375, 2.8125, 4.6875 ], "texture": "#barrel_red" }
			}
		},
		{
			"__comment": "Voxels",
			"from": [ 2, -0.5, 6.5 ],
			"to": [ 14, 0, 10 ],
			"faces": {
				"down": { "uv": [ 4.125, 12, 5.625, 12.4375 ], "texture": "#barrel_red" },
				"up": { "uv": [ 5.625, 12.4375, 7.125, 12 ], "texture": "#barrel_red" },
				"south": { "uv": [ 8.625, 11, 10.125, 11.0625 ], "texture": "#barrel_red" },
				"west": { "uv": [ 4.125, 7.1875, 4.5625, 7.25 ], "texture": "#barrel_red" },
				"east": { "uv": [ 4.5625, 7.125, 4.125, 7.1875 ], "texture": "#barrel_red" }
			}
		},
		{
			"__comment": "Voxels",
			"from": [ 2, 0, 5 ],
			"to": [ 14, 0.5, 6 ],
			"faces": {
				"down": { "uv": [ 10.625, 11.5, 12.125, 11.625 ], "texture": "#barrel_red" },
				"up": { "uv": [ 10.625, 11.5, 12.125, 11.375 ], "texture": "#barrel_red" },
				"north": { "uv": [ 13.125, 11, 11.625, 11.0625 ], "texture": "#barrel_red" },
				"west": { "uv": [ 4, 0.3125, 4.125, 0.375 ], "texture": "#barrel_red" },
				"east": { "uv": [ 4.125, 0.5625, 4, 0.625 ], "texture": "#barrel_red" }
			}
		},
		{
			"__comment": "Voxels",
			"from": [ 2, 0, 9.5 ],
			"to": [ 14, 18, 10.5 ],
			"faces": {
				"down": { "uv": [ 13.625, 11.375, 15.125, 11.5 ], "texture": "#barrel_red" },
				"up": { "uv": [ 4.125, 11.375, 5.625, 11.25 ], "texture": "#barrel_red" },
				"north": { "uv": [ 1.5, 9.125, 0, 11.375 ], "texture": "#barrel_red" },
				"south": { "uv": [ 0, 6.875, 1.5, 9.125 ], "texture": "#barrel_red" },
				"west": { "uv": [ 1.375, 0.25, 1.5, 2.5 ], "texture": "#barrel_red" },
				"east": { "uv": [ 2.875, 5.1875, 2.75, 7.4375 ], "texture": "#barrel_red" }
			}
		},
		{
			"__comment": "Voxels",
			"from": [ 2, 0, 10.5 ],
			"to": [ 14, 0.5, 11 ],
			"faces": {
				"down": { "uv": [ 10.125, 11.0625, 11.625, 11.125 ], "texture": "#barrel_red" },
				"up": { "uv": [ 8.625, 11.125, 10.125, 11.0625 ], "texture": "#barrel_red" },
				"south": { "uv": [ 10.125, 11.125, 11.625, 11.1875 ], "texture": "#barrel_red" },
				"west": { "uv": [ 4.625, 5.625, 4.6875, 5.6875 ], "texture": "#barrel_red" },
				"east": { "uv": [ 4.625, 5.625, 4.5625, 5.6875 ], "texture": "#barrel_red" }
			}
		},
		{
			"__comment": "Voxels",
			"from": [ 2, 0.5, 5.5 ],
			"to": [ 14, 18, 6 ],
			"faces": {
				"up": { "uv": [ 10.25, 11.25, 11.75, 11.1875 ], "texture": "#barrel_red" },
				"north": { "uv": [ 1.5, 2.5, 0, 4.6875 ], "texture": "#barrel_red" },
				"west": { "uv": [ 3.6875, 2.5, 3.75, 4.6875 ], "texture": "#barrel_red" },
				"east": { "uv": [ 3.6875, 2.5, 3.625, 4.6875 ], "texture": "#barrel_red" }
			}
		},
		{
			"__comment": "Voxels",
			"from": [ 2, 0.5, 6.5 ],
			"to": [ 14, 6, 7 ],
			"faces": {
				"south": { "uv": [ 2.75, 13.0625, 4.25, 13.75 ], "texture": "#barrel_red" },
				"west": { "uv": [ 2.5, 1.3125, 2.5625, 2 ], "texture": "#barrel_red" },
				"east": { "uv": [ 2.625, 1.3125, 2.5625, 2 ], "texture": "#barrel_red" }
			}
		},
		{
			"__comment": "Voxels",
			"from": [ 2, 0.5, 7 ],
			"to": [ 14, 5.5, 9.5 ],
			"faces": {
				"up": { "uv": [ 11.75, 12, 13.25, 11.6875 ], "texture": "#barrel_red" },
				"west": { "uv": [ 3.625, 6.8125, 3.9375, 7.4375 ], "texture": "#barrel_red" },
				"east": { "uv": [ 3.1875, 6.1875, 2.875, 6.8125 ], "texture": "#barrel_red" }
			}
		},
		{
			"__comment": "Voxels",
			"from": [ 2, 5.5, 5 ],
			"to": [ 14, 6.5, 5.5 ],
			"faces": {
				"down": { "uv": [ 10.25, 13.0625, 11.75, 13.125 ], "texture": "#barrel_red" },
				"up": { "uv": [ 8.75, 11.25, 10.25, 11.1875 ], "texture": "#barrel_red" },
				"north": { "uv": [ 15.125, 11.5, 13.625, 11.625 ], "texture": "#barrel_red" },
				"west": { "uv": [ 4.25, 5.875, 4.3125, 6 ], "texture": "#barrel_red" },
				"east": { "uv": [ 4.5, 5.875, 4.4375, 6 ], "texture": "#barrel_red" }
			}
		},
		{
			"__comment": "Voxels",
			"from": [ 2, 5.5, 9 ],
			"to": [ 14, 6, 9.5 ],
			"faces": {
				"west": { "uv": [ 4.5, 5.625, 4.5625, 5.6875 ], "texture": "#barrel_red" },
				"east": { "uv": [ 4.5, 5.625, 4.4375, 5.6875 ], "texture": "#barrel_red" }
			}
		},
		{
			"__comment": "Voxels",
			"from": [ 2, 5.5, 10.5 ],
			"to": [ 14, 6.5, 11 ],
			"faces": {
				"down": { "uv": [ 11.75, 11.625, 13.25, 11.6875 ], "texture": "#barrel_red" },
				"up": { "uv": [ 8.75, 13.125, 10.25, 13.0625 ], "texture": "#barrel_red" },
				"south": { "uv": [ 0, 0.125, 1.5, 0.25 ], "texture": "#barrel_red" },
				"west": { "uv": [ 4.0625, 6.5625, 4.125, 6.6875 ], "texture": "#barrel_red" },
				"east": { "uv": [ 4.125, 6.6875, 4.0625, 6.8125 ], "texture": "#barrel_red" }
			}
		},
		{
			"__comment": "Voxels",
			"from": [ 2, 6.5, 6.5 ],
			"to": [ 14, 11.5, 9.5 ],
			"faces": {
				"down": { "uv": [ 8.75, 11.625, 10.25, 12 ], "texture": "#barrel_red" },
				"west": { "uv": [ 3.375, 7.4375, 3.75, 8.0625 ], "texture": "#barrel_red" },
				"east": { "uv": [ 4.125, 7.4375, 3.75, 8.0625 ], "texture": "#barrel_red" }
			}
		},
		{
			"__comment": "Voxels",
			"from": [ 2, 11.5, 5 ],
			"to": [ 14, 12.5, 5.5 ],
			"faces": {
				"down": { "uv": [ 5.75, 13.0625, 7.25, 13.125 ], "texture": "#barrel_red" },
				"up": { "uv": [ 7.25, 13.125, 8.75, 13.0625 ], "texture": "#barrel_red" },
				"north": { "uv": [ 7.125, 11.25, 5.625, 11.375 ], "texture": "#barrel_red" },
				"west": { "uv": [ 4.6875, 5.875, 4.75, 6 ], "texture": "#barrel_red" },
				"east": { "uv": [ 4.6875, 5.875, 4.625, 6 ], "texture": "#barrel_red" }
			}
		},
		{
			"__comment": "Voxels",
			"from": [ 2, 11.5, 10.5 ],
			"to": [ 14, 12.5, 11 ],
			"faces": {
				"down": { "uv": [ 11.75, 13.0625, 13.25, 13.125 ], "texture": "#barrel_red" },
				"up": { "uv": [ 13.25, 13.125, 14.75, 13.0625 ], "texture": "#barrel_red" },
				"south": { "uv": [ 0, 0, 1.5, 0.125 ], "texture": "#barrel_red" },
				"west": { "uv": [ 4.5625, 5.875, 4.625, 6 ], "texture": "#barrel_red" },
				"east": { "uv": [ 4.5625, 5.875, 4.5, 6 ], "texture": "#barrel_red" }
			}
		},
		{
			"__comment": "Voxels",
			"from": [ 2, 12.5, 6.5 ],
			"to": [ 14, 17.5, 9.5 ],
			"faces": {
				"west": { "uv": [ 3.25, 6.8125, 3.625, 7.4375 ], "texture": "#barrel_red" },
				"east": { "uv": [ 3.25, 6.8125, 2.875, 7.4375 ], "texture": "#barrel_red" }
			}
		},
		{
			"__comment": "Voxels",
			"from": [ 2, 17.5, 5 ],
			"to": [ 14, 18, 5.5 ],
			"faces": {
				"down": { "uv": [ 13.125, 11.125, 14.625, 11.1875 ], "texture": "#barrel_red" },
				"up": { "uv": [ 7.125, 11.1875, 8.625, 11.125 ], "texture": "#barrel_red" },
				"north": { "uv": [ 7.125, 11.125, 5.625, 11.1875 ], "texture": "#barrel_red" },
				"west": { "uv": [ 4.375, 5.625, 4.4375, 5.6875 ], "texture": "#barrel_red" },
				"east": { "uv": [ 4.875, 5.6875, 4.8125, 5.75 ], "texture": "#barrel_red" }
			}
		},
		{
			"__comment": "Voxels",
			"from": [ 2, 17.5, 10.5 ],
			"to": [ 14, 18, 11 ],
			"faces": {
				"down": { "uv": [ 13.125, 11.0625, 14.625, 11.125 ], "texture": "#barrel_red" },
				"up": { "uv": [ 7.125, 11.0625, 8.625, 11 ], "texture": "#barrel_red" },
				"south": { "uv": [ 4.125, 11, 5.625, 11.0625 ], "texture": "#barrel_red" },
				"west": { "uv": [ 4.75, 5.6875, 4.8125, 5.75 ], "texture": "#barrel_red" },
				"east": { "uv": [ 4.75, 5.6875, 4.6875, 5.75 ], "texture": "#barrel_red" }
			}
		},
		{
			"__comment": "Voxels",
			"from": [ 2, 18, 6 ],
			"to": [ 3.5, 18.5, 6.5 ],
			"faces": {
				"up": { "uv": [ 4.5625, 6.25, 4.75, 6.1875 ], "texture": "#barrel_red" },
				"north": { "uv": [ 4.125, 6.1875, 3.9375, 6.25 ], "texture": "#barrel_red" },
				"south": { "uv": [ 3.9375, 6.25, 4.125, 6.3125 ], "texture": "#barrel_red" },
				"west": { "uv": [ 4.25, 5.6875, 4.3125, 5.75 ], "texture": "#barrel_red" },
				"east": { "uv": [ 4.75, 5.75, 4.6875, 5.8125 ], "texture": "#barrel_red" }
			}
		},
		{
			"__comment": "Voxels",
			"from": [ 2, 18, 6.5 ],
			"to": [ 3, 18.5, 10 ],
			"faces": {
				"down": { "uv": [ 2.625, 5.5, 2.75, 5.9375 ], "texture": "#barrel_red" },
				"up": { "uv": [ 2.625, 6.375, 2.75, 5.9375 ], "texture": "#barrel_red" },
				"south": { "uv": [ 15.875, 11.9375, 16, 12 ], "texture": "#barrel_red" },
				"west": { "uv": [ 4.125, 7.25, 4.5625, 7.3125 ], "texture": "#barrel_red" },
				"east": { "uv": [ 4.5625, 7.0625, 4.125, 7.125 ], "texture": "#barrel_red" }
			}
		},
		{
			"__comment": "Voxels",
			"from": [ 2.5, -0.5, 5 ],
			"to": [ 13.5, 0, 6 ],
			"faces": {
				"down": { "uv": [ 2.75, 4.6875, 4.125, 4.8125 ], "texture": "#barrel_red" },
				"north": { "uv": [ 4.125, 1.1875, 2.75, 1.25 ], "texture": "#barrel_red" },
				"west": { "uv": [ 4, 0.375, 4.125, 0.4375 ], "texture": "#barrel_red" },
				"east": { "uv": [ 2.75, 1.3125, 2.625, 1.375 ], "texture": "#barrel_red" }
			}
		},
		{
			"__comment": "Voxels",
			"from": [ 2.5, -0.5, 10 ],
			"to": [ 13.5, 0, 11 ],
			"faces": {
				"down": { "uv": [ 2.75, 4.8125, 4.125, 4.9375 ], "texture": "#barrel_red" },
				"up": { "uv": [ 2.75, 5.1875, 4.125, 5.0625 ], "texture": "#barrel_red" },
				"south": { "uv": [ 2.75, 2.1875, 4.125, 2.25 ], "texture": "#barrel_red" },
				"west": { "uv": [ 4, 0.4375, 4.125, 0.5 ], "texture": "#barrel_red" },
				"east": { "uv": [ 4.125, 0.5, 4, 0.5625 ], "texture": "#barrel_red" }
			}
		},
		{
			"__comment": "Voxels",
			"from": [ 2.5, 0, 4.5 ],
			"to": [ 13.5, 18, 5 ],
			"faces": {
				"down": { "uv": [ 2.75, 2.125, 4.125, 2.1875 ], "texture": "#barrel_red" },
				"up": { "uv": [ 2.75, 2.125, 4.125, 2.0625 ], "texture": "#barrel_red" },
				"north": { "uv": [ 5.625, 13.75, 4.25, 16 ], "texture": "#barrel_red" },
				"south": { "uv": [ 2.875, 13.75, 4.25, 16 ], "texture": "#barrel_red" },
				"west": { "uv": [ 3.25, 2.4375, 3.3125, 4.6875 ], "texture": "#barrel_red" },
				"east": { "uv": [ 3.25, 2.4375, 3.1875, 4.6875 ], "texture": "#barrel_red" }
			}
		},
		{
			"__comment": "Voxels",
			"from": [ 2.5, 0, 11 ],
			"to": [ 13.5, 18, 11.5 ],
			"faces": {
				"down": { "uv": [ 2.75, 2, 4.125, 2.0625 ], "texture": "#barrel_red" },
				"up": { "uv": [ 2.75, 2, 4.125, 1.9375 ], "texture": "#barrel_red" },
				"north": { "uv": [ 2.875, 13.75, 1.5, 16 ], "texture": "#barrel_red" },
				"south": { "uv": [ 0, 0.25, 1.375, 2.5 ], "texture": "#barrel_red" },
				"west": { "uv": [ 3.125, 2.4375, 3.1875, 4.6875 ], "texture": "#barrel_red" },
				"east": { "uv": [ 3.125, 2.4375, 3.0625, 4.6875 ], "texture": "#barrel_red" }
			}
		},
		{
			"__comment": "Voxels",
			"from": [ 2.5, 0.5, 5 ],
			"to": [ 13.5, 5.5, 5.5 ],
			"faces": {
				"west": { "uv": [ 3.75, 3.6875, 3.8125, 4.3125 ], "texture": "#barrel_red" },
				"east": { "uv": [ 4.0625, 6.8125, 4, 7.4375 ], "texture": "#barrel_red" }
			}
		},
		{
			"__comment": "Voxels",
			"from": [ 2.5, 0.5, 10.5 ],
			"to": [ 13.5, 5.5, 11 ],
			"faces": {
				"west": { "uv": [ 2.625, 1.375, 2.6875, 2 ], "texture": "#barrel_red" },
				"east": { "uv": [ 2.625, 0.5625, 2.5625, 1.1875 ], "texture": "#barrel_red" }
			}
		},
		{
			"__comment": "Voxels",
			"from": [ 2.5, 6.5, 5 ],
			"to": [ 13.5, 11.5, 5.5 ],
			"faces": {
				"west": { "uv": [ 2.625, 0.5625, 2.6875, 1.1875 ], "texture": "#barrel_red" },
				"east": { "uv": [ 2.75, 0.5625, 2.6875, 1.1875 ], "texture": "#barrel_red" }
			}
		},
		{
			"__comment": "Voxels",
			"from": [ 2.5, 6.5, 10.5 ],
			"to": [ 13.5, 11.5, 11 ],
			"faces": {
				"west": { "uv": [ 15.75, 12.4375, 15.8125, 13.0625 ], "texture": "#barrel_red" },
				"east": { "uv": [ 15.9375, 12.4375, 15.875, 13.0625 ], "texture": "#barrel_red" }
			}
		},
		{
			"__comment": "Voxels",
			"from": [ 2.5, 12.5, 5 ],
			"to": [ 13.5, 17.5, 5.5 ],
			"faces": {
				"west": { "uv": [ 4, 9.9375, 4.0625, 10.5625 ], "texture": "#barrel_red" },
				"east": { "uv": [ 4, 6.8125, 3.9375, 7.4375 ], "texture": "#barrel_red" }
			}
		},
		{
			"__comment": "Voxels",
			"from": [ 2.5, 12.5, 10.5 ],
			"to": [ 13.5, 17.5, 11 ],
			"faces": {
				"west": { "uv": [ 2.6875, 1.375, 2.75, 2 ], "texture": "#barrel_red" },
				"east": { "uv": [ 2.5625, 0.5625, 2.5, 1.1875 ], "texture": "#barrel_red" }
			}
		},
		{
			"__comment": "Voxels",
			"from": [ 2.5, 18, 5 ],
			"to": [ 4, 18.5, 5.5 ],
			"faces": {
				"up": { "uv": [ 3.9375, 6.5625, 4.125, 6.5 ], "texture": "#barrel_red" },
				"north": { "uv": [ 4.5, 6.125, 4.3125, 6.1875 ], "texture": "#barrel_red" },
				"south": { "uv": [ 3.9375, 3.9375, 4.125, 4 ], "texture": "#barrel_red" },
				"west": { "uv": [ 4.125, 5.75, 4.1875, 5.8125 ], "texture": "#barrel_red" },
				"east": { "uv": [ 3.625, 2.375, 3.5625, 2.4375 ], "texture": "#barrel_red" }
			}
		},
		{
			"__comment": "Voxels",
			"from": [ 2.5, 18, 5.5 ],
			"to": [ 3.5, 18.5, 6 ],
			"faces": {
				"up": { "uv": [ 4, 1.0625, 4.125, 1 ], "texture": "#barrel_red" },
				"west": { "uv": [ 3.5, 2.375, 3.5625, 2.4375 ], "texture": "#barrel_red" },
				"east": { "uv": [ 3.5, 2.375, 3.4375, 2.4375 ], "texture": "#barrel_red" }
			}
		},
		{
			"__comment": "Voxels",
			"from": [ 2.5, 18, 10 ],
			"to": [ 3.5, 18.5, 11 ],
			"faces": {
				"down": { "uv": [ 2.625, 2.0625, 2.75, 2.1875 ], "texture": "#barrel_red" },
				"up": { "uv": [ 2.625, 2.3125, 2.75, 2.1875 ], "texture": "#barrel_red" },
				"north": { "uv": [ 4.125, 5.9375, 4, 6 ], "texture": "#barrel_red" },
				"south": { "uv": [ 4, 6, 4.125, 6.0625 ], "texture": "#barrel_red" },
				"west": { "uv": [ 4, 6.0625, 4.125, 6.125 ], "texture": "#barrel_red" },
				"east": { "uv": [ 4.125, 6.125, 4, 6.1875 ], "texture": "#barrel_red" }
			}
		},
		{
			"__comment": "Voxels",
			"from": [ 3, -0.5, 4 ],
			"to": [ 13, 18, 4.5 ],
			"faces": {
				"down": { "uv": [ 2.875, 5.625, 4.125, 5.6875 ], "texture": "#barrel_red" },
				"up": { "uv": [ 2.875, 5.625, 4.125, 5.5625 ], "texture": "#barrel_red" },
				"north": { "uv": [ 2.75, 9.125, 1.5, 11.4375 ], "texture": "#barrel_red" },
				"south": { "uv": [ 1.5, 11.4375, 2.75, 13.75 ], "texture": "#barrel_red" },
				"west": { "uv": [ 2.875, 2.375, 2.9375, 4.6875 ], "texture": "#barrel_red" },
				"east": { "uv": [ 3, 2.375, 2.9375, 4.6875 ], "texture": "#barrel_red" }
			}
		},
		{
			"__comment": "Voxels",
			"from": [ 3, -0.5, 4.5 ],
			"to": [ 13, 0, 5 ],
			"faces": {
				"down": { "uv": [ 2.875, 5.5, 4.125, 5.5625 ], "texture": "#barrel_red" },
				"west": { "uv": [ 4.1875, 5.125, 4.25, 5.1875 ], "texture": "#barrel_red" },
				"east": { "uv": [ 4.1875, 5.125, 4.125, 5.1875 ], "texture": "#barrel_red" }
			}
		},
		{
			"__comment": "Voxels",
			"from": [ 3, -0.5, 11 ],
			"to": [ 13, 0, 12 ],
			"faces": {
				"down": { "uv": [ 1.5, 0.25, 2.75, 0.375 ], "texture": "#barrel_red" },
				"up": { "uv": [ 1.5, 0.25, 2.75, 0.125 ], "texture": "#barrel_red" },
				"south": { "uv": [ 2.875, 5.1875, 4.125, 5.25 ], "texture": "#barrel_red" },
				"west": { "uv": [ 4.5, 5.8125, 4.625, 5.875 ], "texture": "#barrel_red" },
				"east": { "uv": [ 4.5, 5.8125, 4.375, 5.875 ], "texture": "#barrel_red" }
			}
		},
		{
			"__comment": "Voxels",
			"from": [ 3, 0, 11.5 ],
			"to": [ 13, 18, 12 ],
			"faces": {
				"up": { "uv": [ 2.75, 1.0625, 4, 1 ], "texture": "#barrel_red" },
				"south": { "uv": [ 5.625, 13.75, 6.875, 16 ], "texture": "#barrel_red" },
				"west": { "uv": [ 3, 2.4375, 3.0625, 4.6875 ], "texture": "#barrel_red" },
				"east": { "uv": [ 3.375, 2.4375, 3.3125, 4.6875 ], "texture": "#barrel_red" }
			}
		},
		{
			"__comment": "Voxels",
			"from": [ 3, 6, 3.5 ],
			"to": [ 13, 6.5, 4 ],
			"faces": {
				"down": { "uv": [ 2.75, 0.9375, 4, 1 ], "texture": "#barrel_red" },
				"up": { "uv": [ 2.75, 0.9375, 4, 0.875 ], "texture": "#barrel_red" },
				"north": { "uv": [ 4, 0.8125, 2.75, 0.875 ], "texture": "#barrel_red" },
				"west": { "uv": [ 4.6875, 5.5625, 4.75, 5.625 ], "texture": "#barrel_red" },
				"east": { "uv": [ 4.6875, 5.5625, 4.625, 5.625 ], "texture": "#barrel_red" }
			}
		},
		{
			"__comment": "Voxels",
			"from": [ 3, 6, 12 ],
			"to": [ 13, 6.5, 12.5 ],
			"faces": {
				"down": { "uv": [ 2.75, 0.6875, 4, 0.75 ], "texture": "#barrel_red" },
				"up": { "uv": [ 2.75, 0.6875, 4, 0.625 ], "texture": "#barrel_red" },
				"south": { "uv": [ 2.75, 0.5, 4, 0.5625 ], "texture": "#barrel_red" },
				"west": { "uv": [ 4.4375, 5.5625, 4.5, 5.625 ], "texture": "#barrel_red" },
				"east": { "uv": [ 4.4375, 5.5625, 4.375, 5.625 ], "texture": "#barrel_red" }
			}
		},
		{
			"__comment": "Voxels",
			"from": [ 3, 17.5, 3.5 ],
			"to": [ 13, 18, 4 ],
			"faces": {
				"down": { "uv": [ 2.75, 0.4375, 4, 0.5 ], "texture": "#barrel_red" },
				"up": { "uv": [ 2.75, 0.4375, 4, 0.375 ], "texture": "#barrel_red" },
				"north": { "uv": [ 4.125, 5.6875, 2.875, 5.75 ], "texture": "#barrel_red" },
				"west": { "uv": [ 4.25, 5.5625, 4.3125, 5.625 ], "texture": "#barrel_red" },
				"east": { "uv": [ 4.3125, 5.625, 4.25, 5.6875 ], "texture": "#barrel_red" }
			}
		},
		{
			"__comment": "Voxels",
			"from": [ 3, 17.5, 12 ],
			"to": [ 13, 18, 12.5 ],
			"faces": {
				"down": { "uv": [ 2.75, 0.25, 4, 0.3125 ], "texture": "#barrel_red" },
				"up": { "uv": [ 2.875, 5.9375, 4.125, 5.875 ], "texture": "#barrel_red" },
				"south": { "uv": [ 2.875, 5.75, 4.125, 5.8125 ], "texture": "#barrel_red" },
				"west": { "uv": [ 4.8125, 5.75, 4.875, 5.8125 ], "texture": "#barrel_red" },
				"east": { "uv": [ 4.8125, 5.75, 4.75, 5.8125 ], "texture": "#barrel_red" }
			}
		},
		{
			"__comment": "Voxels",
			"from": [ 3, 18, 4 ],
			"to": [ 4.5, 18.5, 4.5 ],
			"faces": {
				"up": { "uv": [ 3.9375, 4.3125, 4.125, 4.25 ], "texture": "#barrel_red" },
				"north": { "uv": [ 4.125, 4, 3.9375, 4.0625 ], "texture": "#barrel_red" },
				"south": { "uv": [ 3.9375, 4.0625, 4.125, 4.125 ], "texture": "#barrel_red" },
				"west": { "uv": [ 4.8125, 6, 4.875, 6.0625 ], "texture": "#barrel_red" },
				"east": { "uv": [ 4.875, 6.625, 4.8125, 6.6875 ], "texture": "#barrel_red" }
			}
		},
		{
			"__comment": "Voxels",
			"from": [ 3, 18, 4.5 ],
			"to": [ 4, 18.5, 5 ],
			"faces": {
				"up": { "uv": [ 4.75, 6.4375, 4.875, 6.375 ], "texture": "#barrel_red" },
				"west": { "uv": [ 3.1875, 2.375, 3.25, 2.4375 ], "texture": "#barrel_red" },
				"east": { "uv": [ 3.1875, 2.375, 3.125, 2.4375 ], "texture": "#barrel_red" }
			}
		},
		{
			"__comment": "Voxels",
			"from": [ 3, 18, 9.5 ],
			"to": [ 3.5, 18.5, 10 ],
			"faces": {
				"up": { "uv": [ 4.75, 5.25, 4.8125, 5.1875 ], "texture": "#barrel_red" },
				"north": { "uv": [ 4.75, 5.1875, 4.6875, 5.25 ], "texture": "#barrel_red" },
				"east": { "uv": [ 4.4375, 5.375, 4.375, 5.4375 ], "texture": "#barrel_red" }
			}
		},
		{
			"__comment": "Voxels",
			"from": [ 3, 18, 11 ],
			"to": [ 4, 18.5, 12 ],
			"faces": {
				"down": { "uv": [ 2.625, 5, 2.75, 5.125 ], "texture": "#barrel_red" },
				"up": { "uv": [ 2.625, 2.4375, 2.75, 2.3125 ], "texture": "#barrel_red" },
				"north": { "uv": [ 4.125, 0.25, 4, 0.3125 ], "texture": "#barrel_red" },
				"south": { "uv": [ 4, 0.625, 4.125, 0.6875 ], "texture": "#barrel_red" },
				"west": { "uv": [ 4.75, 8.375, 4.875, 8.4375 ], "texture": "#barrel_red" },
				"east": { "uv": [ 16, 11.75, 15.875, 11.8125 ], "texture": "#barrel_red" }
			}
		},
		{
			"__comment": "Voxels",
			"from": [ 3.5, -0.5, 3.5 ],
			"to": [ 12.5, 6, 4 ],
			"faces": {
				"down": { "uv": [ 14.75, 11.8125, 15.875, 11.875 ], "texture": "#barrel_red" },
				"north": { "uv": [ 13.875, 13.8125, 12.75, 14.625 ], "texture": "#barrel_red" },
				"west": { "uv": [ 2.625, 2.8125, 2.6875, 3.625 ], "texture": "#barrel_red" },
				"east": { "uv": [ 2.6875, 4.1875, 2.625, 5 ], "texture": "#barrel_red" }
			}
		},
		{
			"__comment": "Voxels",
			"from": [ 3.5, -0.5, 12 ],
			"to": [ 12.5, 6, 12.5 ],
			"faces": {
				"down": { "uv": [ 2.75, 0.1875, 3.875, 0.25 ], "texture": "#barrel_red" },
				"north": { "uv": [ 15, 13.8125, 13.875, 14.625 ], "texture": "#barrel_red" },
				"south": { "uv": [ 1.5, 2.8125, 2.625, 3.625 ], "texture": "#barrel_red" },
				"west": { "uv": [ 2.5625, 2, 2.625, 2.8125 ], "texture": "#barrel_red" },
				"east": { "uv": [ 2.5625, 4.1875, 2.5, 5 ], "texture": "#barrel_red" }
			}
		},
		{
			"__comment": "Voxels",
			"from": [ 3.5, 6, 3 ],
			"to": [ 12.5, 6.5, 3.5 ],
			"faces": {
				"down": { "uv": [ 14.75, 11.875, 15.875, 11.9375 ], "texture": "#barrel_red" },
				"up": { "uv": [ 7.5, 11, 8.625, 10.9375 ], "texture": "#barrel_red" },
				"north": { "uv": [ 15.75, 11.0625, 14.625, 11.125 ], "texture": "#barrel_red" },
				"west": { "uv": [ 4.6875, 5.4375, 4.75, 5.5 ], "texture": "#barrel_red" },
				"east": { "uv": [ 4.6875, 5.4375, 4.625, 5.5 ], "texture": "#barrel_red" }
			}
		},
		{
			"__comment": "Voxels",
			"from": [ 3.5, 6, 12.5 ],
			"to": [ 12.5, 6.5, 13 ],
			"faces": {
				"down": { "uv": [ 4.125, 10.9375, 5.25, 11 ], "texture": "#barrel_red" },
				"up": { "uv": [ 13.125, 11.0625, 14.25, 11 ], "texture": "#barrel_red" },
				"south": { "uv": [ 2.75, 0, 3.875, 0.0625 ], "texture": "#barrel_red" },
				"west": { "uv": [ 4.4375, 5.4375, 4.5, 5.5 ], "texture": "#barrel_red" },
				"east": { "uv": [ 4.4375, 5.4375, 4.375, 5.5 ], "texture": "#barrel_red" }
			}
		},
		{
			"__comment": "Voxels",
			"from": [ 3.5, 6.5, 3.5 ],
			"to": [ 12.5, 17.5, 4 ],
			"faces": {
				"north": { "uv": [ 13.875, 14.625, 12.75, 16 ], "texture": "#barrel_red" },
				"west": { "uv": [ 2.5, 5, 2.5625, 6.375 ], "texture": "#barrel_red" },
				"east": { "uv": [ 2.625, 6.375, 2.5625, 7.75 ], "texture": "#barrel_red" }
			}
		},
		{
			"__comment": "Voxels",
			"from": [ 3.5, 6.5, 12 ],
			"to": [ 12.5, 17.5, 12.5 ],
			"faces": {
				"south": { "uv": [ 13.875, 14.625, 15, 16 ], "texture": "#barrel_red" },
				"west": { "uv": [ 2.6875, 6.375, 2.75, 7.75 ], "texture": "#barrel_red" },
				"east": { "uv": [ 2.625, 5, 2.5625, 6.375 ], "texture": "#barrel_red" }
			}
		},
		{
			"__comment": "Voxels",
			"from": [ 3.5, 17.5, 3 ],
			"to": [ 12.5, 18, 3.5 ],
			"faces": {
				"down": { "uv": [ 5.25, 10.9375, 6.375, 11 ], "texture": "#barrel_red" },
				"up": { "uv": [ 14.75, 11.6875, 15.875, 11.625 ], "texture": "#barrel_red" },
				"north": { "uv": [ 12.75, 13.75, 11.625, 13.8125 ], "texture": "#barrel_red" },
				"west": { "uv": [ 4.3125, 5.4375, 4.375, 5.5 ], "texture": "#barrel_red" },
				"east": { "uv": [ 4.3125, 5.4375, 4.25, 5.5 ], "texture": "#barrel_red" }
			}
		},
		{
			"__comment": "Voxels",
			"from": [ 3.5, 17.5, 12.5 ],
			"to": [ 12.5, 18, 13 ],
			"faces": {
				"down": { "uv": [ 13.875, 13.75, 15, 13.8125 ], "texture": "#barrel_red" },
				"up": { "uv": [ 12.75, 13.8125, 13.875, 13.75 ], "texture": "#barrel_red" },
				"south": { "uv": [ 9.75, 10.9375, 10.875, 11 ], "texture": "#barrel_red" },
				"west": { "uv": [ 4.8125, 5.5, 4.875, 5.5625 ], "texture": "#barrel_red" },
				"east": { "uv": [ 4.8125, 5.5, 4.75, 5.5625 ], "texture": "#barrel_red" }
			}
		},
		{
			"__comment": "Voxels",
			"from": [ 3.5, 18, 3.5 ],
			"to": [ 5.5, 18.5, 4 ],
			"faces": {
				"up": { "uv": [ 15.75, 11.125, 16, 11.0625 ], "texture": "#barrel_red" },
				"north": { "uv": [ 4.125, 0.125, 3.875, 0.1875 ], "texture": "#barrel_red" },
				"south": { "uv": [ 4.625, 7.8125, 4.875, 7.875 ], "texture": "#barrel_red" },
				"west": { "uv": [ 4.6875, 5.5, 4.75, 5.5625 ], "texture": "#barrel_red" },
				"east": { "uv": [ 4.6875, 5.5, 4.625, 5.5625 ], "texture": "#barrel_red" }
			}
		},
		{
			"__comment": "Voxels",
			"from": [ 3.5, 18, 10.5 ],
			"to": [ 4, 18.5, 11 ],
			"faces": {
				"up": { "uv": [ 4.375, 5.5625, 4.4375, 5.5 ], "texture": "#barrel_red" },
				"north": { "uv": [ 4.375, 5.5, 4.3125, 5.5625 ], "texture": "#barrel_red" },
				"east": { "uv": [ 4.5625, 5.375, 4.5, 5.4375 ], "texture": "#barrel_red" }
			}
		},
		{
			"__comment": "Voxels",
			"from": [ 3.5, 18, 12 ],
			"to": [ 5.5, 18.5, 12.5 ],
			"faces": {
				"up": { "uv": [ 4.625, 7.9375, 4.875, 7.875 ], "texture": "#barrel_red" },
				"north": { "uv": [ 2.75, 0.375, 2.5, 0.4375 ], "texture": "#barrel_red" },
				"south": { "uv": [ 4.625, 8.125, 4.875, 8.1875 ], "texture": "#barrel_red" },
				"west": { "uv": [ 4.1875, 5.25, 4.25, 5.3125 ], "texture": "#barrel_red" },
				"east": { "uv": [ 4.4375, 5.25, 4.375, 5.3125 ], "texture": "#barrel_red" }
			}
		},
		{
			"__comment": "Voxels",
			"from": [ 4, -0.5, 3 ],
			"to": [ 12, 6, 3.5 ],
			"faces": {
				"down": { "uv": [ 14.875, 10.9375, 15.875, 11 ], "texture": "#barrel_red" },
				"north": { "uv": [ 2.5, 1.1875, 1.5, 2 ], "texture": "#barrel_red" },
				"west": { "uv": [ 2.5, 2, 2.5625, 2.8125 ], "texture": "#barrel_red" },
				"east": { "uv": [ 2.75, 2.8125, 2.6875, 3.625 ], "texture": "#barrel_red" }
			}
		},
		{
			"__comment": "Voxels",
			"from": [ 4, -0.5, 12.5 ],
			"to": [ 12, 6, 13 ],
			"faces": {
				"down": { "uv": [ 12.875, 10.9375, 13.875, 11 ], "texture": "#barrel_red" },
				"south": { "uv": [ 1.5, 0.375, 2.5, 1.1875 ], "texture": "#barrel_red" },
				"west": { "uv": [ 2.6875, 4.1875, 2.75, 5 ], "texture": "#barrel_red" },
				"east": { "uv": [ 2.625, 4.1875, 2.5625, 5 ], "texture": "#barrel_red" }
			}
		},
		{
			"__comment": "Voxels",
			"from": [ 4, 6.5, 3 ],
			"to": [ 12, 17.5, 3.5 ],
			"faces": {
				"north": { "uv": [ 2.5, 3.625, 1.5, 5 ], "texture": "#barrel_red" },
				"west": { "uv": [ 2.625, 7.75, 2.6875, 9.125 ], "texture": "#barrel_red" },
				"east": { "uv": [ 2.6875, 6.375, 2.625, 7.75 ], "texture": "#barrel_red" }
			}
		},
		{
			"__comment": "Voxels",
			"from": [ 4, 6.5, 12.5 ],
			"to": [ 12, 17.5, 13 ],
			"faces": {
				"south": { "uv": [ 1.5, 5, 2.5, 6.375 ], "texture": "#barrel_red" },
				"west": { "uv": [ 2.5, 6.375, 2.5625, 7.75 ], "texture": "#barrel_red" },
				"east": { "uv": [ 2.75, 7.75, 2.6875, 9.125 ], "texture": "#barrel_red" }
			}
		},
		{
			"__comment": "Voxels",
			"from": [ 4, 18, 3 ],
			"to": [ 6.5, 18.5, 3.5 ],
			"faces": {
				"up": { "uv": [ 4.4375, 6.4375, 4.75, 6.375 ], "texture": "#barrel_red" },
				"north": { "uv": [ 4.4375, 6.3125, 4.125, 6.375 ], "texture": "#barrel_red" },
				"south": { "uv": [ 4.4375, 6.3125, 4.75, 6.375 ], "texture": "#barrel_red" },
				"west": { "uv": [ 4.625, 5.375, 4.6875, 5.4375 ], "texture": "#barrel_red" },
				"east": { "uv": [ 4.75, 5.375, 4.6875, 5.4375 ], "texture": "#barrel_red" }
			}
		},
		{
			"__comment": "Voxels",
			"from": [ 4, 18, 11.5 ],
			"to": [ 4.5, 18.5, 12 ],
			"faces": {
				"up": { "uv": [ 4.3125, 5.375, 4.375, 5.3125 ], "texture": "#barrel_red" },
				"north": { "uv": [ 4.4375, 5.3125, 4.375, 5.375 ], "texture": "#barrel_red" },
				"east": { "uv": [ 4.1875, 5.25, 4.125, 5.3125 ], "texture": "#barrel_red" }
			}
		},
		{
			"__comment": "Voxels",
			"from": [ 4, 18, 12.5 ],
			"to": [ 6.5, 18.5, 13 ],
			"faces": {
				"up": { "uv": [ 4.5625, 7.3125, 4.875, 7.25 ], "texture": "#barrel_red" },
				"north": { "uv": [ 4.875, 7.1875, 4.5625, 7.25 ], "texture": "#barrel_red" },
				"south": { "uv": [ 4.5625, 7.125, 4.875, 7.1875 ], "texture": "#barrel_red" },
				"west": { "uv": [ 4.4375, 5.25, 4.5, 5.3125 ], "texture": "#barrel_red" },
				"east": { "uv": [ 4.6875, 5.25, 4.625, 5.3125 ], "texture": "#barrel_red" }
			}
		},
		{
			"__comment": "Voxels",
			"from": [ 4.5, 0, 2.5 ],
			"to": [ 11.5, 18, 3 ],
			"faces": {
				"down": { "uv": [ 15.125, 11.5, 16, 11.5625 ], "texture": "#barrel_red" },
				"up": { "uv": [ 15.125, 11.625, 16, 11.5625 ], "texture": "#barrel_red" },
				"north": { "uv": [ 9, 13.75, 8.125, 16 ], "texture": "#barrel_red" },
				"south": { "uv": [ 9, 13.75, 9.875, 16 ], "texture": "#barrel_red" },
				"west": { "uv": [ 3.5, 2.4375, 3.5625, 4.6875 ], "texture": "#barrel_red" },
				"east": { "uv": [ 3.625, 2.4375, 3.5625, 4.6875 ], "texture": "#barrel_red" }
			}
		},
		{
			"__comment": "Voxels",
			"from": [ 4.5, 0, 13 ],
			"to": [ 11.5, 18, 13.5 ],
			"faces": {
				"down": { "uv": [ 15.125, 11.375, 16, 11.4375 ], "texture": "#barrel_red" },
				"up": { "uv": [ 15.125, 11.5, 16, 11.4375 ], "texture": "#barrel_red" },
				"north": { "uv": [ 10.75, 13.75, 9.875, 16 ], "texture": "#barrel_red" },
				"south": { "uv": [ 10.75, 13.75, 11.625, 16 ], "texture": "#barrel_red" },
				"west": { "uv": [ 3.4375, 2.4375, 3.5, 4.6875 ], "texture": "#barrel_red" },
				"east": { "uv": [ 3.4375, 2.4375, 3.375, 4.6875 ], "texture": "#barrel_red" }
			}
		},
		{
			"__comment": "Voxels",
			"from": [ 5, -0.5, 2.5 ],
			"to": [ 11, 0, 3 ],
			"faces": {
				"down": { "uv": [ 4.125, 10.0625, 4.875, 10.125 ], "texture": "#barrel_red" },
				"north": { "uv": [ 4.875, 10.1875, 4.125, 10.25 ], "texture": "#barrel_red" },
				"west": { "uv": [ 4.4375, 5.75, 4.5, 5.8125 ], "texture": "#barrel_red" },
				"east": { "uv": [ 4.6875, 5.75, 4.625, 5.8125 ], "texture": "#barrel_red" }
			}
		},
		{
			"__comment": "Voxels",
			"from": [ 5, -0.5, 13 ],
			"to": [ 11, 0, 13.5 ],
			"faces": {
				"down": { "uv": [ 4.125, 10.3125, 4.875, 10.375 ], "texture": "#barrel_red" },
				"south": { "uv": [ 4.125, 10.75, 4.875, 10.8125 ], "texture": "#barrel_red" },
				"west": { "uv": [ 4.3125, 5.625, 4.375, 5.6875 ], "texture": "#barrel_red" },
				"east": { "uv": [ 4.375, 5.5625, 4.3125, 5.625 ], "texture": "#barrel_red" }
			}
		},
		{
			"__comment": "Voxels",
			"from": [ 5, 0, 2 ],
			"to": [ 11, 0.5, 2.5 ],
			"faces": {
				"down": { "uv": [ 15.25, 12.0625, 16, 12.125 ], "texture": "#barrel_red" },
				"up": { "uv": [ 15.25, 12.1875, 16, 12.125 ], "texture": "#barrel_red" },
				"north": { "uv": [ 16, 12.25, 15.25, 12.3125 ], "texture": "#barrel_red" },
				"west": { "uv": [ 4.75, 5.5625, 4.8125, 5.625 ], "texture": "#barrel_red" },
				"east": { "uv": [ 4.875, 5.5625, 4.8125, 5.625 ], "texture": "#barrel_red" }
			}
		},
		{
			"__comment": "Voxels",
			"from": [ 5, 0, 13.5 ],
			"to": [ 11, 0.5, 14 ],
			"faces": {
				"down": { "uv": [ 4.125, 9.125, 4.875, 9.1875 ], "texture": "#barrel_red" },
				"up": { "uv": [ 4.125, 9.25, 4.875, 9.1875 ], "texture": "#barrel_red" },
				"south": { "uv": [ 4.125, 10.5, 4.875, 10.5625 ], "texture": "#barrel_red" },
				"west": { "uv": [ 3.25, 2.375, 3.3125, 2.4375 ], "texture": "#barrel_red" },
				"east": { "uv": [ 3.375, 2.375, 3.3125, 2.4375 ], "texture": "#barrel_red" }
			}
		},
		{
			"__comment": "Voxels",
			"from": [ 5, 5.5, 2 ],
			"to": [ 11, 6.5, 2.5 ],
			"faces": {
				"down": { "uv": [ 4.125, 9.5, 4.875, 9.5625 ], "texture": "#barrel_red" },
				"up": { "uv": [ 15.25, 12.4375, 16, 12.375 ], "texture": "#barrel_red" },
				"north": { "uv": [ 3.9375, 6.4375, 3.1875, 6.5625 ], "texture": "#barrel_red" },
				"west": { "uv": [ 3.625, 2.375, 3.6875, 2.5 ], "texture": "#barrel_red" },
				"east": { "uv": [ 3.75, 2.375, 3.6875, 2.5 ], "texture": "#barrel_red" }
			}
		},
		{
			"__comment": "Voxels",
			"from": [ 5, 5.5, 13.5 ],
			"to": [ 11, 6.5, 14 ],
			"faces": {
				"down": { "uv": [ 4.125, 8.875, 4.875, 8.9375 ], "texture": "#barrel_red" },
				"up": { "uv": [ 4.125, 9.125, 4.875, 9.0625 ], "texture": "#barrel_red" },
				"south": { "uv": [ 3.1875, 6.1875, 3.9375, 6.3125 ], "texture": "#barrel_red" },
				"west": { "uv": [ 15.875, 11.625, 15.9375, 11.75 ], "texture": "#barrel_red" },
				"east": { "uv": [ 16, 11.625, 15.9375, 11.75 ], "texture": "#barrel_red" }
			}
		},
		{
			"__comment": "Voxels",
			"from": [ 5, 11.5, 2 ],
			"to": [ 11, 12.5, 2.5 ],
			"faces": {
				"down": { "uv": [ 4.125, 9.25, 4.875, 9.3125 ], "texture": "#barrel_red" },
				"up": { "uv": [ 4.125, 10.625, 4.875, 10.5625 ], "texture": "#barrel_red" },
				"north": { "uv": [ 2.25, 0, 1.5, 0.125 ], "texture": "#barrel_red" },
				"west": { "uv": [ 4.125, 5.875, 4.1875, 6 ], "texture": "#barrel_red" },
				"east": { "uv": [ 4.25, 5.875, 4.1875, 6 ], "texture": "#barrel_red" }
			}
		},
		{
			"__comment": "Voxels",
			"from": [ 5, 11.5, 13.5 ],
			"to": [ 11, 12.5, 14 ],
			"faces": {
				"down": { "uv": [ 4.125, 10.875, 4.875, 10.9375 ], "texture": "#barrel_red" },
				"up": { "uv": [ 4.125, 9.4375, 4.875, 9.375 ], "texture": "#barrel_red" },
				"south": { "uv": [ 3.1875, 6.3125, 3.9375, 6.4375 ], "texture": "#barrel_red" },
				"west": { "uv": [ 4.3125, 5.875, 4.375, 6 ], "texture": "#barrel_red" },
				"east": { "uv": [ 4.4375, 5.875, 4.375, 6 ], "texture": "#barrel_red" }
			}
		},
		{
			"__comment": "Voxels",
			"from": [ 5, 17.5, 2 ],
			"to": [ 11, 18, 2.5 ],
			"faces": {
				"down": { "uv": [ 15.25, 12.1875, 16, 12.25 ], "texture": "#barrel_red" },
				"up": { "uv": [ 4.125, 10.75, 4.875, 10.6875 ], "texture": "#barrel_red" },
				"north": { "uv": [ 4.875, 10.625, 4.125, 10.6875 ], "texture": "#barrel_red" },
				"west": { "uv": [ 4.1875, 5.75, 4.25, 5.8125 ], "texture": "#barrel_red" },
				"east": { "uv": [ 4.3125, 5.75, 4.25, 5.8125 ], "texture": "#barrel_red" }
			}
		},
		{
			"__comment": "Voxels",
			"from": [ 5, 17.5, 13.5 ],
			"to": [ 11, 18, 14 ],
			"faces": {
				"down": { "uv": [ 4.125, 8.9375, 4.875, 9 ], "texture": "#barrel_red" },
				"up": { "uv": [ 15.25, 12.0625, 16, 12 ], "texture": "#barrel_red" },
				"south": { "uv": [ 4.125, 10, 4.875, 10.0625 ], "texture": "#barrel_red" },
				"west": { "uv": [ 4.3125, 5.75, 4.375, 5.8125 ], "texture": "#barrel_red" },
				"east": { "uv": [ 4.4375, 5.75, 4.375, 5.8125 ], "texture": "#barrel_red" }
			}
		},
		{
			"__comment": "Voxels",
			"from": [ 5, 18, 2.5 ],
			"to": [ 11, 18.5, 3 ],
			"faces": {
				"up": { "uv": [ 4.125, 9.9375, 4.875, 9.875 ], "texture": "#barrel_red" },
				"north": { "uv": [ 4.875, 9.8125, 4.125, 9.875 ], "texture": "#barrel_red" },
				"south": { "uv": [ 4.125, 9.4375, 4.875, 9.5 ], "texture": "#barrel_red" },
				"west": { "uv": [ 4.3125, 5.6875, 4.375, 5.75 ], "texture": "#barrel_red" },
				"east": { "uv": [ 4.4375, 5.6875, 4.375, 5.75 ], "texture": "#barrel_red" }
			}
		},
		{
			"__comment": "Voxels",
			"from": [ 5, 18, 13 ],
			"to": [ 11, 18.5, 13.5 ],
			"faces": {
				"up": { "uv": [ 4.125, 9.75, 4.875, 9.6875 ], "texture": "#barrel_red" },
				"north": { "uv": [ 4.875, 9.625, 4.125, 9.6875 ], "texture": "#barrel_red" },
				"south": { "uv": [ 4.125, 9.5625, 4.875, 9.625 ], "texture": "#barrel_red" },
				"west": { "uv": [ 4.4375, 5.6875, 4.5, 5.75 ], "texture": "#barrel_red" },
				"east": { "uv": [ 4.6875, 5.6875, 4.625, 5.75 ], "texture": "#barrel_red" }
			}
		},
		{
			"__comment": "Voxels",
			"from": [ 5.5, 0.5, 2 ],
			"to": [ 10.5, 5.5, 2.5 ],
			"faces": {
				"north": { "uv": [ 4, 8.0625, 3.375, 8.6875 ], "texture": "#barrel_red" },
				"west": { "uv": [ 15.8125, 12.4375, 15.875, 13.0625 ], "texture": "#barrel_red" },
				"east": { "uv": [ 3.9375, 3.6875, 3.875, 4.3125 ], "texture": "#barrel_red" }
			}
		},
		{
			"__comment": "Voxels",
			"from": [ 5.5, 0.5, 13.5 ],
			"to": [ 10.5, 5.5, 14 ],
			"faces": {
				"south": { "uv": [ 3.375, 9.3125, 4, 9.9375 ], "texture": "#barrel_red" },
				"west": { "uv": [ 15.9375, 12.4375, 16, 13.0625 ], "texture": "#barrel_red" },
				"east": { "uv": [ 4.125, 6.8125, 4.0625, 7.4375 ], "texture": "#barrel_red" }
			}
		},
		{
			"__comment": "Voxels",
			"from": [ 5.5, 6.5, 2 ],
			"to": [ 10.5, 11.5, 2.5 ],
			"faces": {
				"north": { "uv": [ 15.75, 12.4375, 15.125, 13.0625 ], "texture": "#barrel_red" },
				"west": { "uv": [ 3.8125, 3.6875, 3.875, 4.3125 ], "texture": "#barrel_red" },
				"east": { "uv": [ 4.125, 9.3125, 4.0625, 9.9375 ], "texture": "#barrel_red" }
			}
		},
		{
			"__comment": "Voxels",
			"from": [ 5.5, 6.5, 13.5 ],
			"to": [ 10.5, 11.5, 14 ],
			"faces": {
				"south": { "uv": [ 15.375, 13.125, 16, 13.75 ], "texture": "#barrel_red" },
				"west": { "uv": [ 4.0625, 9.9375, 4.125, 10.5625 ], "texture": "#barrel_red" },
				"east": { "uv": [ 4.0625, 9.3125, 4, 9.9375 ], "texture": "#barrel_red" }
			}
		},
		{
			"__comment": "Voxels",
			"from": [ 5.5, 12.5, 2 ],
			"to": [ 10.5, 17.5, 2.5 ],
			"faces": {
				"north": { "uv": [ 3.375, 9.9375, 2.75, 10.5625 ], "texture": "#barrel_red" },
				"west": { "uv": [ 4, 8.6875, 4.0625, 9.3125 ], "texture": "#barrel_red" },
				"east": { "uv": [ 4.125, 8.6875, 4.0625, 9.3125 ], "texture": "#barrel_red" }
			}
		},
		{
			"__comment": "Voxels",
			"from": [ 5.5, 12.5, 13.5 ],
			"to": [ 10.5, 17.5, 14 ],
			"faces": {
				"south": { "uv": [ 2.75, 8.6875, 3.375, 9.3125 ], "texture": "#barrel_red" },
				"west": { "uv": [ 4, 8.0625, 4.0625, 8.6875 ], "texture": "#barrel_red" },
				"east": { "uv": [ 4.125, 8.0625, 4.0625, 8.6875 ], "texture": "#barrel_red" }
			}
		},
		{
			"__comment": "Voxels",
			"from": [ 6, -0.5, 2 ],
			"to": [ 10, 0, 2.5 ],
			"faces": {
				"down": { "uv": [ 4.125, 8.0625, 4.625, 8.125 ], "texture": "#barrel_red" },
				"north": { "uv": [ 4.625, 7.5, 4.125, 7.5625 ], "texture": "#barrel_red" },
				"west": { "uv": [ 4.75, 5.4375, 4.8125, 5.5 ], "texture": "#barrel_red" },
				"east": { "uv": [ 4.875, 5.4375, 4.8125, 5.5 ], "texture": "#barrel_red" }
			}
		},
		{
			"__comment": "Voxels",
			"from": [ 6, -0.5, 13.5 ],
			"to": [ 10, 0, 14 ],
			"faces": {
				"down": { "uv": [ 4.125, 7.3125, 4.625, 7.375 ], "texture": "#barrel_red" },
				"south": { "uv": [ 4.125, 8.1875, 4.625, 8.25 ], "texture": "#barrel_red" },
				"west": { "uv": [ 4.25, 5.375, 4.3125, 5.4375 ], "texture": "#barrel_red" },
				"east": { "uv": [ 4.375, 5.375, 4.3125, 5.4375 ], "texture": "#barrel_red" }
			}
		},
		{
			"__comment": "Voxels",
			"from": [ 6, 18, 2 ],
			"to": [ 10, 18.5, 2.5 ],
			"faces": {
				"up": { "uv": [ 4.125, 7.6875, 4.625, 7.625 ], "texture": "#barrel_red" },
				"north": { "uv": [ 4.625, 8, 4.125, 8.0625 ], "texture": "#barrel_red" },
				"west": { "uv": [ 4.6875, 5.3125, 4.75, 5.375 ], "texture": "#barrel_red" },
				"east": { "uv": [ 4.625, 5.375, 4.5625, 5.4375 ], "texture": "#barrel_red" }
			}
		},
		{
			"__comment": "Voxels",
			"from": [ 6, 18, 13.5 ],
			"to": [ 10, 18.5, 14 ],
			"faces": {
				"up": { "uv": [ 4.125, 7.875, 4.625, 7.8125 ], "texture": "#barrel_red" },
				"south": { "uv": [ 4.125, 7.6875, 4.625, 7.75 ], "texture": "#barrel_red" },
				"west": { "uv": [ 4.8125, 5.375, 4.875, 5.4375 ], "texture": "#barrel_red" },
				"east": { "uv": [ 4.3125, 5.3125, 4.25, 5.375 ], "texture": "#barrel_red" }
			}
		},
		{
			"__comment": "Voxels",
			"from": [ 6.5, 0, 1.5 ],
			"to": [ 9.5, 0.5, 2 ],
			"faces": {
				"down": { "uv": [ 4.5, 6.8125, 4.875, 6.875 ], "texture": "#barrel_red" },
				"up": { "uv": [ 4.125, 6.8125, 4.5, 6.75 ], "texture": "#barrel_red" },
				"north": { "uv": [ 4.875, 6.75, 4.5, 6.8125 ], "texture": "#barrel_red" },
				"west": { "uv": [ 4.75, 5.3125, 4.8125, 5.375 ], "texture": "#barrel_red" },
				"east": { "uv": [ 4.875, 5.3125, 4.8125, 5.375 ], "texture": "#barrel_red" }
			}
		},
		{
			"__comment": "Voxels",
			"from": [ 6.5, 0, 14 ],
			"to": [ 9.5, 0.5, 14.5 ],
			"faces": {
				"down": { "uv": [ 3.75, 3.625, 4.125, 3.6875 ], "texture": "#barrel_red" },
				"up": { "uv": [ 3.75, 3.625, 4.125, 3.5625 ], "texture": "#barrel_red" },
				"south": { "uv": [ 3.75, 3.4375, 4.125, 3.5 ], "texture": "#barrel_red" },
				"west": { "uv": [ 4.25, 5.25, 4.3125, 5.3125 ], "texture": "#barrel_red" },
				"east": { "uv": [ 4.375, 5.25, 4.3125, 5.3125 ], "texture": "#barrel_red" }
			}
		},
		{
			"__comment": "Voxels",
			"from": [ 6.5, 6, 1.5 ],
			"to": [ 9.5, 6.5, 2 ],
			"faces": {
				"down": { "uv": [ 3.75, 3.375, 4.125, 3.4375 ], "texture": "#barrel_red" },
				"up": { "uv": [ 3.75, 3.375, 4.125, 3.3125 ], "texture": "#barrel_red" },
				"north": { "uv": [ 4.125, 3.25, 3.75, 3.3125 ], "texture": "#barrel_red" },
				"west": { "uv": [ 4.75, 5.25, 4.8125, 5.3125 ], "texture": "#barrel_red" },
				"east": { "uv": [ 4.875, 5.25, 4.8125, 5.3125 ], "texture": "#barrel_red" }
			}
		},
		{
			"__comment": "Voxels",
			"from": [ 6.5, 6, 14 ],
			"to": [ 9.5, 6.5, 14.5 ],
			"faces": {
				"down": { "uv": [ 3.75, 3.125, 4.125, 3.1875 ], "texture": "#barrel_red" },
				"up": { "uv": [ 3.75, 3.125, 4.125, 3.0625 ], "texture": "#barrel_red" },
				"south": { "uv": [ 3.75, 2.9375, 4.125, 3 ], "texture": "#barrel_red" },
				"west": { "uv": [ 3, 2.375, 3.0625, 2.4375 ], "texture": "#barrel_red" },
				"east": { "uv": [ 3.125, 2.375, 3.0625, 2.4375 ], "texture": "#barrel_red" }
			}
		},
		{
			"__comment": "Voxels",
			"from": [ 6.5, 11.5, 1.5 ],
			"to": [ 9.5, 12.5, 2 ],
			"faces": {
				"down": { "uv": [ 3.75, 2.875, 4.125, 2.9375 ], "texture": "#barrel_red" },
				"up": { "uv": [ 3.75, 2.875, 4.125, 2.8125 ], "texture": "#barrel_red" },
				"north": { "uv": [ 4, 5.9375, 3.625, 6.0625 ], "texture": "#barrel_red" },
				"west": { "uv": [ 4.75, 5.875, 4.8125, 6 ], "texture": "#barrel_red" },
				"east": { "uv": [ 4.875, 5.875, 4.8125, 6 ], "texture": "#barrel_red" }
			}
		},
		{
			"__comment": "Voxels",
			"from": [ 6.5, 11.5, 14 ],
			"to": [ 9.5, 12.5, 14.5 ],
			"faces": {
				"down": { "uv": [ 3.75, 2.625, 4.125, 2.6875 ], "texture": "#barrel_red" },
				"up": { "uv": [ 3.75, 2.625, 4.125, 2.5625 ], "texture": "#barrel_red" },
				"south": { "uv": [ 3.75, 4.3125, 4.125, 4.4375 ], "texture": "#barrel_red" },
				"west": { "uv": [ 2.5, 1.1875, 2.5625, 1.3125 ], "texture": "#barrel_red" },
				"east": { "uv": [ 2.75, 1.1875, 2.6875, 1.3125 ], "texture": "#barrel_red" }
			}
		},
		{
			"__comment": "Voxels",
			"from": [ 6.5, 17.5, 1.5 ],
			"to": [ 9.5, 18, 2 ],
			"faces": {
				"down": { "uv": [ 3.75, 2.375, 4.125, 2.4375 ], "texture": "#barrel_red" },
				"up": { "uv": [ 4.125, 7.0625, 4.5, 7 ], "texture": "#barrel_red" },
				"north": { "uv": [ 4.875, 7, 4.5, 7.0625 ], "texture": "#barrel_red" },
				"west": { "uv": [ 4.5, 5.75, 4.5625, 5.8125 ], "texture": "#barrel_red" },
				"east": { "uv": [ 4.625, 5.75, 4.5625, 5.8125 ], "texture": "#barrel_red" }
			}
		},
		{
			"__comment": "Voxels",
			"from": [ 6.5, 17.5, 14 ],
			"to": [ 9.5, 18, 14.5 ],
			"faces": {
				"down": { "uv": [ 4.5, 6.9375, 4.875, 7 ], "texture": "#barrel_red" },
				"up": { "uv": [ 4.125, 6.9375, 4.5, 6.875 ], "texture": "#barrel_red" },
				"south": { "uv": [ 4.125, 6.8125, 4.5, 6.875 ], "texture": "#barrel_red" },
				"west": { "uv": [ 4.125, 5.6875, 4.1875, 5.75 ], "texture": "#barrel_red" },
				"east": { "uv": [ 4.25, 5.6875, 4.1875, 5.75 ], "texture": "#barrel_red" }
			}
		},
		{
			"__comment": "Voxels",
			"from": [ 7, 5.5, 1.5 ],
			"to": [ 9, 6, 2 ],
			"faces": {
				"down": { "uv": [ 4.625, 8.25, 4.875, 8.3125 ], "texture": "#barrel_red" },
				"north": { "uv": [ 4.875, 8, 4.625, 8.0625 ], "texture": "#barrel_red" },
				"west": { "uv": [ 4.5, 5.6875, 4.5625, 5.75 ], "texture": "#barrel_red" },
				"east": { "uv": [ 4.625, 5.6875, 4.5625, 5.75 ], "texture": "#barrel_red" }
			}
		},
		{
			"__comment": "Voxels",
			"from": [ 7, 5.5, 14 ],
			"to": [ 9, 6, 14.5 ],
			"faces": {
				"down": { "uv": [ 3.875, 0.1875, 4.125, 0.25 ], "texture": "#barrel_red" },
				"south": { "uv": [ 4.625, 7.75, 4.875, 7.8125 ], "texture": "#barrel_red" },
				"west": { "uv": [ 4.125, 5.625, 4.1875, 5.6875 ], "texture": "#barrel_red" },
				"east": { "uv": [ 4.25, 5.625, 4.1875, 5.6875 ], "texture": "#barrel_red" }
			}
		},
		{
			"__comment": "Voxels",
			"from": [ 7, 18, 3.5 ],
			"to": [ 9, 18.5, 5 ],
			"faces": {
				"down": { "uv": [ 2.5, 4, 2.75, 4.1875 ], "texture": "#barrel_red" },
				"up": { "uv": [ 2.5, 4, 2.75, 3.8125 ], "texture": "#barrel_red" },
				"north": { "uv": [ 4.875, 7.6875, 4.625, 7.75 ], "texture": "#barrel_red" },
				"south": { "uv": [ 4.625, 7.625, 4.875, 7.6875 ], "texture": "#barrel_red" },
				"west": { "uv": [ 3.9375, 6.375, 4.125, 6.4375 ], "texture": "#barrel_red" },
				"east": { "uv": [ 4.125, 6.3125, 3.9375, 6.375 ], "texture": "#barrel_red" }
			}
		},
		{
			"__comment": "Voxels",
			"from": [ 7.5, 18, 5 ],
			"to": [ 8.5, 18.5, 5.5 ],
			"faces": {
				"up": { "uv": [ 4, 0.9375, 4.125, 0.875 ], "texture": "#barrel_red" },
				"south": { "uv": [ 4, 0.75, 4.125, 0.8125 ], "texture": "#barrel_red" },
				"west": { "uv": [ 4.125, 5.5625, 4.1875, 5.625 ], "texture": "#barrel_red" },
				"east": { "uv": [ 4.25, 5.5625, 4.1875, 5.625 ], "texture": "#barrel_red" }
			}
		},
		{
			"__comment": "Voxels",
			"from": [ 9.5, 18, 3 ],
			"to": [ 12, 18.5, 3.5 ],
			"faces": {
				"up": { "uv": [ 4.125, 6.625, 4.4375, 6.5625 ], "texture": "#barrel_red" },
				"north": { "uv": [ 4.75, 6.5625, 4.4375, 6.625 ], "texture": "#barrel_red" },
				"south": { "uv": [ 4.125, 6.5, 4.4375, 6.5625 ], "texture": "#barrel_red" },
				"west": { "uv": [ 4.5, 5.5625, 4.5625, 5.625 ], "texture": "#barrel_red" },
				"east": { "uv": [ 4.625, 5.5625, 4.5625, 5.625 ], "texture": "#barrel_red" }
			}
		},
		{
			"__comment": "Voxels",
			"from": [ 9.5, 18, 12.5 ],
			"to": [ 12, 18.5, 13 ],
			"faces": {
				"up": { "uv": [ 4.125, 6.5, 4.4375, 6.4375 ], "texture": "#barrel_red" },
				"north": { "uv": [ 4.75, 6.4375, 4.4375, 6.5 ], "texture": "#barrel_red" },
				"south": { "uv": [ 4.125, 6.375, 4.4375, 6.4375 ], "texture": "#barrel_red" },
				"west": { "uv": [ 4.125, 5.5, 4.1875, 5.5625 ], "texture": "#barrel_red" },
				"east": { "uv": [ 4.25, 5.5, 4.1875, 5.5625 ], "texture": "#barrel_red" }
			}
		},
		{
			"__comment": "Voxels",
			"from": [ 10.5, 18, 3.5 ],
			"to": [ 12.5, 18.5, 4 ],
			"faces": {
				"up": { "uv": [ 4.625, 7.5625, 4.875, 7.5 ], "texture": "#barrel_red" },
				"north": { "uv": [ 16, 11.125, 15.75, 11.1875 ], "texture": "#barrel_red" },
				"south": { "uv": [ 4.625, 7.4375, 4.875, 7.5 ], "texture": "#barrel_red" },
				"west": { "uv": [ 4.5, 5.5, 4.5625, 5.5625 ], "texture": "#barrel_red" },
				"east": { "uv": [ 4.625, 5.5, 4.5625, 5.5625 ], "texture": "#barrel_red" }
			}
		},
		{
			"__comment": "Voxels",
			"from": [ 10.5, 18, 12 ],
			"to": [ 12.5, 18.5, 12.5 ],
			"faces": {
				"up": { "uv": [ 4.625, 7.375, 4.875, 7.3125 ], "texture": "#barrel_red" },
				"north": { "uv": [ 4.6875, 6.25, 4.4375, 6.3125 ], "texture": "#barrel_red" },
				"south": { "uv": [ 4.125, 6.1875, 4.375, 6.25 ], "texture": "#barrel_red" },
				"west": { "uv": [ 4.125, 5.4375, 4.1875, 5.5 ], "texture": "#barrel_red" },
				"east": { "uv": [ 4.25, 5.4375, 4.1875, 5.5 ], "texture": "#barrel_red" }
			}
		},
		{
			"__comment": "Voxels",
			"from": [ 11.5, 18, 4 ],
			"to": [ 13, 18.5, 4.5 ],
			"faces": {
				"up": { "uv": [ 4.5, 6.1875, 4.6875, 6.125 ], "texture": "#barrel_red" },
				"north": { "uv": [ 4.125, 3.75, 3.9375, 3.8125 ], "texture": "#barrel_red" },
				"south": { "uv": [ 3.9375, 3.6875, 4.125, 3.75 ], "texture": "#barrel_red" },
				"west": { "uv": [ 4.5, 5.4375, 4.5625, 5.5 ], "texture": "#barrel_red" },
				"east": { "uv": [ 4.625, 5.4375, 4.5625, 5.5 ], "texture": "#barrel_red" }
			}
		},
		{
			"__comment": "Voxels",
			"from": [ 11.5, 18, 11.5 ],
			"to": [ 13, 18.5, 12 ],
			"faces": {
				"up": { "uv": [ 4.375, 6.25, 4.5625, 6.1875 ], "texture": "#barrel_red" },
				"north": { "uv": [ 4.125, 4.125, 3.9375, 4.1875 ], "texture": "#barrel_red" },
				"south": { "uv": [ 4.125, 6.125, 4.3125, 6.1875 ], "texture": "#barrel_red" },
				"west": { "uv": [ 4.125, 5.375, 4.1875, 5.4375 ], "texture": "#barrel_red" },
				"east": { "uv": [ 4.25, 5.375, 4.1875, 5.4375 ], "texture": "#barrel_red" }
			}
		},
		{
			"__comment": "Voxels",
			"from": [ 12, 18, 4.5 ],
			"to": [ 13, 18.5, 5.5 ],
			"faces": {
				"down": { "uv": [ 3.9375, 6.5625, 4.0625, 6.6875 ], "texture": "#barrel_red" },
				"up": { "uv": [ 2.625, 0.125, 2.75, 0 ], "texture": "#barrel_red" },
				"south": { "uv": [ 15.875, 10.9375, 16, 11 ], "texture": "#barrel_red" },
				"west": { "uv": [ 4.75, 8.8125, 4.875, 8.875 ], "texture": "#barrel_red" },
				"east": { "uv": [ 4.875, 8.75, 4.75, 8.8125 ], "texture": "#barrel_red" }
			}
		},
		{
			"__comment": "Voxels",
			"from": [ 12, 18, 10.5 ],
			"to": [ 13.5, 18.5, 11 ],
			"faces": {
				"up": { "uv": [ 4.125, 6.125, 4.3125, 6.0625 ], "texture": "#barrel_red" },
				"north": { "uv": [ 4.5, 6.0625, 4.3125, 6.125 ], "texture": "#barrel_red" },
				"south": { "uv": [ 4.5, 6.0625, 4.6875, 6.125 ], "texture": "#barrel_red" },
				"west": { "uv": [ 4.125, 5.3125, 4.1875, 5.375 ], "texture": "#barrel_red" },
				"east": { "uv": [ 4.25, 5.3125, 4.1875, 5.375 ], "texture": "#barrel_red" }
			}
		},
		{
			"__comment": "Voxels",
			"from": [ 12, 18, 11 ],
			"to": [ 13, 18.5, 11.5 ],
			"faces": {
				"up": { "uv": [ 4.75, 8.625, 4.875, 8.5625 ], "texture": "#barrel_red" },
				"west": { "uv": [ 4.5, 5.3125, 4.5625, 5.375 ], "texture": "#barrel_red" },
				"east": { "uv": [ 4.625, 5.3125, 4.5625, 5.375 ], "texture": "#barrel_red" }
			}
		},
		{
			"__comment": "Voxels",
			"from": [ 12.5, 18, 5.5 ],
			"to": [ 13.5, 18.5, 6.5 ],
			"faces": {
				"down": { "uv": [ 3.9375, 6.6875, 4.0625, 6.8125 ], "texture": "#barrel_red" },
				"up": { "uv": [ 2.5625, 1.3125, 2.6875, 1.1875 ], "texture": "#barrel_red" },
				"north": { "uv": [ 4.875, 8.3125, 4.75, 8.375 ], "texture": "#barrel_red" },
				"south": { "uv": [ 4.75, 6.5625, 4.875, 6.625 ], "texture": "#barrel_red" },
				"west": { "uv": [ 4.75, 6.5, 4.875, 6.5625 ], "texture": "#barrel_red" },
				"east": { "uv": [ 4.875, 6.4375, 4.75, 6.5 ], "texture": "#barrel_red" }
			}
		},
		{
			"__comment": "Voxels",
			"from": [ 12.5, 18, 9.5 ],
			"to": [ 14, 18.5, 10 ],
			"faces": {
				"up": { "uv": [ 4.125, 6.0625, 4.3125, 6 ], "texture": "#barrel_red" },
				"north": { "uv": [ 4.5, 6, 4.3125, 6.0625 ], "texture": "#barrel_red" },
				"south": { "uv": [ 4.5, 6, 4.6875, 6.0625 ], "texture": "#barrel_red" },
				"west": { "uv": [ 4.5, 5.25, 4.5625, 5.3125 ], "texture": "#barrel_red" },
				"east": { "uv": [ 4.625, 5.25, 4.5625, 5.3125 ], "texture": "#barrel_red" }
			}
		},
		{
			"__comment": "Voxels",
			"from": [ 12.5, 18, 10 ],
			"to": [ 13.5, 18.5, 10.5 ],
			"faces": {
				"up": { "uv": [ 4.6875, 6.0625, 4.8125, 6 ], "texture": "#barrel_red" },
				"west": { "uv": [ 4.125, 5.1875, 4.1875, 5.25 ], "texture": "#barrel_red" },
				"east": { "uv": [ 4.25, 5.1875, 4.1875, 5.25 ], "texture": "#barrel_red" }
			}
		},
		{
			"__comment": "Voxels",
			"from": [ 13, 18, 5 ],
			"to": [ 13.5, 18.5, 5.5 ],
			"faces": {
				"up": { "uv": [ 4.3125, 5.25, 4.375, 5.1875 ], "texture": "#barrel_red" },
				"north": { "uv": [ 4.4375, 5.1875, 4.375, 5.25 ], "texture": "#barrel_red" },
				"east": { "uv": [ 4.625, 5.1875, 4.5625, 5.25 ], "texture": "#barrel_red" }
			}
		},
		{
			"__comment": "Voxels",
			"from": [ 13, 18, 6.5 ],
			"to": [ 14, 18.5, 9.5 ],
			"faces": {
				"up": { "uv": [ 2.625, 5.5, 2.75, 5.125 ], "texture": "#barrel_red" },
				"north": { "uv": [ 4.75, 5.8125, 4.625, 5.875 ], "texture": "#barrel_red" },
				"west": { "uv": [ 4.5, 6.6875, 4.875, 6.75 ], "texture": "#barrel_red" },
				"east": { "uv": [ 4.5, 6.625, 4.125, 6.6875 ], "texture": "#barrel_red" }
			}
		},
		{
			"__comment": "Voxels",
			"from": [ 13.5, 18, 6 ],
			"to": [ 14, 18.5, 6.5 ],
			"faces": {
				"up": { "uv": [ 4.3125, 5.1875, 4.375, 5.125 ], "texture": "#barrel_red" },
				"north": { "uv": [ 4.4375, 5.125, 4.375, 5.1875 ], "texture": "#barrel_red" },
				"east": { "uv": [ 4.625, 5.125, 4.5625, 5.1875 ], "texture": "#barrel_red" }
			}
		}
	],
	"display": {
		"thirdperson_righthand": {
			"scale":  [ 0.5, 0.5, 0.5 ]
		},
		"firstperson_righthand": {
			"scale":  [ 0.5, 0.5, 0.5 ]
		},
		"gui": {
			"rotation":  [ 13, 38, 0 ],
			"translation":  [ 0, 0, 9.0434 ]
		},
		"head": {
			"translation":  [ 0, -30.6, 0 ],
			"scale":  [ 2.5, 2.5, 2.5 ]
		},
		"ground": {
			"translation":  [ 0, 2.7832, 0 ],
			"scale":  [ 0.5, 0.5, 0.5 ]
		}
	}
}