{
	"__comment": "Designed by DevastMc",
	"parent": "minecraft:block/block",
	"textures": {
		"particle": "wall0"
	},
	"elements": [ 	 
		{
			"__comment": "Element",
			"from": [ 4.5, 15, -0.5 ],
			"to": [ 6.5, 17, 16.5 ],
			"faces": {
				"down": { "uv": [ 0, 7, 16, 9 ], "texture": "wall0", "cullface": "down", "rotation": 270 },
				"up": { "uv": [ 16, 9, 0, 7 ], "texture": "wall0", "rotation": 90 },
				"north": { "uv": [ 2, 10, 0, 7 ], "texture": "wall0", "cullface": "north", "rotation": 180 },
				"south": { "uv": [ 0, 7, 2, 10 ], "texture": "wall0", "cullface": "south" },
				"west": { "uv": [ 0, 7, 16, 10 ], "texture": "wall0", "rotation": 180 },
				"east": { "uv": [ 0, 7, 16, 10 ], "texture": "wall0", "rotation": 180 }
			}
		},
		{
			"__comment": "Element",
			"from": [ 3, 0.5, -0.5 ],
			"to": [ 6.5, 5, 16.5 ],
			"faces": {
				"down": { "uv": [ 0, 7, 16, 9 ], "texture": "wall0", "rotation": 270 },
				"up": { "uv": [ 16, 9, 0, 7 ], "texture": "wall0", "rotation": 90 },
				"north": { "uv": [ 2, 10, 0, 7 ], "texture": "wall0", "cullface": "north", "rotation": 180 },
				"south": { "uv": [ 0, 7, 2, 10 ], "texture": "wall0", "cullface": "south" },
				"west": { "uv": [ 0, 7, 16, 10 ], "texture": "wall0", "rotation": 180 },
				"east": { "uv": [ 0, 7, 16, 10 ], "texture": "wall0", "rotation": 180 }
			}
		},
		{
			"__comment": "Element",
			"from": [ 2.5, 10.5, -0.5 ],
			"to": [ 7.5, 14.5, 16.5 ],
			"faces": {
				"down": { "uv": [ 0, 7, 16, 9 ], "texture": "wall0", "rotation": 270 },
				"up": { "uv": [ 16, 9, 0, 7 ], "texture": "wall0", "rotation": 90 },
				"north": { "uv": [ 2, 10, 0, 7 ], "texture": "wall0", "cullface": "north", "rotation": 180 },
				"south": { "uv": [ 0, 7, 2, 10 ], "texture": "wall0", "cullface": "south" },
				"west": { "uv": [ 0, 7, 16, 10 ], "texture": "wall0", "rotation": 180 },
				"east": { "uv": [ 0, 7, 16, 10 ], "texture": "wall0", "rotation": 180 }
			}
		},
		{
			"__comment": "Element",
			"from": [ 2.5, 8, -0.5 ],
			"to": [ 7.5, 10, 16.5 ],
			"faces": {
				"down": { "uv": [ 0, 7, 16, 9 ], "texture": "wall0", "rotation": 270 },
				"up": { "uv": [ 16, 9, 0, 7 ], "texture": "wall0", "rotation": 90 },
				"north": { "uv": [ 2, 10, 0, 7 ], "texture": "wall0", "cullface": "north", "rotation": 180 },
				"south": { "uv": [ 0, 7, 2, 10 ], "texture": "wall0", "cullface": "south" },
				"west": { "uv": [ 0, 7, 16, 10 ], "texture": "wall0", "rotation": 180 },
				"east": { "uv": [ 0, 7, 16, 10 ], "texture": "wall0", "rotation": 180 }
			}
		},
		{
			"__comment": "Element",
			"from": [ 5.5, 5.5, -0.5 ],
			"to": [ 7.5, 7.5, 16.5 ],
			"faces": {
				"down": { "uv": [ 0, 7, 16, 9 ], "texture": "wall0", "rotation": 270 },
				"up": { "uv": [ 16, 9, 0, 7 ], "texture": "wall0", "rotation": 90 },
				"north": { "uv": [ 2, 10, 0, 7 ], "texture": "wall0", "cullface": "north", "rotation": 180 },
				"south": { "uv": [ 0, 7, 2, 10 ], "texture": "wall0", "cullface": "south" },
				"west": { "uv": [ 0, 7, 16, 10 ], "texture": "wall0", "rotation": 180 },
				"east": { "uv": [ 0, 7, 16, 10 ], "texture": "wall0", "rotation": 180 }
			}
		},
		{
			"__comment": "Element",
			"from": [ 2.5, 5.5, -1 ],
			"to": [ 4.5, 7.5, 16 ],
			"faces": {
				"down": { "uv": [ 0, 7, 16, 9 ], "texture": "wall0", "cullface": "north", "rotation": 270 },
				"up": { "uv": [ 16, 9, 0, 7 ], "texture": "wall0", "cullface": "north", "rotation": 90 },
				"north": { "uv": [ 2, 10, 0, 7 ], "texture": "wall0", "cullface": "north", "rotation": 180 },
				"south": { "uv": [ 0, 7, 2, 10 ], "texture": "wall0", "cullface": "north" },
				"west": { "uv": [ 0, 7, 16, 10 ], "texture": "wall0", "cullface": "north", "rotation": 180 },
				"east": { "uv": [ 0, 7, 16, 10 ], "texture": "wall0", "cullface": "north", "rotation": 180 }
			}
		}
	]
}