{
	"__comment": "Designed by DevastMc",
	"textures": {
		"particle": "blocks/e_particle",
		"texture": "blocks/e_texture",
		"twisting_vines": "block/twisting_vines"
	},
	"elements": [ 	 
		{
			"__comment": "Box1",
			"from": [ 0, 13.25, 5.5 ],
			"to": [ 11.25, 14, 5.5015 ],
			"faces": {
				"down": { "uv": [ 3, 6.5, 10.5, 7 ], "texture": "#twisting_vines" },
				"up": { "uv": [ 3, 7, 10.5, 6.5 ], "texture": "#twisting_vines" },
				"north": { "uv": [ 10.5, 6.5, 3, 7 ], "texture": "#twisting_vines" },
				"south": { "uv": [ 3, 6.5, 10.5, 7 ], "texture": "#twisting_vines" },
				"west": { "uv": [ 3, 6.5, 3.5, 7 ], "texture": "#twisting_vines" },
				"east": { "uv": [ 10.5, 7, 10, 6.5 ], "texture": "#twisting_vines", "rotation": 180 }
			}
		},
		{
			"__comment": "Box2",
			"from": [ 0, 7.25, 5.5 ],
			"to": [ 1.5, 8, 5.5015 ],
			"faces": {
				"down": { "uv": [ 3, 10.5, 4, 11 ], "texture": "#twisting_vines" },
				"up": { "uv": [ 3, 11, 4, 10.5 ], "texture": "#twisting_vines" },
				"north": { "uv": [ 4, 10.5, 3, 11 ], "texture": "#twisting_vines" },
				"south": { "uv": [ 3, 10.5, 4, 11 ], "texture": "#twisting_vines" },
				"west": { "uv": [ 3, 10.5, 3.5, 11 ], "texture": "#twisting_vines" },
				"east": { "uv": [ 4, 11, 3.5, 10.5 ], "texture": "#twisting_vines", "rotation": 180 }
			}
		},
		{
			"__comment": "Box3",
			"from": [ 0.75, 12.5, 5.5 ],
			"to": [ 11.25, 13.25, 5.5015 ],
			"faces": {
				"down": { "uv": [ 3.5, 7, 10.5, 7.5 ], "texture": "#twisting_vines" },
				"up": { "uv": [ 3.5, 7.5, 10.5, 7 ], "texture": "#twisting_vines" },
				"north": { "uv": [ 10.5, 7, 3.5, 7.5 ], "texture": "#twisting_vines" },
				"south": { "uv": [ 3.5, 7, 10.5, 7.5 ], "texture": "#twisting_vines" },
				"west": { "uv": [ 3.5, 7, 4, 7.5 ], "texture": "#twisting_vines" },
				"east": { "uv": [ 10.5, 7.5, 10, 7 ], "texture": "#twisting_vines", "rotation": 180 }
			}
		},
		{
			"__comment": "Box4",
			"from": [ 0.75, 8, 5.5 ],
			"to": [ 4.5, 8.75, 5.5015 ],
			"faces": {
				"down": { "uv": [ 3.5, 10, 6, 10.5 ], "texture": "#twisting_vines" },
				"up": { "uv": [ 3.5, 10.5, 6, 10 ], "texture": "#twisting_vines" },
				"north": { "uv": [ 6, 10, 3.5, 10.5 ], "texture": "#twisting_vines" },
				"south": { "uv": [ 3.5, 10, 6, 10.5 ], "texture": "#twisting_vines" },
				"west": { "uv": [ 3.5, 10, 4, 10.5 ], "texture": "#twisting_vines" },
				"east": { "uv": [ 6, 10.5, 5.5, 10 ], "texture": "#twisting_vines", "rotation": 180 }
			}
		},
		{
			"__comment": "Box5",
			"from": [ 1.5, 17, 5.5 ],
			"to": [ 9, 17.75, 5.5015 ],
			"faces": {
				"down": { "uv": [ 4, 4, 9, 4.5 ], "texture": "#twisting_vines" },
				"up": { "uv": [ 4, 4.5, 9, 4 ], "texture": "#twisting_vines" },
				"north": { "uv": [ 9, 4, 4, 4.5 ], "texture": "#twisting_vines" },
				"south": { "uv": [ 4, 4, 9, 4.5 ], "texture": "#twisting_vines" },
				"west": { "uv": [ 4, 4, 4.5, 4.5 ], "texture": "#twisting_vines" },
				"east": { "uv": [ 9, 4.5, 8.5, 4 ], "texture": "#twisting_vines", "rotation": 180 }
			}
		},
		{
			"__comment": "Box6",
			"from": [ 1.5, 15.5, 5.5 ],
			"to": [ 8.25, 16.25, 5.5015 ],
			"faces": {
				"down": { "uv": [ 4, 5, 8.5, 5.5 ], "texture": "#twisting_vines" },
				"up": { "uv": [ 4, 5.5, 8.5, 5 ], "texture": "#twisting_vines" },
				"north": { "uv": [ 8.5, 5, 4, 5.5 ], "texture": "#twisting_vines" },
				"south": { "uv": [ 4, 5, 8.5, 5.5 ], "texture": "#twisting_vines" },
				"west": { "uv": [ 4, 5, 4.5, 5.5 ], "texture": "#twisting_vines" },
				"east": { "uv": [ 8.5, 5.5, 8, 5 ], "texture": "#twisting_vines", "rotation": 180 }
			}
		},
		{
			"__comment": "Box7",
			"from": [ 1.5, 11.75, 5.5 ],
			"to": [ 11.25, 12.5, 5.5015 ],
			"faces": {
				"down": { "uv": [ 4, 7.5, 10.5, 8 ], "texture": "#twisting_vines" },
				"up": { "uv": [ 4, 8, 10.5, 7.5 ], "texture": "#twisting_vines" },
				"north": { "uv": [ 10.5, 7.5, 4, 8 ], "texture": "#twisting_vines" },
				"south": { "uv": [ 4, 7.5, 10.5, 8 ], "texture": "#twisting_vines" },
				"west": { "uv": [ 4, 7.5, 4.5, 8 ], "texture": "#twisting_vines" },
				"east": { "uv": [ 10.5, 8, 10, 7.5 ], "texture": "#twisting_vines", "rotation": 180 }
			}
		},
		{
			"__comment": "Box8",
			"from": [ 1.5, 8.75, 5.5 ],
			"to": [ 14.25, 9.5, 5.5015 ],
			"faces": {
				"down": { "uv": [ 4, 9.5, 12.5, 10 ], "texture": "#twisting_vines" },
				"up": { "uv": [ 4, 10, 12.5, 9.5 ], "texture": "#twisting_vines" },
				"north": { "uv": [ 12.5, 9.5, 4, 10 ], "texture": "#twisting_vines" },
				"south": { "uv": [ 4, 9.5, 12.5, 10 ], "texture": "#twisting_vines" },
				"west": { "uv": [ 4, 9.5, 4.5, 10 ], "texture": "#twisting_vines" },
				"east": { "uv": [ 12.5, 10, 12, 9.5 ], "texture": "#twisting_vines", "rotation": 180 }
			}
		},
		{
			"__comment": "Box9",
			"from": [ 1.5, 4.25, 5.5 ],
			"to": [ 2.25, 5.75, 5.5015 ],
			"faces": {
				"down": { "uv": [ 4, 12.5, 4.5, 13 ], "texture": "#twisting_vines" },
				"up": { "uv": [ 4, 12.5, 4.5, 12 ], "texture": "#twisting_vines" },
				"north": { "uv": [ 4.5, 12, 4, 13 ], "texture": "#twisting_vines" },
				"south": { "uv": [ 4, 12, 4.5, 13 ], "texture": "#twisting_vines" },
				"west": { "uv": [ 4, 12, 4.5, 13 ], "texture": "#twisting_vines" },
				"east": { "uv": [ 4.5, 13, 4, 12 ], "texture": "#twisting_vines", "rotation": 180 }
			}
		},
		{
			"__comment": "Box10",
			"from": [ 2.25, 16.25, 5.5 ],
			"to": [ 6, 17, 5.5015 ],
			"faces": {
				"down": { "uv": [ 4.5, 4.5, 7, 5 ], "texture": "#twisting_vines" },
				"up": { "uv": [ 4.5, 5, 7, 4.5 ], "texture": "#twisting_vines" },
				"north": { "uv": [ 7, 4.5, 4.5, 5 ], "texture": "#twisting_vines" },
				"south": { "uv": [ 4.5, 4.5, 7, 5 ], "texture": "#twisting_vines" },
				"west": { "uv": [ 4.5, 4.5, 5, 5 ], "texture": "#twisting_vines" },
				"east": { "uv": [ 7, 5, 6.5, 4.5 ], "texture": "#twisting_vines", "rotation": 180 }
			}
		},
		{
			"__comment": "Box11",
			"from": [ 2.25, 14, 5.5 ],
			"to": [ 12, 14.75, 5.5015 ],
			"faces": {
				"down": { "uv": [ 4.5, 6, 11, 6.5 ], "texture": "#twisting_vines" },
				"up": { "uv": [ 4.5, 6.5, 11, 6 ], "texture": "#twisting_vines" },
				"north": { "uv": [ 11, 6, 4.5, 6.5 ], "texture": "#twisting_vines" },
				"south": { "uv": [ 4.5, 6, 11, 6.5 ], "texture": "#twisting_vines" },
				"west": { "uv": [ 4.5, 6, 5, 6.5 ], "texture": "#twisting_vines" },
				"east": { "uv": [ 11, 6.5, 10.5, 6 ], "texture": "#twisting_vines", "rotation": 180 }
			}
		},
		{
			"__comment": "Box12",
			"from": [ 2.25, 11, 5.5 ],
			"to": [ 13.5, 11.75, 5.5015 ],
			"faces": {
				"down": { "uv": [ 4.5, 8, 12, 8.5 ], "texture": "#twisting_vines" },
				"up": { "uv": [ 4.5, 8.5, 12, 8 ], "texture": "#twisting_vines" },
				"north": { "uv": [ 12, 8, 4.5, 8.5 ], "texture": "#twisting_vines" },
				"south": { "uv": [ 4.5, 8, 12, 8.5 ], "texture": "#twisting_vines" },
				"west": { "uv": [ 4.5, 8, 5, 8.5 ], "texture": "#twisting_vines" },
				"east": { "uv": [ 12, 8.5, 11.5, 8 ], "texture": "#twisting_vines", "rotation": 180 }
			}
		},
		{
			"__comment": "Box13",
			"from": [ 2.25, 7.25, 5.5 ],
			"to": [ 3, 8, 5.5015 ],
			"faces": {
				"down": { "uv": [ 4.5, 10.5, 5, 11 ], "texture": "#twisting_vines" },
				"up": { "uv": [ 4.5, 11, 5, 10.5 ], "texture": "#twisting_vines" },
				"north": { "uv": [ 5, 10.5, 4.5, 11 ], "texture": "#twisting_vines" },
				"south": { "uv": [ 4.5, 10.5, 5, 11 ], "texture": "#twisting_vines" },
				"west": { "uv": [ 4.5, 10.5, 5, 11 ], "texture": "#twisting_vines" },
				"east": { "uv": [ 5, 11, 4.5, 10.5 ], "texture": "#twisting_vines", "rotation": 180 }
			}
		},
		{
			"__comment": "Box14",
			"from": [ 2.25, 5.75, 5.5 ],
			"to": [ 4.5, 6.5, 5.5015 ],
			"faces": {
				"down": { "uv": [ 4.5, 11.5, 6, 12 ], "texture": "#twisting_vines" },
				"up": { "uv": [ 4.5, 12, 6, 11.5 ], "texture": "#twisting_vines" },
				"north": { "uv": [ 6, 11.5, 4.5, 12 ], "texture": "#twisting_vines" },
				"south": { "uv": [ 4.5, 11.5, 6, 12 ], "texture": "#twisting_vines" },
				"west": { "uv": [ 4.5, 11.5, 5, 12 ], "texture": "#twisting_vines" },
				"east": { "uv": [ 6, 12, 5.5, 11.5 ], "texture": "#twisting_vines", "rotation": 180 }
			}
		},
		{
			"__comment": "Box15",
			"from": [ 2.25, 2.75, 5.5 ],
			"to": [ 7.5, 3.5, 5.5015 ],
			"faces": {
				"down": { "uv": [ 4.5, 13.5, 8, 14 ], "texture": "#twisting_vines" },
				"up": { "uv": [ 4.5, 14, 8, 13.5 ], "texture": "#twisting_vines" },
				"north": { "uv": [ 8, 13.5, 4.5, 14 ], "texture": "#twisting_vines" },
				"south": { "uv": [ 4.5, 13.5, 8, 14 ], "texture": "#twisting_vines" },
				"west": { "uv": [ 4.5, 13.5, 5, 14 ], "texture": "#twisting_vines" },
				"east": { "uv": [ 8, 14, 7.5, 13.5 ], "texture": "#twisting_vines", "rotation": 180 }
			}
		},
		{
			"__comment": "Box16",
			"from": [ 2.25, 2, 5.5 ],
			"to": [ 4.5, 2.75, 5.5015 ],
			"faces": {
				"down": { "uv": [ 4.5, 14, 6, 14.5 ], "texture": "#twisting_vines" },
				"up": { "uv": [ 4.5, 14.5, 6, 14 ], "texture": "#twisting_vines" },
				"north": { "uv": [ 6, 14, 4.5, 14.5 ], "texture": "#twisting_vines" },
				"south": { "uv": [ 4.5, 14, 6, 14.5 ], "texture": "#twisting_vines" },
				"west": { "uv": [ 4.5, 14, 5, 14.5 ], "texture": "#twisting_vines" },
				"east": { "uv": [ 6, 14.5, 5.5, 14 ], "texture": "#twisting_vines", "rotation": 180 }
			}
		},
		{
			"__comment": "Box17",
			"from": [ 2.25, 0.5, 5.5 ],
			"to": [ 3.75, 1.25, 5.5015 ],
			"faces": {
				"down": { "uv": [ 4.5, 15, 5.5, 15.5 ], "texture": "#twisting_vines" },
				"up": { "uv": [ 4.5, 15.5, 5.5, 15 ], "texture": "#twisting_vines" },
				"north": { "uv": [ 5.5, 15, 4.5, 15.5 ], "texture": "#twisting_vines" },
				"south": { "uv": [ 4.5, 15, 5.5, 15.5 ], "texture": "#twisting_vines" },
				"west": { "uv": [ 4.5, 15, 5, 15.5 ], "texture": "#twisting_vines" },
				"east": { "uv": [ 5.5, 15.5, 5, 15 ], "texture": "#twisting_vines", "rotation": 180 }
			}
		},
		{
			"__comment": "Box18",
			"from": [ 3, 14.75, 5.5 ],
			"to": [ 12, 15.5, 5.5015 ],
			"faces": {
				"down": { "uv": [ 5, 5.5, 11, 6 ], "texture": "#twisting_vines" },
				"up": { "uv": [ 5, 6, 11, 5.5 ], "texture": "#twisting_vines" },
				"north": { "uv": [ 11, 5.5, 5, 6 ], "texture": "#twisting_vines" },
				"south": { "uv": [ 5, 5.5, 11, 6 ], "texture": "#twisting_vines" },
				"west": { "uv": [ 5, 5.5, 5.5, 6 ], "texture": "#twisting_vines" },
				"east": { "uv": [ 11, 6, 10.5, 5.5 ], "texture": "#twisting_vines", "rotation": 180 }
			}
		},
		{
			"__comment": "Box19",
			"from": [ 3, 9.5, 5.5 ],
			"to": [ 14.25, 11, 5.5015 ],
			"faces": {
				"down": { "uv": [ 5, 9, 12.5, 9.5 ], "texture": "#twisting_vines" },
				"up": { "uv": [ 5, 9, 12.5, 8.5 ], "texture": "#twisting_vines" },
				"north": { "uv": [ 12.5, 8.5, 5, 9.5 ], "texture": "#twisting_vines" },
				"south": { "uv": [ 5, 8.5, 12.5, 9.5 ], "texture": "#twisting_vines" },
				"west": { "uv": [ 5, 8.5, 5.5, 9.5 ], "texture": "#twisting_vines" },
				"east": { "uv": [ 12.5, 9.5, 12, 8.5 ], "texture": "#twisting_vines", "rotation": 180 }
			}
		},
		{
			"__comment": "Box20",
			"from": [ 3, 6.5, 5.5 ],
			"to": [ 12.75, 7.25, 5.5015 ],
			"faces": {
				"down": { "uv": [ 5, 11, 11.5, 11.5 ], "texture": "#twisting_vines" },
				"up": { "uv": [ 5, 11.5, 11.5, 11 ], "texture": "#twisting_vines" },
				"north": { "uv": [ 11.5, 11, 5, 11.5 ], "texture": "#twisting_vines" },
				"south": { "uv": [ 5, 11, 11.5, 11.5 ], "texture": "#twisting_vines" },
				"west": { "uv": [ 5, 11, 5.5, 11.5 ], "texture": "#twisting_vines" },
				"east": { "uv": [ 11.5, 11.5, 11, 11 ], "texture": "#twisting_vines", "rotation": 180 }
			}
		},
		{
			"__comment": "Box21",
			"from": [ 3, 4.25, 5.5 ],
			"to": [ 14.25, 5, 5.5015 ],
			"faces": {
				"down": { "uv": [ 5, 12.5, 12.5, 13 ], "texture": "#twisting_vines" },
				"up": { "uv": [ 5, 13, 12.5, 12.5 ], "texture": "#twisting_vines" },
				"north": { "uv": [ 12.5, 12.5, 5, 13 ], "texture": "#twisting_vines" },
				"south": { "uv": [ 5, 12.5, 12.5, 13 ], "texture": "#twisting_vines" },
				"west": { "uv": [ 5, 12.5, 5.5, 13 ], "texture": "#twisting_vines" },
				"east": { "uv": [ 12.5, 13, 12, 12.5 ], "texture": "#twisting_vines", "rotation": 180 }
			}
		},
		{
			"__comment": "Box22",
			"from": [ 3, 3.5, 5.5 ],
			"to": [ 12.75, 4.25, 5.5015 ],
			"faces": {
				"down": { "uv": [ 5, 13, 11.5, 13.5 ], "texture": "#twisting_vines" },
				"up": { "uv": [ 5, 13.5, 11.5, 13 ], "texture": "#twisting_vines" },
				"north": { "uv": [ 11.5, 13, 5, 13.5 ], "texture": "#twisting_vines" },
				"south": { "uv": [ 5, 13, 11.5, 13.5 ], "texture": "#twisting_vines" },
				"west": { "uv": [ 5, 13, 5.5, 13.5 ], "texture": "#twisting_vines" },
				"east": { "uv": [ 11.5, 13.5, 11, 13 ], "texture": "#twisting_vines", "rotation": 180 }
			}
		},
		{
			"__comment": "Box23",
			"from": [ 3, 1.25, 5.5 ],
			"to": [ 3.75, 2, 5.5015 ],
			"faces": {
				"down": { "uv": [ 5, 14.5, 5.5, 15 ], "texture": "#twisting_vines" },
				"up": { "uv": [ 5, 15, 5.5, 14.5 ], "texture": "#twisting_vines" },
				"north": { "uv": [ 5.5, 14.5, 5, 15 ], "texture": "#twisting_vines" },
				"south": { "uv": [ 5, 14.5, 5.5, 15 ], "texture": "#twisting_vines" },
				"west": { "uv": [ 5, 14.5, 5.5, 15 ], "texture": "#twisting_vines" },
				"east": { "uv": [ 5.5, 15, 5, 14.5 ], "texture": "#twisting_vines", "rotation": 180 }
			}
		},
		{
			"__comment": "Box24",
			"from": [ 3.75, 21.5, 5.5 ],
			"to": [ 4.5, 22.25, 5.5015 ],
			"faces": {
				"down": { "uv": [ 5.5, 1, 6, 1.5 ], "texture": "#twisting_vines" },
				"up": { "uv": [ 5.5, 1.5, 6, 1 ], "texture": "#twisting_vines" },
				"north": { "uv": [ 6, 1, 5.5, 1.5 ], "texture": "#twisting_vines" },
				"south": { "uv": [ 5.5, 1, 6, 1.5 ], "texture": "#twisting_vines" },
				"west": { "uv": [ 5.5, 1, 6, 1.5 ], "texture": "#twisting_vines" },
				"east": { "uv": [ 6, 1.5, 5.5, 1 ], "texture": "#twisting_vines", "rotation": 180 }
			}
		},
		{
			"__comment": "Box25",
			"from": [ 3.75, 5, 5.5 ],
			"to": [ 4.5, 8, 5.5015 ],
			"faces": {
				"down": { "uv": [ 5.5, 12, 6, 12.5 ], "texture": "#twisting_vines" },
				"up": { "uv": [ 5.5, 11, 6, 10.5 ], "texture": "#twisting_vines" },
				"north": { "uv": [ 6, 10.5, 5.5, 12.5 ], "texture": "#twisting_vines" },
				"south": { "uv": [ 5.5, 10.5, 6, 12.5 ], "texture": "#twisting_vines" },
				"west": { "uv": [ 5.5, 10.5, 6, 12.5 ], "texture": "#twisting_vines" },
				"east": { "uv": [ 6, 12.5, 5.5, 10.5 ], "texture": "#twisting_vines", "rotation": 180 }
			}
		},
		{
			"__comment": "Box26",
			"from": [ 4.5, 17.75, 5.5 ],
			"to": [ 8.25, 21.5, 5.5015 ],
			"faces": {
				"down": { "uv": [ 6, 3.5, 8.5, 4 ], "texture": "#twisting_vines" },
				"up": { "uv": [ 6, 2, 8.5, 1.5 ], "texture": "#twisting_vines" },
				"north": { "uv": [ 8.5, 1.5, 6, 4 ], "texture": "#twisting_vines" },
				"south": { "uv": [ 6, 1.5, 8.5, 4 ], "texture": "#twisting_vines" },
				"west": { "uv": [ 6, 1.5, 6.5, 4 ], "texture": "#twisting_vines" },
				"east": { "uv": [ 8.5, 4, 8, 1.5 ], "texture": "#twisting_vines", "rotation": 180 }
			}
		},
		{
			"__comment": "Box27",
			"from": [ 4.5, 5, 5.5 ],
			"to": [ 6, 5.75, 5.5015 ],
			"faces": {
				"down": { "uv": [ 6, 12, 7, 12.5 ], "texture": "#twisting_vines" },
				"up": { "uv": [ 6, 12.5, 7, 12 ], "texture": "#twisting_vines" },
				"north": { "uv": [ 7, 12, 6, 12.5 ], "texture": "#twisting_vines" },
				"south": { "uv": [ 6, 12, 7, 12.5 ], "texture": "#twisting_vines" },
				"west": { "uv": [ 6, 12, 6.5, 12.5 ], "texture": "#twisting_vines" },
				"east": { "uv": [ 7, 12.5, 6.5, 12 ], "texture": "#twisting_vines", "rotation": 180 }
			}
		},
		{
			"__comment": "Box28",
			"from": [ 5.25, 21.5, 5.5 ],
			"to": [ 6, 23, 5.5015 ],
			"faces": {
				"down": { "uv": [ 6.5, 1, 7, 1.5 ], "texture": "#twisting_vines" },
				"up": { "uv": [ 6.5, 1, 7, 0.5 ], "texture": "#twisting_vines" },
				"north": { "uv": [ 7, 0.5, 6.5, 1.5 ], "texture": "#twisting_vines" },
				"south": { "uv": [ 6.5, 0.5, 7, 1.5 ], "texture": "#twisting_vines" },
				"west": { "uv": [ 6.5, 0.5, 7, 1.5 ], "texture": "#twisting_vines" },
				"east": { "uv": [ 7, 1.5, 6.5, 0.5 ], "texture": "#twisting_vines", "rotation": 180 }
			}
		},
		{
			"__comment": "Box29",
			"from": [ 5.25, 7.25, 5.5 ],
			"to": [ 6.75, 8, 5.5015 ],
			"faces": {
				"down": { "uv": [ 6.5, 10.5, 7.5, 11 ], "texture": "#twisting_vines" },
				"up": { "uv": [ 6.5, 11, 7.5, 10.5 ], "texture": "#twisting_vines" },
				"north": { "uv": [ 7.5, 10.5, 6.5, 11 ], "texture": "#twisting_vines" },
				"south": { "uv": [ 6.5, 10.5, 7.5, 11 ], "texture": "#twisting_vines" },
				"west": { "uv": [ 6.5, 10.5, 7, 11 ], "texture": "#twisting_vines" },
				"east": { "uv": [ 7.5, 11, 7, 10.5 ], "texture": "#twisting_vines", "rotation": 180 }
			}
		},
		{
			"__comment": "Box30",
			"from": [ 6, 8, 5.5 ],
			"to": [ 14.25, 8.75, 5.5015 ],
			"faces": {
				"down": { "uv": [ 7, 10, 12.5, 10.5 ], "texture": "#twisting_vines" },
				"up": { "uv": [ 7, 10.5, 12.5, 10 ], "texture": "#twisting_vines" },
				"north": { "uv": [ 12.5, 10, 7, 10.5 ], "texture": "#twisting_vines" },
				"south": { "uv": [ 7, 10, 12.5, 10.5 ], "texture": "#twisting_vines" },
				"west": { "uv": [ 7, 10, 7.5, 10.5 ], "texture": "#twisting_vines" },
				"east": { "uv": [ 12.5, 10.5, 12, 10 ], "texture": "#twisting_vines", "rotation": 180 }
			}
		},
		{
			"__comment": "Box31",
			"from": [ 6, 5.75, 5.5 ],
			"to": [ 13.5, 6.5, 5.5015 ],
			"faces": {
				"down": { "uv": [ 7, 11.5, 12, 12 ], "texture": "#twisting_vines" },
				"up": { "uv": [ 7, 12, 12, 11.5 ], "texture": "#twisting_vines" },
				"north": { "uv": [ 12, 11.5, 7, 12 ], "texture": "#twisting_vines" },
				"south": { "uv": [ 7, 11.5, 12, 12 ], "texture": "#twisting_vines" },
				"west": { "uv": [ 7, 11.5, 7.5, 12 ], "texture": "#twisting_vines" },
				"east": { "uv": [ 12, 12, 11.5, 11.5 ], "texture": "#twisting_vines", "rotation": 180 }
			}
		},
		{
			"__comment": "Box32",
			"from": [ 6, 1.25, 5.5 ],
			"to": [ 7.5, 2.75, 5.5015 ],
			"faces": {
				"down": { "uv": [ 7, 14.5, 8, 15 ], "texture": "#twisting_vines" },
				"up": { "uv": [ 7, 14.5, 8, 14 ], "texture": "#twisting_vines" },
				"north": { "uv": [ 8, 14, 7, 15 ], "texture": "#twisting_vines" },
				"south": { "uv": [ 7, 14, 8, 15 ], "texture": "#twisting_vines" },
				"west": { "uv": [ 7, 14, 7.5, 15 ], "texture": "#twisting_vines" },
				"east": { "uv": [ 8, 15, 7.5, 14 ], "texture": "#twisting_vines", "rotation": 180 }
			}
		},
		{
			"__comment": "Box33",
			"from": [ 6.75, 16.25, 5.5 ],
			"to": [ 7.5, 22.25, 5.5015 ],
			"faces": {
				"down": { "uv": [ 7.5, 4.5, 8, 5 ], "texture": "#twisting_vines" },
				"up": { "uv": [ 7.5, 1.5, 8, 1 ], "texture": "#twisting_vines" },
				"north": { "uv": [ 8, 1, 7.5, 5 ], "texture": "#twisting_vines" },
				"south": { "uv": [ 7.5, 1, 8, 5 ], "texture": "#twisting_vines" },
				"west": { "uv": [ 7.5, 1, 8, 5 ], "texture": "#twisting_vines" },
				"east": { "uv": [ 8, 5, 7.5, 1 ], "texture": "#twisting_vines", "rotation": 180 }
			}
		},
		{
			"__comment": "Box34",
			"from": [ 6.75, 5, 5.5 ],
			"to": [ 14.25, 5.75, 5.5015 ],
			"faces": {
				"down": { "uv": [ 7.5, 12, 12.5, 12.5 ], "texture": "#twisting_vines" },
				"up": { "uv": [ 7.5, 12.5, 12.5, 12 ], "texture": "#twisting_vines" },
				"north": { "uv": [ 12.5, 12, 7.5, 12.5 ], "texture": "#twisting_vines" },
				"south": { "uv": [ 7.5, 12, 12.5, 12.5 ], "texture": "#twisting_vines" },
				"west": { "uv": [ 7.5, 12, 8, 12.5 ], "texture": "#twisting_vines" },
				"east": { "uv": [ 12.5, 12.5, 12, 12 ], "texture": "#twisting_vines", "rotation": 180 }
			}
		},
		{
			"__comment": "Box35",
			"from": [ 6.75, -0.25, 5.5 ],
			"to": [ 7.5, 1.25, 5.5015 ],
			"faces": {
				"down": { "uv": [ 7.5, 15.5, 8, 16 ], "texture": "#twisting_vines" },
				"up": { "uv": [ 7.5, 15.5, 8, 15 ], "texture": "#twisting_vines" },
				"north": { "uv": [ 8, 15, 7.5, 16 ], "texture": "#twisting_vines" },
				"south": { "uv": [ 7.5, 15, 8, 16 ], "texture": "#twisting_vines" },
				"west": { "uv": [ 7.5, 15, 8, 16 ], "texture": "#twisting_vines" },
				"east": { "uv": [ 8, 16, 7.5, 15 ], "texture": "#twisting_vines", "rotation": 180 }
			}
		},
		{
			"__comment": "Box36",
			"from": [ 7.5, 7.25, 5.5 ],
			"to": [ 8.25, 17, 5.5015 ],
			"faces": {
				"down": { "uv": [ 8, 10.5, 8.5, 11 ], "texture": "#twisting_vines" },
				"up": { "uv": [ 8, 5, 8.5, 4.5 ], "texture": "#twisting_vines" },
				"north": { "uv": [ 8.5, 4.5, 8, 11 ], "texture": "#twisting_vines" },
				"south": { "uv": [ 8, 4.5, 8.5, 11 ], "texture": "#twisting_vines" },
				"west": { "uv": [ 8, 4.5, 8.5, 11 ], "texture": "#twisting_vines" },
				"east": { "uv": [ 8.5, 11, 8, 4.5 ], "texture": "#twisting_vines", "rotation": 180 }
			}
		},
		{
			"__comment": "Box37",
			"from": [ 8.25, 19.25, 5.5 ],
			"to": [ 9.75, 20.75, 5.5015 ],
			"faces": {
				"down": { "uv": [ 8.5, 2.5, 9.5, 3 ], "texture": "#twisting_vines" },
				"up": { "uv": [ 8.5, 2.5, 9.5, 2 ], "texture": "#twisting_vines" },
				"north": { "uv": [ 9.5, 2, 8.5, 3 ], "texture": "#twisting_vines" },
				"south": { "uv": [ 8.5, 2, 9.5, 3 ], "texture": "#twisting_vines" },
				"west": { "uv": [ 8.5, 2, 9, 3 ], "texture": "#twisting_vines" },
				"east": { "uv": [ 9.5, 3, 9, 2 ], "texture": "#twisting_vines", "rotation": 180 }
			}
		},
		{
			"__comment": "Box38",
			"from": [ 8.25, 17.75, 5.5 ],
			"to": [ 9, 19.25, 5.5015 ],
			"faces": {
				"down": { "uv": [ 8.5, 3.5, 9, 4 ], "texture": "#twisting_vines" },
				"up": { "uv": [ 8.5, 3.5, 9, 3 ], "texture": "#twisting_vines" },
				"north": { "uv": [ 9, 3, 8.5, 4 ], "texture": "#twisting_vines" },
				"south": { "uv": [ 8.5, 3, 9, 4 ], "texture": "#twisting_vines" },
				"west": { "uv": [ 8.5, 3, 9, 4 ], "texture": "#twisting_vines" },
				"east": { "uv": [ 9, 4, 8.5, 3 ], "texture": "#twisting_vines", "rotation": 180 }
			}
		},
		{
			"__comment": "Box39",
			"from": [ 8.25, 2, 5.5 ],
			"to": [ 9.75, 3.5, 5.5015 ],
			"faces": {
				"down": { "uv": [ 8.5, 14, 9.5, 14.5 ], "texture": "#twisting_vines" },
				"up": { "uv": [ 8.5, 14, 9.5, 13.5 ], "texture": "#twisting_vines" },
				"north": { "uv": [ 9.5, 13.5, 8.5, 14.5 ], "texture": "#twisting_vines" },
				"south": { "uv": [ 8.5, 13.5, 9.5, 14.5 ], "texture": "#twisting_vines" },
				"west": { "uv": [ 8.5, 13.5, 9, 14.5 ], "texture": "#twisting_vines" },
				"east": { "uv": [ 9.5, 14.5, 9, 13.5 ], "texture": "#twisting_vines", "rotation": 180 }
			}
		},
		{
			"__comment": "Box40",
			"from": [ 8.25, 1.25, 5.5 ],
			"to": [ 9, 2, 5.5015 ],
			"faces": {
				"down": { "uv": [ 8.5, 14.5, 9, 15 ], "texture": "#twisting_vines" },
				"up": { "uv": [ 8.5, 15, 9, 14.5 ], "texture": "#twisting_vines" },
				"north": { "uv": [ 9, 14.5, 8.5, 15 ], "texture": "#twisting_vines" },
				"south": { "uv": [ 8.5, 14.5, 9, 15 ], "texture": "#twisting_vines" },
				"west": { "uv": [ 8.5, 14.5, 9, 15 ], "texture": "#twisting_vines" },
				"east": { "uv": [ 9, 15, 8.5, 14.5 ], "texture": "#twisting_vines", "rotation": 180 }
			}
		},
		{
			"__comment": "Box41",
			"from": [ 9, 17.75, 5.5 ],
			"to": [ 10.5, 18.5, 5.5015 ],
			"faces": {
				"down": { "uv": [ 9, 3.5, 10, 4 ], "texture": "#twisting_vines" },
				"up": { "uv": [ 9, 4, 10, 3.5 ], "texture": "#twisting_vines" },
				"north": { "uv": [ 10, 3.5, 9, 4 ], "texture": "#twisting_vines" },
				"south": { "uv": [ 9, 3.5, 10, 4 ], "texture": "#twisting_vines" },
				"west": { "uv": [ 9, 3.5, 9.5, 4 ], "texture": "#twisting_vines" },
				"east": { "uv": [ 10, 4, 9.5, 3.5 ], "texture": "#twisting_vines", "rotation": 180 }
			}
		},
		{
			"__comment": "Box42",
			"from": [ 9, 7.25, 5.5 ],
			"to": [ 9.75, 16.25, 5.5015 ],
			"faces": {
				"down": { "uv": [ 9, 10.5, 9.5, 11 ], "texture": "#twisting_vines" },
				"up": { "uv": [ 9, 5.5, 9.5, 5 ], "texture": "#twisting_vines" },
				"north": { "uv": [ 9.5, 5, 9, 11 ], "texture": "#twisting_vines" },
				"south": { "uv": [ 9, 5, 9.5, 11 ], "texture": "#twisting_vines" },
				"west": { "uv": [ 9, 5, 9.5, 11 ], "texture": "#twisting_vines" },
				"east": { "uv": [ 9.5, 11, 9, 5 ], "texture": "#twisting_vines", "rotation": 180 }
			}
		},
		{
			"__comment": "Box43",
			"from": [ 9.75, 7.25, 5.5 ],
			"to": [ 10.5, 8, 5.5015 ],
			"faces": {
				"down": { "uv": [ 9.5, 10.5, 10, 11 ], "texture": "#twisting_vines" },
				"up": { "uv": [ 9.5, 11, 10, 10.5 ], "texture": "#twisting_vines" },
				"north": { "uv": [ 10, 10.5, 9.5, 11 ], "texture": "#twisting_vines" },
				"south": { "uv": [ 9.5, 10.5, 10, 11 ], "texture": "#twisting_vines" },
				"west": { "uv": [ 9.5, 10.5, 10, 11 ], "texture": "#twisting_vines" },
				"east": { "uv": [ 10, 11, 9.5, 10.5 ], "texture": "#twisting_vines", "rotation": 180 }
			}
		},
		{
			"__comment": "Box44",
			"from": [ 10.5, 2.75, 5.5 ],
			"to": [ 12.75, 3.5, 5.5015 ],
			"faces": {
				"down": { "uv": [ 10, 13.5, 11.5, 14 ], "texture": "#twisting_vines" },
				"up": { "uv": [ 10, 14, 11.5, 13.5 ], "texture": "#twisting_vines" },
				"north": { "uv": [ 11.5, 13.5, 10, 14 ], "texture": "#twisting_vines" },
				"south": { "uv": [ 10, 13.5, 11.5, 14 ], "texture": "#twisting_vines" },
				"west": { "uv": [ 10, 13.5, 10.5, 14 ], "texture": "#twisting_vines" },
				"east": { "uv": [ 11.5, 14, 11, 13.5 ], "texture": "#twisting_vines", "rotation": 180 }
			}
		},
		{
			"__comment": "Box45",
			"from": [ 11.25, 2, 5.5 ],
			"to": [ 12, 8, 5.5015 ],
			"faces": {
				"down": { "uv": [ 10.5, 14, 11, 14.5 ], "texture": "#twisting_vines" },
				"up": { "uv": [ 10.5, 11, 11, 10.5 ], "texture": "#twisting_vines" },
				"north": { "uv": [ 11, 10.5, 10.5, 14.5 ], "texture": "#twisting_vines" },
				"south": { "uv": [ 10.5, 10.5, 11, 14.5 ], "texture": "#twisting_vines" },
				"west": { "uv": [ 10.5, 10.5, 11, 14.5 ], "texture": "#twisting_vines" },
				"east": { "uv": [ 11, 14.5, 10.5, 10.5 ], "texture": "#twisting_vines", "rotation": 180 }
			}
		},
		{
			"__comment": "Box46",
			"from": [ 12, 1.25, 5.5 ],
			"to": [ 12.75, 2, 5.5015 ],
			"faces": {
				"down": { "uv": [ 11, 14.5, 11.5, 15 ], "texture": "#twisting_vines" },
				"up": { "uv": [ 11, 15, 11.5, 14.5 ], "texture": "#twisting_vines" },
				"north": { "uv": [ 11.5, 14.5, 11, 15 ], "texture": "#twisting_vines" },
				"south": { "uv": [ 11, 14.5, 11.5, 15 ], "texture": "#twisting_vines" },
				"west": { "uv": [ 11, 14.5, 11.5, 15 ], "texture": "#twisting_vines" },
				"east": { "uv": [ 11.5, 15, 11, 14.5 ], "texture": "#twisting_vines", "rotation": 180 }
			}
		},
		{
			"__comment": "Box47",
			"from": [ 12.75, 7.25, 5.5 ],
			"to": [ 13.5, 8, 5.5015 ],
			"faces": {
				"down": { "uv": [ 11.5, 10.5, 12, 11 ], "texture": "#twisting_vines" },
				"up": { "uv": [ 11.5, 11, 12, 10.5 ], "texture": "#twisting_vines" },
				"north": { "uv": [ 12, 10.5, 11.5, 11 ], "texture": "#twisting_vines" },
				"south": { "uv": [ 11.5, 10.5, 12, 11 ], "texture": "#twisting_vines" },
				"west": { "uv": [ 11.5, 10.5, 12, 11 ], "texture": "#twisting_vines" },
				"east": { "uv": [ 12, 11, 11.5, 10.5 ], "texture": "#twisting_vines", "rotation": 180 }
			}
		},
		{
			"__comment": "Box48",
			"from": [ 13.5, 2.75, 5.5 ],
			"to": [ 15, 4.25, 5.5015 ],
			"faces": {
				"down": { "uv": [ 12, 13.5, 13, 14 ], "texture": "#twisting_vines" },
				"up": { "uv": [ 12, 13.5, 13, 13 ], "texture": "#twisting_vines" },
				"north": { "uv": [ 13, 13, 12, 14 ], "texture": "#twisting_vines" },
				"south": { "uv": [ 12, 13, 13, 14 ], "texture": "#twisting_vines" },
				"west": { "uv": [ 12, 13, 12.5, 14 ], "texture": "#twisting_vines" },
				"east": { "uv": [ 13, 14, 12.5, 13 ], "texture": "#twisting_vines", "rotation": 180 }
			}
		},
		{
			"__comment": "Box49",
			"from": [ 13.5, 2, 5.5 ],
			"to": [ 14.25, 2.75, 5.5015 ],
			"faces": {
				"down": { "uv": [ 12, 14, 12.5, 14.5 ], "texture": "#twisting_vines" },
				"up": { "uv": [ 12, 14.5, 12.5, 14 ], "texture": "#twisting_vines" },
				"north": { "uv": [ 12.5, 14, 12, 14.5 ], "texture": "#twisting_vines" },
				"south": { "uv": [ 12, 14, 12.5, 14.5 ], "texture": "#twisting_vines" },
				"west": { "uv": [ 12, 14, 12.5, 14.5 ], "texture": "#twisting_vines" },
				"east": { "uv": [ 12.5, 14.5, 12, 14 ], "texture": "#twisting_vines", "rotation": 180 }
			}
		},
		{
			"__comment": "Box1",
			"from": [ 7.9985, 13.25, -1 ],
			"to": [ 8, 14, 10.25 ],
			"faces": {
				"down": { "uv": [ 3, 6.5, 10.5, 7 ], "texture": "#twisting_vines", "rotation": 270 },
				"up": { "uv": [ 3, 7, 10.5, 6.5 ], "texture": "#twisting_vines", "rotation": 90 },
				"north": { "uv": [ 3, 6.5, 3.5, 7 ], "texture": "#twisting_vines" },
				"south": { "uv": [ 10.5, 7, 10, 6.5 ], "texture": "#twisting_vines", "rotation": 180 },
				"west": { "uv": [ 3, 6.5, 10.5, 7 ], "texture": "#twisting_vines" },
				"east": { "uv": [ 10.5, 6.5, 3, 7 ], "texture": "#twisting_vines" }
			}
		},
		{
			"__comment": "Box2",
			"from": [ 7.9985, 7.25, -1 ],
			"to": [ 8, 8, 0.5 ],
			"faces": {
				"down": { "uv": [ 3, 10.5, 4, 11 ], "texture": "#twisting_vines", "rotation": 270 },
				"up": { "uv": [ 3, 11, 4, 10.5 ], "texture": "#twisting_vines", "rotation": 90 },
				"north": { "uv": [ 3, 10.5, 3.5, 11 ], "texture": "#twisting_vines" },
				"south": { "uv": [ 4, 11, 3.5, 10.5 ], "texture": "#twisting_vines", "rotation": 180 },
				"west": { "uv": [ 3, 10.5, 4, 11 ], "texture": "#twisting_vines" },
				"east": { "uv": [ 4, 10.5, 3, 11 ], "texture": "#twisting_vines" }
			}
		},
		{
			"__comment": "Box3",
			"from": [ 7.9985, 12.5, -0.25 ],
			"to": [ 8, 13.25, 10.25 ],
			"faces": {
				"down": { "uv": [ 3.5, 7, 10.5, 7.5 ], "texture": "#twisting_vines", "rotation": 270 },
				"up": { "uv": [ 3.5, 7.5, 10.5, 7 ], "texture": "#twisting_vines", "rotation": 90 },
				"north": { "uv": [ 3.5, 7, 4, 7.5 ], "texture": "#twisting_vines" },
				"south": { "uv": [ 10.5, 7.5, 10, 7 ], "texture": "#twisting_vines", "rotation": 180 },
				"west": { "uv": [ 3.5, 7, 10.5, 7.5 ], "texture": "#twisting_vines" },
				"east": { "uv": [ 10.5, 7, 3.5, 7.5 ], "texture": "#twisting_vines" }
			}
		},
		{
			"__comment": "Box4",
			"from": [ 7.9985, 8, -0.25 ],
			"to": [ 8, 8.75, 3.5 ],
			"faces": {
				"down": { "uv": [ 3.5, 10, 6, 10.5 ], "texture": "#twisting_vines", "rotation": 270 },
				"up": { "uv": [ 3.5, 10.5, 6, 10 ], "texture": "#twisting_vines", "rotation": 90 },
				"north": { "uv": [ 3.5, 10, 4, 10.5 ], "texture": "#twisting_vines" },
				"south": { "uv": [ 6, 10.5, 5.5, 10 ], "texture": "#twisting_vines", "rotation": 180 },
				"west": { "uv": [ 3.5, 10, 6, 10.5 ], "texture": "#twisting_vines" },
				"east": { "uv": [ 6, 10, 3.5, 10.5 ], "texture": "#twisting_vines" }
			}
		},
		{
			"__comment": "Box5",
			"from": [ 7.9985, 17, 0.5 ],
			"to": [ 8, 17.75, 8 ],
			"faces": {
				"down": { "uv": [ 4, 4, 9, 4.5 ], "texture": "#twisting_vines", "rotation": 270 },
				"up": { "uv": [ 4, 4.5, 9, 4 ], "texture": "#twisting_vines", "rotation": 90 },
				"north": { "uv": [ 4, 4, 4.5, 4.5 ], "texture": "#twisting_vines" },
				"south": { "uv": [ 9, 4.5, 8.5, 4 ], "texture": "#twisting_vines", "rotation": 180 },
				"west": { "uv": [ 4, 4, 9, 4.5 ], "texture": "#twisting_vines" },
				"east": { "uv": [ 9, 4, 4, 4.5 ], "texture": "#twisting_vines" }
			}
		},
		{
			"__comment": "Box6",
			"from": [ 7.9985, 15.5, 0.5 ],
			"to": [ 8, 16.25, 7.25 ],
			"faces": {
				"down": { "uv": [ 4, 5, 8.5, 5.5 ], "texture": "#twisting_vines", "rotation": 270 },
				"up": { "uv": [ 4, 5.5, 8.5, 5 ], "texture": "#twisting_vines", "rotation": 90 },
				"north": { "uv": [ 4, 5, 4.5, 5.5 ], "texture": "#twisting_vines" },
				"south": { "uv": [ 8.5, 5.5, 8, 5 ], "texture": "#twisting_vines", "rotation": 180 },
				"west": { "uv": [ 4, 5, 8.5, 5.5 ], "texture": "#twisting_vines" },
				"east": { "uv": [ 8.5, 5, 4, 5.5 ], "texture": "#twisting_vines" }
			}
		},
		{
			"__comment": "Box7",
			"from": [ 7.9985, 11.75, 0.5 ],
			"to": [ 8, 12.5, 10.25 ],
			"faces": {
				"down": { "uv": [ 4, 7.5, 10.5, 8 ], "texture": "#twisting_vines", "rotation": 270 },
				"up": { "uv": [ 4, 8, 10.5, 7.5 ], "texture": "#twisting_vines", "rotation": 90 },
				"north": { "uv": [ 4, 7.5, 4.5, 8 ], "texture": "#twisting_vines" },
				"south": { "uv": [ 10.5, 8, 10, 7.5 ], "texture": "#twisting_vines", "rotation": 180 },
				"west": { "uv": [ 4, 7.5, 10.5, 8 ], "texture": "#twisting_vines" },
				"east": { "uv": [ 10.5, 7.5, 4, 8 ], "texture": "#twisting_vines" }
			}
		},
		{
			"__comment": "Box8",
			"from": [ 7.9985, 8.75, 0.5 ],
			"to": [ 8, 9.5, 13.25 ],
			"faces": {
				"down": { "uv": [ 4, 9.5, 12.5, 10 ], "texture": "#twisting_vines", "rotation": 270 },
				"up": { "uv": [ 4, 10, 12.5, 9.5 ], "texture": "#twisting_vines", "rotation": 90 },
				"north": { "uv": [ 4, 9.5, 4.5, 10 ], "texture": "#twisting_vines" },
				"south": { "uv": [ 12.5, 10, 12, 9.5 ], "texture": "#twisting_vines", "rotation": 180 },
				"west": { "uv": [ 4, 9.5, 12.5, 10 ], "texture": "#twisting_vines" },
				"east": { "uv": [ 12.5, 9.5, 4, 10 ], "texture": "#twisting_vines" }
			}
		},
		{
			"__comment": "Box9",
			"from": [ 7.9985, 4.25, 0.5 ],
			"to": [ 8, 5.75, 1.25 ],
			"faces": {
				"down": { "uv": [ 4, 12.5, 4.5, 13 ], "texture": "#twisting_vines", "rotation": 270 },
				"up": { "uv": [ 4, 12.5, 4.5, 12 ], "texture": "#twisting_vines", "rotation": 90 },
				"north": { "uv": [ 4, 12, 4.5, 13 ], "texture": "#twisting_vines" },
				"south": { "uv": [ 4.5, 13, 4, 12 ], "texture": "#twisting_vines", "rotation": 180 },
				"west": { "uv": [ 4, 12, 4.5, 13 ], "texture": "#twisting_vines" },
				"east": { "uv": [ 4.5, 12, 4, 13 ], "texture": "#twisting_vines" }
			}
		},
		{
			"__comment": "Box10",
			"from": [ 7.9985, 16.25, 1.25 ],
			"to": [ 8, 17, 5 ],
			"faces": {
				"down": { "uv": [ 4.5, 4.5, 7, 5 ], "texture": "#twisting_vines", "rotation": 270 },
				"up": { "uv": [ 4.5, 5, 7, 4.5 ], "texture": "#twisting_vines", "rotation": 90 },
				"north": { "uv": [ 4.5, 4.5, 5, 5 ], "texture": "#twisting_vines" },
				"south": { "uv": [ 7, 5, 6.5, 4.5 ], "texture": "#twisting_vines", "rotation": 180 },
				"west": { "uv": [ 4.5, 4.5, 7, 5 ], "texture": "#twisting_vines" },
				"east": { "uv": [ 7, 4.5, 4.5, 5 ], "texture": "#twisting_vines" }
			}
		},
		{
			"__comment": "Box11",
			"from": [ 7.9985, 14, 1.25 ],
			"to": [ 8, 14.75, 11 ],
			"faces": {
				"down": { "uv": [ 4.5, 6, 11, 6.5 ], "texture": "#twisting_vines", "rotation": 270 },
				"up": { "uv": [ 4.5, 6.5, 11, 6 ], "texture": "#twisting_vines", "rotation": 90 },
				"north": { "uv": [ 4.5, 6, 5, 6.5 ], "texture": "#twisting_vines" },
				"south": { "uv": [ 11, 6.5, 10.5, 6 ], "texture": "#twisting_vines", "rotation": 180 },
				"west": { "uv": [ 4.5, 6, 11, 6.5 ], "texture": "#twisting_vines" },
				"east": { "uv": [ 11, 6, 4.5, 6.5 ], "texture": "#twisting_vines" }
			}
		},
		{
			"__comment": "Box12",
			"from": [ 7.9985, 11, 1.25 ],
			"to": [ 8, 11.75, 12.5 ],
			"faces": {
				"down": { "uv": [ 4.5, 8, 12, 8.5 ], "texture": "#twisting_vines", "rotation": 270 },
				"up": { "uv": [ 4.5, 8.5, 12, 8 ], "texture": "#twisting_vines", "rotation": 90 },
				"north": { "uv": [ 4.5, 8, 5, 8.5 ], "texture": "#twisting_vines" },
				"south": { "uv": [ 12, 8.5, 11.5, 8 ], "texture": "#twisting_vines", "rotation": 180 },
				"west": { "uv": [ 4.5, 8, 12, 8.5 ], "texture": "#twisting_vines" },
				"east": { "uv": [ 12, 8, 4.5, 8.5 ], "texture": "#twisting_vines" }
			}
		},
		{
			"__comment": "Box13",
			"from": [ 7.9985, 7.25, 1.25 ],
			"to": [ 8, 8, 2 ],
			"faces": {
				"down": { "uv": [ 4.5, 10.5, 5, 11 ], "texture": "#twisting_vines", "rotation": 270 },
				"up": { "uv": [ 4.5, 11, 5, 10.5 ], "texture": "#twisting_vines", "rotation": 90 },
				"north": { "uv": [ 4.5, 10.5, 5, 11 ], "texture": "#twisting_vines" },
				"south": { "uv": [ 5, 11, 4.5, 10.5 ], "texture": "#twisting_vines", "rotation": 180 },
				"west": { "uv": [ 4.5, 10.5, 5, 11 ], "texture": "#twisting_vines" },
				"east": { "uv": [ 5, 10.5, 4.5, 11 ], "texture": "#twisting_vines" }
			}
		},
		{
			"__comment": "Box14",
			"from": [ 7.9985, 5.75, 1.25 ],
			"to": [ 8, 6.5, 3.5 ],
			"faces": {
				"down": { "uv": [ 4.5, 11.5, 6, 12 ], "texture": "#twisting_vines", "rotation": 270 },
				"up": { "uv": [ 4.5, 12, 6, 11.5 ], "texture": "#twisting_vines", "rotation": 90 },
				"north": { "uv": [ 4.5, 11.5, 5, 12 ], "texture": "#twisting_vines" },
				"south": { "uv": [ 6, 12, 5.5, 11.5 ], "texture": "#twisting_vines", "rotation": 180 },
				"west": { "uv": [ 4.5, 11.5, 6, 12 ], "texture": "#twisting_vines" },
				"east": { "uv": [ 6, 11.5, 4.5, 12 ], "texture": "#twisting_vines" }
			}
		},
		{
			"__comment": "Box15",
			"from": [ 7.9985, 2.75, 1.25 ],
			"to": [ 8, 3.5, 6.5 ],
			"faces": {
				"down": { "uv": [ 4.5, 13.5, 8, 14 ], "texture": "#twisting_vines", "rotation": 270 },
				"up": { "uv": [ 4.5, 14, 8, 13.5 ], "texture": "#twisting_vines", "rotation": 90 },
				"north": { "uv": [ 4.5, 13.5, 5, 14 ], "texture": "#twisting_vines" },
				"south": { "uv": [ 8, 14, 7.5, 13.5 ], "texture": "#twisting_vines", "rotation": 180 },
				"west": { "uv": [ 4.5, 13.5, 8, 14 ], "texture": "#twisting_vines" },
				"east": { "uv": [ 8, 13.5, 4.5, 14 ], "texture": "#twisting_vines" }
			}
		},
		{
			"__comment": "Box16",
			"from": [ 7.9985, 2, 1.25 ],
			"to": [ 8, 2.75, 3.5 ],
			"faces": {
				"down": { "uv": [ 4.5, 14, 6, 14.5 ], "texture": "#twisting_vines", "rotation": 270 },
				"up": { "uv": [ 4.5, 14.5, 6, 14 ], "texture": "#twisting_vines", "rotation": 90 },
				"north": { "uv": [ 4.5, 14, 5, 14.5 ], "texture": "#twisting_vines" },
				"south": { "uv": [ 6, 14.5, 5.5, 14 ], "texture": "#twisting_vines", "rotation": 180 },
				"west": { "uv": [ 4.5, 14, 6, 14.5 ], "texture": "#twisting_vines" },
				"east": { "uv": [ 6, 14, 4.5, 14.5 ], "texture": "#twisting_vines" }
			}
		},
		{
			"__comment": "Box17",
			"from": [ 7.9985, 0.5, 1.25 ],
			"to": [ 8, 1.25, 2.75 ],
			"faces": {
				"down": { "uv": [ 4.5, 15, 5.5, 15.5 ], "texture": "#twisting_vines", "rotation": 270 },
				"up": { "uv": [ 4.5, 15.5, 5.5, 15 ], "texture": "#twisting_vines", "rotation": 90 },
				"north": { "uv": [ 4.5, 15, 5, 15.5 ], "texture": "#twisting_vines" },
				"south": { "uv": [ 5.5, 15.5, 5, 15 ], "texture": "#twisting_vines", "rotation": 180 },
				"west": { "uv": [ 4.5, 15, 5.5, 15.5 ], "texture": "#twisting_vines" },
				"east": { "uv": [ 5.5, 15, 4.5, 15.5 ], "texture": "#twisting_vines" }
			}
		},
		{
			"__comment": "Box18",
			"from": [ 7.9985, 14.75, 2 ],
			"to": [ 8, 15.5, 11 ],
			"faces": {
				"down": { "uv": [ 5, 5.5, 11, 6 ], "texture": "#twisting_vines", "rotation": 270 },
				"up": { "uv": [ 5, 6, 11, 5.5 ], "texture": "#twisting_vines", "rotation": 90 },
				"north": { "uv": [ 5, 5.5, 5.5, 6 ], "texture": "#twisting_vines" },
				"south": { "uv": [ 11, 6, 10.5, 5.5 ], "texture": "#twisting_vines", "rotation": 180 },
				"west": { "uv": [ 5, 5.5, 11, 6 ], "texture": "#twisting_vines" },
				"east": { "uv": [ 11, 5.5, 5, 6 ], "texture": "#twisting_vines" }
			}
		},
		{
			"__comment": "Box19",
			"from": [ 7.9984, 9.5, 2 ],
			"to": [ 7.9999, 11, 13.25 ],
			"faces": {
				"down": { "uv": [ 5, 9, 12.5, 9.5 ], "texture": "#twisting_vines", "rotation": 270 },
				"up": { "uv": [ 5, 9, 12.5, 8.5 ], "texture": "#twisting_vines", "rotation": 90 },
				"north": { "uv": [ 5, 8.5, 5.5, 9.5 ], "texture": "#twisting_vines" },
				"south": { "uv": [ 12.5, 9.5, 12, 8.5 ], "texture": "#twisting_vines", "rotation": 180 },
				"west": { "uv": [ 5, 8.5, 12.5, 9.5 ], "texture": "#twisting_vines" },
				"east": { "uv": [ 12.5, 8.5, 5, 9.5 ], "texture": "#twisting_vines" }
			}
		},
		{
			"__comment": "Box20",
			"from": [ 7.9984, 6.5, 2 ],
			"to": [ 7.9999, 7.25, 11.75 ],
			"faces": {
				"down": { "uv": [ 5, 11, 11.5, 11.5 ], "texture": "#twisting_vines", "rotation": 270 },
				"up": { "uv": [ 5, 11.5, 11.5, 11 ], "texture": "#twisting_vines", "rotation": 90 },
				"north": { "uv": [ 5, 11, 5.5, 11.5 ], "texture": "#twisting_vines" },
				"south": { "uv": [ 11.5, 11.5, 11, 11 ], "texture": "#twisting_vines", "rotation": 180 },
				"west": { "uv": [ 5, 11, 11.5, 11.5 ], "texture": "#twisting_vines" },
				"east": { "uv": [ 11.5, 11, 5, 11.5 ], "texture": "#twisting_vines" }
			}
		},
		{
			"__comment": "Box21",
			"from": [ 7.9984, 4.25, 2 ],
			"to": [ 7.9999, 5, 13.25 ],
			"faces": {
				"down": { "uv": [ 5, 12.5, 12.5, 13 ], "texture": "#twisting_vines", "rotation": 270 },
				"up": { "uv": [ 5, 13, 12.5, 12.5 ], "texture": "#twisting_vines", "rotation": 90 },
				"north": { "uv": [ 5, 12.5, 5.5, 13 ], "texture": "#twisting_vines" },
				"south": { "uv": [ 12.5, 13, 12, 12.5 ], "texture": "#twisting_vines", "rotation": 180 },
				"west": { "uv": [ 5, 12.5, 12.5, 13 ], "texture": "#twisting_vines" },
				"east": { "uv": [ 12.5, 12.5, 5, 13 ], "texture": "#twisting_vines" }
			}
		},
		{
			"__comment": "Box22",
			"from": [ 7.9984, 3.5, 2 ],
			"to": [ 7.9999, 4.25, 11.75 ],
			"faces": {
				"down": { "uv": [ 5, 13, 11.5, 13.5 ], "texture": "#twisting_vines", "rotation": 270 },
				"up": { "uv": [ 5, 13.5, 11.5, 13 ], "texture": "#twisting_vines", "rotation": 90 },
				"north": { "uv": [ 5, 13, 5.5, 13.5 ], "texture": "#twisting_vines" },
				"south": { "uv": [ 11.5, 13.5, 11, 13 ], "texture": "#twisting_vines", "rotation": 180 },
				"west": { "uv": [ 5, 13, 11.5, 13.5 ], "texture": "#twisting_vines" },
				"east": { "uv": [ 11.5, 13, 5, 13.5 ], "texture": "#twisting_vines" }
			}
		},
		{
			"__comment": "Box23",
			"from": [ 7.9985, 1.25, 2 ],
			"to": [ 8, 2, 2.75 ],
			"faces": {
				"down": { "uv": [ 5, 14.5, 5.5, 15 ], "texture": "#twisting_vines", "rotation": 270 },
				"up": { "uv": [ 5, 15, 5.5, 14.5 ], "texture": "#twisting_vines", "rotation": 90 },
				"north": { "uv": [ 5, 14.5, 5.5, 15 ], "texture": "#twisting_vines" },
				"south": { "uv": [ 5.5, 15, 5, 14.5 ], "texture": "#twisting_vines", "rotation": 180 },
				"west": { "uv": [ 5, 14.5, 5.5, 15 ], "texture": "#twisting_vines" },
				"east": { "uv": [ 5.5, 14.5, 5, 15 ], "texture": "#twisting_vines" }
			}
		},
		{
			"__comment": "Box24",
			"from": [ 7.9985, 21.5, 2.75 ],
			"to": [ 8, 22.25, 3.5 ],
			"faces": {
				"down": { "uv": [ 5.5, 1, 6, 1.5 ], "texture": "#twisting_vines", "rotation": 270 },
				"up": { "uv": [ 5.5, 1.5, 6, 1 ], "texture": "#twisting_vines", "rotation": 90 },
				"north": { "uv": [ 5.5, 1, 6, 1.5 ], "texture": "#twisting_vines" },
				"south": { "uv": [ 6, 1.5, 5.5, 1 ], "texture": "#twisting_vines", "rotation": 180 },
				"west": { "uv": [ 5.5, 1, 6, 1.5 ], "texture": "#twisting_vines" },
				"east": { "uv": [ 6, 1, 5.5, 1.5 ], "texture": "#twisting_vines" }
			}
		},
		{
			"__comment": "Box25",
			"from": [ 7.9985, 5, 2.75 ],
			"to": [ 8, 8, 3.5 ],
			"faces": {
				"down": { "uv": [ 5.5, 12, 6, 12.5 ], "texture": "#twisting_vines", "rotation": 270 },
				"up": { "uv": [ 5.5, 11, 6, 10.5 ], "texture": "#twisting_vines", "rotation": 90 },
				"north": { "uv": [ 5.5, 10.5, 6, 12.5 ], "texture": "#twisting_vines" },
				"south": { "uv": [ 6, 12.5, 5.5, 10.5 ], "texture": "#twisting_vines", "rotation": 180 },
				"west": { "uv": [ 5.5, 10.5, 6, 12.5 ], "texture": "#twisting_vines" },
				"east": { "uv": [ 6, 10.5, 5.5, 12.5 ], "texture": "#twisting_vines" }
			}
		},
		{
			"__comment": "Box26",
			"from": [ 7.9984, 17.75, 3.5 ],
			"to": [ 7.9999, 21.5, 7.25 ],
			"faces": {
				"down": { "uv": [ 6, 3.5, 8.5, 4 ], "texture": "#twisting_vines", "rotation": 270 },
				"up": { "uv": [ 6, 2, 8.5, 1.5 ], "texture": "#twisting_vines", "rotation": 90 },
				"north": { "uv": [ 6, 1.5, 6.5, 4 ], "texture": "#twisting_vines" },
				"south": { "uv": [ 8.5, 4, 8, 1.5 ], "texture": "#twisting_vines", "rotation": 180 },
				"west": { "uv": [ 6, 1.5, 8.5, 4 ], "texture": "#twisting_vines" },
				"east": { "uv": [ 8.5, 1.5, 6, 4 ], "texture": "#twisting_vines" }
			}
		},
		{
			"__comment": "Box27",
			"from": [ 7.9984, 5, 3.5 ],
			"to": [ 7.9999, 5.75, 5 ],
			"faces": {
				"down": { "uv": [ 6, 12, 7, 12.5 ], "texture": "#twisting_vines", "rotation": 270 },
				"up": { "uv": [ 6, 12.5, 7, 12 ], "texture": "#twisting_vines", "rotation": 90 },
				"north": { "uv": [ 6, 12, 6.5, 12.5 ], "texture": "#twisting_vines" },
				"south": { "uv": [ 7, 12.5, 6.5, 12 ], "texture": "#twisting_vines", "rotation": 180 },
				"west": { "uv": [ 6, 12, 7, 12.5 ], "texture": "#twisting_vines" },
				"east": { "uv": [ 7, 12, 6, 12.5 ], "texture": "#twisting_vines" }
			}
		},
		{
			"__comment": "Box28",
			"from": [ 7.9984, 21.5, 4.25 ],
			"to": [ 7.9999, 23, 5 ],
			"faces": {
				"down": { "uv": [ 6.5, 1, 7, 1.5 ], "texture": "#twisting_vines", "rotation": 270 },
				"up": { "uv": [ 6.5, 1, 7, 0.5 ], "texture": "#twisting_vines", "rotation": 90 },
				"north": { "uv": [ 6.5, 0.5, 7, 1.5 ], "texture": "#twisting_vines" },
				"south": { "uv": [ 7, 1.5, 6.5, 0.5 ], "texture": "#twisting_vines", "rotation": 180 },
				"west": { "uv": [ 6.5, 0.5, 7, 1.5 ], "texture": "#twisting_vines" },
				"east": { "uv": [ 7, 0.5, 6.5, 1.5 ], "texture": "#twisting_vines" }
			}
		},
		{
			"__comment": "Box29",
			"from": [ 7.9984, 7.25, 4.25 ],
			"to": [ 7.9999, 8, 5.75 ],
			"faces": {
				"down": { "uv": [ 6.5, 10.5, 7.5, 11 ], "texture": "#twisting_vines", "rotation": 270 },
				"up": { "uv": [ 6.5, 11, 7.5, 10.5 ], "texture": "#twisting_vines", "rotation": 90 },
				"north": { "uv": [ 6.5, 10.5, 7, 11 ], "texture": "#twisting_vines" },
				"south": { "uv": [ 7.5, 11, 7, 10.5 ], "texture": "#twisting_vines", "rotation": 180 },
				"west": { "uv": [ 6.5, 10.5, 7.5, 11 ], "texture": "#twisting_vines" },
				"east": { "uv": [ 7.5, 10.5, 6.5, 11 ], "texture": "#twisting_vines" }
			}
		},
		{
			"__comment": "Box30",
			"from": [ 7.9984, 8, 5 ],
			"to": [ 7.9999, 8.75, 13.25 ],
			"faces": {
				"down": { "uv": [ 7, 10, 12.5, 10.5 ], "texture": "#twisting_vines", "rotation": 270 },
				"up": { "uv": [ 7, 10.5, 12.5, 10 ], "texture": "#twisting_vines", "rotation": 90 },
				"north": { "uv": [ 7, 10, 7.5, 10.5 ], "texture": "#twisting_vines" },
				"south": { "uv": [ 12.5, 10.5, 12, 10 ], "texture": "#twisting_vines", "rotation": 180 },
				"west": { "uv": [ 7, 10, 12.5, 10.5 ], "texture": "#twisting_vines" },
				"east": { "uv": [ 12.5, 10, 7, 10.5 ], "texture": "#twisting_vines" }
			}
		},
		{
			"__comment": "Box31",
			"from": [ 7.9984, 5.75, 5 ],
			"to": [ 7.9999, 6.5, 12.5 ],
			"faces": {
				"down": { "uv": [ 7, 11.5, 12, 12 ], "texture": "#twisting_vines", "rotation": 270 },
				"up": { "uv": [ 7, 12, 12, 11.5 ], "texture": "#twisting_vines", "rotation": 90 },
				"north": { "uv": [ 7, 11.5, 7.5, 12 ], "texture": "#twisting_vines" },
				"south": { "uv": [ 12, 12, 11.5, 11.5 ], "texture": "#twisting_vines", "rotation": 180 },
				"west": { "uv": [ 7, 11.5, 12, 12 ], "texture": "#twisting_vines" },
				"east": { "uv": [ 12, 11.5, 7, 12 ], "texture": "#twisting_vines" }
			}
		},
		{
			"__comment": "Box32",
			"from": [ 7.9984, 1.25, 5 ],
			"to": [ 7.9999, 2.75, 6.5 ],
			"faces": {
				"down": { "uv": [ 7, 14.5, 8, 15 ], "texture": "#twisting_vines", "rotation": 270 },
				"up": { "uv": [ 7, 14.5, 8, 14 ], "texture": "#twisting_vines", "rotation": 90 },
				"north": { "uv": [ 7, 14, 7.5, 15 ], "texture": "#twisting_vines" },
				"south": { "uv": [ 8, 15, 7.5, 14 ], "texture": "#twisting_vines", "rotation": 180 },
				"west": { "uv": [ 7, 14, 8, 15 ], "texture": "#twisting_vines" },
				"east": { "uv": [ 8, 14, 7, 15 ], "texture": "#twisting_vines" }
			}
		},
		{
			"__comment": "Box33",
			"from": [ 7.9984, 16.25, 5.75 ],
			"to": [ 7.9999, 22.25, 6.5 ],
			"faces": {
				"down": { "uv": [ 7.5, 4.5, 8, 5 ], "texture": "#twisting_vines", "rotation": 270 },
				"up": { "uv": [ 7.5, 1.5, 8, 1 ], "texture": "#twisting_vines", "rotation": 90 },
				"north": { "uv": [ 7.5, 1, 8, 5 ], "texture": "#twisting_vines" },
				"south": { "uv": [ 8, 5, 7.5, 1 ], "texture": "#twisting_vines", "rotation": 180 },
				"west": { "uv": [ 7.5, 1, 8, 5 ], "texture": "#twisting_vines" },
				"east": { "uv": [ 8, 1, 7.5, 5 ], "texture": "#twisting_vines" }
			}
		},
		{
			"__comment": "Box34",
			"from": [ 7.9984, 5, 5.75 ],
			"to": [ 7.9999, 5.75, 13.25 ],
			"faces": {
				"down": { "uv": [ 7.5, 12, 12.5, 12.5 ], "texture": "#twisting_vines", "rotation": 270 },
				"up": { "uv": [ 7.5, 12.5, 12.5, 12 ], "texture": "#twisting_vines", "rotation": 90 },
				"north": { "uv": [ 7.5, 12, 8, 12.5 ], "texture": "#twisting_vines" },
				"south": { "uv": [ 12.5, 12.5, 12, 12 ], "texture": "#twisting_vines", "rotation": 180 },
				"west": { "uv": [ 7.5, 12, 12.5, 12.5 ], "texture": "#twisting_vines" },
				"east": { "uv": [ 12.5, 12, 7.5, 12.5 ], "texture": "#twisting_vines" }
			}
		},
		{
			"__comment": "Box35",
			"from": [ 7.9984, -0.25, 5.75 ],
			"to": [ 7.9999, 1.25, 6.5 ],
			"faces": {
				"down": { "uv": [ 7.5, 15.5, 8, 16 ], "texture": "#twisting_vines", "rotation": 270 },
				"up": { "uv": [ 7.5, 15.5, 8, 15 ], "texture": "#twisting_vines", "rotation": 90 },
				"north": { "uv": [ 7.5, 15, 8, 16 ], "texture": "#twisting_vines" },
				"south": { "uv": [ 8, 16, 7.5, 15 ], "texture": "#twisting_vines", "rotation": 180 },
				"west": { "uv": [ 7.5, 15, 8, 16 ], "texture": "#twisting_vines" },
				"east": { "uv": [ 8, 15, 7.5, 16 ], "texture": "#twisting_vines" }
			}
		},
		{
			"__comment": "Box36",
			"from": [ 7.9984, 7.25, 6.5 ],
			"to": [ 7.9999, 17, 7.25 ],
			"faces": {
				"down": { "uv": [ 8, 10.5, 8.5, 11 ], "texture": "#twisting_vines", "rotation": 270 },
				"up": { "uv": [ 8, 5, 8.5, 4.5 ], "texture": "#twisting_vines", "rotation": 90 },
				"north": { "uv": [ 8, 4.5, 8.5, 11 ], "texture": "#twisting_vines" },
				"south": { "uv": [ 8.5, 11, 8, 4.5 ], "texture": "#twisting_vines", "rotation": 180 },
				"west": { "uv": [ 8, 4.5, 8.5, 11 ], "texture": "#twisting_vines" },
				"east": { "uv": [ 8.5, 4.5, 8, 11 ], "texture": "#twisting_vines" }
			}
		},
		{
			"__comment": "Box37",
			"from": [ 7.9984, 19.25, 7.25 ],
			"to": [ 7.9999, 20.75, 8.75 ],
			"faces": {
				"down": { "uv": [ 8.5, 2.5, 9.5, 3 ], "texture": "#twisting_vines", "rotation": 270 },
				"up": { "uv": [ 8.5, 2.5, 9.5, 2 ], "texture": "#twisting_vines", "rotation": 90 },
				"north": { "uv": [ 8.5, 2, 9, 3 ], "texture": "#twisting_vines" },
				"south": { "uv": [ 9.5, 3, 9, 2 ], "texture": "#twisting_vines", "rotation": 180 },
				"west": { "uv": [ 8.5, 2, 9.5, 3 ], "texture": "#twisting_vines" },
				"east": { "uv": [ 9.5, 2, 8.5, 3 ], "texture": "#twisting_vines" }
			}
		},
		{
			"__comment": "Box38",
			"from": [ 7.9984, 17.75, 7.25 ],
			"to": [ 7.9999, 19.25, 8 ],
			"faces": {
				"down": { "uv": [ 8.5, 3.5, 9, 4 ], "texture": "#twisting_vines", "rotation": 270 },
				"up": { "uv": [ 8.5, 3.5, 9, 3 ], "texture": "#twisting_vines", "rotation": 90 },
				"north": { "uv": [ 8.5, 3, 9, 4 ], "texture": "#twisting_vines" },
				"south": { "uv": [ 9, 4, 8.5, 3 ], "texture": "#twisting_vines", "rotation": 180 },
				"west": { "uv": [ 8.5, 3, 9, 4 ], "texture": "#twisting_vines" },
				"east": { "uv": [ 9, 3, 8.5, 4 ], "texture": "#twisting_vines" }
			}
		},
		{
			"__comment": "Box39",
			"from": [ 7.9984, 2, 7.25 ],
			"to": [ 7.9999, 3.5, 8.75 ],
			"faces": {
				"down": { "uv": [ 8.5, 14, 9.5, 14.5 ], "texture": "#twisting_vines", "rotation": 270 },
				"up": { "uv": [ 8.5, 14, 9.5, 13.5 ], "texture": "#twisting_vines", "rotation": 90 },
				"north": { "uv": [ 8.5, 13.5, 9, 14.5 ], "texture": "#twisting_vines" },
				"south": { "uv": [ 9.5, 14.5, 9, 13.5 ], "texture": "#twisting_vines", "rotation": 180 },
				"west": { "uv": [ 8.5, 13.5, 9.5, 14.5 ], "texture": "#twisting_vines" },
				"east": { "uv": [ 9.5, 13.5, 8.5, 14.5 ], "texture": "#twisting_vines" }
			}
		},
		{
			"__comment": "Box40",
			"from": [ 7.9984, 1.25, 7.25 ],
			"to": [ 7.9999, 2, 8 ],
			"faces": {
				"down": { "uv": [ 8.5, 14.5, 9, 15 ], "texture": "#twisting_vines", "rotation": 270 },
				"up": { "uv": [ 8.5, 15, 9, 14.5 ], "texture": "#twisting_vines", "rotation": 90 },
				"north": { "uv": [ 8.5, 14.5, 9, 15 ], "texture": "#twisting_vines" },
				"south": { "uv": [ 9, 15, 8.5, 14.5 ], "texture": "#twisting_vines", "rotation": 180 },
				"west": { "uv": [ 8.5, 14.5, 9, 15 ], "texture": "#twisting_vines" },
				"east": { "uv": [ 9, 14.5, 8.5, 15 ], "texture": "#twisting_vines" }
			}
		},
		{
			"__comment": "Box41",
			"from": [ 7.9984, 17.75, 8 ],
			"to": [ 7.9999, 18.5, 9.5 ],
			"faces": {
				"down": { "uv": [ 9, 3.5, 10, 4 ], "texture": "#twisting_vines", "rotation": 270 },
				"up": { "uv": [ 9, 4, 10, 3.5 ], "texture": "#twisting_vines", "rotation": 90 },
				"north": { "uv": [ 9, 3.5, 9.5, 4 ], "texture": "#twisting_vines" },
				"south": { "uv": [ 10, 4, 9.5, 3.5 ], "texture": "#twisting_vines", "rotation": 180 },
				"west": { "uv": [ 9, 3.5, 10, 4 ], "texture": "#twisting_vines" },
				"east": { "uv": [ 10, 3.5, 9, 4 ], "texture": "#twisting_vines" }
			}
		},
		{
			"__comment": "Box42",
			"from": [ 7.9984, 7.25, 8 ],
			"to": [ 7.9999, 16.25, 8.75 ],
			"faces": {
				"down": { "uv": [ 9, 10.5, 9.5, 11 ], "texture": "#twisting_vines", "rotation": 270 },
				"up": { "uv": [ 9, 5.5, 9.5, 5 ], "texture": "#twisting_vines", "rotation": 90 },
				"north": { "uv": [ 9, 5, 9.5, 11 ], "texture": "#twisting_vines" },
				"south": { "uv": [ 9.5, 11, 9, 5 ], "texture": "#twisting_vines", "rotation": 180 },
				"west": { "uv": [ 9, 5, 9.5, 11 ], "texture": "#twisting_vines" },
				"east": { "uv": [ 9.5, 5, 9, 11 ], "texture": "#twisting_vines" }
			}
		},
		{
			"__comment": "Box43",
			"from": [ 7.9984, 7.25, 8.75 ],
			"to": [ 7.9999, 8, 9.5 ],
			"faces": {
				"down": { "uv": [ 9.5, 10.5, 10, 11 ], "texture": "#twisting_vines", "rotation": 270 },
				"up": { "uv": [ 9.5, 11, 10, 10.5 ], "texture": "#twisting_vines", "rotation": 90 },
				"north": { "uv": [ 9.5, 10.5, 10, 11 ], "texture": "#twisting_vines" },
				"south": { "uv": [ 10, 11, 9.5, 10.5 ], "texture": "#twisting_vines", "rotation": 180 },
				"west": { "uv": [ 9.5, 10.5, 10, 11 ], "texture": "#twisting_vines" },
				"east": { "uv": [ 10, 10.5, 9.5, 11 ], "texture": "#twisting_vines" }
			}
		},
		{
			"__comment": "Box44",
			"from": [ 7.9984, 2.75, 9.5 ],
			"to": [ 7.9999, 3.5, 11.75 ],
			"faces": {
				"down": { "uv": [ 10, 13.5, 11.5, 14 ], "texture": "#twisting_vines", "rotation": 270 },
				"up": { "uv": [ 10, 14, 11.5, 13.5 ], "texture": "#twisting_vines", "rotation": 90 },
				"north": { "uv": [ 10, 13.5, 10.5, 14 ], "texture": "#twisting_vines" },
				"south": { "uv": [ 11.5, 14, 11, 13.5 ], "texture": "#twisting_vines", "rotation": 180 },
				"west": { "uv": [ 10, 13.5, 11.5, 14 ], "texture": "#twisting_vines" },
				"east": { "uv": [ 11.5, 13.5, 10, 14 ], "texture": "#twisting_vines" }
			}
		},
		{
			"__comment": "Box45",
			"from": [ 7.9984, 2, 10.25 ],
			"to": [ 7.9999, 8, 11 ],
			"faces": {
				"down": { "uv": [ 10.5, 14, 11, 14.5 ], "texture": "#twisting_vines", "rotation": 270 },
				"up": { "uv": [ 10.5, 11, 11, 10.5 ], "texture": "#twisting_vines", "rotation": 90 },
				"north": { "uv": [ 10.5, 10.5, 11, 14.5 ], "texture": "#twisting_vines" },
				"south": { "uv": [ 11, 14.5, 10.5, 10.5 ], "texture": "#twisting_vines", "rotation": 180 },
				"west": { "uv": [ 10.5, 10.5, 11, 14.5 ], "texture": "#twisting_vines" },
				"east": { "uv": [ 11, 10.5, 10.5, 14.5 ], "texture": "#twisting_vines" }
			}
		},
		{
			"__comment": "Box46",
			"from": [ 7.9984, 1.25, 11 ],
			"to": [ 7.9999, 2, 11.75 ],
			"faces": {
				"down": { "uv": [ 11, 14.5, 11.5, 15 ], "texture": "#twisting_vines", "rotation": 270 },
				"up": { "uv": [ 11, 15, 11.5, 14.5 ], "texture": "#twisting_vines", "rotation": 90 },
				"north": { "uv": [ 11, 14.5, 11.5, 15 ], "texture": "#twisting_vines" },
				"south": { "uv": [ 11.5, 15, 11, 14.5 ], "texture": "#twisting_vines", "rotation": 180 },
				"west": { "uv": [ 11, 14.5, 11.5, 15 ], "texture": "#twisting_vines" },
				"east": { "uv": [ 11.5, 14.5, 11, 15 ], "texture": "#twisting_vines" }
			}
		},
		{
			"__comment": "Box47",
			"from": [ 7.9983, 7.25, 11.7501 ],
			"to": [ 7.9998, 8, 12.5001 ],
			"faces": {
				"down": { "uv": [ 11.5, 10.5, 12, 11 ], "texture": "#twisting_vines", "rotation": 270 },
				"up": { "uv": [ 11.5, 11, 12, 10.5 ], "texture": "#twisting_vines", "rotation": 90 },
				"north": { "uv": [ 11.5, 10.5, 12, 11 ], "texture": "#twisting_vines" },
				"south": { "uv": [ 12, 11, 11.5, 10.5 ], "texture": "#twisting_vines", "rotation": 180 },
				"west": { "uv": [ 11.5, 10.5, 12, 11 ], "texture": "#twisting_vines" },
				"east": { "uv": [ 12, 10.5, 11.5, 11 ], "texture": "#twisting_vines" }
			}
		},
		{
			"__comment": "Box48",
			"from": [ 7.9983, 2.75, 12.5001 ],
			"to": [ 7.9998, 4.25, 14.0001 ],
			"faces": {
				"down": { "uv": [ 12, 13.5, 13, 14 ], "texture": "#twisting_vines", "rotation": 270 },
				"up": { "uv": [ 12, 13.5, 13, 13 ], "texture": "#twisting_vines", "rotation": 90 },
				"north": { "uv": [ 12, 13, 12.5, 14 ], "texture": "#twisting_vines" },
				"south": { "uv": [ 13, 14, 12.5, 13 ], "texture": "#twisting_vines", "rotation": 180 },
				"west": { "uv": [ 12, 13, 13, 14 ], "texture": "#twisting_vines" },
				"east": { "uv": [ 13, 13, 12, 14 ], "texture": "#twisting_vines" }
			}
		},
		{
			"__comment": "Box49",
			"from": [ 7.9983, 2, 12.5001 ],
			"to": [ 7.9998, 2.75, 13.2501 ],
			"faces": {
				"down": { "uv": [ 12, 14, 12.5, 14.5 ], "texture": "#twisting_vines", "rotation": 270 },
				"up": { "uv": [ 12, 14.5, 12.5, 14 ], "texture": "#twisting_vines", "rotation": 90 },
				"north": { "uv": [ 12, 14, 12.5, 14.5 ], "texture": "#twisting_vines" },
				"south": { "uv": [ 12.5, 14.5, 12, 14 ], "texture": "#twisting_vines", "rotation": 180 },
				"west": { "uv": [ 12, 14, 12.5, 14.5 ], "texture": "#twisting_vines" },
				"east": { "uv": [ 12.5, 14, 12, 14.5 ], "texture": "#twisting_vines" }
			}
		}
	]
}