{
	"__comment": "Designed by DevastMc",
	"textures": {
		"tool_cupboard": "blocks/tool_cupboard"
	},
	"elements": [ 	 
		{
			"__comment": "Voxels",
			"from": [ -1.5484, 1.5484, 2.0645 ],
			"to": [ 17.54837, 28.38711, 14.4516 ],
			"faces": {
				"down": { "uv": [ 0, 0.5, 2.3125, 2 ], "texture": "#tool_cupboard" },
				"up": { "uv": [ 4.5, 12.75, 6.8125, 11.25 ], "texture": "#tool_cupboard" },
				"north": { "uv": [ 4.625, 12.75, 2.3125, 16 ], "texture": "#tool_cupboard" },
				"south": { "uv": [ 4.625, 12.75, 6.9375, 16 ], "texture": "#tool_cupboard" },
				"west": { "uv": [ 11.5625, 12.75, 13.0625, 16 ], "texture": "#tool_cupboard" },
				"east": { "uv": [ 14.5625, 12.75, 13.0625, 16 ], "texture": "#tool_cupboard" }
			}
		},
		{
			"__comment": "Voxels",
			"from": [ -1.5484, 2.0645, 1.5484 ],
			"to": [ 17.54837, 19.61288, 2.064529 ],
			"faces": {
				"down": { "uv": [ 8.6875, 12.625, 11, 12.6875 ], "texture": "#tool_cupboard" },
				"up": { "uv": [ 8.6875, 12.75, 11, 12.6875 ], "texture": "#tool_cupboard" },
				"north": { "uv": [ 9.25, 13.875, 6.9375, 16 ], "texture": "#tool_cupboard" },
				"west": { "uv": [ 4.5, 2.875, 4.5625, 5 ], "texture": "#tool_cupboard" },
				"east": { "uv": [ 4.625, 2.875, 4.5625, 5 ], "texture": "#tool_cupboard" }
			}
		},
		{
			"__comment": "Voxels",
			"from": [ -1.5484, 2.0645, 14.4516 ],
			"to": [ 17.54837, 30.96772, 14.96773 ],
			"faces": {
				"down": { "uv": [ 8.6875, 12.5625, 11, 12.625 ], "texture": "#tool_cupboard" },
				"up": { "uv": [ 8.6875, 12.5625, 11, 12.5 ], "texture": "#tool_cupboard" },
				"north": { "uv": [ 2.3125, 12.5, 0, 16 ], "texture": "#tool_cupboard" },
				"south": { "uv": [ 0, 9, 2.3125, 12.5 ], "texture": "#tool_cupboard" },
				"west": { "uv": [ 2.1875, 5.5, 2.25, 9 ], "texture": "#tool_cupboard" },
				"east": { "uv": [ 2.3125, 5.5, 2.25, 9 ], "texture": "#tool_cupboard" }
			}
		},
		{
			"__comment": "Voxels",
			"from": [ -1.5484, 19.6129, 1.5484 ],
			"to": [ 1.548374, 30.96774, 2.064529 ],
			"faces": {
				"up": { "uv": [ 7.3125, 12.8125, 7.6875, 12.75 ], "texture": "#tool_cupboard" },
				"north": { "uv": [ 14.9375, 14.625, 14.5625, 16 ], "texture": "#tool_cupboard" },
				"south": { "uv": [ 14.9375, 14.625, 15.3125, 16 ], "texture": "#tool_cupboard" },
				"west": { "uv": [ 4.3125, 2.5, 4.375, 3.875 ], "texture": "#tool_cupboard" },
				"east": { "uv": [ 4.5, 4, 4.4375, 5.375 ], "texture": "#tool_cupboard" }
			}
		},
		{
			"__comment": "Voxels",
			"from": [ -1.5484, 28.3871, 2.0645 ],
			"to": [ 14.96773, 30.96774, 14.4516 ],
			"faces": {
				"up": { "uv": [ 2.3125, 3.875, 4.3125, 2.375 ], "texture": "#tool_cupboard" },
				"north": { "uv": [ 2, 0.1875, 0, 0.5 ], "texture": "#tool_cupboard" },
				"west": { "uv": [ 6.9375, 12.8125, 8.4375, 13.125 ], "texture": "#tool_cupboard" },
				"east": { "uv": [ 10.75, 12.8125, 9.25, 13.125 ], "texture": "#tool_cupboard" }
			}
		},
		{
			"__comment": "Voxels",
			"from": [ -1.0323, 0, 1.5484 ],
			"to": [ 17.03222, 2.064516, 2.064529 ],
			"faces": {
				"down": { "uv": [ 8.6875, 12.375, 10.875, 12.4375 ], "texture": "#tool_cupboard" },
				"north": { "uv": [ 4.5, 1.8125, 2.3125, 2.0625 ], "texture": "#tool_cupboard" },
				"south": { "uv": [ 2.3125, 1.5625, 4.5, 1.8125 ], "texture": "#tool_cupboard" },
				"west": { "uv": [ 9.1875, 13.3125, 9.25, 13.5625 ], "texture": "#tool_cupboard" },
				"east": { "uv": [ 9.25, 12.75, 9.1875, 13 ], "texture": "#tool_cupboard" }
			}
		},
		{
			"__comment": "Voxels",
			"from": [ -1.0323, 0, 2.0645 ],
			"to": [ 17.03222, 1.548387, 14.96772 ],
			"faces": {
				"down": { "uv": [ 2.3125, 6.9375, 4.5, 8.5 ], "texture": "#tool_cupboard" },
				"up": { "uv": [ 2.3125, 6.9375, 4.5, 5.375 ], "texture": "#tool_cupboard" },
				"south": { "uv": [ 2.3125, 1.375, 4.5, 1.5625 ], "texture": "#tool_cupboard" },
				"west": { "uv": [ 2.3125, 0.125, 3.875, 0.3125 ], "texture": "#tool_cupboard" },
				"east": { "uv": [ 3.875, 0.3125, 2.3125, 0.5 ], "texture": "#tool_cupboard" }
			}
		},
		{
			"__comment": "Voxels",
			"from": [ -1.0323, 1.5484, 14.4516 ],
			"to": [ 17.03222, 2.064529, 14.96773 ],
			"faces": {
				"south": { "uv": [ 8.6875, 12, 10.875, 12.0625 ], "texture": "#tool_cupboard" },
				"west": { "uv": [ 11.5, 13.25, 11.5625, 13.3125 ], "texture": "#tool_cupboard" },
				"east": { "uv": [ 11.5625, 13.5, 11.5, 13.5625 ], "texture": "#tool_cupboard" }
			}
		},
		{
			"__comment": "Voxels",
			"from": [ -1.0323, 2.0645, 1.0323 ],
			"to": [ 17.03222, 19.61288, 1.548429 ],
			"faces": {
				"down": { "uv": [ 8.6875, 11.9375, 10.875, 12 ], "texture": "#tool_cupboard" },
				"up": { "uv": [ 8.6875, 11.9375, 10.875, 11.875 ], "texture": "#tool_cupboard" },
				"north": { "uv": [ 4.5, 10.625, 2.3125, 12.75 ], "texture": "#tool_cupboard" },
				"west": { "uv": [ 4.6875, 2.875, 4.75, 5 ], "texture": "#tool_cupboard" },
				"east": { "uv": [ 4.6875, 2.875, 4.625, 5 ], "texture": "#tool_cupboard" }
			}
		},
		{
			"__comment": "Voxels",
			"from": [ -1.0323, 2.0645, 14.9677 ],
			"to": [ 17.03222, 30.96772, 15.48383 ],
			"faces": {
				"down": { "uv": [ 8.6875, 12.1875, 10.875, 12.25 ], "texture": "#tool_cupboard" },
				"up": { "uv": [ 8.6875, 12.1875, 10.875, 12.125 ], "texture": "#tool_cupboard" },
				"south": { "uv": [ 0, 2, 2.1875, 5.5 ], "texture": "#tool_cupboard" },
				"west": { "uv": [ 2.1875, 2, 2.25, 5.5 ], "texture": "#tool_cupboard" },
				"east": { "uv": [ 2.3125, 2, 2.25, 5.5 ], "texture": "#tool_cupboard" }
			}
		},
		{
			"__comment": "Voxels",
			"from": [ -1.0323, 19.6129, 1.0323 ],
			"to": [ 1.548345, 30.96774, 1.548429 ],
			"faces": {
				"up": { "uv": [ 10.1875, 12.8125, 10.5, 12.75 ], "texture": "#tool_cupboard" },
				"north": { "uv": [ 15.9375, 14.625, 15.625, 16 ], "texture": "#tool_cupboard" },
				"west": { "uv": [ 4.375, 2.5, 4.4375, 3.875 ], "texture": "#tool_cupboard" },
				"east": { "uv": [ 16, 14.625, 15.9375, 16 ], "texture": "#tool_cupboard" }
			}
		},
		{
			"__comment": "Voxels",
			"from": [ 1.5484, 20.129, 1.0323 ],
			"to": [ 17.03227, 26.32255, 2.064558 ],
			"faces": {
				"down": { "uv": [ 6.8125, 12.625, 8.6875, 12.75 ], "texture": "#tool_cupboard" },
				"up": { "uv": [ 6.8125, 12.625, 8.6875, 12.5 ], "texture": "#tool_cupboard" },
				"north": { "uv": [ 11.125, 13.125, 9.25, 13.875 ], "texture": "#tool_cupboard" },
				"west": { "uv": [ 11.25, 13.125, 11.375, 13.875 ], "texture": "#tool_cupboard" },
				"east": { "uv": [ 11.25, 13.125, 11.125, 13.875 ], "texture": "#tool_cupboard" }
			}
		},
		{
			"__comment": "Voxels",
			"from": [ 1.5484, 26.3226, 1.0323 ],
			"to": [ 3.612916, 30.96776, 2.064558 ],
			"faces": {
				"up": { "uv": [ 1.625, 0.1875, 1.875, 0.0625 ], "texture": "#tool_cupboard" },
				"north": { "uv": [ 9.0625, 13.3125, 8.8125, 13.875 ], "texture": "#tool_cupboard" },
				"south": { "uv": [ 8.8125, 12.75, 9.0625, 13.3125 ], "texture": "#tool_cupboard" },
				"west": { "uv": [ 9.0625, 13.3125, 9.1875, 13.875 ], "texture": "#tool_cupboard" },
				"east": { "uv": [ 9.1875, 12.75, 9.0625, 13.3125 ], "texture": "#tool_cupboard" }
			}
		},
		{
			"__comment": "Voxels",
			"from": [ 2.0645, 19.6129, 1.0323 ],
			"to": [ 17.03224, 20.12903, 2.064558 ],
			"faces": {
				"down": { "uv": [ 6.8125, 12.375, 8.625, 12.5 ], "texture": "#tool_cupboard" },
				"north": { "uv": [ 8.625, 11.75, 6.8125, 11.8125 ], "texture": "#tool_cupboard" },
				"west": { "uv": [ 11.375, 13.1875, 11.5, 13.25 ], "texture": "#tool_cupboard" },
				"east": { "uv": [ 11.5, 13.125, 11.375, 13.1875 ], "texture": "#tool_cupboard" }
			}
		},
		{
			"__comment": "Voxels",
			"from": [ 3.6129, 26.8387, 1.0323 ],
			"to": [ 17.03226, 28.38709, 2.064558 ],
			"faces": {
				"down": { "uv": [ 2.3125, 0, 3.9375, 0.125 ], "texture": "#tool_cupboard" },
				"up": { "uv": [ 6.8125, 12.25, 8.4375, 12.125 ], "texture": "#tool_cupboard" },
				"north": { "uv": [ 1.625, 0, 0, 0.1875 ], "texture": "#tool_cupboard" },
				"east": { "uv": [ 2, 0, 1.875, 0.1875 ], "texture": "#tool_cupboard" }
			}
		},
		{
			"__comment": "Voxels",
			"from": [ 3.6129, 28.3871, 1.0323 ],
			"to": [ 14.96774, 30.96774, 2.064558 ],
			"faces": {
				"up": { "uv": [ 14.5625, 13.25, 15.9375, 13.125 ], "texture": "#tool_cupboard" },
				"north": { "uv": [ 15.9375, 13.375, 14.5625, 13.6875 ], "texture": "#tool_cupboard" },
				"east": { "uv": [ 11.5, 13.5625, 11.375, 13.875 ], "texture": "#tool_cupboard" }
			}
		},
		{
			"__comment": "Voxels",
			"from": [ 4.129, 26.3226, 1.0323 ],
			"to": [ 17.03222, 26.83873, 2.064558 ],
			"faces": {
				"north": { "uv": [ 8.375, 11.6875, 6.8125, 11.75 ], "texture": "#tool_cupboard" },
				"west": { "uv": [ 11.125, 12.8125, 11.25, 12.875 ], "texture": "#tool_cupboard" },
				"east": { "uv": [ 10.875, 12.8125, 10.75, 12.875 ], "texture": "#tool_cupboard" }
			}
		},
		{
			"__comment": "Voxels",
			"from": [ 6.7097, 15.4839, 0.5161 ],
			"to": [ 7.741958, 16.00003, 1.032229 ],
			"faces": {
				"down": { "uv": [ 10.875, 12.75, 11, 12.8125 ], "texture": "#tool_cupboard" },
				"up": { "uv": [ 11, 12.875, 11.125, 12.8125 ], "texture": "#tool_cupboard" },
				"north": { "uv": [ 8.4375, 12.75, 8.3125, 12.8125 ], "texture": "#tool_cupboard" },
				"west": { "uv": [ 1.8125, 0, 1.875, 0.0625 ], "texture": "#tool_cupboard" },
				"east": { "uv": [ 2.3125, 0.125, 2.25, 0.1875 ], "texture": "#tool_cupboard" }
			}
		},
		{
			"__comment": "Voxels",
			"from": [ 6.7097, 16, 0.5161 ],
			"to": [ 7.225829, 16.51613, 1.032229 ],
			"faces": {
				"up": { "uv": [ 8.75, 12.8125, 8.8125, 12.75 ], "texture": "#tool_cupboard" },
				"north": { "uv": [ 10.75, 12.75, 10.6875, 12.8125 ], "texture": "#tool_cupboard" },
				"west": { "uv": [ 11.375, 13, 11.4375, 13.0625 ], "texture": "#tool_cupboard" },
				"east": { "uv": [ 11.5625, 13.0625, 11.5, 13.125 ], "texture": "#tool_cupboard" }
			}
		},
		{
			"__comment": "Voxels",
			"from": [ 7.7419, 1.5484, 14.9677 ],
			"to": [ 8.258029, 2.064529, 15.48383 ],
			"faces": {
				"down": { "uv": [ 11.375, 13.0625, 11.4375, 13.125 ], "texture": "#tool_cupboard" },
				"south": { "uv": [ 11.5, 13, 11.5625, 13.0625 ], "texture": "#tool_cupboard" },
				"west": { "uv": [ 11.5, 13.125, 11.5625, 13.1875 ], "texture": "#tool_cupboard" },
				"east": { "uv": [ 11.5625, 13.1875, 11.5, 13.25 ], "texture": "#tool_cupboard" }
			}
		},
		{
			"__comment": "Voxels",
			"from": [ 8.2581, 15.4839, 0.5161 ],
			"to": [ 9.290358, 16.00003, 1.032229 ],
			"faces": {
				"down": { "uv": [ 10.875, 12.8125, 11, 12.875 ], "texture": "#tool_cupboard" },
				"up": { "uv": [ 11, 12.8125, 11.125, 12.75 ], "texture": "#tool_cupboard" },
				"north": { "uv": [ 10.875, 12.75, 10.75, 12.8125 ], "texture": "#tool_cupboard" },
				"west": { "uv": [ 11.5, 13.3125, 11.5625, 13.375 ], "texture": "#tool_cupboard" },
				"east": { "uv": [ 11.5625, 13.375, 11.5, 13.4375 ], "texture": "#tool_cupboard" }
			}
		},
		{
			"__comment": "Voxels",
			"from": [ 10.8387, 1.5484, 14.9677 ],
			"to": [ 13.41934, 2.064529, 15.48383 ],
			"faces": {
				"down": { "uv": [ 2, 0, 2.3125, 0.0625 ], "texture": "#tool_cupboard" },
				"south": { "uv": [ 8.4375, 12.75, 8.75, 12.8125 ], "texture": "#tool_cupboard" },
				"west": { "uv": [ 11.5, 13.4375, 11.5625, 13.5 ], "texture": "#tool_cupboard" },
				"east": { "uv": [ 11.3125, 12.8125, 11.25, 12.875 ], "texture": "#tool_cupboard" }
			}
		},
		{
			"__comment": "Voxels",
			"from": [ 14.9677, 28.3871, 13.9355 ],
			"to": [ 17.54835, 30.96774, 14.45163 ],
			"faces": {
				"up": { "uv": [ 9.875, 12.8125, 10.1875, 12.75 ], "texture": "#tool_cupboard" },
				"north": { "uv": [ 2.3125, 0.1875, 2, 0.5 ], "texture": "#tool_cupboard" },
				"east": { "uv": [ 11.5625, 13.5625, 11.5, 13.875 ], "texture": "#tool_cupboard" }
			}
		},
		{
			"__comment": "Voxels",
			"from": [ 14.9677, 28.9032, 1.0323 ],
			"to": [ 17.03222, 30.96772, 13.93552 ],
			"faces": {
				"down": { "uv": [ 4.5, 8.125, 4.75, 9.6875 ], "texture": "#tool_cupboard" },
				"up": { "uv": [ 4.5, 11.25, 4.75, 9.6875 ], "texture": "#tool_cupboard" },
				"north": { "uv": [ 11, 12.875, 10.75, 13.125 ], "texture": "#tool_cupboard" },
				"west": { "uv": [ 2.3125, 0.6875, 3.875, 0.9375 ], "texture": "#tool_cupboard" },
				"east": { "uv": [ 3.875, 0.9375, 2.3125, 1.1875 ], "texture": "#tool_cupboard" }
			}
		},
		{
			"__comment": "Voxels",
			"from": [ 15.4839, 28.3871, 1.0323 ],
			"to": [ 17.03229, 28.90323, 13.93552 ],
			"faces": {
				"down": { "uv": [ 4.5, 5, 4.6875, 6.5625 ], "texture": "#tool_cupboard" },
				"north": { "uv": [ 1.8125, 0, 1.625, 0.0625 ], "texture": "#tool_cupboard" },
				"west": { "uv": [ 6.8125, 11.5625, 8.375, 11.625 ], "texture": "#tool_cupboard" },
				"east": { "uv": [ 8.375, 11.5, 6.8125, 11.5625 ], "texture": "#tool_cupboard" }
			}
		},
		{
			"__comment": "Voxels",
			"from": [ 17.0323, 19.6129, 1.5484 ],
			"to": [ 17.54843, 30.96774, 2.064529 ],
			"faces": {
				"up": { "uv": [ 11.4375, 13.0625, 11.5, 13 ], "texture": "#tool_cupboard" },
				"north": { "uv": [ 4.5, 2.5, 4.4375, 3.875 ], "texture": "#tool_cupboard" },
				"south": { "uv": [ 11, 11.375, 11.0625, 12.75 ], "texture": "#tool_cupboard" },
				"west": { "uv": [ 11.0625, 11.375, 11.125, 12.75 ], "texture": "#tool_cupboard" },
				"east": { "uv": [ 11.1875, 11.375, 11.125, 12.75 ], "texture": "#tool_cupboard" }
			}
		},
		{
			"__comment": "Voxels",
			"from": [ 17.0323, 28.3871, 2.0645 ],
			"to": [ 17.54843, 30.96774, 13.93547 ],
			"faces": {
				"up": { "uv": [ 4.375, 5.375, 4.4375, 3.9375 ], "texture": "#tool_cupboard" },
				"west": { "uv": [ 14.5625, 14, 16, 14.3125 ], "texture": "#tool_cupboard" },
				"east": { "uv": [ 16, 14.3125, 14.5625, 14.625 ], "texture": "#tool_cupboard" }
			}
		}
	],
	"display": {
		"thirdperson_righthand": {
			"scale":  [ 0.2, 0.2, 0.2 ]
		},
		"firstperson_righthand": {
			"scale":  [ 0.2, 0.2, 0.2 ]
		},
		"gui": {
			"rotation":  [ 30, -128, 0 ],
			"translation":  [ 0, -2.782, 0 ],
			"scale":  [ 0.5, 0.5, 0.5 ]
		},
		"head": {
			"translation":  [ 0, -34.77, 0 ],
			"scale":  [ 1.3, 1.6, 1.5 ]
		},
		"ground": {
			"translation":  [ 0, 4.8695, 0 ],
			"scale":  [ 0.2, 0.2, 0.2 ]
		}
	}
}