{
	"__comment": "Designed by DevastMc",
	"textures": {
		"toolbox": "blocks/toolbox"
	},
	"elements": [ 	 
		{
			"__comment": "Voxels",
			"from": [ 0.5, 6, 6.5 ],
			"to": [ 14, 6.5, 7 ],
			"faces": {
				"down": { "uv": [ 6.375, 7.125, 9.75, 7.25 ], "texture": "#toolbox" },
				"up": { "uv": [ 9.75, 7.25, 13.125, 7.125 ], "texture": "#toolbox" },
				"north": { "uv": [ 9.75, 7, 6.375, 7.125 ], "texture": "#toolbox" },
				"south": { "uv": [ 9.75, 7, 13.125, 7.125 ], "texture": "#toolbox" },
				"west": { "uv": [ 14.75, 10.375, 14.875, 10.5 ], "texture": "#toolbox" },
				"east": { "uv": [ 3.125, 4.5, 3, 4.625 ], "texture": "#toolbox" }
			}
		},
		{
			"__comment": "Voxels",
			"from": [ 0.5, 6, 9 ],
			"to": [ 14, 6.5, 9.5 ],
			"faces": {
				"down": { "uv": [ 6.375, 11.25, 9.75, 11.375 ], "texture": "#toolbox" },
				"up": { "uv": [ 9.75, 11.375, 13.125, 11.25 ], "texture": "#toolbox" },
				"north": { "uv": [ 9.75, 7.375, 6.375, 7.5 ], "texture": "#toolbox" },
				"south": { "uv": [ 9.75, 7.375, 13.125, 7.5 ], "texture": "#toolbox" },
				"west": { "uv": [ 14.875, 12.375, 15, 12.5 ], "texture": "#toolbox" },
				"east": { "uv": [ 3.75, 4.25, 3.625, 4.375 ], "texture": "#toolbox" }
			}
		},
		{
			"__comment": "Voxels",
			"from": [ 0.5, 6.5, 7.5 ],
			"to": [ 14, 7, 9 ],
			"faces": {
				"down": { "uv": [ 9.75, 7.5, 13.125, 7.875 ], "texture": "#toolbox" },
				"up": { "uv": [ 6.375, 7.875, 9.75, 7.5 ], "texture": "#toolbox" },
				"north": { "uv": [ 13.125, 7.25, 9.75, 7.375 ], "texture": "#toolbox" },
				"south": { "uv": [ 6.375, 7.25, 9.75, 7.375 ], "texture": "#toolbox" },
				"west": { "uv": [ 2.75, 1.375, 3.125, 1.5 ], "texture": "#toolbox" },
				"east": { "uv": [ 16, 12.5, 15.625, 12.625 ], "texture": "#toolbox" }
			}
		},
		{
			"__comment": "Voxels",
			"from": [ 1, 0, 4 ],
			"to": [ 14, 1.5, 11.5 ],
			"faces": {
				"down": { "uv": [ 6.5, 14.125, 9.75, 16 ], "texture": "#toolbox" },
				"up": { "uv": [ 9.75, 16, 13, 14.125 ], "texture": "#toolbox" },
				"north": { "uv": [ 6.375, 6.75, 3.125, 7.125 ], "texture": "#toolbox" },
				"south": { "uv": [ 3.125, 7.125, 6.375, 7.5 ], "texture": "#toolbox" },
				"west": { "uv": [ 0, 0.875, 1.875, 1.25 ], "texture": "#toolbox" },
				"east": { "uv": [ 1.875, 1.25, 0, 1.625 ], "texture": "#toolbox" }
			}
		},
		{
			"__comment": "Voxels",
			"from": [ 1, 0.5, 11.5 ],
			"to": [ 14, 10, 12 ],
			"faces": {
				"down": { "uv": [ 3.125, 4.125, 6.375, 4.25 ], "texture": "#toolbox" },
				"up": { "uv": [ 9.875, 12.5, 13.125, 12.375 ], "texture": "#toolbox" },
				"north": { "uv": [ 3.25, 13.625, 0, 16 ], "texture": "#toolbox" },
				"south": { "uv": [ 3.25, 13.625, 6.5, 16 ], "texture": "#toolbox" },
				"west": { "uv": [ 3.125, 0, 3.25, 2.375 ], "texture": "#toolbox" },
				"east": { "uv": [ 3.375, 0, 3.25, 2.375 ], "texture": "#toolbox" }
			}
		},
		{
			"__comment": "Voxels",
			"from": [ 1, 1.5, 4 ],
			"to": [ 5, 3, 11.5 ],
			"faces": {
				"up": { "uv": [ 1, 6.375, 2, 4.5 ], "texture": "#toolbox" },
				"north": { "uv": [ 2.875, 1.625, 1.875, 2 ], "texture": "#toolbox" },
				"west": { "uv": [ 0, 2, 1.875, 2.375 ], "texture": "#toolbox" },
				"east": { "uv": [ 1.875, 1.625, 0, 2 ], "texture": "#toolbox" }
			}
		},
		{
			"__comment": "Voxels",
			"from": [ 1, 3, 4 ],
			"to": [ 2, 10, 6.5 ],
			"faces": {
				"up": { "uv": [ 15.375, 14.25, 15.625, 13.625 ], "texture": "#toolbox" },
				"north": { "uv": [ 3.375, 4.25, 3.125, 6 ], "texture": "#toolbox" },
				"south": { "uv": [ 3.375, 4.25, 3.625, 6 ], "texture": "#toolbox" },
				"west": { "uv": [ 2.375, 8.375, 3, 10.125 ], "texture": "#toolbox" },
				"east": { "uv": [ 16, 14.25, 15.375, 16 ], "texture": "#toolbox" }
			}
		},
		{
			"__comment": "Voxels",
			"from": [ 1, 3, 6.5 ],
			"to": [ 14.5, 6, 11.5 ],
			"faces": {
				"down": { "uv": [ 6.5, 12.375, 9.875, 13.625 ], "texture": "#toolbox" },
				"up": { "uv": [ 3.125, 13.625, 6.5, 12.375 ], "texture": "#toolbox" },
				"north": { "uv": [ 13.125, 8.75, 9.75, 9.5 ], "texture": "#toolbox" },
				"south": { "uv": [ 6.375, 8.75, 9.75, 9.5 ], "texture": "#toolbox" },
				"west": { "uv": [ 0, 2.75, 1.25, 3.5 ], "texture": "#toolbox" },
				"east": { "uv": [ 2.5, 2.75, 1.25, 3.5 ], "texture": "#toolbox" }
			}
		},
		{
			"__comment": "Voxels",
			"from": [ 1, 6, 7 ],
			"to": [ 14, 10.5, 7.5 ],
			"faces": {
				"up": { "uv": [ 3.125, 3.5, 6.375, 3.375 ], "texture": "#toolbox" },
				"north": { "uv": [ 13.125, 12.5, 9.875, 13.625 ], "texture": "#toolbox" },
				"south": { "uv": [ 3.125, 11.25, 6.375, 12.375 ], "texture": "#toolbox" },
				"west": { "uv": [ 15.25, 12.5, 15.375, 13.625 ], "texture": "#toolbox" },
				"east": { "uv": [ 15.5, 12.5, 15.375, 13.625 ], "texture": "#toolbox" }
			}
		},
		{
			"__comment": "Voxels",
			"from": [ 1, 6, 7.5 ],
			"to": [ 14, 6.5, 9 ],
			"faces": {
				"west": { "uv": [ 14.5, 12.375, 14.875, 12.5 ], "texture": "#toolbox" },
				"east": { "uv": [ 14.875, 12.75, 14.5, 12.875 ], "texture": "#toolbox" }
			}
		},
		{
			"__comment": "Voxels",
			"from": [ 1, 6, 9.5 ],
			"to": [ 14.5, 10, 11.5 ],
			"faces": {
				"up": { "uv": [ 6.375, 8.75, 9.75, 8.25 ], "texture": "#toolbox" },
				"north": { "uv": [ 13.125, 11.375, 9.75, 12.375 ], "texture": "#toolbox" },
				"south": { "uv": [ 6.375, 11.375, 9.75, 12.375 ], "texture": "#toolbox" },
				"west": { "uv": [ 2.375, 0.25, 2.875, 1.25 ], "texture": "#toolbox" },
				"east": { "uv": [ 2.375, 0.25, 1.875, 1.25 ], "texture": "#toolbox" }
			}
		},
		{
			"__comment": "Voxels",
			"from": [ 1, 6.5, 6.5 ],
			"to": [ 14, 10.5, 7 ],
			"faces": {
				"up": { "uv": [ 3.125, 2.875, 6.375, 2.75 ], "texture": "#toolbox" },
				"north": { "uv": [ 12.875, 10.25, 9.625, 11.25 ], "texture": "#toolbox" },
				"west": { "uv": [ 3, 6.375, 3.125, 7.375 ], "texture": "#toolbox" },
				"east": { "uv": [ 15.625, 12.625, 15.5, 13.625 ], "texture": "#toolbox" }
			}
		},
		{
			"__comment": "Voxels",
			"from": [ 1, 6.5, 9 ],
			"to": [ 14, 10.5, 9.5 ],
			"faces": {
				"up": { "uv": [ 3.125, 2.5, 6.375, 2.375 ], "texture": "#toolbox" },
				"north": { "uv": [ 9.625, 10.25, 6.375, 11.25 ], "texture": "#toolbox" },
				"south": { "uv": [ 3.125, 10.25, 6.375, 11.25 ], "texture": "#toolbox" },
				"west": { "uv": [ 15.625, 12.625, 15.75, 13.625 ], "texture": "#toolbox" },
				"east": { "uv": [ 15.875, 12.625, 15.75, 13.625 ], "texture": "#toolbox" }
			}
		},
		{
			"__comment": "Voxels",
			"from": [ 1, 7, 7.5 ],
			"to": [ 14.5, 10, 9 ],
			"faces": {
				"down": { "uv": [ 6.375, 7.875, 9.75, 8.25 ], "texture": "#toolbox" },
				"up": { "uv": [ 9.75, 8.25, 13.125, 7.875 ], "texture": "#toolbox" },
				"north": { "uv": [ 13.125, 9.5, 9.75, 10.25 ], "texture": "#toolbox" },
				"south": { "uv": [ 6.375, 9.5, 9.75, 10.25 ], "texture": "#toolbox" },
				"west": { "uv": [ 2.5, 2.75, 2.875, 3.5 ], "texture": "#toolbox" },
				"east": { "uv": [ 15.25, 12.875, 14.875, 13.625 ], "texture": "#toolbox" }
			}
		},
		{
			"__comment": "Voxels",
			"from": [ 1, 10, 4.5 ],
			"to": [ 14, 10.5, 6.5 ],
			"faces": {
				"down": { "uv": [ 9.75, 13.625, 13, 14.125 ], "texture": "#toolbox" },
				"up": { "uv": [ 6.5, 14.125, 9.75, 13.625 ], "texture": "#toolbox" },
				"north": { "uv": [ 6.375, 3.25, 3.125, 3.375 ], "texture": "#toolbox" },
				"west": { "uv": [ 2.375, 0.125, 2.875, 0.25 ], "texture": "#toolbox" },
				"east": { "uv": [ 1.875, 0, 1.375, 0.125 ], "texture": "#toolbox" }
			}
		},
		{
			"__comment": "Voxels",
			"from": [ 1, 10, 7.5 ],
			"to": [ 14, 10.5, 9 ],
			"faces": {
				"up": { "uv": [ 3.125, 6.375, 6.375, 6 ], "texture": "#toolbox" },
				"west": { "uv": [ 14.5, 12.625, 14.875, 12.75 ], "texture": "#toolbox" },
				"east": { "uv": [ 14.875, 12.5, 14.5, 12.625 ], "texture": "#toolbox" }
			}
		},
		{
			"__comment": "Voxels",
			"from": [ 1, 10, 9.5 ],
			"to": [ 14, 10.5, 11.5 ],
			"faces": {
				"up": { "uv": [ 3.125, 8.75, 6.375, 8.25 ], "texture": "#toolbox" },
				"south": { "uv": [ 3.125, 3.875, 6.375, 4 ], "texture": "#toolbox" },
				"west": { "uv": [ 2, 4.5, 2.5, 4.625 ], "texture": "#toolbox" },
				"east": { "uv": [ 2.375, 0.125, 1.875, 0.25 ], "texture": "#toolbox" }
			}
		},
		{
			"__comment": "Voxels",
			"from": [ 1.5, 0, 11.5 ],
			"to": [ 14, 0.5, 12 ],
			"faces": {
				"down": { "uv": [ 12.875, 11.125, 16, 11.25 ], "texture": "#toolbox" },
				"south": { "uv": [ 12.875, 10.75, 16, 10.875 ], "texture": "#toolbox" },
				"west": { "uv": [ 3.875, 4.375, 4, 4.5 ], "texture": "#toolbox" },
				"east": { "uv": [ 16, 12.375, 15.875, 12.5 ], "texture": "#toolbox" }
			}
		},
		{
			"__comment": "Voxels",
			"from": [ 2, 3, 4.5 ],
			"to": [ 14.5, 10, 6.5 ],
			"faces": {
				"down": { "uv": [ 0, 4, 3.125, 4.5 ], "texture": "#toolbox" },
				"up": { "uv": [ 0, 4, 3.125, 3.5 ], "texture": "#toolbox" },
				"north": { "uv": [ 3.125, 10.125, 0, 11.875 ], "texture": "#toolbox" },
				"south": { "uv": [ 0, 11.875, 3.125, 13.625 ], "texture": "#toolbox" },
				"east": { "uv": [ 3, 4.625, 2.5, 6.375 ], "texture": "#toolbox" }
			}
		},
		{
			"__comment": "Voxels",
			"from": [ 2, 6, 4 ],
			"to": [ 14, 10, 4.5 ],
			"faces": {
				"down": { "uv": [ 12.875, 10.625, 15.875, 10.75 ], "texture": "#toolbox" },
				"up": { "uv": [ 12.875, 10.625, 15.875, 10.5 ], "texture": "#toolbox" },
				"north": { "uv": [ 3, 6.375, 0, 7.375 ], "texture": "#toolbox" },
				"east": { "uv": [ 3.125, 7.375, 3, 8.375 ], "texture": "#toolbox" }
			}
		},
		{
			"__comment": "Voxels",
			"from": [ 3, 7, 3.5 ],
			"to": [ 3.5, 8, 4 ],
			"faces": {
				"down": { "uv": [ 14.75, 10.25, 14.875, 10.375 ], "texture": "#toolbox" },
				"up": { "uv": [ 14.875, 10.5, 15, 10.375 ], "texture": "#toolbox" },
				"north": { "uv": [ 14.875, 11.25, 14.75, 11.5 ], "texture": "#toolbox" },
				"west": { "uv": [ 3, 0, 3.125, 0.25 ], "texture": "#toolbox" },
				"east": { "uv": [ 3, 0, 2.875, 0.25 ], "texture": "#toolbox" }
			}
		},
		{
			"__comment": "Voxels",
			"from": [ 3, 8.5, 12 ],
			"to": [ 4, 9, 12.5 ],
			"faces": {
				"down": { "uv": [ 2.875, 0.25, 3.125, 0.375 ], "texture": "#toolbox" },
				"up": { "uv": [ 2.875, 0.5, 3.125, 0.375 ], "texture": "#toolbox" },
				"south": { "uv": [ 2.875, 2.375, 3.125, 2.5 ], "texture": "#toolbox" },
				"west": { "uv": [ 15.25, 10.25, 15.375, 10.375 ], "texture": "#toolbox" },
				"east": { "uv": [ 15.875, 10.375, 15.75, 10.5 ], "texture": "#toolbox" }
			}
		},
		{
			"__comment": "Voxels",
			"from": [ 4, 10.5, 7.5 ],
			"to": [ 6, 11, 8 ],
			"faces": {
				"up": { "uv": [ 2.375, 0.125, 2.875, 0 ], "texture": "#toolbox" },
				"north": { "uv": [ 2.375, 0, 1.875, 0.125 ], "texture": "#toolbox" },
				"south": { "uv": [ 15.375, 12.25, 15.875, 12.375 ], "texture": "#toolbox" },
				"west": { "uv": [ 3.625, 4.375, 3.75, 4.5 ], "texture": "#toolbox" },
				"east": { "uv": [ 16, 10.375, 15.875, 10.5 ], "texture": "#toolbox" }
			}
		},
		{
			"__comment": "Voxels",
			"from": [ 5, 1.5, 4.5 ],
			"to": [ 14.5, 3, 11.5 ],
			"faces": {
				"down": { "uv": [ 13, 14.25, 15.375, 16 ], "texture": "#toolbox" },
				"up": { "uv": [ 0, 10.125, 2.375, 8.375 ], "texture": "#toolbox" },
				"north": { "uv": [ 15.375, 13.875, 13, 14.25 ], "texture": "#toolbox" },
				"south": { "uv": [ 0, 2.375, 2.375, 2.75 ], "texture": "#toolbox" },
				"east": { "uv": [ 1.75, 0.5, 0, 0.875 ], "texture": "#toolbox" }
			}
		},
		{
			"__comment": "Voxels",
			"from": [ 5, 2.5, 4 ],
			"to": [ 14, 3, 4.5 ],
			"faces": {
				"down": { "uv": [ 13.125, 12.25, 15.375, 12.375 ], "texture": "#toolbox" },
				"up": { "uv": [ 13.125, 12, 15.375, 11.875 ], "texture": "#toolbox" },
				"north": { "uv": [ 15.375, 12.125, 13.125, 12.25 ], "texture": "#toolbox" },
				"east": { "uv": [ 15.25, 10.25, 15.125, 10.375 ], "texture": "#toolbox" }
			}
		},
		{
			"__comment": "Voxels",
			"from": [ 5, 10.5, 7 ],
			"to": [ 5.5, 12, 7.5 ],
			"faces": {
				"up": { "uv": [ 14.875, 10.375, 15, 10.25 ], "texture": "#toolbox" },
				"north": { "uv": [ 3, 1.625, 2.875, 2 ], "texture": "#toolbox" },
				"south": { "uv": [ 3, 1.625, 3.125, 2 ], "texture": "#toolbox" },
				"west": { "uv": [ 1.75, 0.5, 1.875, 0.875 ], "texture": "#toolbox" },
				"east": { "uv": [ 1.875, 0.125, 1.75, 0.5 ], "texture": "#toolbox" }
			}
		},
		{
			"__comment": "Voxels",
			"from": [ 5, 11, 7.5 ],
			"to": [ 10.5, 12, 8 ],
			"faces": {
				"down": { "uv": [ 13.125, 12.5, 14.5, 12.625 ], "texture": "#toolbox" },
				"up": { "uv": [ 0, 0.125, 1.375, 0 ], "texture": "#toolbox" },
				"north": { "uv": [ 14.375, 13.625, 13, 13.875 ], "texture": "#toolbox" },
				"south": { "uv": [ 13.125, 12.625, 14.5, 12.875 ], "texture": "#toolbox" },
				"west": { "uv": [ 14.875, 11.25, 15, 11.5 ], "texture": "#toolbox" },
				"east": { "uv": [ 15.125, 11.25, 15, 11.5 ], "texture": "#toolbox" }
			}
		},
		{
			"__comment": "Voxels",
			"from": [ 5.5, 11.5, 7 ],
			"to": [ 10, 12, 7.5 ],
			"faces": {
				"down": { "uv": [ 13.125, 11.5, 14.25, 11.625 ], "texture": "#toolbox" },
				"up": { "uv": [ 13.125, 12.5, 14.25, 12.375 ], "texture": "#toolbox" },
				"north": { "uv": [ 14.25, 11.75, 13.125, 11.875 ], "texture": "#toolbox" },
				"east": { "uv": [ 15.625, 11.25, 15.5, 11.375 ], "texture": "#toolbox" }
			}
		},
		{
			"__comment": "Voxels",
			"from": [ 9.5, 10.5, 7.5 ],
			"to": [ 11.5, 11, 8 ],
			"faces": {
				"up": { "uv": [ 2.5, 4.625, 3, 4.5 ], "texture": "#toolbox" },
				"north": { "uv": [ 15.875, 11.875, 15.375, 12 ], "texture": "#toolbox" },
				"south": { "uv": [ 14.25, 11.375, 14.75, 11.5 ], "texture": "#toolbox" },
				"west": { "uv": [ 15.125, 11.5, 15.25, 11.625 ], "texture": "#toolbox" },
				"east": { "uv": [ 14.25, 11.375, 14.125, 11.5 ], "texture": "#toolbox" }
			}
		},
		{
			"__comment": "Voxels",
			"from": [ 10, 5.5, 4 ],
			"to": [ 14, 6, 4.5 ],
			"faces": {
				"down": { "uv": [ 14.25, 11.75, 15.25, 11.875 ], "texture": "#toolbox" },
				"north": { "uv": [ 14.125, 11.375, 13.125, 11.5 ], "texture": "#toolbox" },
				"west": { "uv": [ 15.875, 11.875, 16, 12 ], "texture": "#toolbox" },
				"east": { "uv": [ 16, 12, 15.875, 12.125 ], "texture": "#toolbox" }
			}
		},
		{
			"__comment": "Voxels",
			"from": [ 10, 10.5, 7 ],
			"to": [ 10.5, 11.5, 7.5 ],
			"faces": {
				"up": { "uv": [ 15.875, 12.375, 16, 12.25 ], "texture": "#toolbox" },
				"north": { "uv": [ 15.25, 11.25, 15.125, 11.5 ], "texture": "#toolbox" },
				"south": { "uv": [ 15.25, 11.25, 15.375, 11.5 ], "texture": "#toolbox" },
				"west": { "uv": [ 15.375, 11.25, 15.5, 11.5 ], "texture": "#toolbox" },
				"east": { "uv": [ 15.625, 11.625, 15.5, 11.875 ], "texture": "#toolbox" }
			}
		},
		{
			"__comment": "Voxels",
			"from": [ 10.5, 4.5, 4 ],
			"to": [ 14, 5.5, 4.5 ],
			"faces": {
				"down": { "uv": [ 14.25, 11.5, 15.125, 11.625 ], "texture": "#toolbox" },
				"north": { "uv": [ 15.25, 13.625, 14.375, 13.875 ], "texture": "#toolbox" },
				"west": { "uv": [ 15.625, 11.625, 15.75, 11.875 ], "texture": "#toolbox" },
				"east": { "uv": [ 15.875, 11.625, 15.75, 11.875 ], "texture": "#toolbox" }
			}
		},
		{
			"__comment": "Voxels",
			"from": [ 11, 8, 12 ],
			"to": [ 11.5, 9, 12.5 ],
			"faces": {
				"down": { "uv": [ 15.875, 10.25, 16, 10.375 ], "texture": "#toolbox" },
				"up": { "uv": [ 15.75, 10.375, 15.875, 10.25 ], "texture": "#toolbox" },
				"south": { "uv": [ 15.5, 11.375, 15.625, 11.625 ], "texture": "#toolbox" },
				"west": { "uv": [ 15.625, 11.375, 15.75, 11.625 ], "texture": "#toolbox" },
				"east": { "uv": [ 13.5, 10.25, 13.375, 10.5 ], "texture": "#toolbox" }
			}
		},
		{
			"__comment": "Voxels",
			"from": [ 11.5, 8.5, 12 ],
			"to": [ 12.5, 9, 12.5 ],
			"faces": {
				"down": { "uv": [ 14.25, 12.375, 14.5, 12.5 ], "texture": "#toolbox" },
				"up": { "uv": [ 15, 12.5, 15.25, 12.375 ], "texture": "#toolbox" },
				"south": { "uv": [ 14.25, 11.25, 14.5, 11.375 ], "texture": "#toolbox" },
				"east": { "uv": [ 4.125, 5.875, 4, 6 ], "texture": "#toolbox" }
			}
		},
		{
			"__comment": "Voxels",
			"from": [ 12, 7, 3.5 ],
			"to": [ 12.5, 8, 4 ],
			"faces": {
				"down": { "uv": [ 14.125, 11.25, 14.25, 11.375 ], "texture": "#toolbox" },
				"up": { "uv": [ 15.625, 10.375, 15.75, 10.25 ], "texture": "#toolbox" },
				"north": { "uv": [ 15.875, 11.375, 15.75, 11.625 ], "texture": "#toolbox" },
				"west": { "uv": [ 12.875, 10.25, 13, 10.5 ], "texture": "#toolbox" },
				"east": { "uv": [ 13.125, 10.25, 13, 10.5 ], "texture": "#toolbox" }
			}
		},
		{
			"__comment": "Voxels",
			"from": [ 12, 8, 12 ],
			"to": [ 12.5, 8.5, 12.5 ],
			"faces": {
				"down": { "uv": [ 15.875, 10.625, 16, 10.75 ], "texture": "#toolbox" },
				"south": { "uv": [ 15.5, 10.375, 15.625, 10.5 ], "texture": "#toolbox" },
				"west": { "uv": [ 15.5, 10.25, 15.625, 10.375 ], "texture": "#toolbox" },
				"east": { "uv": [ 15.75, 10.375, 15.625, 10.5 ], "texture": "#toolbox" }
			}
		},
		{
			"__comment": "Voxels",
			"from": [ 13, 1.5, 4 ],
			"to": [ 14, 2.5, 4.5 ],
			"faces": {
				"north": { "uv": [ 3.125, 2.125, 2.875, 2.375 ], "texture": "#toolbox" },
				"west": { "uv": [ 13.125, 10.25, 13.25, 10.5 ], "texture": "#toolbox" },
				"east": { "uv": [ 13.375, 10.25, 13.25, 10.5 ], "texture": "#toolbox" }
			}
		},
		{
			"__comment": "Voxels",
			"from": [ 13.5, 3, 4 ],
			"to": [ 14, 4.5, 4.5 ],
			"faces": {
				"north": { "uv": [ 15, 12.5, 14.875, 12.875 ], "texture": "#toolbox" },
				"west": { "uv": [ 15.375, 11.5, 15.5, 11.875 ], "texture": "#toolbox" },
				"east": { "uv": [ 16, 13.875, 15.875, 14.25 ], "texture": "#toolbox" }
			}
		},
		{
			"__comment": "Voxels",
			"from": [ 14, 0, 4.5 ],
			"to": [ 14.5, 1.5, 11.5 ],
			"faces": {
				"down": { "uv": [ 3, 4.625, 3.125, 6.375 ], "texture": "#toolbox" },
				"north": { "uv": [ 15.125, 12.5, 15, 12.875 ], "texture": "#toolbox" },
				"south": { "uv": [ 15.125, 12.5, 15.25, 12.875 ], "texture": "#toolbox" },
				"east": { "uv": [ 14.875, 13.25, 13.125, 13.625 ], "texture": "#toolbox" }
			}
		},
		{
			"__comment": "Voxels",
			"from": [ 14, 7, 6.5 ],
			"to": [ 14.5, 10, 7.5 ],
			"faces": {
				"down": { "uv": [ 13.5, 10.25, 13.625, 10.5 ], "texture": "#toolbox" },
				"up": { "uv": [ 13.625, 10.5, 13.75, 10.25 ], "texture": "#toolbox" },
				"west": { "uv": [ 2.875, 0.5, 3.125, 1.25 ], "texture": "#toolbox" },
				"east": { "uv": [ 3.125, 2.75, 2.875, 3.5 ], "texture": "#toolbox" }
			}
		},
		{
			"__comment": "Voxels",
			"from": [ 14, 7, 9 ],
			"to": [ 14.5, 10, 9.5 ],
			"faces": {
				"down": { "uv": [ 15, 10.375, 15.125, 10.5 ], "texture": "#toolbox" },
				"up": { "uv": [ 15, 10.375, 15.125, 10.25 ], "texture": "#toolbox" },
				"east": { "uv": [ 3.875, 4.5, 3.75, 5.25 ], "texture": "#toolbox" }
			}
		},
		{
			"__comment": "Voxels",
			"from": [ 14.5, 4.5, 6.5 ],
			"to": [ 15, 5.5, 7 ],
			"faces": {
				"down": { "uv": [ 4, 5.75, 4.125, 5.875 ], "texture": "#toolbox" },
				"up": { "uv": [ 15.375, 10.375, 15.5, 10.25 ], "texture": "#toolbox" },
				"north": { "uv": [ 14, 10.25, 13.875, 10.5 ], "texture": "#toolbox" },
				"south": { "uv": [ 14, 10.25, 14.125, 10.5 ], "texture": "#toolbox" },
				"east": { "uv": [ 14.375, 10.25, 14.25, 10.5 ], "texture": "#toolbox" }
			}
		},
		{
			"__comment": "Voxels",
			"from": [ 14.5, 4.5, 7.5 ],
			"to": [ 15.5, 5, 9 ],
			"faces": {
				"down": { "uv": [ 2.625, 2.375, 2.875, 2.75 ], "texture": "#toolbox" },
				"up": { "uv": [ 2.375, 2.75, 2.625, 2.375 ], "texture": "#toolbox" },
				"north": { "uv": [ 14.625, 10.375, 14.375, 10.5 ], "texture": "#toolbox" },
				"south": { "uv": [ 14.375, 10.25, 14.625, 10.375 ], "texture": "#toolbox" },
				"east": { "uv": [ 3.125, 1.5, 2.75, 1.625 ], "texture": "#toolbox" }
			}
		},
		{
			"__comment": "Voxels",
			"from": [ 14.5, 4.5, 9 ],
			"to": [ 15, 5.5, 9.5 ],
			"faces": {
				"down": { "uv": [ 3.75, 4.375, 3.875, 4.5 ], "texture": "#toolbox" },
				"up": { "uv": [ 3.75, 4.375, 3.875, 4.25 ], "texture": "#toolbox" },
				"north": { "uv": [ 14.75, 10.25, 14.625, 10.5 ], "texture": "#toolbox" },
				"south": { "uv": [ 15.25, 13.625, 15.375, 13.875 ], "texture": "#toolbox" },
				"east": { "uv": [ 13.875, 10.25, 13.75, 10.5 ], "texture": "#toolbox" }
			}
		}
	],
	"display": {
		"thirdperson_righthand": {
			"scale":  [ 0.5, 0.5, 0.5 ]
		},
		"firstperson_righthand": {
			"scale":  [ 0.5, 0.5, 0.5 ]
		},
		"gui": {
			"rotation":  [ 13, 38, 0 ],
			"translation":  [ 0, 0, 9.0434 ]
		},
		"head": {
			"translation":  [ 0, -30.6, 0 ],
			"scale":  [ 2.5, 2.5, 2.5 ]
		},
		"ground": {
			"translation":  [ 0, 2.7832, 0 ],
			"scale":  [ 0.5, 0.5, 0.5 ]
		}
	}
}