{
	"credit": "Made with Blockbench",
	"texture_size": [64, 64],
	"textures": {
		"1": "items/vs_compoundbow1_strings",
		"2": "items/vs_compoundbow1_riser",
		"3": "items/vs_arrow",
		"particle": "items/vs_compoundbow1_strings"
	},
	"elements": [
		{
			"from": [-1.6, 0.7, -10.9],
			"to": [14.4, 0.7, 16.1],
			"rotation": {"angle": 0, "axis": "x", "origin": [6.4, 0.7, 4.1]},
			"faces": {
				"north": {"uv": [4, 0, 0, 0], "rotation": 180, "texture": "#3"},
				"east": {"uv": [0, 0, 0, 1.6], "rotation": 90, "texture": "#3"},
				"south": {"uv": [4, 0, 0, 0], "texture": "#3"},
				"west": {"uv": [0, 0, 0.2, 1.55], "rotation": 270, "texture": "#3"},
				"up": {"uv": [8.5, 1, 2, 10.4], "texture": "#3"},
				"down": {"uv": [8.45, 10.3, 2, 1], "texture": "#3"}
			}
		},
		{
			"from": [9.1, -5, -10.9],
			"to": [9.1, 11, 16.1],
			"rotation": {"angle": 0, "axis": "z", "origin": [9.1, 3, 4.1]},
			"faces": {
				"north": {"uv": [4, 0, 0, 0], "rotation": 90, "texture": "#3"},
				"east": {"uv": [8.5, 1, 2, 10.35], "rotation": 90, "texture": "#3"},
				"south": {"uv": [4, 0, 0, 0], "rotation": 90, "texture": "#3"},
				"west": {"uv": [8.5, 10.3, 2, 1], "rotation": 90, "texture": "#3"},
				"up": {"uv": [0, 0, 0, 1.65], "texture": "#3"},
				"down": {"uv": [0, 0, 0, 1.55], "rotation": 180, "texture": "#3"}
			}
		},
		{
			"from": [-16, 0.301, -6.4264],
			"to": [31.25528, 0.299, 13.5716],
			"rotation": {"angle": 0, "axis": "y", "origin": [32.75628, -0.4, 2.8726]},
			"faces": {
				"north": {"uv": [0, 0, 11.875, 0], "texture": "#1"},
				"east": {"uv": [0, 0, 5, 0], "texture": "#1"},
				"south": {"uv": [0, 0, 11.875, 0], "texture": "#1"},
				"west": {"uv": [0, 0, 5, 0], "texture": "#1"},
				"up": {"uv": [11.875, 16, 0, 11], "texture": "#1"},
				"down": {"uv": [11.875, 11, 0, 16], "texture": "#1"}
			}
		},
		{
			"from": [21.75728, 0.501, -1.1264],
			"to": [30.75528, 0.499, 7.8716],
			"rotation": {"angle": -22.5, "axis": "y", "origin": [26.25628, 0.5, 3.3726]},
			"faces": {
				"north": {"uv": [0, 0, 4.5, 0], "texture": "#2"},
				"east": {"uv": [0, 0, 4.5, 0], "texture": "#2"},
				"south": {"uv": [0, 0, 4.5, 0], "texture": "#2"},
				"west": {"uv": [0, 0, 4.5, 0], "texture": "#2"},
				"up": {"uv": [15.125, 15, 10.625, 10.5], "rotation": 90, "texture": "#2"},
				"down": {"uv": [15.125, 10.5, 10.625, 15], "rotation": 270, "texture": "#2"}
			}
		},
		{
			"from": [-15.44272, 0.501, -1.4264],
			"to": [-6.44472, 0.499, 7.5716],
			"rotation": {"angle": -22.5, "axis": "y", "origin": [-10.94372, 0.5, 3.3726]},
			"faces": {
				"north": {"uv": [0, 0, 4.5, 0], "texture": "#2"},
				"east": {"uv": [0, 0, 4.5, 0], "texture": "#2"},
				"south": {"uv": [0, 0, 4.5, 0], "texture": "#2"},
				"west": {"uv": [0, 0, 4.5, 0], "texture": "#2"},
				"up": {"uv": [15.125, 15, 10.625, 10.5], "rotation": 180, "texture": "#2"},
				"down": {"uv": [15.125, 10.5, 10.625, 15], "texture": "#2"}
			}
		},
		{
			"from": [1.232, -0.846, -4.032],
			"to": [13.922, 1.692, -1.494],
			"rotation": {"angle": 0, "axis": "y", "origin": [1.232, 0, -9.108]},
			"faces": {
				"north": {"uv": [0, 0, 3.375, 0.625], "texture": "#2"},
				"east": {"uv": [3.25, 7.5, 3.875, 8.125], "texture": "#2"},
				"south": {"uv": [0, 0.75, 3.375, 1.375], "texture": "#2"},
				"west": {"uv": [4, 7.5, 4.625, 8.125], "texture": "#2"},
				"up": {"uv": [3.375, 2.125, 0, 1.5], "texture": "#2"},
				"down": {"uv": [3.375, 1.5, 0, 2.125], "texture": "#2"}
			}
		},
		{
			"from": [13.34093, -0.84485, -4.41987],
			"to": [15.87662, 1.69085, -1.88418],
			"rotation": {"angle": 22.5, "axis": "y", "origin": [14.60878, 0.423, -3.15203]},
			"faces": {
				"north": {"uv": [7.5, 5.5, 8.125, 6.125], "texture": "#2"},
				"east": {"uv": [6.5, 7.5, 7.125, 8.125], "texture": "#2"},
				"south": {"uv": [7.25, 7.5, 7.875, 8.125], "texture": "#2"},
				"west": {"uv": [1, 7.75, 1.625, 8.375], "texture": "#2"},
				"up": {"uv": [5.375, 8.375, 4.75, 7.75], "texture": "#2"},
				"down": {"uv": [5.375, 7.75, 4.75, 8.375], "texture": "#2"}
			}
		},
		{
			"from": [16.73232, -0.846, -1.3414],
			"to": [24.34632, 1.692, 1.1966],
			"rotation": {"angle": 45, "axis": "y", "origin": [12.07932, 0.423, -0.0724]},
			"faces": {
				"north": {"uv": [3.5, 2, 5.5, 2.625], "texture": "#2"},
				"east": {"uv": [8, 1.5, 8.625, 2.125], "texture": "#2"},
				"south": {"uv": [3.5, 2.75, 5.5, 3.375], "texture": "#2"},
				"west": {"uv": [8, 3.75, 8.625, 4.375], "texture": "#2"},
				"up": {"uv": [5.5, 4.125, 3.5, 3.5], "texture": "#2"},
				"down": {"uv": [5.5, 3.5, 3.5, 4.125], "texture": "#2"}
			}
		},
		{
			"from": [19.43393, -0.84515, -8.27132],
			"to": [23.66223, 1.69115, -5.73501],
			"rotation": {"angle": 0, "axis": "y", "origin": [19.85608, 0.423, -7.84916]},
			"faces": {
				"north": {"uv": [6.25, 5.5, 7.375, 6.125], "texture": "#2"},
				"east": {"uv": [8, 4.5, 8.625, 5.125], "texture": "#2"},
				"south": {"uv": [2, 6.5, 3.125, 7.125], "texture": "#2"},
				"west": {"uv": [8, 7, 8.625, 7.625], "texture": "#2"},
				"up": {"uv": [7.625, 6.875, 6.5, 6.25], "texture": "#2"},
				"down": {"uv": [7.625, 6.25, 6.5, 6.875], "texture": "#2"}
			}
		},
		{
			"from": [24.34632, -1.504, -1.3414],
			"to": [26.88432, 2.35, 3.7346],
			"rotation": {"angle": 45, "axis": "y", "origin": [12.07932, 0.423, -0.0724]},
			"faces": {
				"north": {"uv": [8, 7.75, 8.625, 8.375], "texture": "#2"},
				"east": {"uv": [5.5, 2.5, 6.875, 3.125], "texture": "#2"},
				"south": {"uv": [1.75, 8.25, 2.375, 8.875], "texture": "#2"},
				"west": {"uv": [5.5, 3.25, 6.875, 3.875], "texture": "#2"},
				"up": {"uv": [1.875, 6.875, 1.25, 5.5], "texture": "#2"},
				"down": {"uv": [4.625, 5.5, 4, 6.875], "texture": "#2"}
			}
		},
		{
			"from": [25.766, -1.081, -8.61378],
			"to": [26.612, 1.927, -3.53778],
			"rotation": {"angle": 22.5, "axis": "y", "origin": [27.33373, 0.423, -3.96078]},
			"faces": {
				"north": {"uv": [5.25, 1.5, 5.5, 2], "texture": "#2"},
				"east": {"uv": [3.25, 7, 4.625, 7.5], "texture": "#2"},
				"south": {"uv": [1, 6.5, 1.25, 7], "texture": "#2"},
				"west": {"uv": [6.5, 7, 7.875, 7.5], "texture": "#2"},
				"up": {"uv": [2.75, 9.625, 2.5, 8.25], "texture": "#2"},
				"down": {"uv": [3, 8.25, 2.75, 9.625], "texture": "#2"}
			}
		},
		{
			"from": [25.98366, -1.08015, -3.29294],
			"to": [26.82797, 1.92615, 4.31937],
			"rotation": {"angle": 0, "axis": "y", "origin": [28.94381, 0.423, -6.67778]},
			"faces": {
				"north": {"uv": [1.75, 7.75, 2, 8.25], "texture": "#2"},
				"east": {"uv": [4, 5, 6, 5.5], "texture": "#2"},
				"south": {"uv": [2, 7.75, 2.25, 8.25], "texture": "#2"},
				"west": {"uv": [5.25, 0, 7.25, 0.5], "texture": "#2"},
				"up": {"uv": [3.25, 9.25, 3, 7.25], "texture": "#2"},
				"down": {"uv": [6.5, 7.25, 6.25, 9.25], "texture": "#2"}
			}
		},
		{
			"from": [-11.6382, -1.50588, -1.43728],
			"to": [-9.09644, 2.35188, 3.64248],
			"rotation": {"angle": -45, "axis": "y", "origin": [3.16868, 0.423, -0.1664]},
			"faces": {
				"north": {"uv": [8.625, 7.75, 8, 8.375], "texture": "#2"},
				"east": {"uv": [6.875, 3.25, 5.5, 3.875], "texture": "#2"},
				"south": {"uv": [2.375, 8.25, 1.75, 8.875], "texture": "#2"},
				"west": {"uv": [6.875, 2.5, 5.5, 3.125], "texture": "#2"},
				"up": {"uv": [1.25, 6.875, 1.875, 5.5], "texture": "#2"},
				"down": {"uv": [4, 5.5, 4.625, 6.875], "texture": "#2"}
			}
		},
		{
			"from": [-11.364, -1.081, -8.70778],
			"to": [-10.518, 1.927, -3.63178],
			"rotation": {"angle": -22.5, "axis": "y", "origin": [-12.08573, 0.423, -4.05478]},
			"faces": {
				"north": {"uv": [5.5, 1.5, 5.25, 2], "texture": "#2"},
				"east": {"uv": [7.875, 7, 6.5, 7.5], "texture": "#2"},
				"south": {"uv": [1.25, 6.5, 1, 7], "texture": "#2"},
				"west": {"uv": [4.625, 7, 3.25, 7.5], "texture": "#2"},
				"up": {"uv": [2.5, 9.625, 2.75, 8.25], "texture": "#2"},
				"down": {"uv": [2.75, 8.25, 3, 9.625], "texture": "#2"}
			}
		},
		{
			"from": [-11.57997, -1.08015, -3.38694],
			"to": [-10.73566, 1.92615, 4.22537],
			"rotation": {"angle": 0, "axis": "y", "origin": [-13.69581, 0.423, -6.77178]},
			"faces": {
				"north": {"uv": [2, 7.75, 1.75, 8.25], "texture": "#2"},
				"east": {"uv": [7.25, 0, 5.25, 0.5], "texture": "#2"},
				"south": {"uv": [2.25, 7.75, 2, 8.25], "texture": "#2"},
				"west": {"uv": [6, 5, 4, 5.5], "texture": "#2"},
				"up": {"uv": [3, 9.25, 3.25, 7.25], "texture": "#2"},
				"down": {"uv": [6.25, 7.25, 6.5, 9.25], "texture": "#2"}
			}
		},
		{
			"from": [8.9, 0, -0.3],
			"to": [9.8, 0.9, 2.4],
			"rotation": {"angle": 0, "axis": "y", "origin": [0.8, 0, -10.2]},
			"faces": {
				"north": {"uv": [3, 4, 3.25, 4.25], "texture": "#2"},
				"east": {"uv": [3.25, 6.75, 3.875, 7], "texture": "#2"},
				"south": {"uv": [3.25, 4, 3.5, 4.25], "texture": "#2"},
				"west": {"uv": [7, 3.75, 7.625, 4], "texture": "#2"},
				"up": {"uv": [9, 0.625, 8.75, 0], "texture": "#2"},
				"down": {"uv": [9, 0.75, 8.75, 1.375], "texture": "#2"}
			}
		},
		{
			"from": [8.41853, 0.0009, -2.72413],
			"to": [9.31673, 0.8991, -0.02593],
			"rotation": {"angle": 22.5, "axis": "y", "origin": [8.86763, 0.45, -1.37503]},
			"faces": {
				"north": {"uv": [5.5, 4, 5.75, 4.25], "texture": "#2"},
				"east": {"uv": [8.5, 6.75, 9.125, 7], "texture": "#2"},
				"south": {"uv": [5.75, 4, 6, 4.25], "texture": "#2"},
				"west": {"uv": [8.75, 1.5, 9.375, 1.75], "texture": "#2"},
				"up": {"uv": [9, 4.375, 8.75, 3.75], "texture": "#2"},
				"down": {"uv": [9, 4.5, 8.75, 5.125], "texture": "#2"}
			}
		},
		{
			"from": [-8.50523, -0.84215, -8.26832],
			"to": [-4.28293, 1.68815, -5.73801],
			"rotation": {"angle": 0, "axis": "y", "origin": [-4.70208, 0.423, -7.84916]},
			"faces": {
				"north": {"uv": [6.75, 4, 7.875, 4.625], "texture": "#2"},
				"east": {"uv": [3.25, 8.25, 3.875, 8.875], "texture": "#2"},
				"south": {"uv": [6.75, 4.75, 7.875, 5.375], "texture": "#2"},
				"west": {"uv": [4, 8.25, 4.625, 8.875], "texture": "#2"},
				"up": {"uv": [8.125, 2.875, 7, 2.25], "texture": "#2"},
				"down": {"uv": [8.125, 2.25, 7, 2.875], "texture": "#2"}
			}
		},
		{
			"from": [-9.19132, -0.845, -1.3404],
			"to": [-1.57932, 1.691, 1.1956],
			"rotation": {"angle": -45, "axis": "y", "origin": [3.07468, 0.423, -0.0724]},
			"faces": {
				"north": {"uv": [2, 4.25, 4, 4.875], "texture": "#2"},
				"east": {"uv": [8.25, 5.25, 8.875, 5.875], "texture": "#2"},
				"south": {"uv": [4, 4.25, 6, 4.875], "texture": "#2"},
				"west": {"uv": [5.5, 8.25, 6.125, 8.875], "texture": "#2"},
				"up": {"uv": [2, 5.375, 0, 4.75], "texture": "#2"},
				"down": {"uv": [2, 4.75, 0, 5.375], "texture": "#2"}
			}
		},
		{
			"from": [-0.72462, -0.84685, -4.42187],
			"to": [1.81507, 1.69285, -1.88218],
			"rotation": {"angle": -22.5, "axis": "y", "origin": [0.54522, 0.423, -3.15203]},
			"faces": {
				"north": {"uv": [6.5, 8.25, 7.125, 8.875], "texture": "#2"},
				"east": {"uv": [7.25, 8.25, 7.875, 8.875], "texture": "#2"},
				"south": {"uv": [0.5, 8.5, 1.125, 9.125], "texture": "#2"},
				"west": {"uv": [4.75, 8.5, 5.375, 9.125], "texture": "#2"},
				"up": {"uv": [9.125, 6.625, 8.5, 6], "texture": "#2"},
				"down": {"uv": [9.125, 6, 8.5, 6.625], "texture": "#2"}
			}
		},
		{
			"from": [1.232, -1.269, -4.455],
			"to": [7.154, 2.115, -1.071],
			"rotation": {"angle": 0, "axis": "y", "origin": [4.616, 0.423, -2.763]},
			"faces": {
				"north": {"uv": [0, 3, 1.625, 3.875], "texture": "#2"},
				"east": {"uv": [5.5, 6.25, 6.375, 7.125], "texture": "#2"},
				"south": {"uv": [1.75, 3, 3.375, 3.875], "texture": "#2"},
				"west": {"uv": [0, 6.5, 0.875, 7.375], "texture": "#2"},
				"up": {"uv": [5.125, 0.875, 3.5, 0], "texture": "#2"},
				"down": {"uv": [5.125, 1, 3.5, 1.875], "texture": "#2"}
			}
		},
		{
			"from": [2.08334, -1.3491, -2.64715],
			"to": [6.58154, 2.2491, -0.84895],
			"rotation": {"angle": -22.5, "axis": "y", "origin": [4.33244, 0.45, -0.84805]},
			"faces": {
				"north": {"uv": [0, 5.5, 1.125, 6.375], "texture": "#2"},
				"east": {"uv": [3.5, 5.75, 4, 6.625], "texture": "#2"},
				"south": {"uv": [5.5, 1.5, 6.625, 2.375], "texture": "#2"},
				"west": {"uv": [0.5, 7.5, 1, 8.375], "texture": "#2"},
				"up": {"uv": [2.125, 7.75, 1, 7.25], "texture": "#2"},
				"down": {"uv": [8.375, 1, 7.25, 1.5], "texture": "#2"}
			}
		},
		{
			"from": [5.45754, 1.27339, -4.45415],
			"to": [7.99385, 2.1177, -1.07185],
			"rotation": {"angle": 22.5, "axis": "z", "origin": [5.45669, -0.41945, -2.763]},
			"faces": {
				"north": {"uv": [8.75, 1.75, 9.375, 2], "texture": "#2"},
				"east": {"uv": [2, 4, 2.875, 4.25], "texture": "#2"},
				"south": {"uv": [8.75, 2, 9.375, 2.25], "texture": "#2"},
				"west": {"uv": [1, 7, 1.875, 7.25], "texture": "#2"},
				"up": {"uv": [2.875, 8.125, 2.25, 7.25], "texture": "#2"},
				"down": {"uv": [6.125, 7.25, 5.5, 8.125], "texture": "#2"}
			}
		},
		{
			"from": [6.80441, 2.56843, -4.455],
			"to": [7.41247, 3.16327, -1.071],
			"rotation": {"angle": -22.5, "axis": "z", "origin": [6.14347, 2.99143, -2.763]},
			"faces": {
				"north": {"uv": [3.25, 6.5, 3.375, 6.625], "texture": "#2"},
				"east": {"uv": [8.75, 8.5, 9.625, 8.625], "texture": "#2"},
				"south": {"uv": [6.75, 2.25, 6.875, 2.375], "texture": "#2"},
				"west": {"uv": [8.75, 8.75, 9.625, 8.875], "texture": "#2"},
				"up": {"uv": [9.125, 0.875, 9, 0], "texture": "#2"},
				"down": {"uv": [1.875, 9, 1.75, 9.875], "texture": "#2"}
			}
		}
	],
	"gui_light": "front",
	"display": {
		"thirdperson_righthand": {
			"rotation": [0, 0, 90],
			"translation": [-4.75, 1.25, 7.25],
			"scale": [0.6, 0.6, 0.6]
		},
		"thirdperson_lefthand": {
			"rotation": [170.21, -65.01, 7.68],
			"translation": [-12.25, -12.75, 10],
			"scale": [0.6, 0.6, 0.6]
		},
		"firstperson_righthand": {
			"rotation": [14.75, 4.75, 88.25],
			"translation": [0, 3.25, 3.75],
			"scale": [0.38, 0.38, 0.38]
		},
		"firstperson_lefthand": {
			"rotation": [-1, 4.75, -92],
			"translation": [4, 2.5, 4.25],
			"scale": [0.38, 0.38, 0.38]
		},
		"ground": {
			"rotation": [-110.59, -54.55, -28.07],
			"translation": [-1, 2.5, -2.75],
			"scale": [0.52, 0.52, 0.52]
		},
		"gui": {
			"rotation": [107.75, 47.25, 0],
			"translation": [2.25, -3, 0],
			"scale": [0.4, 0.4, 0.4]
		},
		"head": {
			"rotation": [-88, 0, 0]
		},
		"fixed": {
			"rotation": [-90, 45, -180],
			"translation": [5.5, 10.25, 4.25]
		}
	},
	"groups": [
		{
			"name": "arrow",
			"origin": [0, 0, 0],
			"color": 0,
			"children": [0, 1]
		},
		{
			"name": "string",
			"origin": [8, 8, 8],
			"color": 0,
			"children": [2]
		},
		{
			"name": "cams",
			"origin": [8, 8, 8],
			"color": 0,
			"children": [3, 4]
		},
		{
			"name": "riser",
			"origin": [8, 8, 8],
			"color": 0,
			"children": [5, 6, 7, 8, 9, 10, 11, 12, 13, 14, 15, 16, 17, 18, 19, 20, 21, 22, 23]
		}
	]
}