{
	"__comment": "Designed by DevastMc",
	"gui_light": "front",
	"textures": {
		"rock": "blocks/rock"
	},
	"elements": [ 	 
		{
			"__comment": "Voxels",
			"from": [ 5, 8, 6.75 ],
			"to": [ 10, 8.5, 7.25 ],
			"faces": {
				"down": { "uv": [ 6.25, 13.125, 8.75, 13.375 ], "texture": "#rock" },
				"up": { "uv": [ 1.75, 14.875, 4.25, 14.625 ], "texture": "#rock" },
				"north": { "uv": [ 10.375, 14.625, 7.875, 14.875 ], "texture": "#rock" },
				"south": { "uv": [ 8.625, 13.5, 11.125, 13.75 ], "texture": "#rock" },
				"west": { "uv": [ 5.25, 1.75, 5.5, 2 ], "texture": "#rock" },
				"east": { "uv": [ 1.25, 8.375, 1, 8.625 ], "texture": "#rock" }
			}
		},
		{
			"__comment": "Voxels",
			"from": [ 5.25, 7.5, 7.25 ],
			"to": [ 10.5, 8.75, 8.25 ],
			"faces": {
				"down": { "uv": [ 7.875, 15.5, 10.5, 16 ], "texture": "#rock" },
				"up": { "uv": [ 10.5, 16, 13.125, 15.5 ], "texture": "#rock" },
				"north": { "uv": [ 2.625, 15.375, 0, 16 ], "texture": "#rock" },
				"south": { "uv": [ 2.625, 15.375, 5.25, 16 ], "texture": "#rock" },
				"west": { "uv": [ 0.5, 10.125, 1, 10.75 ], "texture": "#rock" },
				"east": { "uv": [ 0.5, 10.125, 0, 10.75 ], "texture": "#rock" }
			}
		},
		{
			"__comment": "Voxels",
			"from": [ 5.25, 7.75, 6.75 ],
			"to": [ 10, 8, 7.25 ],
			"faces": {
				"down": { "uv": [ 6.125, 12.875, 8.5, 13.125 ], "texture": "#rock" },
				"north": { "uv": [ 8.25, 11.125, 5.875, 11.25 ], "texture": "#rock" },
				"west": { "uv": [ 3.25, 1.25, 3.5, 1.375 ], "texture": "#rock" },
				"east": { "uv": [ 3.5, 1.125, 3.25, 1.25 ], "texture": "#rock" }
			}
		},
		{
			"__comment": "Voxels",
			"from": [ 5.25, 7.75, 8.25 ],
			"to": [ 10.75, 8.5, 8.5 ],
			"faces": {
				"down": { "uv": [ 9, 12.25, 11.75, 12.375 ], "texture": "#rock" },
				"up": { "uv": [ 5.875, 13.5, 8.625, 13.375 ], "texture": "#rock" },
				"north": { "uv": [ 4, 14.25, 1.25, 14.625 ], "texture": "#rock" },
				"south": { "uv": [ 4, 14.25, 6.75, 14.625 ], "texture": "#rock" },
				"west": { "uv": [ 15.875, 14.25, 16, 14.625 ], "texture": "#rock" },
				"east": { "uv": [ 16, 13.875, 15.875, 14.25 ], "texture": "#rock" }
			}
		},
		{
			"__comment": "Voxels",
			"from": [ 5.25, 8, 6.5 ],
			"to": [ 9.5, 8.5, 6.75 ],
			"faces": {
				"down": { "uv": [ 1.25, 2.875, 3.375, 3 ], "texture": "#rock" },
				"up": { "uv": [ 1.25, 3.125, 3.375, 3 ], "texture": "#rock" },
				"north": { "uv": [ 3.375, 10.875, 1.25, 11.125 ], "texture": "#rock" },
				"west": { "uv": [ 4.25, 14.625, 4.375, 14.875 ], "texture": "#rock" },
				"east": { "uv": [ 10.5, 14.625, 10.375, 14.875 ], "texture": "#rock" }
			}
		},
		{
			"__comment": "Voxels",
			"from": [ 5.25, 8.25, 6.25 ],
			"to": [ 8.75, 8.5, 6.5 ],
			"faces": {
				"down": { "uv": [ 3.5, 10.375, 5.25, 10.5 ], "texture": "#rock" },
				"up": { "uv": [ 3.5, 9.25, 5.25, 9.125 ], "texture": "#rock" },
				"north": { "uv": [ 5.25, 10, 3.5, 10.125 ], "texture": "#rock" },
				"west": { "uv": [ 1.125, 4, 1.25, 4.125 ], "texture": "#rock" },
				"east": { "uv": [ 1.25, 3.875, 1.125, 4 ], "texture": "#rock" }
			}
		},
		{
			"__comment": "Voxels",
			"from": [ 5.25, 8.5, 6.5 ],
			"to": [ 9, 8.75, 7.25 ],
			"faces": {
				"down": { "uv": [ 14, 14.25, 15.875, 14.625 ], "texture": "#rock" },
				"up": { "uv": [ 10.75, 14.25, 12.625, 13.875 ], "texture": "#rock" },
				"north": { "uv": [ 11, 10.875, 9.125, 11 ], "texture": "#rock" },
				"west": { "uv": [ 0.875, 6.875, 1.25, 7 ], "texture": "#rock" },
				"east": { "uv": [ 5.25, 2.875, 4.875, 3 ], "texture": "#rock" }
			}
		},
		{
			"__comment": "Voxels",
			"from": [ 5.25, 8.75, 6.5 ],
			"to": [ 8.75, 9, 8 ],
			"faces": {
				"down": { "uv": [ 0, 14.625, 1.75, 15.375 ], "texture": "#rock" },
				"up": { "uv": [ 10.5, 15.375, 12.25, 14.625 ], "texture": "#rock" },
				"north": { "uv": [ 5.25, 10.25, 3.5, 10.375 ], "texture": "#rock" },
				"south": { "uv": [ 3.5, 9.625, 5.25, 9.75 ], "texture": "#rock" },
				"west": { "uv": [ 2.75, 6.75, 3.5, 6.875 ], "texture": "#rock" },
				"east": { "uv": [ 3.5, 6.625, 2.75, 6.75 ], "texture": "#rock" }
			}
		},
		{
			"__comment": "Voxels",
			"from": [ 5.25, 9, 7 ],
			"to": [ 9.75, 9.25, 7.5 ],
			"faces": {
				"down": { "uv": [ 8.25, 12.375, 10.5, 12.625 ], "texture": "#rock" },
				"up": { "uv": [ 1.25, 12.375, 3.5, 12.125 ], "texture": "#rock" },
				"north": { "uv": [ 3.5, 4.125, 1.25, 4.25 ], "texture": "#rock" },
				"south": { "uv": [ 1.25, 3.125, 3.5, 3.25 ], "texture": "#rock" },
				"west": { "uv": [ 3.25, 0.75, 3.5, 0.875 ], "texture": "#rock" },
				"east": { "uv": [ 3.5, 0.625, 3.25, 0.75 ], "texture": "#rock" }
			}
		},
		{
			"__comment": "Voxels",
			"from": [ 5.5, 7, 7.75 ],
			"to": [ 10.5, 7.5, 8.5 ],
			"faces": {
				"down": { "uv": [ 6.75, 14.25, 9.25, 14.625 ], "texture": "#rock" },
				"up": { "uv": [ 9.25, 14.625, 11.75, 14.25 ], "texture": "#rock" },
				"north": { "uv": [ 11.25, 13.125, 8.75, 13.375 ], "texture": "#rock" },
				"south": { "uv": [ 3.75, 13.125, 6.25, 13.375 ], "texture": "#rock" },
				"west": { "uv": [ 0.5, 6.875, 0.875, 7.125 ], "texture": "#rock" },
				"east": { "uv": [ 16, 12.875, 15.625, 13.125 ], "texture": "#rock" }
			}
		},
		{
			"__comment": "Voxels",
			"from": [ 5.5, 7.25, 7.25 ],
			"to": [ 10.25, 7.5, 7.75 ],
			"faces": {
				"down": { "uv": [ 8.5, 12.875, 10.875, 13.125 ], "texture": "#rock" },
				"north": { "uv": [ 10.625, 11, 8.25, 11.125 ], "texture": "#rock" },
				"west": { "uv": [ 3.25, 0.5, 3.5, 0.625 ], "texture": "#rock" },
				"east": { "uv": [ 3.5, 0.375, 3.25, 0.5 ], "texture": "#rock" }
			}
		},
		{
			"__comment": "Voxels",
			"from": [ 5.5, 7.25, 8.5 ],
			"to": [ 11, 7.75, 8.75 ],
			"faces": {
				"down": { "uv": [ 11.75, 12.25, 14.5, 12.375 ], "texture": "#rock" },
				"up": { "uv": [ 3.5, 12.25, 6.25, 12.125 ], "texture": "#rock" },
				"north": { "uv": [ 8.625, 13.5, 5.875, 13.75 ], "texture": "#rock" },
				"south": { "uv": [ 3.125, 13.5, 5.875, 13.75 ], "texture": "#rock" },
				"west": { "uv": [ 1.125, 9.25, 1.25, 9.5 ], "texture": "#rock" },
				"east": { "uv": [ 1.25, 9, 1.125, 9.25 ], "texture": "#rock" }
			}
		},
		{
			"__comment": "Voxels",
			"from": [ 5.5, 7.5, 6.75 ],
			"to": [ 10, 7.75, 7.25 ],
			"faces": {
				"down": { "uv": [ 1.25, 11.875, 3.5, 12.125 ], "texture": "#rock" },
				"north": { "uv": [ 3.5, 3.75, 1.25, 3.875 ], "texture": "#rock" },
				"west": { "uv": [ 3.25, 0.25, 3.5, 0.375 ], "texture": "#rock" },
				"east": { "uv": [ 16, 11.75, 15.75, 11.875 ], "texture": "#rock" }
			}
		},
		{
			"__comment": "Voxels",
			"from": [ 5.5, 7.5, 8.25 ],
			"to": [ 11, 7.75, 8.5 ],
			"faces": {
				"down": { "uv": [ 3.125, 13.375, 5.875, 13.5 ], "texture": "#rock" },
				"up": { "uv": [ 6.25, 12.25, 9, 12.125 ], "texture": "#rock" },
				"north": { "uv": [ 6.25, 12.25, 3.5, 12.375 ], "texture": "#rock" },
				"west": { "uv": [ 1.125, 3.75, 1.25, 3.875 ], "texture": "#rock" },
				"east": { "uv": [ 1.25, 3.625, 1.125, 3.75 ], "texture": "#rock" }
			}
		},
		{
			"__comment": "Voxels",
			"from": [ 5.5, 7.5, 8.75 ],
			"to": [ 10.75, 8.5, 9 ],
			"faces": {
				"down": { "uv": [ 10.5, 15.375, 13.125, 15.5 ], "texture": "#rock" },
				"up": { "uv": [ 13.125, 15.5, 15.75, 15.375 ], "texture": "#rock" },
				"north": { "uv": [ 4.375, 14.875, 1.75, 15.375 ], "texture": "#rock" },
				"south": { "uv": [ 7.875, 14.875, 10.5, 15.375 ], "texture": "#rock" },
				"west": { "uv": [ 5.25, 3.5, 5.375, 4 ], "texture": "#rock" },
				"east": { "uv": [ 5.5, 4.5, 5.375, 5 ], "texture": "#rock" }
			}
		},
		{
			"__comment": "Voxels",
			"from": [ 5.5, 7.75, 6.5 ],
			"to": [ 9.5, 8, 6.75 ],
			"faces": {
				"down": { "uv": [ 1.25, 0.125, 3.25, 0.25 ], "texture": "#rock" },
				"north": { "uv": [ 3.25, 0.625, 1.25, 0.75 ], "texture": "#rock" },
				"west": { "uv": [ 1.125, 3.5, 1.25, 3.625 ], "texture": "#rock" },
				"east": { "uv": [ 1.25, 3.375, 1.125, 3.5 ], "texture": "#rock" }
			}
		},
		{
			"__comment": "Voxels",
			"from": [ 5.5, 7.75, 8.5 ],
			"to": [ 10.75, 8.75, 8.75 ],
			"faces": {
				"up": { "uv": [ 11.625, 12.25, 14.25, 12.125 ], "texture": "#rock" },
				"north": { "uv": [ 7.875, 15.5, 5.25, 16 ], "texture": "#rock" },
				"south": { "uv": [ 13.125, 15.5, 15.75, 16 ], "texture": "#rock" },
				"west": { "uv": [ 5.25, 4, 5.375, 4.5 ], "texture": "#rock" },
				"east": { "uv": [ 5.5, 4, 5.375, 4.5 ], "texture": "#rock" }
			}
		},
		{
			"__comment": "Voxels",
			"from": [ 5.5, 8, 6.25 ],
			"to": [ 8.75, 8.25, 6.5 ],
			"faces": {
				"down": { "uv": [ 3.5, 6.625, 5.125, 6.75 ], "texture": "#rock" },
				"north": { "uv": [ 5.125, 6.375, 3.5, 6.5 ], "texture": "#rock" },
				"west": { "uv": [ 1.125, 3.25, 1.25, 3.375 ], "texture": "#rock" },
				"east": { "uv": [ 1.25, 3.125, 1.125, 3.25 ], "texture": "#rock" }
			}
		},
		{
			"__comment": "Voxels",
			"from": [ 5.5, 8, 9 ],
			"to": [ 10.75, 8.25, 9.25 ],
			"faces": {
				"down": { "uv": [ 3.5, 11.875, 6.125, 12 ], "texture": "#rock" },
				"up": { "uv": [ 6.125, 12, 8.75, 11.875 ], "texture": "#rock" },
				"south": { "uv": [ 11.375, 11.875, 14, 12 ], "texture": "#rock" },
				"west": { "uv": [ 1.125, 3, 1.25, 3.125 ], "texture": "#rock" },
				"east": { "uv": [ 1.25, 2.875, 1.125, 3 ], "texture": "#rock" }
			}
		},
		{
			"__comment": "Voxels",
			"from": [ 5.5, 8.5, 6.25 ],
			"to": [ 8.75, 8.75, 6.5 ],
			"faces": {
				"up": { "uv": [ 3.5, 5.875, 5.125, 5.75 ], "texture": "#rock" },
				"north": { "uv": [ 5.125, 5.625, 3.5, 5.75 ], "texture": "#rock" },
				"west": { "uv": [ 1.125, 2.75, 1.25, 2.875 ], "texture": "#rock" },
				"east": { "uv": [ 1.25, 2.625, 1.125, 2.75 ], "texture": "#rock" }
			}
		},
		{
			"__comment": "Voxels",
			"from": [ 5.5, 8.5, 8.25 ],
			"to": [ 10.75, 8.75, 8.5 ],
			"faces": {
				"up": { "uv": [ 6.125, 11.875, 8.75, 11.75 ], "texture": "#rock" },
				"north": { "uv": [ 7.875, 15.375, 5.25, 15.5 ], "texture": "#rock" },
				"west": { "uv": [ 1.125, 2.5, 1.25, 2.625 ], "texture": "#rock" },
				"east": { "uv": [ 1.25, 2.375, 1.125, 2.5 ], "texture": "#rock" }
			}
		},
		{
			"__comment": "Voxels",
			"from": [ 5.5, 8.75, 6.25 ],
			"to": [ 8.25, 9, 6.5 ],
			"faces": {
				"up": { "uv": [ 3.5, 1.875, 4.875, 1.75 ], "texture": "#rock" },
				"north": { "uv": [ 4.875, 1.875, 3.5, 2 ], "texture": "#rock" },
				"west": { "uv": [ 1.125, 1.875, 1.25, 2 ], "texture": "#rock" },
				"east": { "uv": [ 1.25, 1.75, 1.125, 1.875 ], "texture": "#rock" }
			}
		},
		{
			"__comment": "Voxels",
			"from": [ 5.5, 8.75, 8 ],
			"to": [ 10.5, 9, 8.25 ],
			"faces": {
				"up": { "uv": [ 8.625, 13.5, 11.125, 13.375 ], "texture": "#rock" },
				"north": { "uv": [ 11.25, 11.75, 8.75, 11.875 ], "texture": "#rock" },
				"south": { "uv": [ 11.125, 13.375, 13.625, 13.5 ], "texture": "#rock" },
				"west": { "uv": [ 1.125, 1.625, 1.25, 1.75 ], "texture": "#rock" },
				"east": { "uv": [ 1.25, 1.5, 1.125, 1.625 ], "texture": "#rock" }
			}
		},
		{
			"__comment": "Voxels",
			"from": [ 5.5, 9, 6.5 ],
			"to": [ 8.5, 9.25, 7 ],
			"faces": {
				"up": { "uv": [ 1.25, 6.75, 2.75, 6.5 ], "texture": "#rock" },
				"north": { "uv": [ 5, 4.375, 3.5, 4.5 ], "texture": "#rock" },
				"west": { "uv": [ 5, 4.125, 5.25, 4.25 ], "texture": "#rock" },
				"east": { "uv": [ 5.25, 4, 5, 4.125 ], "texture": "#rock" }
			}
		},
		{
			"__comment": "Voxels",
			"from": [ 5.5, 9, 7.5 ],
			"to": [ 10.25, 9.25, 7.75 ],
			"faces": {
				"down": { "uv": [ 8.25, 11.375, 10.625, 11.5 ], "texture": "#rock" },
				"up": { "uv": [ 10.625, 11.5, 13, 11.375 ], "texture": "#rock" },
				"north": { "uv": [ 15.375, 11.375, 13, 11.5 ], "texture": "#rock" },
				"south": { "uv": [ 3.5, 11.25, 5.875, 11.375 ], "texture": "#rock" },
				"west": { "uv": [ 1.125, 1.375, 1.25, 1.5 ], "texture": "#rock" },
				"east": { "uv": [ 1.25, 1.25, 1.125, 1.375 ], "texture": "#rock" }
			}
		},
		{
			"__comment": "Voxels",
			"from": [ 5.75, 6.75, 7.25 ],
			"to": [ 10, 7.25, 7.75 ],
			"faces": {
				"down": { "uv": [ 1.25, 9.625, 3.375, 9.875 ], "texture": "#rock" },
				"north": { "uv": [ 3.375, 9.875, 1.25, 10.125 ], "texture": "#rock" },
				"south": { "uv": [ 1.25, 10.125, 3.375, 10.375 ], "texture": "#rock" },
				"west": { "uv": [ 3.25, 8.5, 3.5, 8.75 ], "texture": "#rock" },
				"east": { "uv": [ 3.5, 8.25, 3.25, 8.5 ], "texture": "#rock" }
			}
		},
		{
			"__comment": "Voxels",
			"from": [ 5.75, 6.75, 7.75 ],
			"to": [ 10.25, 7, 8.5 ],
			"faces": {
				"down": { "uv": [ 8.5, 13.875, 10.75, 14.25 ], "texture": "#rock" },
				"north": { "uv": [ 3.5, 3.875, 1.25, 4 ], "texture": "#rock" },
				"south": { "uv": [ 1.25, 3.625, 3.5, 3.75 ], "texture": "#rock" },
				"west": { "uv": [ 4.875, 2, 5.25, 2.125 ], "texture": "#rock" },
				"east": { "uv": [ 5.25, 1.875, 4.875, 2 ], "texture": "#rock" }
			}
		},
		{
			"__comment": "Voxels",
			"from": [ 5.75, 7, 8.5 ],
			"to": [ 10.75, 7.25, 9 ],
			"faces": {
				"down": { "uv": [ 1.25, 13.125, 3.75, 13.375 ], "texture": "#rock" },
				"up": { "uv": [ 11.125, 13.75, 13.625, 13.5 ], "texture": "#rock" },
				"north": { "uv": [ 11, 11.625, 8.5, 11.75 ], "texture": "#rock" },
				"south": { "uv": [ 11, 11.625, 13.5, 11.75 ], "texture": "#rock" },
				"west": { "uv": [ 5, 3.875, 5.25, 4 ], "texture": "#rock" },
				"east": { "uv": [ 5.25, 3.75, 5, 3.875 ], "texture": "#rock" }
			}
		},
		{
			"__comment": "Voxels",
			"from": [ 5.75, 7.25, 6.5 ],
			"to": [ 8.75, 7.75, 6.75 ],
			"faces": {
				"down": { "uv": [ 3.5, 4.75, 5, 4.875 ], "texture": "#rock" },
				"north": { "uv": [ 2.75, 6.75, 1.25, 7 ], "texture": "#rock" },
				"south": { "uv": [ 1.25, 7, 2.75, 7.25 ], "texture": "#rock" },
				"west": { "uv": [ 3.375, 9.875, 3.5, 10.125 ], "texture": "#rock" },
				"east": { "uv": [ 3.5, 9.625, 3.375, 9.875 ], "texture": "#rock" }
			}
		},
		{
			"__comment": "Voxels",
			"from": [ 5.75, 7.25, 6.75 ],
			"to": [ 9.75, 7.5, 7.25 ],
			"faces": {
				"down": { "uv": [ 1.25, 8.25, 3.25, 8.5 ], "texture": "#rock" },
				"north": { "uv": [ 3.25, 1.125, 1.25, 1.25 ], "texture": "#rock" },
				"west": { "uv": [ 5, 3.625, 5.25, 3.75 ], "texture": "#rock" },
				"east": { "uv": [ 5.25, 3.5, 5, 3.625 ], "texture": "#rock" }
			}
		},
		{
			"__comment": "Voxels",
			"from": [ 5.75, 7.25, 8.75 ],
			"to": [ 11, 7.5, 9 ],
			"faces": {
				"down": { "uv": [ 3.5, 12, 6.125, 12.125 ], "texture": "#rock" },
				"up": { "uv": [ 6.125, 12.125, 8.75, 12 ], "texture": "#rock" },
				"south": { "uv": [ 11.375, 12, 14, 12.125 ], "texture": "#rock" },
				"west": { "uv": [ 1.125, 1.125, 1.25, 1.25 ], "texture": "#rock" },
				"east": { "uv": [ 1.25, 1, 1.125, 1.125 ], "texture": "#rock" }
			}
		},
		{
			"__comment": "Voxels",
			"from": [ 5.75, 7.5, 9 ],
			"to": [ 10.75, 8, 9.25 ],
			"faces": {
				"down": { "uv": [ 3.5, 11.625, 6, 11.75 ], "texture": "#rock" },
				"south": { "uv": [ 11.25, 13.125, 13.75, 13.375 ], "texture": "#rock" },
				"west": { "uv": [ 5.25, 0, 5.375, 0.25 ], "texture": "#rock" },
				"east": { "uv": [ 5.5, 0, 5.375, 0.25 ], "texture": "#rock" }
			}
		},
		{
			"__comment": "Voxels",
			"from": [ 5.75, 7.75, 6.25 ],
			"to": [ 8.75, 8, 6.5 ],
			"faces": {
				"down": { "uv": [ 3.5, 3, 5, 3.125 ], "texture": "#rock" },
				"north": { "uv": [ 5, 4, 3.5, 4.125 ], "texture": "#rock" },
				"west": { "uv": [ 1.125, 0.875, 1.25, 1 ], "texture": "#rock" },
				"east": { "uv": [ 1.25, 0.75, 1.125, 0.875 ], "texture": "#rock" }
			}
		},
		{
			"__comment": "Voxels",
			"from": [ 5.75, 8, 6 ],
			"to": [ 8.25, 8.75, 6.25 ],
			"faces": {
				"down": { "uv": [ 0, 5.25, 1.25, 5.375 ], "texture": "#rock" },
				"up": { "uv": [ 0, 4.375, 1.25, 4.25 ], "texture": "#rock" },
				"north": { "uv": [ 1.25, 11.375, 0, 11.75 ], "texture": "#rock" },
				"south": { "uv": [ 0, 11.75, 1.25, 12.125 ], "texture": "#rock" },
				"west": { "uv": [ 5.625, 5.375, 5.75, 5.75 ], "texture": "#rock" },
				"east": { "uv": [ 5.625, 5.375, 5.5, 5.75 ], "texture": "#rock" }
			}
		},
		{
			"__comment": "Voxels",
			"from": [ 5.75, 8, 9.25 ],
			"to": [ 10.5, 8.25, 9.5 ],
			"faces": {
				"down": { "uv": [ 5.875, 11.5, 8.25, 11.625 ], "texture": "#rock" },
				"up": { "uv": [ 8.25, 11.625, 10.625, 11.5 ], "texture": "#rock" },
				"south": { "uv": [ 3.5, 11.125, 5.875, 11.25 ], "texture": "#rock" },
				"west": { "uv": [ 1.125, 0.625, 1.25, 0.75 ], "texture": "#rock" },
				"east": { "uv": [ 1.25, 0.5, 1.125, 0.625 ], "texture": "#rock" }
			}
		},
		{
			"__comment": "Voxels",
			"from": [ 5.75, 8.25, 9 ],
			"to": [ 10.5, 8.75, 9.25 ],
			"faces": {
				"up": { "uv": [ 3.5, 11.125, 5.875, 11 ], "texture": "#rock" },
				"north": { "uv": [ 15.625, 12.875, 13.25, 13.125 ], "texture": "#rock" },
				"south": { "uv": [ 1.25, 12.625, 3.625, 12.875 ], "texture": "#rock" },
				"west": { "uv": [ 5.5, 3.75, 5.625, 4 ], "texture": "#rock" },
				"east": { "uv": [ 5.75, 3.75, 5.625, 4 ], "texture": "#rock" }
			}
		},
		{
			"__comment": "Voxels",
			"from": [ 5.75, 8.5, 8.75 ],
			"to": [ 10.5, 9, 9 ],
			"faces": {
				"up": { "uv": [ 10.625, 11.375, 13, 11.25 ], "texture": "#rock" },
				"north": { "uv": [ 6, 12.625, 3.625, 12.875 ], "texture": "#rock" },
				"south": { "uv": [ 10.75, 12.625, 13.125, 12.875 ], "texture": "#rock" },
				"west": { "uv": [ 5.75, 3.75, 5.875, 4 ], "texture": "#rock" },
				"east": { "uv": [ 6, 3.75, 5.875, 4 ], "texture": "#rock" }
			}
		},
		{
			"__comment": "Voxels",
			"from": [ 5.75, 8.75, 8.25 ],
			"to": [ 10.5, 9.25, 8.5 ],
			"faces": {
				"up": { "uv": [ 13, 11.625, 15.375, 11.5 ], "texture": "#rock" },
				"north": { "uv": [ 6, 12.375, 3.625, 12.625 ], "texture": "#rock" },
				"south": { "uv": [ 13.125, 12.625, 15.5, 12.875 ], "texture": "#rock" },
				"west": { "uv": [ 5.5, 3.5, 5.625, 3.75 ], "texture": "#rock" },
				"east": { "uv": [ 5.75, 3.5, 5.625, 3.75 ], "texture": "#rock" }
			}
		},
		{
			"__comment": "Voxels",
			"from": [ 5.75, 8.75, 8.5 ],
			"to": [ 10.5, 9, 8.75 ],
			"faces": {
				"up": { "uv": [ 13.625, 13.5, 16, 13.375 ], "texture": "#rock" },
				"west": { "uv": [ 1.125, 0.375, 1.25, 0.5 ], "texture": "#rock" },
				"east": { "uv": [ 1.25, 0.25, 1.125, 0.375 ], "texture": "#rock" }
			}
		},
		{
			"__comment": "Voxels",
			"from": [ 5.75, 9, 7.75 ],
			"to": [ 10.5, 9.25, 8.25 ],
			"faces": {
				"down": { "uv": [ 3.75, 12.875, 6.125, 13.125 ], "texture": "#rock" },
				"up": { "uv": [ 13.625, 13.75, 16, 13.5 ], "texture": "#rock" },
				"north": { "uv": [ 13, 11.5, 10.625, 11.625 ], "texture": "#rock" },
				"west": { "uv": [ 5.75, 4.125, 6, 4.25 ], "texture": "#rock" },
				"east": { "uv": [ 6, 3.625, 5.75, 3.75 ], "texture": "#rock" }
			}
		},
		{
			"__comment": "Voxels",
			"from": [ 6, 6.5, 7.25 ],
			"to": [ 9.5, 6.75, 8.75 ],
			"faces": {
				"down": { "uv": [ 4.375, 14.625, 6.125, 15.375 ], "texture": "#rock" },
				"up": { "uv": [ 6.125, 15.375, 7.875, 14.625 ], "texture": "#rock" },
				"north": { "uv": [ 5.25, 8.875, 3.5, 9 ], "texture": "#rock" },
				"south": { "uv": [ 3.5, 9, 5.25, 9.125 ], "texture": "#rock" },
				"west": { "uv": [ 13, 10.125, 13.75, 10.25 ], "texture": "#rock" },
				"east": { "uv": [ 10.75, 10.125, 10, 10.25 ], "texture": "#rock" }
			}
		},
		{
			"__comment": "Voxels",
			"from": [ 6, 6.75, 6.75 ],
			"to": [ 9.25, 7.25, 7.25 ],
			"faces": {
				"down": { "uv": [ 1.25, 7.75, 2.875, 8 ], "texture": "#rock" },
				"north": { "uv": [ 2.875, 7.25, 1.25, 7.5 ], "texture": "#rock" },
				"west": { "uv": [ 3.25, 0, 3.5, 0.25 ], "texture": "#rock" },
				"east": { "uv": [ 5.5, 1.5, 5.25, 1.75 ], "texture": "#rock" }
			}
		},
		{
			"__comment": "Voxels",
			"from": [ 6, 6.75, 8.5 ],
			"to": [ 10.5, 7, 9 ],
			"faces": {
				"down": { "uv": [ 12.75, 12.375, 15, 12.625 ], "texture": "#rock" },
				"north": { "uv": [ 3.5, 3.25, 1.25, 3.375 ], "texture": "#rock" },
				"south": { "uv": [ 1.25, 3.375, 3.5, 3.5 ], "texture": "#rock" },
				"west": { "uv": [ 5.75, 3.5, 6, 3.625 ], "texture": "#rock" },
				"east": { "uv": [ 5.75, 3.375, 5.5, 3.5 ], "texture": "#rock" }
			}
		},
		{
			"__comment": "Voxels",
			"from": [ 6, 7, 6.5 ],
			"to": [ 8.75, 7.25, 6.75 ],
			"faces": {
				"down": { "uv": [ 3.5, 1.25, 4.875, 1.375 ], "texture": "#rock" },
				"north": { "uv": [ 4.875, 1, 3.5, 1.125 ], "texture": "#rock" },
				"west": { "uv": [ 1.125, 0.125, 1.25, 0.25 ], "texture": "#rock" },
				"east": { "uv": [ 1.25, 0, 1.125, 0.125 ], "texture": "#rock" }
			}
		},
		{
			"__comment": "Voxels",
			"from": [ 6, 7, 9 ],
			"to": [ 10.75, 7.5, 9.25 ],
			"faces": {
				"down": { "uv": [ 10.625, 11.125, 13, 11.25 ], "texture": "#rock" },
				"north": { "uv": [ 8.375, 12.625, 6, 12.875 ], "texture": "#rock" },
				"south": { "uv": [ 8.375, 12.625, 10.75, 12.875 ], "texture": "#rock" },
				"west": { "uv": [ 5.5, 3, 5.625, 3.25 ], "texture": "#rock" },
				"east": { "uv": [ 5.625, 0, 5.5, 0.25 ], "texture": "#rock" }
			}
		},
		{
			"__comment": "Voxels",
			"from": [ 6, 7.25, 6.25 ],
			"to": [ 8.25, 7.75, 6.5 ],
			"faces": {
				"down": { "uv": [ 0, 3, 1.125, 3.125 ], "texture": "#rock" },
				"north": { "uv": [ 1.125, 9, 0, 9.25 ], "texture": "#rock" },
				"west": { "uv": [ 5.625, 3, 5.75, 3.25 ], "texture": "#rock" },
				"east": { "uv": [ 5.875, 3, 5.75, 3.25 ], "texture": "#rock" }
			}
		},
		{
			"__comment": "Voxels",
			"from": [ 6, 7.5, 9.25 ],
			"to": [ 10.5, 8, 9.5 ],
			"faces": {
				"down": { "uv": [ 1.25, 4, 3.5, 4.125 ], "texture": "#rock" },
				"south": { "uv": [ 13.75, 13.125, 16, 13.375 ], "texture": "#rock" },
				"west": { "uv": [ 5.875, 3, 6, 3.25 ], "texture": "#rock" },
				"east": { "uv": [ 5.625, 2.75, 5.5, 3 ], "texture": "#rock" }
			}
		},
		{
			"__comment": "Voxels",
			"from": [ 6, 7.75, 6 ],
			"to": [ 8.25, 8, 6.25 ],
			"faces": {
				"down": { "uv": [ 0, 2.625, 1.125, 2.75 ], "texture": "#rock" },
				"north": { "uv": [ 1.125, 2.375, 0, 2.5 ], "texture": "#rock" },
				"west": { "uv": [ 3.375, 4.75, 3.5, 4.875 ], "texture": "#rock" },
				"east": { "uv": [ 3.5, 4.625, 3.375, 4.75 ], "texture": "#rock" }
			}
		},
		{
			"__comment": "Voxels",
			"from": [ 6, 8.25, 9.25 ],
			"to": [ 10.25, 8.75, 9.5 ],
			"faces": {
				"up": { "uv": [ 1.25, 2.125, 3.375, 2 ], "texture": "#rock" },
				"south": { "uv": [ 1.25, 10.375, 3.375, 10.625 ], "texture": "#rock" },
				"west": { "uv": [ 5.5, 2.5, 5.625, 2.75 ], "texture": "#rock" },
				"east": { "uv": [ 5.75, 2.5, 5.625, 2.75 ], "texture": "#rock" }
			}
		},
		{
			"__comment": "Voxels",
			"from": [ 6, 8.75, 6 ],
			"to": [ 6.75, 9, 6.25 ],
			"faces": {
				"up": { "uv": [ 15.625, 10.25, 16, 10.125 ], "texture": "#rock" },
				"north": { "uv": [ 16, 10.5, 15.625, 10.625 ], "texture": "#rock" },
				"west": { "uv": [ 3.375, 4.5, 3.5, 4.625 ], "texture": "#rock" },
				"east": { "uv": [ 3.5, 4.375, 3.375, 4.5 ], "texture": "#rock" }
			}
		},
		{
			"__comment": "Voxels",
			"from": [ 6, 8.75, 9 ],
			"to": [ 10.25, 9, 9.25 ],
			"faces": {
				"up": { "uv": [ 1.25, 1.875, 3.375, 1.75 ], "texture": "#rock" },
				"south": { "uv": [ 1.25, 2.25, 3.375, 2.375 ], "texture": "#rock" },
				"west": { "uv": [ 3.375, 4.25, 3.5, 4.375 ], "texture": "#rock" },
				"east": { "uv": [ 3.5, 3, 3.375, 3.125 ], "texture": "#rock" }
			}
		},
		{
			"__comment": "Voxels",
			"from": [ 6, 9, 6.25 ],
			"to": [ 8.25, 9.25, 6.5 ],
			"faces": {
				"up": { "uv": [ 0, 0.375, 1.125, 0.25 ], "texture": "#rock" },
				"north": { "uv": [ 1.125, 0.125, 0, 0.25 ], "texture": "#rock" },
				"west": { "uv": [ 3.375, 2.875, 3.5, 3 ], "texture": "#rock" },
				"east": { "uv": [ 3.5, 2.75, 3.375, 2.875 ], "texture": "#rock" }
			}
		},
		{
			"__comment": "Voxels",
			"from": [ 6, 9, 8.5 ],
			"to": [ 10.25, 9.25, 9 ],
			"faces": {
				"down": { "uv": [ 1.25, 9.125, 3.375, 9.375 ], "texture": "#rock" },
				"up": { "uv": [ 1.25, 10.875, 3.375, 10.625 ], "texture": "#rock" },
				"south": { "uv": [ 1.25, 1.375, 3.375, 1.5 ], "texture": "#rock" },
				"west": { "uv": [ 5.75, 2.375, 6, 2.5 ], "texture": "#rock" },
				"east": { "uv": [ 6, 2.25, 5.75, 2.375 ], "texture": "#rock" }
			}
		},
		{
			"__comment": "Voxels",
			"from": [ 6, 9.25, 6.75 ],
			"to": [ 9, 9.5, 8.25 ],
			"faces": {
				"down": { "uv": [ 12.25, 14.625, 13.75, 15.375 ], "texture": "#rock" },
				"up": { "uv": [ 13.75, 15.375, 15.25, 14.625 ], "texture": "#rock" },
				"north": { "uv": [ 16, 13.75, 14.5, 13.875 ], "texture": "#rock" },
				"south": { "uv": [ 14.5, 12.25, 16, 12.375 ], "texture": "#rock" },
				"west": { "uv": [ 15.25, 10.25, 16, 10.375 ], "texture": "#rock" },
				"east": { "uv": [ 15.25, 10.25, 14.5, 10.375 ], "texture": "#rock" }
			}
		},
		{
			"__comment": "Voxels",
			"from": [ 6.25, 6.25, 7.75 ],
			"to": [ 9.75, 6.5, 8.75 ],
			"faces": {
				"down": { "uv": [ 6.75, 13.75, 8.5, 14.25 ], "texture": "#rock" },
				"up": { "uv": [ 5, 14.25, 6.75, 13.75 ], "texture": "#rock" },
				"north": { "uv": [ 5.25, 9.25, 3.5, 9.375 ], "texture": "#rock" },
				"south": { "uv": [ 3.5, 9.375, 5.25, 9.5 ], "texture": "#rock" },
				"west": { "uv": [ 5.5, 8.875, 6, 9 ], "texture": "#rock" },
				"east": { "uv": [ 6, 8.75, 5.5, 8.875 ], "texture": "#rock" }
			}
		},
		{
			"__comment": "Voxels",
			"from": [ 6.25, 6.5, 6.75 ],
			"to": [ 9, 6.75, 7.25 ],
			"faces": {
				"down": { "uv": [ 1.25, 6, 2.625, 6.25 ], "texture": "#rock" },
				"north": { "uv": [ 4.875, 0.25, 3.5, 0.375 ], "texture": "#rock" },
				"west": { "uv": [ 5.75, 2.125, 6, 2.25 ], "texture": "#rock" },
				"east": { "uv": [ 5.75, 2, 5.5, 2.125 ], "texture": "#rock" }
			}
		},
		{
			"__comment": "Voxels",
			"from": [ 6.25, 6.5, 8.75 ],
			"to": [ 10.25, 6.75, 9 ],
			"faces": {
				"down": { "uv": [ 1.25, 0.5, 3.25, 0.625 ], "texture": "#rock" },
				"north": { "uv": [ 3.25, 0.25, 1.25, 0.375 ], "texture": "#rock" },
				"south": { "uv": [ 1.25, 0.875, 3.25, 1 ], "texture": "#rock" },
				"west": { "uv": [ 3.375, 2.625, 3.5, 2.75 ], "texture": "#rock" },
				"east": { "uv": [ 3.5, 2.5, 3.375, 2.625 ], "texture": "#rock" }
			}
		},
		{
			"__comment": "Voxels",
			"from": [ 6.25, 6.75, 6.5 ],
			"to": [ 8.75, 7, 6.75 ],
			"faces": {
				"down": { "uv": [ 0, 4.625, 1.25, 4.75 ], "texture": "#rock" },
				"north": { "uv": [ 1.25, 5, 0, 5.125 ], "texture": "#rock" },
				"west": { "uv": [ 3.375, 2.375, 3.5, 2.5 ], "texture": "#rock" },
				"east": { "uv": [ 3.5, 2.25, 3.375, 2.375 ], "texture": "#rock" }
			}
		},
		{
			"__comment": "Voxels",
			"from": [ 6.25, 6.75, 9 ],
			"to": [ 10.5, 7, 9.25 ],
			"faces": {
				"down": { "uv": [ 1.25, 2.75, 3.375, 2.875 ], "texture": "#rock" },
				"south": { "uv": [ 1.25, 2.375, 3.375, 2.5 ], "texture": "#rock" },
				"west": { "uv": [ 3.375, 2.125, 3.5, 2.25 ], "texture": "#rock" },
				"east": { "uv": [ 3.5, 2, 3.375, 2.125 ], "texture": "#rock" }
			}
		},
		{
			"__comment": "Voxels",
			"from": [ 6.25, 6.75, 9.25 ],
			"to": [ 10, 7.5, 9.5 ],
			"faces": {
				"down": { "uv": [ 9.125, 10.75, 11, 10.875 ], "texture": "#rock" },
				"north": { "uv": [ 14.5, 13.875, 12.625, 14.25 ], "texture": "#rock" },
				"south": { "uv": [ 1.25, 13.375, 3.125, 13.75 ], "texture": "#rock" },
				"west": { "uv": [ 5.5, 6.625, 5.625, 7 ], "texture": "#rock" },
				"east": { "uv": [ 5.75, 6.625, 5.625, 7 ], "texture": "#rock" }
			}
		},
		{
			"__comment": "Voxels",
			"from": [ 6.25, 7, 6 ],
			"to": [ 7.75, 7.75, 6.25 ],
			"faces": {
				"down": { "uv": [ 2.75, 6.375, 3.5, 6.5 ], "texture": "#rock" },
				"north": { "uv": [ 1.25, 9.75, 0.5, 10.125 ], "texture": "#rock" },
				"south": { "uv": [ 0, 8.625, 0.75, 9 ], "texture": "#rock" },
				"west": { "uv": [ 5.125, 0, 5.25, 0.375 ], "texture": "#rock" },
				"east": { "uv": [ 5.5, 1.125, 5.375, 1.5 ], "texture": "#rock" }
			}
		},
		{
			"__comment": "Voxels",
			"from": [ 6.25, 7, 6.25 ],
			"to": [ 8.25, 7.25, 6.5 ],
			"faces": {
				"down": { "uv": [ 11.5, 10.375, 12.5, 10.5 ], "texture": "#rock" },
				"north": { "uv": [ 14.5, 10.375, 13.5, 10.5 ], "texture": "#rock" },
				"west": { "uv": [ 3.375, 1.875, 3.5, 2 ], "texture": "#rock" },
				"east": { "uv": [ 3.5, 1.75, 3.375, 1.875 ], "texture": "#rock" }
			}
		},
		{
			"__comment": "Voxels",
			"from": [ 6.25, 7.75, 9.5 ],
			"to": [ 10, 8.75, 9.75 ],
			"faces": {
				"down": { "uv": [ 3.5, 10.625, 5.375, 10.75 ], "texture": "#rock" },
				"up": { "uv": [ 5.375, 10.75, 7.25, 10.625 ], "texture": "#rock" },
				"north": { "uv": [ 5, 13.75, 3.125, 14.25 ], "texture": "#rock" },
				"south": { "uv": [ 1.25, 13.75, 3.125, 14.25 ], "texture": "#rock" },
				"west": { "uv": [ 5.375, 3, 5.5, 3.5 ], "texture": "#rock" },
				"east": { "uv": [ 5.375, 2.5, 5.25, 3 ], "texture": "#rock" }
			}
		},
		{
			"__comment": "Voxels",
			"from": [ 6.25, 8.75, 9.25 ],
			"to": [ 10, 9, 9.5 ],
			"faces": {
				"up": { "uv": [ 12.875, 10.875, 14.75, 10.75 ], "texture": "#rock" },
				"south": { "uv": [ 12.625, 13.75, 14.5, 13.875 ], "texture": "#rock" },
				"west": { "uv": [ 3.375, 1.625, 3.5, 1.75 ], "texture": "#rock" },
				"east": { "uv": [ 3.5, 1.5, 3.375, 1.625 ], "texture": "#rock" }
			}
		},
		{
			"__comment": "Voxels",
			"from": [ 6.25, 9, 9 ],
			"to": [ 10, 9.25, 9.25 ],
			"faces": {
				"up": { "uv": [ 3.5, 11, 5.375, 10.875 ], "texture": "#rock" },
				"south": { "uv": [ 5.375, 10.75, 7.25, 10.875 ], "texture": "#rock" },
				"west": { "uv": [ 3.375, 1.375, 3.5, 1.5 ], "texture": "#rock" },
				"east": { "uv": [ 16, 11.625, 15.875, 11.75 ], "texture": "#rock" }
			}
		},
		{
			"__comment": "Voxels",
			"from": [ 6.25, 9.25, 6.5 ],
			"to": [ 8.5, 9.5, 6.75 ],
			"faces": {
				"up": { "uv": [ 13.5, 10.625, 14.625, 10.5 ], "texture": "#rock" },
				"north": { "uv": [ 1.125, 1.75, 0, 1.875 ], "texture": "#rock" },
				"west": { "uv": [ 15.875, 10.875, 16, 11 ], "texture": "#rock" },
				"east": { "uv": [ 16, 10.75, 15.875, 10.875 ], "texture": "#rock" }
			}
		},
		{
			"__comment": "Voxels",
			"from": [ 6.25, 9.25, 8.25 ],
			"to": [ 10.25, 9.5, 8.5 ],
			"faces": {
				"up": { "uv": [ 1.25, 0.5, 3.25, 0.375 ], "texture": "#rock" },
				"north": { "uv": [ 15.75, 11.75, 13.75, 11.875 ], "texture": "#rock" },
				"south": { "uv": [ 14, 11.875, 16, 12 ], "texture": "#rock" },
				"west": { "uv": [ 5.125, 8.75, 5.25, 8.875 ], "texture": "#rock" },
				"east": { "uv": [ 5.25, 8.625, 5.125, 8.75 ], "texture": "#rock" }
			}
		},
		{
			"__comment": "Voxels",
			"from": [ 6.25, 9.25, 8.5 ],
			"to": [ 10, 9.5, 8.75 ],
			"faces": {
				"up": { "uv": [ 11, 11, 12.875, 10.875 ], "texture": "#rock" },
				"south": { "uv": [ 5.375, 10.875, 7.25, 11 ], "texture": "#rock" },
				"west": { "uv": [ 5.125, 8.5, 5.25, 8.625 ], "texture": "#rock" },
				"east": { "uv": [ 5.25, 8.375, 5.125, 8.5 ], "texture": "#rock" }
			}
		},
		{
			"__comment": "Voxels",
			"from": [ 6.5, 6.25, 7 ],
			"to": [ 9.25, 6.5, 7.75 ],
			"faces": {
				"down": { "uv": [ 14.5, 13.875, 15.875, 14.25 ], "texture": "#rock" },
				"up": { "uv": [ 1.25, 9.125, 2.625, 8.75 ], "texture": "#rock" },
				"north": { "uv": [ 4.875, 2.375, 3.5, 2.5 ], "texture": "#rock" },
				"west": { "uv": [ 4.875, 1.375, 5.25, 1.5 ], "texture": "#rock" },
				"east": { "uv": [ 5.25, 1.25, 4.875, 1.375 ], "texture": "#rock" }
			}
		},
		{
			"__comment": "Voxels",
			"from": [ 6.5, 6.25, 8.75 ],
			"to": [ 9.75, 6.5, 9 ],
			"faces": {
				"down": { "uv": [ 3.5, 7.125, 5.125, 7.25 ], "texture": "#rock" },
				"south": { "uv": [ 3.5, 6.75, 5.125, 6.875 ], "texture": "#rock" },
				"west": { "uv": [ 5.125, 8.25, 5.25, 8.375 ], "texture": "#rock" },
				"east": { "uv": [ 5.25, 8.125, 5.125, 8.25 ], "texture": "#rock" }
			}
		},
		{
			"__comment": "Voxels",
			"from": [ 6.5, 6.5, 6.5 ],
			"to": [ 8.5, 6.75, 6.75 ],
			"faces": {
				"down": { "uv": [ 5.5, 10.375, 6.5, 10.5 ], "texture": "#rock" },
				"north": { "uv": [ 7.5, 10.375, 6.5, 10.5 ], "texture": "#rock" },
				"west": { "uv": [ 5.125, 8, 5.25, 8.125 ], "texture": "#rock" },
				"east": { "uv": [ 5.25, 7.875, 5.125, 8 ], "texture": "#rock" }
			}
		},
		{
			"__comment": "Voxels",
			"from": [ 6.5, 6.5, 9 ],
			"to": [ 10, 6.75, 9.25 ],
			"faces": {
				"down": { "uv": [ 12.625, 10.625, 14.375, 10.75 ], "texture": "#rock" },
				"south": { "uv": [ 14.25, 12.125, 16, 12.25 ], "texture": "#rock" },
				"west": { "uv": [ 5.125, 7.75, 5.25, 7.875 ], "texture": "#rock" },
				"east": { "uv": [ 5.25, 7.625, 5.125, 7.75 ], "texture": "#rock" }
			}
		},
		{
			"__comment": "Voxels",
			"from": [ 6.5, 6.5, 9.25 ],
			"to": [ 9.75, 6.75, 9.5 ],
			"faces": {
				"down": { "uv": [ 3.5, 8.625, 5.125, 8.75 ], "texture": "#rock" },
				"south": { "uv": [ 3.5, 8.25, 5.125, 8.375 ], "texture": "#rock" },
				"west": { "uv": [ 15.125, 9.625, 15.25, 9.75 ], "texture": "#rock" },
				"east": { "uv": [ 15.125, 9.625, 15, 9.75 ], "texture": "#rock" }
			}
		},
		{
			"__comment": "Voxels",
			"from": [ 6.5, 6.75, 6 ],
			"to": [ 7.75, 7, 6.5 ],
			"faces": {
				"down": { "uv": [ 0, 6.125, 0.625, 6.375 ], "texture": "#rock" },
				"up": { "uv": [ 0.375, 7.875, 1, 7.625 ], "texture": "#rock" },
				"north": { "uv": [ 7.375, 9.875, 6.75, 10 ], "texture": "#rock" },
				"west": { "uv": [ 5.75, 0.875, 6, 1 ], "texture": "#rock" },
				"east": { "uv": [ 6, 0.5, 5.75, 0.625 ], "texture": "#rock" }
			}
		},
		{
			"__comment": "Voxels",
			"from": [ 6.5, 7.25, 9.5 ],
			"to": [ 10, 7.5, 9.75 ],
			"faces": {
				"down": { "uv": [ 3.5, 9.5, 5.25, 9.625 ], "texture": "#rock" },
				"up": { "uv": [ 3.5, 10.625, 5.25, 10.5 ], "texture": "#rock" },
				"south": { "uv": [ 3.5, 10.125, 5.25, 10.25 ], "texture": "#rock" },
				"west": { "uv": [ 14.875, 9.625, 15, 9.75 ], "texture": "#rock" },
				"east": { "uv": [ 14.875, 9.625, 14.75, 9.75 ], "texture": "#rock" }
			}
		},
		{
			"__comment": "Voxels",
			"from": [ 6.5, 7.5, 9.5 ],
			"to": [ 9.75, 7.75, 9.75 ],
			"faces": {
				"south": { "uv": [ 3.5, 7.75, 5.125, 7.875 ], "texture": "#rock" },
				"west": { "uv": [ 14.375, 9.625, 14.5, 9.75 ], "texture": "#rock" },
				"east": { "uv": [ 14.375, 9.625, 14.25, 9.75 ], "texture": "#rock" }
			}
		},
		{
			"__comment": "Voxels",
			"from": [ 6.5, 7.75, 9.75 ],
			"to": [ 9.5, 8, 10 ],
			"faces": {
				"down": { "uv": [ 3.5, 3.875, 5, 4 ], "texture": "#rock" },
				"up": { "uv": [ 3.5, 3.875, 5, 3.75 ], "texture": "#rock" },
				"south": { "uv": [ 3.5, 5, 5, 5.125 ], "texture": "#rock" },
				"west": { "uv": [ 14.125, 9.625, 14.25, 9.75 ], "texture": "#rock" },
				"east": { "uv": [ 14.125, 9.625, 14, 9.75 ], "texture": "#rock" }
			}
		},
		{
			"__comment": "Voxels",
			"from": [ 6.5, 8.25, 5.75 ],
			"to": [ 7.75, 8.5, 6 ],
			"faces": {
				"down": { "uv": [ 2.875, 7.5, 3.5, 7.625 ], "texture": "#rock" },
				"up": { "uv": [ 2.875, 7.5, 3.5, 7.375 ], "texture": "#rock" },
				"north": { "uv": [ 8.625, 9.875, 8, 10 ], "texture": "#rock" },
				"west": { "uv": [ 6.125, 8.75, 6.25, 8.875 ], "texture": "#rock" },
				"east": { "uv": [ 6.25, 8.875, 6.125, 9 ], "texture": "#rock" }
			}
		},
		{
			"__comment": "Voxels",
			"from": [ 6.5, 9, 9.25 ],
			"to": [ 9.75, 9.25, 9.5 ],
			"faces": {
				"up": { "uv": [ 3.5, 7.5, 5.125, 7.375 ], "texture": "#rock" },
				"south": { "uv": [ 3.5, 7.625, 5.125, 7.75 ], "texture": "#rock" },
				"west": { "uv": [ 6, 5, 6.125, 5.125 ], "texture": "#rock" },
				"east": { "uv": [ 6.125, 5.125, 6, 5.25 ], "texture": "#rock" }
			}
		},
		{
			"__comment": "Voxels",
			"from": [ 6.5, 9.25, 6.25 ],
			"to": [ 8, 9.5, 6.5 ],
			"faces": {
				"up": { "uv": [ 12.25, 10.25, 13, 10.125 ], "texture": "#rock" },
				"north": { "uv": [ 3.375, 4.375, 2.625, 4.5 ], "texture": "#rock" },
				"west": { "uv": [ 12.25, 9.625, 12.375, 9.75 ], "texture": "#rock" },
				"east": { "uv": [ 12.5, 9.625, 12.375, 9.75 ], "texture": "#rock" }
			}
		},
		{
			"__comment": "Voxels",
			"from": [ 6.5, 9.25, 8.75 ],
			"to": [ 9.75, 9.5, 9 ],
			"faces": {
				"up": { "uv": [ 3.5, 6.125, 5.125, 6 ], "texture": "#rock" },
				"south": { "uv": [ 3.5, 8.75, 5.125, 8.875 ], "texture": "#rock" },
				"west": { "uv": [ 5.375, 1, 5.5, 1.125 ], "texture": "#rock" },
				"east": { "uv": [ 6, 6.5, 5.875, 6.625 ], "texture": "#rock" }
			}
		},
		{
			"__comment": "Voxels",
			"from": [ 6.5, 9.25, 9 ],
			"to": [ 9.5, 9.5, 9.25 ],
			"faces": {
				"up": { "uv": [ 3.5, 3.5, 5, 3.375 ], "texture": "#rock" },
				"south": { "uv": [ 3.5, 3.125, 5, 3.25 ], "texture": "#rock" },
				"west": { "uv": [ 5.875, 6.375, 6, 6.5 ], "texture": "#rock" },
				"east": { "uv": [ 6, 6.25, 5.875, 6.375 ], "texture": "#rock" }
			}
		},
		{
			"__comment": "Voxels",
			"from": [ 6.75, 6, 7.25 ],
			"to": [ 9.25, 6.25, 9 ],
			"faces": {
				"down": { "uv": [ 0, 13.75, 1.25, 14.625 ], "texture": "#rock" },
				"up": { "uv": [ 0, 13.75, 1.25, 12.875 ], "texture": "#rock" },
				"north": { "uv": [ 1.25, 5.5, 0, 5.625 ], "texture": "#rock" },
				"south": { "uv": [ 0, 5.375, 1.25, 5.5 ], "texture": "#rock" },
				"west": { "uv": [ 2.625, 8.875, 3.5, 9 ], "texture": "#rock" },
				"east": { "uv": [ 3.5, 4.875, 2.625, 5 ], "texture": "#rock" }
			}
		},
		{
			"__comment": "Voxels",
			"from": [ 6.75, 6.25, 6.75 ],
			"to": [ 9, 6.5, 7 ],
			"faces": {
				"down": { "uv": [ 0, 3.375, 1.125, 3.5 ], "texture": "#rock" },
				"north": { "uv": [ 1.125, 3.875, 0, 4 ], "texture": "#rock" },
				"west": { "uv": [ 15.25, 9.75, 15.375, 9.875 ], "texture": "#rock" },
				"east": { "uv": [ 15.5, 9.75, 15.375, 9.875 ], "texture": "#rock" }
			}
		},
		{
			"__comment": "Voxels",
			"from": [ 6.75, 6.25, 9 ],
			"to": [ 9.5, 6.5, 9.25 ],
			"faces": {
				"down": { "uv": [ 3.5, 0, 4.875, 0.125 ], "texture": "#rock" },
				"south": { "uv": [ 3.5, 2.25, 4.875, 2.375 ], "texture": "#rock" },
				"west": { "uv": [ 6, 5.625, 6.125, 5.75 ], "texture": "#rock" },
				"east": { "uv": [ 6.125, 5.5, 6, 5.625 ], "texture": "#rock" }
			}
		},
		{
			"__comment": "Voxels",
			"from": [ 6.75, 6.75, 9.5 ],
			"to": [ 9.5, 7.25, 9.75 ],
			"faces": {
				"down": { "uv": [ 8, 10.5, 9.375, 10.625 ], "texture": "#rock" },
				"south": { "uv": [ 1.25, 5, 2.625, 5.25 ], "texture": "#rock" },
				"west": { "uv": [ 6, 8.75, 6.125, 9 ], "texture": "#rock" },
				"east": { "uv": [ 6.125, 9, 6, 9.25 ], "texture": "#rock" }
			}
		},
		{
			"__comment": "Voxels",
			"from": [ 6.75, 7.25, 9.75 ],
			"to": [ 9.5, 7.75, 10 ],
			"faces": {
				"down": { "uv": [ 3.5, 2.125, 4.875, 2.25 ], "texture": "#rock" },
				"north": { "uv": [ 2.625, 4.75, 1.25, 5 ], "texture": "#rock" },
				"south": { "uv": [ 1.25, 4.5, 2.625, 4.75 ], "texture": "#rock" },
				"west": { "uv": [ 6, 9.25, 6.125, 9.5 ], "texture": "#rock" },
				"east": { "uv": [ 6.125, 9.5, 6, 9.75 ], "texture": "#rock" }
			}
		},
		{
			"__comment": "Voxels",
			"from": [ 6.75, 7.5, 5.75 ],
			"to": [ 7.5, 8.25, 6 ],
			"faces": {
				"down": { "uv": [ 4.875, 2.625, 5.25, 2.75 ], "texture": "#rock" },
				"north": { "uv": [ 0.75, 2, 0.375, 2.375 ], "texture": "#rock" },
				"south": { "uv": [ 0.75, 2, 1.125, 2.375 ], "texture": "#rock" },
				"west": { "uv": [ 1.125, 2, 1.25, 2.375 ], "texture": "#rock" },
				"east": { "uv": [ 1.25, 8.625, 1.125, 9 ], "texture": "#rock" }
			}
		},
		{
			"__comment": "Voxels",
			"from": [ 6.75, 8, 9.75 ],
			"to": [ 9.5, 8.25, 10 ],
			"faces": {
				"up": { "uv": [ 6.625, 10.625, 8, 10.5 ], "texture": "#rock" },
				"south": { "uv": [ 3.5, 1.5, 4.875, 1.625 ], "texture": "#rock" },
				"west": { "uv": [ 6.125, 6.125, 6.25, 6.25 ], "texture": "#rock" },
				"east": { "uv": [ 6.25, 6, 6.125, 6.125 ], "texture": "#rock" }
			}
		},
		{
			"__comment": "Voxels",
			"from": [ 6.75, 8.75, 9.5 ],
			"to": [ 9.75, 9, 9.75 ],
			"faces": {
				"up": { "uv": [ 3.5, 4.75, 5, 4.625 ], "texture": "#rock" },
				"south": { "uv": [ 3.5, 5.375, 5, 5.5 ], "texture": "#rock" },
				"west": { "uv": [ 6.125, 2.125, 6.25, 2.25 ], "texture": "#rock" },
				"east": { "uv": [ 6.25, 2, 6.125, 2.125 ], "texture": "#rock" }
			}
		},
		{
			"__comment": "Voxels",
			"from": [ 6.75, 9.25, 6 ],
			"to": [ 7.25, 9.5, 6.25 ],
			"faces": {
				"down": { "uv": [ 6, 9.75, 6.25, 9.875 ], "texture": "#rock" },
				"up": { "uv": [ 5.625, 0.125, 5.875, 0 ], "texture": "#rock" },
				"north": { "uv": [ 5.875, 0.125, 5.625, 0.25 ], "texture": "#rock" },
				"west": { "uv": [ 8, 9.625, 8.125, 9.75 ], "texture": "#rock" },
				"east": { "uv": [ 8.25, 9.625, 8.125, 9.75 ], "texture": "#rock" }
			}
		},
		{
			"__comment": "Voxels",
			"from": [ 6.75, 9.5, 6.5 ],
			"to": [ 8.25, 9.75, 8 ],
			"faces": {
				"down": { "uv": [ 15.25, 14.625, 16, 15.375 ], "texture": "#rock" },
				"up": { "uv": [ 0, 12.875, 0.75, 12.125 ], "texture": "#rock" },
				"north": { "uv": [ 3.5, 6.25, 2.75, 6.375 ], "texture": "#rock" },
				"south": { "uv": [ 2.625, 4.75, 3.375, 4.875 ], "texture": "#rock" },
				"west": { "uv": [ 2.625, 4.625, 3.375, 4.75 ], "texture": "#rock" },
				"east": { "uv": [ 3.375, 4.5, 2.625, 4.625 ], "texture": "#rock" }
			}
		},
		{
			"__comment": "Voxels",
			"from": [ 6.75, 9.5, 8.5 ],
			"to": [ 9.5, 9.75, 8.75 ],
			"faces": {
				"up": { "uv": [ 3.5, 2.875, 4.875, 2.75 ], "texture": "#rock" },
				"north": { "uv": [ 4.875, 2.875, 3.5, 3 ], "texture": "#rock" },
				"south": { "uv": [ 3.5, 0.5, 4.875, 0.625 ], "texture": "#rock" },
				"west": { "uv": [ 6, 4.375, 6.125, 4.5 ], "texture": "#rock" },
				"east": { "uv": [ 6.125, 4.25, 6, 4.375 ], "texture": "#rock" }
			}
		},
		{
			"__comment": "Voxels",
			"from": [ 6.75, 9.5, 8.75 ],
			"to": [ 9.25, 9.75, 9 ],
			"faces": {
				"up": { "uv": [ 0, 6, 1.25, 5.875 ], "texture": "#rock" },
				"south": { "uv": [ 0, 5.125, 1.25, 5.25 ], "texture": "#rock" },
				"west": { "uv": [ 6, 3.75, 6.125, 3.875 ], "texture": "#rock" },
				"east": { "uv": [ 6.125, 3.875, 6, 4 ], "texture": "#rock" }
			}
		},
		{
			"__comment": "Voxels",
			"from": [ 7, 5.75, 8 ],
			"to": [ 8.5, 6, 8.5 ],
			"faces": {
				"down": { "uv": [ 0.5, 9.5, 1.25, 9.75 ], "texture": "#rock" },
				"north": { "uv": [ 3.5, 7, 2.75, 7.125 ], "texture": "#rock" },
				"south": { "uv": [ 2.75, 6.875, 3.5, 7 ], "texture": "#rock" },
				"west": { "uv": [ 6.75, 9.75, 7, 9.875 ], "texture": "#rock" },
				"east": { "uv": [ 7.25, 9.75, 7, 9.875 ], "texture": "#rock" }
			}
		},
		{
			"__comment": "Voxels",
			"from": [ 7, 6, 7 ],
			"to": [ 9, 6.25, 7.25 ],
			"faces": {
				"down": { "uv": [ 15, 12.375, 16, 12.5 ], "texture": "#rock" },
				"north": { "uv": [ 9.5, 10.375, 8.5, 10.5 ], "texture": "#rock" },
				"west": { "uv": [ 6.125, 0, 6.25, 0.125 ], "texture": "#rock" },
				"east": { "uv": [ 6.25, 0.125, 6.125, 0.25 ], "texture": "#rock" }
			}
		},
		{
			"__comment": "Voxels",
			"from": [ 7, 6.25, 9.25 ],
			"to": [ 8.75, 6.5, 9.5 ],
			"faces": {
				"down": { "uv": [ 2.625, 5.5, 3.5, 5.625 ], "texture": "#rock" },
				"south": { "uv": [ 2.625, 5.125, 3.5, 5.25 ], "texture": "#rock" },
				"west": { "uv": [ 6, 5.875, 6.125, 6 ], "texture": "#rock" },
				"east": { "uv": [ 6.125, 5.75, 6, 5.875 ], "texture": "#rock" }
			}
		},
		{
			"__comment": "Voxels",
			"from": [ 7, 6.5, 6 ],
			"to": [ 7.75, 6.75, 6.5 ],
			"faces": {
				"down": { "uv": [ 2.875, 7.75, 3.25, 8 ], "texture": "#rock" },
				"north": { "uv": [ 5.875, 6.25, 5.5, 6.375 ], "texture": "#rock" },
				"west": { "uv": [ 5.75, 0.375, 6, 0.5 ], "texture": "#rock" },
				"east": { "uv": [ 5.75, 0.25, 5.5, 0.375 ], "texture": "#rock" }
			}
		},
		{
			"__comment": "Voxels",
			"from": [ 7, 6.5, 9.5 ],
			"to": [ 9.25, 6.75, 9.75 ],
			"faces": {
				"down": { "uv": [ 0, 2.75, 1.125, 2.875 ], "texture": "#rock" },
				"south": { "uv": [ 0, 0.75, 1.125, 0.875 ], "texture": "#rock" },
				"west": { "uv": [ 9.125, 9.625, 9.25, 9.75 ], "texture": "#rock" },
				"east": { "uv": [ 9.125, 9.625, 9, 9.75 ], "texture": "#rock" }
			}
		},
		{
			"__comment": "Voxels",
			"from": [ 7, 7, 9.75 ],
			"to": [ 8.75, 7.25, 10 ],
			"faces": {
				"down": { "uv": [ 2.625, 9, 3.5, 9.125 ], "texture": "#rock" },
				"south": { "uv": [ 2.625, 6.125, 3.5, 6.25 ], "texture": "#rock" },
				"west": { "uv": [ 8.625, 9.625, 8.75, 9.75 ], "texture": "#rock" },
				"east": { "uv": [ 8.625, 9.625, 8.5, 9.75 ], "texture": "#rock" }
			}
		},
		{
			"__comment": "Voxels",
			"from": [ 7, 8.5, 5.75 ],
			"to": [ 7.75, 8.75, 6 ],
			"faces": {
				"up": { "uv": [ 5.5, 6, 5.875, 5.875 ], "texture": "#rock" },
				"north": { "uv": [ 5.25, 0.5, 4.875, 0.625 ], "texture": "#rock" },
				"west": { "uv": [ 8.375, 9.625, 8.5, 9.75 ], "texture": "#rock" },
				"east": { "uv": [ 8.375, 9.625, 8.25, 9.75 ], "texture": "#rock" }
			}
		},
		{
			"__comment": "Voxels",
			"from": [ 7, 8.5, 9.75 ],
			"to": [ 9.5, 8.75, 10 ],
			"faces": {
				"down": { "uv": [ 0, 5.625, 1.25, 5.75 ], "texture": "#rock" },
				"up": { "uv": [ 0, 6.125, 1.25, 6 ], "texture": "#rock" },
				"south": { "uv": [ 0, 6.5, 1.25, 6.625 ], "texture": "#rock" },
				"west": { "uv": [ 7.375, 9.625, 7.5, 9.75 ], "texture": "#rock" },
				"east": { "uv": [ 7.375, 9.625, 7.25, 9.75 ], "texture": "#rock" }
			}
		},
		{
			"__comment": "Voxels",
			"from": [ 7, 9, 6 ],
			"to": [ 7.25, 9.25, 6.25 ],
			"faces": {
				"down": { "uv": [ 6.125, 0.75, 6.25, 0.875 ], "texture": "#rock" },
				"north": { "uv": [ 6.25, 1.25, 6.125, 1.375 ], "texture": "#rock" },
				"west": { "uv": [ 6.125, 1.5, 6.25, 1.625 ], "texture": "#rock" },
				"east": { "uv": [ 6.25, 1.625, 6.125, 1.75 ], "texture": "#rock" }
			}
		},
		{
			"__comment": "Voxels",
			"from": [ 7, 9.25, 9.25 ],
			"to": [ 9.5, 9.5, 9.5 ],
			"faces": {
				"up": { "uv": [ 0, 4.875, 1.25, 4.75 ], "texture": "#rock" },
				"south": { "uv": [ 0, 4.375, 1.25, 4.5 ], "texture": "#rock" },
				"west": { "uv": [ 6.125, 3, 6.25, 3.125 ], "texture": "#rock" },
				"east": { "uv": [ 6.25, 3.125, 6.125, 3.25 ], "texture": "#rock" }
			}
		},
		{
			"__comment": "Voxels",
			"from": [ 7, 9.5, 6.25 ],
			"to": [ 7.75, 9.75, 6.5 ],
			"faces": {
				"up": { "uv": [ 5.5, 5, 5.875, 4.875 ], "texture": "#rock" },
				"north": { "uv": [ 5.875, 4.75, 5.5, 4.875 ], "texture": "#rock" },
				"west": { "uv": [ 6.125, 3.5, 6.25, 3.625 ], "texture": "#rock" },
				"east": { "uv": [ 6.25, 3.625, 6.125, 3.75 ], "texture": "#rock" }
			}
		},
		{
			"__comment": "Voxels",
			"from": [ 7, 9.5, 8 ],
			"to": [ 9.75, 9.75, 8.5 ],
			"faces": {
				"down": { "uv": [ 1.25, 5.5, 2.625, 5.75 ], "texture": "#rock" },
				"up": { "uv": [ 1.25, 4.5, 2.625, 4.25 ], "texture": "#rock" },
				"north": { "uv": [ 4.875, 0.75, 3.5, 0.875 ], "texture": "#rock" },
				"south": { "uv": [ 10.75, 10.5, 12.125, 10.625 ], "texture": "#rock" },
				"west": { "uv": [ 6.25, 9.75, 6.5, 9.875 ], "texture": "#rock" },
				"east": { "uv": [ 6.75, 9.75, 6.5, 9.875 ], "texture": "#rock" }
			}
		},
		{
			"__comment": "Voxels",
			"from": [ 7, 9.5, 9 ],
			"to": [ 9, 9.75, 9.25 ],
			"faces": {
				"up": { "uv": [ 5.5, 10.375, 6.5, 10.25 ], "texture": "#rock" },
				"south": { "uv": [ 7.5, 10.25, 8.5, 10.375 ], "texture": "#rock" },
				"west": { "uv": [ 6.125, 6.5, 6.25, 6.625 ], "texture": "#rock" },
				"east": { "uv": [ 6.25, 6.625, 6.125, 6.75 ], "texture": "#rock" }
			}
		},
		{
			"__comment": "Voxels",
			"from": [ 7, 9.75, 6.75 ],
			"to": [ 8, 10, 8 ],
			"faces": {
				"up": { "uv": [ 0, 10.125, 0.5, 9.5 ], "texture": "#rock" },
				"north": { "uv": [ 12.625, 9.875, 12.125, 10 ], "texture": "#rock" },
				"south": { "uv": [ 12.625, 9.875, 13.125, 10 ], "texture": "#rock" },
				"west": { "uv": [ 6.125, 10, 6.75, 10.125 ], "texture": "#rock" },
				"east": { "uv": [ 7.375, 10, 6.75, 10.125 ], "texture": "#rock" }
			}
		},
		{
			"__comment": "Voxels",
			"from": [ 7.25, 5.75, 7.25 ],
			"to": [ 8, 6, 8 ],
			"faces": {
				"down": { "uv": [ 0, 2, 0.375, 2.375 ], "texture": "#rock" },
				"north": { "uv": [ 5.25, 2.5, 4.875, 2.625 ], "texture": "#rock" },
				"west": { "uv": [ 4.875, 2.25, 5.25, 2.375 ], "texture": "#rock" },
				"east": { "uv": [ 5.25, 2.125, 4.875, 2.25 ], "texture": "#rock" }
			}
		},
		{
			"__comment": "Voxels",
			"from": [ 7.25, 5.75, 8.5 ],
			"to": [ 8.75, 6, 8.75 ],
			"faces": {
				"down": { "uv": [ 6.25, 10.125, 7, 10.25 ], "texture": "#rock" },
				"north": { "uv": [ 8.5, 10.125, 7.75, 10.25 ], "texture": "#rock" },
				"south": { "uv": [ 8.5, 10.125, 9.25, 10.25 ], "texture": "#rock" },
				"west": { "uv": [ 6.125, 8.25, 6.25, 8.375 ], "texture": "#rock" },
				"east": { "uv": [ 6.25, 8.375, 6.125, 8.5 ], "texture": "#rock" }
			}
		},
		{
			"__comment": "Voxels",
			"from": [ 7.25, 6, 9 ],
			"to": [ 7.75, 6.25, 9.25 ],
			"faces": {
				"down": { "uv": [ 7.25, 9.75, 7.5, 9.875 ], "texture": "#rock" },
				"south": { "uv": [ 8, 9.75, 8.25, 9.875 ], "texture": "#rock" },
				"west": { "uv": [ 6, 1.5, 6.125, 1.625 ], "texture": "#rock" },
				"east": { "uv": [ 6.125, 1.625, 6, 1.75 ], "texture": "#rock" }
			}
		},
		{
			"__comment": "Voxels",
			"from": [ 7.25, 6.25, 6.5 ],
			"to": [ 8.5, 6.5, 6.75 ],
			"faces": {
				"down": { "uv": [ 7.375, 10, 8, 10.125 ], "texture": "#rock" },
				"north": { "uv": [ 16, 11.5, 15.375, 11.625 ], "texture": "#rock" },
				"west": { "uv": [ 6, 2, 6.125, 2.125 ], "texture": "#rock" },
				"east": { "uv": [ 6.125, 2.125, 6, 2.25 ], "texture": "#rock" }
			}
		},
		{
			"__comment": "Voxels",
			"from": [ 7.25, 7.75, 10 ],
			"to": [ 9.25, 8, 10.25 ],
			"faces": {
				"down": { "uv": [ 8.5, 10.25, 9.5, 10.375 ], "texture": "#rock" },
				"up": { "uv": [ 9.5, 10.375, 10.5, 10.25 ], "texture": "#rock" },
				"south": { "uv": [ 11.5, 10.25, 12.5, 10.375 ], "texture": "#rock" },
				"west": { "uv": [ 6, 4.5, 6.125, 4.625 ], "texture": "#rock" },
				"east": { "uv": [ 6.125, 4.625, 6, 4.75 ], "texture": "#rock" }
			}
		},
		{
			"__comment": "Voxels",
			"from": [ 7.25, 8.25, 9.75 ],
			"to": [ 9.5, 8.5, 10 ],
			"faces": {
				"south": { "uv": [ 0, 0.625, 1.125, 0.75 ], "texture": "#rock" },
				"west": { "uv": [ 15.875, 9.75, 16, 9.875 ], "texture": "#rock" },
				"east": { "uv": [ 15.875, 9.75, 15.75, 9.875 ], "texture": "#rock" }
			}
		},
		{
			"__comment": "Voxels",
			"from": [ 7.25, 8.75, 6 ],
			"to": [ 7.75, 9, 6.25 ],
			"faces": {
				"up": { "uv": [ 8.25, 9.875, 8.5, 9.75 ], "texture": "#rock" },
				"north": { "uv": [ 8.75, 9.75, 8.5, 9.875 ], "texture": "#rock" },
				"west": { "uv": [ 15.625, 9.75, 15.75, 9.875 ], "texture": "#rock" },
				"east": { "uv": [ 15.625, 9.75, 15.5, 9.875 ], "texture": "#rock" }
			}
		},
		{
			"__comment": "Voxels",
			"from": [ 7.25, 8.75, 9.75 ],
			"to": [ 9.5, 9, 10 ],
			"faces": {
				"up": { "uv": [ 0, 3.75, 1.125, 3.625 ], "texture": "#rock" },
				"south": { "uv": [ 14.875, 11, 16, 11.125 ], "texture": "#rock" },
				"west": { "uv": [ 5.875, 5.75, 6, 5.875 ], "texture": "#rock" },
				"east": { "uv": [ 6, 5.875, 5.875, 6 ], "texture": "#rock" }
			}
		},
		{
			"__comment": "Voxels",
			"from": [ 7.25, 9, 9.5 ],
			"to": [ 9.5, 9.25, 9.75 ],
			"faces": {
				"up": { "uv": [ 0, 1.125, 1.125, 1 ], "texture": "#rock" },
				"south": { "uv": [ 0, 1.5, 1.125, 1.625 ], "texture": "#rock" },
				"west": { "uv": [ 5.125, 5.625, 5.25, 5.75 ], "texture": "#rock" },
				"east": { "uv": [ 5.25, 5.75, 5.125, 5.875 ], "texture": "#rock" }
			}
		},
		{
			"__comment": "Voxels",
			"from": [ 7.25, 9.75, 6.5 ],
			"to": [ 7.5, 10, 6.75 ],
			"faces": {
				"up": { "uv": [ 5.125, 7.625, 5.25, 7.5 ], "texture": "#rock" },
				"north": { "uv": [ 13.75, 9.625, 13.625, 9.75 ], "texture": "#rock" },
				"west": { "uv": [ 13.375, 9.625, 13.5, 9.75 ], "texture": "#rock" },
				"east": { "uv": [ 13.375, 9.625, 13.25, 9.75 ], "texture": "#rock" }
			}
		},
		{
			"__comment": "Voxels",
			"from": [ 7.25, 9.75, 8 ],
			"to": [ 9.25, 10, 8.5 ],
			"faces": {
				"up": { "uv": [ 0, 8.375, 1, 8.125 ], "texture": "#rock" },
				"north": { "uv": [ 13.5, 10.25, 12.5, 10.375 ], "texture": "#rock" },
				"south": { "uv": [ 13.5, 10.25, 14.5, 10.375 ], "texture": "#rock" },
				"west": { "uv": [ 9, 9.75, 9.25, 9.875 ], "texture": "#rock" },
				"east": { "uv": [ 9.5, 9.75, 9.25, 9.875 ], "texture": "#rock" }
			}
		},
		{
			"__comment": "Voxels",
			"from": [ 7.5, 5.75, 8.75 ],
			"to": [ 8, 6, 9 ],
			"faces": {
				"down": { "uv": [ 9.5, 9.75, 9.75, 9.875 ], "texture": "#rock" },
				"south": { "uv": [ 10.25, 9.75, 10.5, 9.875 ], "texture": "#rock" },
				"west": { "uv": [ 6.125, 4.5, 6.25, 4.625 ], "texture": "#rock" },
				"east": { "uv": [ 6.25, 4.625, 6.125, 4.75 ], "texture": "#rock" }
			}
		},
		{
			"__comment": "Voxels",
			"from": [ 7.5, 6.25, 6.25 ],
			"to": [ 7.75, 6.5, 6.5 ],
			"faces": {
				"down": { "uv": [ 6.125, 7.75, 6.25, 7.875 ], "texture": "#rock" },
				"north": { "uv": [ 6.25, 8, 6.125, 8.125 ], "texture": "#rock" },
				"west": { "uv": [ 6.125, 9, 6.25, 9.125 ], "texture": "#rock" },
				"east": { "uv": [ 6.25, 9.125, 6.125, 9.25 ], "texture": "#rock" }
			}
		},
		{
			"__comment": "Voxels",
			"from": [ 7.5, 8, 10 ],
			"to": [ 9.25, 8.25, 10.25 ],
			"faces": {
				"up": { "uv": [ 2.625, 5.75, 3.5, 5.625 ], "texture": "#rock" },
				"south": { "uv": [ 2.625, 5.875, 3.5, 6 ], "texture": "#rock" },
				"west": { "uv": [ 6.125, 9.5, 6.25, 9.625 ], "texture": "#rock" },
				"east": { "uv": [ 6.25, 9.625, 6.125, 9.75 ], "texture": "#rock" }
			}
		},
		{
			"__comment": "Voxels",
			"from": [ 7.5, 9.25, 9.5 ],
			"to": [ 9, 9.5, 9.75 ],
			"faces": {
				"up": { "uv": [ 5.5, 10.25, 6.25, 10.125 ], "texture": "#rock" },
				"south": { "uv": [ 10.75, 10.125, 11.5, 10.25 ], "texture": "#rock" },
				"west": { "uv": [ 6, 8, 6.125, 8.125 ], "texture": "#rock" },
				"east": { "uv": [ 6.125, 8.125, 6, 8.25 ], "texture": "#rock" }
			}
		},
		{
			"__comment": "Voxels",
			"from": [ 7.5, 10, 7.25 ],
			"to": [ 8.25, 10.25, 8.25 ],
			"faces": {
				"down": { "uv": [ 0.5, 7.125, 0.875, 7.625 ], "texture": "#rock" },
				"up": { "uv": [ 0, 8.125, 0.375, 7.625 ], "texture": "#rock" },
				"north": { "uv": [ 5.875, 6.5, 5.5, 6.625 ], "texture": "#rock" },
				"south": { "uv": [ 5.5, 4.5, 5.875, 4.625 ], "texture": "#rock" },
				"west": { "uv": [ 5.5, 9.25, 6, 9.375 ], "texture": "#rock" },
				"east": { "uv": [ 6, 9.125, 5.5, 9.25 ], "texture": "#rock" }
			}
		},
		{
			"__comment": "Voxels",
			"from": [ 7.75, 6.25, 9.5 ],
			"to": [ 8, 6.5, 9.75 ],
			"faces": {
				"down": { "uv": [ 5.875, 2.75, 6, 2.875 ], "texture": "#rock" },
				"south": { "uv": [ 5.125, 5.5, 5.25, 5.625 ], "texture": "#rock" },
				"west": { "uv": [ 5.125, 6.125, 5.25, 6.25 ], "texture": "#rock" },
				"east": { "uv": [ 5.25, 6.25, 5.125, 6.375 ], "texture": "#rock" }
			}
		},
		{
			"__comment": "Voxels",
			"from": [ 7.75, 6.5, 6.25 ],
			"to": [ 8.25, 7, 6.5 ],
			"faces": {
				"down": { "uv": [ 10.5, 9.75, 10.75, 9.875 ], "texture": "#rock" },
				"north": { "uv": [ 1.25, 8.125, 1, 8.375 ], "texture": "#rock" },
				"south": { "uv": [ 1, 7.625, 1.25, 7.875 ], "texture": "#rock" },
				"west": { "uv": [ 6, 8.5, 6.125, 8.75 ], "texture": "#rock" },
				"east": { "uv": [ 6.125, 8.25, 6, 8.5 ], "texture": "#rock" }
			}
		},
		{
			"__comment": "Voxels",
			"from": [ 7.75, 6.75, 9.75 ],
			"to": [ 8.75, 7, 10 ],
			"faces": {
				"down": { "uv": [ 5.5, 9.5, 6, 9.625 ], "texture": "#rock" },
				"south": { "uv": [ 9.625, 9.875, 10.125, 10 ], "texture": "#rock" },
				"west": { "uv": [ 13.875, 9.625, 14, 9.75 ], "texture": "#rock" },
				"east": { "uv": [ 13.875, 9.625, 13.75, 9.75 ], "texture": "#rock" }
			}
		},
		{
			"__comment": "Voxels",
			"from": [ 7.75, 7.5, 6 ],
			"to": [ 8, 7.75, 6.25 ],
			"faces": {
				"down": { "uv": [ 7.625, 9.625, 7.75, 9.75 ], "texture": "#rock" },
				"north": { "uv": [ 6.25, 0.25, 6.125, 0.375 ], "texture": "#rock" },
				"east": { "uv": [ 6.125, 0.375, 6, 0.5 ], "texture": "#rock" }
			}
		},
		{
			"__comment": "Voxels",
			"from": [ 7.75, 8.25, 10 ],
			"to": [ 9, 8.5, 10.25 ],
			"faces": {
				"up": { "uv": [ 5.5, 10, 6.125, 9.875 ], "texture": "#rock" },
				"south": { "uv": [ 15, 10.125, 15.625, 10.25 ], "texture": "#rock" },
				"west": { "uv": [ 6, 2.375, 6.125, 2.5 ], "texture": "#rock" },
				"east": { "uv": [ 6.125, 2.25, 6, 2.375 ], "texture": "#rock" }
			}
		},
		{
			"__comment": "Voxels",
			"from": [ 7.75, 8.5, 10 ],
			"to": [ 8.75, 8.75, 10.25 ],
			"faces": {
				"up": { "uv": [ 11.625, 10, 12.125, 9.875 ], "texture": "#rock" },
				"south": { "uv": [ 15.5, 10.375, 16, 10.5 ], "texture": "#rock" },
				"west": { "uv": [ 7, 9.625, 7.125, 9.75 ], "texture": "#rock" },
				"east": { "uv": [ 7.25, 9.625, 7.125, 9.75 ], "texture": "#rock" }
			}
		},
		{
			"__comment": "Voxels",
			"from": [ 7.75, 9, 9.75 ],
			"to": [ 9, 9.25, 10 ],
			"faces": {
				"up": { "uv": [ 11.125, 10.125, 11.75, 10 ], "texture": "#rock" },
				"south": { "uv": [ 5.5, 10, 6.125, 10.125 ], "texture": "#rock" },
				"west": { "uv": [ 5.125, 6.5, 5.25, 6.625 ], "texture": "#rock" },
				"east": { "uv": [ 5.25, 6.375, 5.125, 6.5 ], "texture": "#rock" }
			}
		},
		{
			"__comment": "Voxels",
			"from": [ 7.75, 9.5, 9.25 ],
			"to": [ 8.75, 9.75, 9.5 ],
			"faces": {
				"up": { "uv": [ 10.125, 10, 10.625, 9.875 ], "texture": "#rock" },
				"south": { "uv": [ 15.5, 10, 16, 10.125 ], "texture": "#rock" },
				"west": { "uv": [ 5.875, 4.5, 6, 4.625 ], "texture": "#rock" },
				"east": { "uv": [ 6, 4, 5.875, 4.125 ], "texture": "#rock" }
			}
		},
		{
			"__comment": "Voxels",
			"from": [ 7.75, 9.75, 8.5 ],
			"to": [ 8.75, 10, 8.75 ],
			"faces": {
				"up": { "uv": [ 5.5, 9.125, 6, 9 ], "texture": "#rock" },
				"south": { "uv": [ 5.5, 7.25, 6, 7.375 ], "texture": "#rock" },
				"west": { "uv": [ 6, 7.625, 6.125, 7.75 ], "texture": "#rock" },
				"east": { "uv": [ 6.125, 7.5, 6, 7.625 ], "texture": "#rock" }
			}
		},
		{
			"__comment": "Voxels",
			"from": [ 8, 5.75, 7.75 ],
			"to": [ 8.25, 6, 8 ],
			"faces": {
				"down": { "uv": [ 6, 5.375, 6.125, 5.5 ], "texture": "#rock" },
				"north": { "uv": [ 6.125, 4.875, 6, 5 ], "texture": "#rock" },
				"east": { "uv": [ 6.125, 2.5, 6, 2.625 ], "texture": "#rock" }
			}
		},
		{
			"__comment": "Voxels",
			"from": [ 8, 6, 6.75 ],
			"to": [ 8.5, 6.25, 7 ],
			"faces": {
				"down": { "uv": [ 11.25, 9.75, 11.5, 9.875 ], "texture": "#rock" },
				"north": { "uv": [ 12, 9.75, 11.75, 9.875 ], "texture": "#rock" },
				"west": { "uv": [ 6, 0.125, 6.125, 0.25 ], "texture": "#rock" },
				"east": { "uv": [ 6.125, 0, 6, 0.125 ], "texture": "#rock" }
			}
		},
		{
			"__comment": "Voxels",
			"from": [ 8, 6, 9 ],
			"to": [ 9, 6.25, 9.25 ],
			"faces": {
				"down": { "uv": [ 5.5, 7.5, 6, 7.625 ], "texture": "#rock" },
				"south": { "uv": [ 5.5, 8.5, 6, 8.625 ], "texture": "#rock" },
				"west": { "uv": [ 6.125, 8.625, 6.25, 8.75 ], "texture": "#rock" },
				"east": { "uv": [ 6.25, 8.5, 6.125, 8.625 ], "texture": "#rock" }
			}
		},
		{
			"__comment": "Voxels",
			"from": [ 8, 7.5, 10 ],
			"to": [ 9.25, 7.75, 10.25 ],
			"faces": {
				"down": { "uv": [ 9.875, 10, 10.5, 10.125 ], "texture": "#rock" },
				"south": { "uv": [ 12.375, 10, 13, 10.125 ], "texture": "#rock" },
				"west": { "uv": [ 6.125, 5.125, 6.25, 5.25 ], "texture": "#rock" },
				"east": { "uv": [ 6.25, 5, 6.125, 5.125 ], "texture": "#rock" }
			}
		},
		{
			"__comment": "Voxels",
			"from": [ 8, 9.75, 7 ],
			"to": [ 8.5, 10, 8 ],
			"faces": {
				"down": { "uv": [ 5.25, 8.5, 5.5, 9 ], "texture": "#rock" },
				"up": { "uv": [ 5.25, 10.5, 5.5, 10 ], "texture": "#rock" },
				"north": { "uv": [ 12.5, 9.75, 12.25, 9.875 ], "texture": "#rock" },
				"east": { "uv": [ 6, 7.125, 5.5, 7.25 ], "texture": "#rock" }
			}
		},
		{
			"__comment": "Voxels",
			"from": [ 8, 10, 8.25 ],
			"to": [ 8.5, 10.25, 8.5 ],
			"faces": {
				"up": { "uv": [ 13, 9.875, 13.25, 9.75 ], "texture": "#rock" },
				"north": { "uv": [ 13.5, 9.75, 13.25, 9.875 ], "texture": "#rock" },
				"south": { "uv": [ 13.5, 9.75, 13.75, 9.875 ], "texture": "#rock" },
				"west": { "uv": [ 9.25, 9.625, 9.375, 9.75 ], "texture": "#rock" },
				"east": { "uv": [ 9.5, 9.625, 9.375, 9.75 ], "texture": "#rock" }
			}
		},
		{
			"__comment": "Voxels",
			"from": [ 8.25, 7.5, 6.25 ],
			"to": [ 8.5, 7.75, 6.5 ],
			"faces": {
				"down": { "uv": [ 9.75, 9.625, 9.875, 9.75 ], "texture": "#rock" },
				"north": { "uv": [ 10.125, 9.625, 10, 9.75 ], "texture": "#rock" },
				"east": { "uv": [ 10.75, 9.625, 10.625, 9.75 ], "texture": "#rock" }
			}
		},
		{
			"__comment": "Voxels",
			"from": [ 8.25, 9.5, 6.75 ],
			"to": [ 8.5, 9.75, 8 ],
			"faces": {
				"up": { "uv": [ 5.25, 6.125, 5.375, 5.5 ], "texture": "#rock" },
				"north": { "uv": [ 12.875, 9.625, 12.75, 9.75 ], "texture": "#rock" },
				"east": { "uv": [ 8.625, 10, 8, 10.125 ], "texture": "#rock" }
			}
		},
		{
			"__comment": "Voxels",
			"from": [ 8.25, 10, 7.5 ],
			"to": [ 8.75, 10.25, 8.25 ],
			"faces": {
				"down": { "uv": [ 5.25, 7.375, 5.5, 7.75 ], "texture": "#rock" },
				"up": { "uv": [ 4.875, 0.375, 5.125, 0 ], "texture": "#rock" },
				"north": { "uv": [ 14, 9.75, 13.75, 9.875 ], "texture": "#rock" },
				"south": { "uv": [ 14, 9.75, 14.25, 9.875 ], "texture": "#rock" },
				"east": { "uv": [ 5.25, 1.5, 4.875, 1.625 ], "texture": "#rock" }
			}
		},
		{
			"__comment": "Voxels",
			"from": [ 8.5, 5.75, 8.25 ],
			"to": [ 8.75, 6, 8.5 ],
			"faces": {
				"down": { "uv": [ 5.125, 7.25, 5.25, 7.375 ], "texture": "#rock" },
				"north": { "uv": [ 5.25, 7, 5.125, 7.125 ], "texture": "#rock" },
				"east": { "uv": [ 5.25, 6.625, 5.125, 6.75 ], "texture": "#rock" }
			}
		},
		{
			"__comment": "Voxels",
			"from": [ 8.5, 9, 6.75 ],
			"to": [ 9, 9.25, 7 ],
			"faces": {
				"down": { "uv": [ 14.25, 9.75, 14.5, 9.875 ], "texture": "#rock" },
				"north": { "uv": [ 15, 9.75, 14.75, 9.875 ], "texture": "#rock" },
				"east": { "uv": [ 5.25, 5.875, 5.125, 6 ], "texture": "#rock" }
			}
		},
		{
			"__comment": "Voxels",
			"from": [ 8.5, 9.5, 7 ],
			"to": [ 9, 9.75, 8 ],
			"faces": {
				"up": { "uv": [ 5.25, 9.5, 5.5, 9 ], "texture": "#rock" },
				"north": { "uv": [ 3.5, 1, 3.25, 1.125 ], "texture": "#rock" },
				"east": { "uv": [ 6, 8.125, 5.5, 8.25 ], "texture": "#rock" }
			}
		},
		{
			"__comment": "Voxels",
			"from": [ 8.5, 9.75, 7.25 ],
			"to": [ 8.75, 10, 8 ],
			"faces": {
				"up": { "uv": [ 5.375, 1, 5.5, 0.625 ], "texture": "#rock" },
				"north": { "uv": [ 6, 6.125, 5.875, 6.25 ], "texture": "#rock" },
				"east": { "uv": [ 5.25, 1, 4.875, 1.125 ], "texture": "#rock" }
			}
		},
		{
			"__comment": "Voxels",
			"from": [ 8.75, 7.25, 10 ],
			"to": [ 9, 7.5, 10.25 ],
			"faces": {
				"down": { "uv": [ 5.875, 5.25, 6, 5.375 ], "texture": "#rock" },
				"south": { "uv": [ 5.875, 4.875, 6, 5 ], "texture": "#rock" },
				"west": { "uv": [ 5.875, 4.75, 6, 4.875 ], "texture": "#rock" },
				"east": { "uv": [ 6, 4.625, 5.875, 4.75 ], "texture": "#rock" }
			}
		},
		{
			"__comment": "Voxels",
			"from": [ 8.75, 7.5, 6.5 ],
			"to": [ 9.25, 7.75, 6.75 ],
			"faces": {
				"down": { "uv": [ 5, 5.375, 5.25, 5.5 ], "texture": "#rock" },
				"north": { "uv": [ 5.25, 5.125, 5, 5.25 ], "texture": "#rock" },
				"east": { "uv": [ 6, 0, 5.875, 0.125 ], "texture": "#rock" }
			}
		},
		{
			"__comment": "Voxels",
			"from": [ 8.75, 8.75, 6.75 ],
			"to": [ 9.75, 9, 8 ],
			"faces": {
				"down": { "uv": [ 0.75, 12.25, 1.25, 12.875 ], "texture": "#rock" },
				"up": { "uv": [ 0, 11.375, 0.5, 10.75 ], "texture": "#rock" },
				"north": { "uv": [ 1.25, 12.125, 0.75, 12.25 ], "texture": "#rock" },
				"east": { "uv": [ 14.375, 10.125, 13.75, 10.25 ], "texture": "#rock" }
			}
		},
		{
			"__comment": "Voxels",
			"from": [ 8.75, 9.75, 7.5 ],
			"to": [ 9, 10, 8 ],
			"faces": {
				"up": { "uv": [ 1.125, 6.375, 1.25, 6.125 ], "texture": "#rock" },
				"north": { "uv": [ 6.125, 7.875, 6, 8 ], "texture": "#rock" },
				"east": { "uv": [ 5.25, 4.75, 5, 4.875 ], "texture": "#rock" }
			}
		},
		{
			"__comment": "Voxels",
			"from": [ 9, 6.5, 7 ],
			"to": [ 9.25, 6.75, 7.25 ],
			"faces": {
				"north": { "uv": [ 6.125, 7.125, 6, 7.25 ], "texture": "#rock" },
				"east": { "uv": [ 6.125, 6.75, 6, 6.875 ], "texture": "#rock" }
			}
		},
		{
			"__comment": "Voxels",
			"from": [ 9, 7, 9.75 ],
			"to": [ 9.25, 7.25, 10 ],
			"faces": {
				"down": { "uv": [ 6, 6.625, 6.125, 6.75 ], "texture": "#rock" },
				"south": { "uv": [ 6, 6.25, 6.125, 6.375 ], "texture": "#rock" },
				"west": { "uv": [ 6, 6.125, 6.125, 6.25 ], "texture": "#rock" },
				"east": { "uv": [ 6.125, 6, 6, 6.125 ], "texture": "#rock" }
			}
		},
		{
			"__comment": "Voxels",
			"from": [ 9, 8.5, 6.75 ],
			"to": [ 10, 8.75, 7.25 ],
			"faces": {
				"up": { "uv": [ 15.5, 12.875, 16, 12.625 ], "texture": "#rock" },
				"north": { "uv": [ 14.625, 9.875, 14.125, 10 ], "texture": "#rock" },
				"east": { "uv": [ 5.25, 4.5, 5, 4.625 ], "texture": "#rock" }
			}
		},
		{
			"__comment": "Voxels",
			"from": [ 9, 9.25, 7 ],
			"to": [ 9.5, 9.5, 8.25 ],
			"faces": {
				"down": { "uv": [ 1, 10.125, 1.25, 10.75 ], "texture": "#rock" },
				"up": { "uv": [ 0.875, 7.625, 1.125, 7 ], "texture": "#rock" },
				"north": { "uv": [ 5.25, 4.375, 5, 4.5 ], "texture": "#rock" },
				"east": { "uv": [ 16, 11.25, 15.375, 11.375 ], "texture": "#rock" }
			}
		},
		{
			"__comment": "Voxels",
			"from": [ 9, 9.5, 7.25 ],
			"to": [ 9.25, 9.75, 8 ],
			"faces": {
				"up": { "uv": [ 5.625, 4.5, 5.75, 4.125 ], "texture": "#rock" },
				"north": { "uv": [ 6.125, 4.125, 6, 4.25 ], "texture": "#rock" },
				"east": { "uv": [ 5.25, 1.75, 4.875, 1.875 ], "texture": "#rock" }
			}
		},
		{
			"__comment": "Voxels",
			"from": [ 9, 9.75, 7.75 ],
			"to": [ 9.25, 10, 8 ],
			"faces": {
				"up": { "uv": [ 6, 3.625, 6.125, 3.5 ], "texture": "#rock" },
				"north": { "uv": [ 6.125, 3.375, 6, 3.5 ], "texture": "#rock" },
				"east": { "uv": [ 6.125, 3, 6, 3.125 ], "texture": "#rock" }
			}
		},
		{
			"__comment": "Voxels",
			"from": [ 9.25, 6, 7.5 ],
			"to": [ 9.5, 6.5, 7.75 ],
			"faces": {
				"down": { "uv": [ 6, 2.875, 6.125, 3 ], "texture": "#rock" },
				"north": { "uv": [ 3.5, 11.375, 3.375, 11.625 ], "texture": "#rock" },
				"south": { "uv": [ 3.375, 11.125, 3.5, 11.375 ], "texture": "#rock" },
				"west": { "uv": [ 3.375, 10.875, 3.5, 11.125 ], "texture": "#rock" },
				"east": { "uv": [ 3.5, 10.625, 3.375, 10.875 ], "texture": "#rock" }
			}
		},
		{
			"__comment": "Voxels",
			"from": [ 9.25, 6, 7.75 ],
			"to": [ 9.5, 6.25, 8.75 ],
			"faces": {
				"down": { "uv": [ 5.25, 3, 5.375, 3.5 ], "texture": "#rock" },
				"south": { "uv": [ 6, 1.75, 6.125, 1.875 ], "texture": "#rock" },
				"east": { "uv": [ 6, 9.75, 5.5, 9.875 ], "texture": "#rock" }
			}
		},
		{
			"__comment": "Voxels",
			"from": [ 9.25, 6.25, 7.25 ],
			"to": [ 9.5, 6.5, 7.5 ],
			"faces": {
				"down": { "uv": [ 6, 1.375, 6.125, 1.5 ], "texture": "#rock" },
				"north": { "uv": [ 6.125, 1.125, 6, 1.25 ], "texture": "#rock" },
				"east": { "uv": [ 6.125, 0.75, 6, 0.875 ], "texture": "#rock" }
			}
		},
		{
			"__comment": "Voxels",
			"from": [ 9.25, 6.75, 7 ],
			"to": [ 9.5, 7.25, 7.25 ],
			"faces": {
				"down": { "uv": [ 6, 0.625, 6.125, 0.75 ], "texture": "#rock" },
				"north": { "uv": [ 3.5, 10.375, 3.375, 10.625 ], "texture": "#rock" },
				"east": { "uv": [ 3.5, 9.125, 3.375, 9.375 ], "texture": "#rock" }
			}
		},
		{
			"__comment": "Voxels",
			"from": [ 9.25, 9.5, 7.5 ],
			"to": [ 9.5, 9.75, 8 ],
			"faces": {
				"up": { "uv": [ 5.875, 4.5, 6, 4.25 ], "texture": "#rock" },
				"north": { "uv": [ 6.25, 9.375, 6.125, 9.5 ], "texture": "#rock" },
				"east": { "uv": [ 5.25, 3.25, 5, 3.375 ], "texture": "#rock" }
			}
		},
		{
			"__comment": "Voxels",
			"from": [ 9.5, 6.5, 7.5 ],
			"to": [ 10, 6.75, 8.75 ],
			"faces": {
				"down": { "uv": [ 1, 10.75, 1.25, 11.375 ], "texture": "#rock" },
				"up": { "uv": [ 15.75, 16, 16, 15.375 ], "texture": "#rock" },
				"north": { "uv": [ 5.25, 3.125, 5, 3.25 ], "texture": "#rock" },
				"east": { "uv": [ 13.625, 10, 13, 10.125 ], "texture": "#rock" }
			}
		},
		{
			"__comment": "Voxels",
			"from": [ 9.5, 7, 7 ],
			"to": [ 10, 7.25, 7.25 ],
			"faces": {
				"down": { "uv": [ 5.75, 3.375, 6, 3.5 ], "texture": "#rock" },
				"up": { "uv": [ 5.5, 3.375, 5.75, 3.25 ], "texture": "#rock" },
				"north": { "uv": [ 6, 3.25, 5.75, 3.375 ], "texture": "#rock" },
				"east": { "uv": [ 6.25, 7.5, 6.125, 7.625 ], "texture": "#rock" }
			}
		},
		{
			"__comment": "Voxels",
			"from": [ 9.5, 7, 9.5 ],
			"to": [ 9.75, 7.25, 9.75 ],
			"faces": {
				"down": { "uv": [ 6.125, 7.375, 6.25, 7.5 ], "texture": "#rock" },
				"south": { "uv": [ 6.125, 7, 6.25, 7.125 ], "texture": "#rock" },
				"east": { "uv": [ 6.25, 6.75, 6.125, 6.875 ], "texture": "#rock" }
			}
		},
		{
			"__comment": "Voxels",
			"from": [ 9.5, 9.25, 7.25 ],
			"to": [ 9.75, 9.5, 8.25 ],
			"faces": {
				"down": { "uv": [ 5.25, 4.5, 5.375, 5 ], "texture": "#rock" },
				"up": { "uv": [ 5.375, 5.5, 5.5, 5 ], "texture": "#rock" },
				"north": { "uv": [ 6.25, 6.375, 6.125, 6.5 ], "texture": "#rock" },
				"east": { "uv": [ 6, 7.375, 5.5, 7.5 ], "texture": "#rock" }
			}
		},
		{
			"__comment": "Voxels",
			"from": [ 9.5, 9.5, 7.75 ],
			"to": [ 9.75, 9.75, 8 ],
			"faces": {
				"up": { "uv": [ 6.125, 5.875, 6.25, 5.75 ], "texture": "#rock" },
				"north": { "uv": [ 6.25, 5.625, 6.125, 5.75 ], "texture": "#rock" },
				"east": { "uv": [ 6.25, 5.25, 6.125, 5.375 ], "texture": "#rock" }
			}
		},
		{
			"__comment": "Voxels",
			"from": [ 9.75, 6.25, 8.25 ],
			"to": [ 10, 6.5, 8.75 ],
			"faces": {
				"down": { "uv": [ 5.75, 2.5, 5.875, 2.75 ], "texture": "#rock" },
				"north": { "uv": [ 6.25, 4.875, 6.125, 5 ], "texture": "#rock" },
				"south": { "uv": [ 6.125, 4.75, 6.25, 4.875 ], "texture": "#rock" },
				"east": { "uv": [ 5.75, 2.375, 5.5, 2.5 ], "texture": "#rock" }
			}
		},
		{
			"__comment": "Voxels",
			"from": [ 9.75, 7.25, 7 ],
			"to": [ 10, 7.5, 7.25 ],
			"faces": {
				"north": { "uv": [ 6.25, 4.125, 6.125, 4.25 ], "texture": "#rock" },
				"east": { "uv": [ 6.25, 3.75, 6.125, 3.875 ], "texture": "#rock" }
			}
		},
		{
			"__comment": "Voxels",
			"from": [ 9.75, 8.75, 7 ],
			"to": [ 10, 9, 8 ],
			"faces": {
				"down": { "uv": [ 5.25, 2, 5.375, 2.5 ], "texture": "#rock" },
				"up": { "uv": [ 5.375, 3, 5.5, 2.5 ], "texture": "#rock" },
				"north": { "uv": [ 6.25, 3.375, 6.125, 3.5 ], "texture": "#rock" },
				"east": { "uv": [ 6, 7.875, 5.5, 8 ], "texture": "#rock" }
			}
		},
		{
			"__comment": "Voxels",
			"from": [ 9.75, 9, 7.25 ],
			"to": [ 10, 9.25, 7.5 ],
			"faces": {
				"up": { "uv": [ 6.125, 2.875, 6.25, 2.75 ], "texture": "#rock" },
				"north": { "uv": [ 6.25, 2.625, 6.125, 2.75 ], "texture": "#rock" },
				"east": { "uv": [ 6.25, 2.25, 6.125, 2.375 ], "texture": "#rock" }
			}
		},
		{
			"__comment": "Voxels",
			"from": [ 9.75, 9.25, 7.5 ],
			"to": [ 10, 9.5, 8.25 ],
			"faces": {
				"down": { "uv": [ 5.875, 5.375, 6, 5.75 ], "texture": "#rock" },
				"up": { "uv": [ 5.75, 5.75, 5.875, 5.375 ], "texture": "#rock" },
				"north": { "uv": [ 6.25, 1.875, 6.125, 2 ], "texture": "#rock" },
				"east": { "uv": [ 5.875, 4, 5.5, 4.125 ], "texture": "#rock" }
			}
		},
		{
			"__comment": "Voxels",
			"from": [ 10, 6.5, 8 ],
			"to": [ 10.25, 6.75, 8.75 ],
			"faces": {
				"down": { "uv": [ 5.875, 6.625, 6, 7 ], "texture": "#rock" },
				"up": { "uv": [ 5.75, 7, 5.875, 6.625 ], "texture": "#rock" },
				"north": { "uv": [ 6.25, 1.125, 6.125, 1.25 ], "texture": "#rock" },
				"east": { "uv": [ 5.875, 6.125, 5.5, 6.25 ], "texture": "#rock" }
			}
		},
		{
			"__comment": "Voxels",
			"from": [ 10, 6.75, 7.5 ],
			"to": [ 10.25, 7.25, 7.75 ],
			"faces": {
				"down": { "uv": [ 6.125, 0.625, 6.25, 0.75 ], "texture": "#rock" },
				"north": { "uv": [ 5.625, 2.125, 5.5, 2.375 ], "texture": "#rock" },
				"south": { "uv": [ 5.625, 2.125, 5.75, 2.375 ], "texture": "#rock" },
				"east": { "uv": [ 5.75, 1.75, 5.625, 2 ], "texture": "#rock" }
			}
		},
		{
			"__comment": "Voxels",
			"from": [ 10, 7, 7.25 ],
			"to": [ 10.25, 7.25, 7.5 ],
			"faces": {
				"down": { "uv": [ 6.25, 9.625, 6.375, 9.75 ], "texture": "#rock" },
				"north": { "uv": [ 6.625, 9.625, 6.5, 9.75 ], "texture": "#rock" },
				"east": { "uv": [ 7, 9.625, 6.875, 9.75 ], "texture": "#rock" }
			}
		},
		{
			"__comment": "Voxels",
			"from": [ 10, 7, 9.25 ],
			"to": [ 10.5, 7.5, 9.5 ],
			"faces": {
				"down": { "uv": [ 5.75, 2, 6, 2.125 ], "texture": "#rock" },
				"south": { "uv": [ 3.25, 8, 3.5, 8.25 ], "texture": "#rock" },
				"east": { "uv": [ 5.75, 1.5, 5.625, 1.75 ], "texture": "#rock" }
			}
		},
		{
			"__comment": "Voxels",
			"from": [ 10, 7.5, 7 ],
			"to": [ 10.25, 8.75, 7.25 ],
			"faces": {
				"down": { "uv": [ 7.75, 9.625, 7.875, 9.75 ], "texture": "#rock" },
				"up": { "uv": [ 7.875, 9.75, 8, 9.625 ], "texture": "#rock" },
				"north": { "uv": [ 5.375, 6.125, 5.25, 6.75 ], "texture": "#rock" },
				"west": { "uv": [ 5.25, 6.75, 5.375, 7.375 ], "texture": "#rock" },
				"east": { "uv": [ 1.25, 7, 1.125, 7.625 ], "texture": "#rock" }
			}
		},
		{
			"__comment": "Voxels",
			"from": [ 10, 8.75, 7.25 ],
			"to": [ 10.25, 9, 8 ],
			"faces": {
				"up": { "uv": [ 5.25, 0.625, 5.375, 0.25 ], "texture": "#rock" },
				"north": { "uv": [ 8.875, 9.625, 8.75, 9.75 ], "texture": "#rock" },
				"east": { "uv": [ 5.875, 5.25, 5.5, 5.375 ], "texture": "#rock" }
			}
		},
		{
			"__comment": "Voxels",
			"from": [ 10, 9.25, 7.75 ],
			"to": [ 10.25, 9.5, 8.25 ],
			"faces": {
				"up": { "uv": [ 5.875, 1.75, 6, 1.5 ], "texture": "#rock" },
				"north": { "uv": [ 9.625, 9.625, 9.5, 9.75 ], "texture": "#rock" },
				"east": { "uv": [ 5.75, 1.375, 5.5, 1.5 ], "texture": "#rock" }
			}
		},
		{
			"__comment": "Voxels",
			"from": [ 10.25, 6.75, 8 ],
			"to": [ 10.5, 7, 8.5 ],
			"faces": {
				"down": { "uv": [ 5.5, 1.125, 5.625, 1.375 ], "texture": "#rock" },
				"north": { "uv": [ 10.375, 9.625, 10.25, 9.75 ], "texture": "#rock" },
				"east": { "uv": [ 6, 1.25, 5.75, 1.375 ], "texture": "#rock" }
			}
		},
		{
			"__comment": "Voxels",
			"from": [ 10.25, 7.25, 7.5 ],
			"to": [ 10.5, 7.5, 7.75 ],
			"faces": {
				"down": { "uv": [ 10.75, 9.625, 10.875, 9.75 ], "texture": "#rock" },
				"north": { "uv": [ 11.125, 9.625, 11, 9.75 ], "texture": "#rock" },
				"east": { "uv": [ 11.5, 9.625, 11.375, 9.75 ], "texture": "#rock" }
			}
		},
		{
			"__comment": "Voxels",
			"from": [ 10.25, 8.25, 7 ],
			"to": [ 10.5, 8.5, 7.25 ],
			"faces": {
				"down": { "uv": [ 11.5, 9.625, 11.625, 9.75 ], "texture": "#rock" },
				"up": { "uv": [ 11.625, 9.75, 11.75, 9.625 ], "texture": "#rock" },
				"north": { "uv": [ 11.875, 9.625, 11.75, 9.75 ], "texture": "#rock" },
				"east": { "uv": [ 12.25, 9.625, 12.125, 9.75 ], "texture": "#rock" }
			}
		},
		{
			"__comment": "Voxels",
			"from": [ 10.25, 8.75, 7.5 ],
			"to": [ 10.5, 9, 8 ],
			"faces": {
				"up": { "uv": [ 5.625, 1.125, 5.75, 0.875 ], "texture": "#rock" },
				"north": { "uv": [ 12.625, 9.625, 12.5, 9.75 ], "texture": "#rock" },
				"east": { "uv": [ 6, 1, 5.75, 1.125 ], "texture": "#rock" }
			}
		},
		{
			"__comment": "Voxels",
			"from": [ 10.5, 7, 8.25 ],
			"to": [ 10.75, 7.5, 8.5 ],
			"faces": {
				"down": { "uv": [ 13, 9.625, 13.125, 9.75 ], "texture": "#rock" },
				"north": { "uv": [ 5.625, 0.625, 5.5, 0.875 ], "texture": "#rock" },
				"south": { "uv": [ 5.625, 0.625, 5.75, 0.875 ], "texture": "#rock" },
				"east": { "uv": [ 6, 0.625, 5.875, 0.875 ], "texture": "#rock" }
			}
		},
		{
			"__comment": "Voxels",
			"from": [ 10.5, 7.25, 7.75 ],
			"to": [ 10.75, 8.75, 8.25 ],
			"faces": {
				"down": { "uv": [ 5.5, 0.375, 5.625, 0.625 ], "texture": "#rock" },
				"up": { "uv": [ 5.625, 0.625, 5.75, 0.375 ], "texture": "#rock" },
				"north": { "uv": [ 5.375, 7.75, 5.25, 8.5 ], "texture": "#rock" },
				"south": { "uv": [ 5.375, 7.75, 5.5, 8.5 ], "texture": "#rock" },
				"west": { "uv": [ 0.25, 6.875, 0.5, 7.625 ], "texture": "#rock" },
				"east": { "uv": [ 0.25, 6.875, 0, 7.625 ], "texture": "#rock" }
			}
		},
		{
			"__comment": "Voxels",
			"from": [ 10.5, 7.75, 7.5 ],
			"to": [ 10.75, 8.75, 7.75 ],
			"faces": {
				"down": { "uv": [ 14.5, 9.625, 14.625, 9.75 ], "texture": "#rock" },
				"up": { "uv": [ 14.625, 9.75, 14.75, 9.625 ], "texture": "#rock" },
				"north": { "uv": [ 5.375, 5, 5.25, 5.5 ], "texture": "#rock" },
				"east": { "uv": [ 5.5, 2, 5.375, 2.5 ], "texture": "#rock" }
			}
		},
		{
			"__comment": "Voxels",
			"from": [ 10.75, 7, 8.75 ],
			"to": [ 11, 7.25, 9 ],
			"faces": {
				"down": { "uv": [ 15.25, 9.625, 15.375, 9.75 ], "texture": "#rock" },
				"north": { "uv": [ 15.625, 9.625, 15.5, 9.75 ], "texture": "#rock" },
				"south": { "uv": [ 15.625, 9.625, 15.75, 9.75 ], "texture": "#rock" },
				"east": { "uv": [ 16, 9.625, 15.875, 9.75 ], "texture": "#rock" }
			}
		},
		{
			"__comment": "Voxels",
			"from": [ 10.75, 7.25, 8.25 ],
			"to": [ 11, 7.5, 8.5 ],
			"faces": {
				"down": { "uv": [ 6.25, 9.5, 6.375, 9.625 ], "texture": "#rock" },
				"north": { "uv": [ 6.375, 9.25, 6.25, 9.375 ], "texture": "#rock" },
				"east": { "uv": [ 6.375, 8.875, 6.25, 9 ], "texture": "#rock" }
			}
		}
	],
	"display": {
		"thirdperson_lefthand": {
			"scale":  [ 0.0001, 0.0001, 0.0001 ]
		},
		"firstperson_righthand": {
			"translation":  [ -8.347, 4.8695, 4.8695 ]
		},
		"firstperson_lefthand": {
			"scale":  [ 0.0001, 0.0001, 0.0001 ]
		},
		"gui": {
			"rotation":  [ -29, 22, -9 ],
			"scale":  [ 1.5, 1.5, 1.5 ]
		},
		"ground": {
			"scale":  [ 0.6, 0.6, 0.6 ]
		}
	}
}