{
   "providers":[
      {
         "file":"font/numbers.png",
         "ascent":7,
         "type":"bitmap",
         "chars":[
            "埠坻坬埤去肭赒炳炻光"
         ],
         "height":34
      },
      {
         "file":"tags/owner.png",
         "ascent":7.5,
         "type":"bitmap",
         "chars":[
            "\uF001"
         ],
         "height":7.5
      },
      {
         "file":"tags/manager.png",
         "ascent":7.5,
         "type":"bitmap",
         "chars":[
            "\uF002"
         ],
         "height":7.5
      },
      {
         "file":"tags/admin.png",
         "ascent":7.5,
         "type":"bitmap",
         "chars":[
            "\uF003"
         ],
         "height":7.5
      },
      {
         "file":"tags/moderator.png",
         "ascent":7.5,
         "type":"bitmap",
         "chars":[
            "\uF004"
         ],
         "height":7.5
      },
      {
         "file":"tags/builder.png",
         "ascent":7.5,
         "type":"bitmap",
         "chars":[
            "\uF005"
         ],
         "height":7.5
      },
      {
         "file":"tags/player.png",
         "ascent":7.5,
         "type":"bitmap",
         "chars":[
            "\uF100"
         ],
         "height":7.5
      },
      {
         "file":"tags/vip.png",
         "ascent":7.5,
         "type":"bitmap",
         "chars":[
            "\uF101"
         ],
         "height":7.5
      },
      {
         "file":"tags/vipplus.png",
         "ascent":7.5,
         "type":"bitmap",
         "chars":[
            "\uF102"
         ],
         "height":7.5
      },
      {
         "file":"tags/media.png",
         "ascent":7.5,
         "type":"bitmap",
         "chars":[
            "\uF103"
         ],
         "height":7.5
      },
      {
         "ascent":8,
         "chars":[
            "ꈁ"
         ],
         "file":"custom/x.png",
         "height":10,
         "type":"bitmap"
      },
      {
         "file":"gui/recycler/recycler.png",
         "ascent":19,
         "type":"bitmap",
         "chars":[
            "\uF006"
         ],
         "height":256
      },
      {
         "file":"gui/respawnmenu/respawnmenu.png",
         "ascent":19,
         "type":"bitmap",
         "chars":[
            "\uF007"
         ],
         "height":256
      },
      {
         "file":"gui/black.png",
         "ascent":100,
         "type":"bitmap",
         "chars":[
            "\uF009"
         ],
         "height":256
      },
      {
         "file":"gui/craft/craftmenu_clothes.png",
         "ascent":19,
         "type":"bitmap",
         "chars":[
            "\uF200"
         ],
         "height":256
      },
      {
         "file":"gui/craft/craftmenu_weapon.png",
         "ascent":19,
         "type":"bitmap",
         "chars":[
            "\uF201"
         ],
         "height":256
      },
      {
         "file":"gui/craft/craftmenu_tools.png",
         "ascent":19,
         "type":"bitmap",
         "chars":[
            "\uF202"
         ],
         "height":256
      },
      {
         "file":"gui/craft/craftmenu_other.png",
         "ascent":19,
         "type":"bitmap",
         "chars":[
            "\uF203"
         ],
         "height":256
      },
      {
         "file":"gui/armor/armor.png",
         "ascent":19,
         "type":"bitmap",
         "chars":[
            "\uF204"
         ],
         "height":256
      },
      {
         "file":"gui/respawnmenu/map.png",
         "ascent":2,
         "type":"bitmap",
         "chars":[
            "\uF008"
         ],
         "height":89
      },
      {
         "file":"gui/researchtable/research.png",
         "ascent":19,
         "type":"bitmap",
         "chars":[
            "湙"
         ],
         "height":256
      },
      {
         "file":"gui/toolcupboard/buildaccess.png",
         "ascent":-265,
         "type":"bitmap",
         "chars":[
            "ꌂ"
         ],
         "height":108
      },
      {
         "file":"gui/toolcupboard/buildingblocked.png",
         "ascent":-265,
         "type":"bitmap",
         "chars":[
            "鄝"
         ],
         "height":108
      },
      {
         "file":"gui/toolcupboard/buildingdecaying.png",
         "ascent":-252,
         "type":"bitmap",
         "chars":[
            "ꌄ"
         ],
         "height":108
      },
      {
         "file":"gui/toolcupboard/main.png",
         "ascent":19,
         "type":"bitmap",
         "chars":[
            "洱"
         ],
         "height":256
      },
      {
         "file":"gui/toolcupboard/tcusers.png",
         "ascent":19,
         "type":"bitmap",
         "chars":[
            "ꌃ"
         ],
         "height":256
      },
      {
         "file":"gui/furnace/furnacemenuon.png",
         "ascent":19,
         "type":"bitmap",
         "chars":[
            "滦"
         ],
         "height":256
      },
      {
         "file":"gui/craft/craftmenu.png",
         "ascent":19,
         "type":"bitmap",
         "chars":[
            "洨"
         ],
         "height":256
      },
      {
         "file":"gui/buildmenu/buildingplan.png",
         "ascent":19,
         "type":"bitmap",
         "chars":[
            "씃"
         ],
         "height":256
      },
      {
         "file":"gui/hub/serverselector.png",
         "ascent":19,
         "type":"bitmap",
         "chars":[
            "ꌆ"
         ],
         "height":256
      },
      {
         "file":"gui/buildmenu/foundation_highlight.png",
         "ascent":19,
         "type":"bitmap",
         "chars":[
            "ꈉ"
         ],
         "height":256
      },
      {
         "file":"gui/buildmenu/roof_highlight.png",
         "ascent":19,
         "type":"bitmap",
         "chars":[
            "久"
         ],
         "height":256
      },
      {
         "file":"gui/buildmenu/buildingplanstairhighlight.png",
         "ascent":19,
         "type":"bitmap",
         "chars":[
            "沩"
         ],
         "height":256
      },
      {
         "file":"gui/buildmenu/door_highlight.png",
         "ascent":19,
         "type":"bitmap",
         "chars":[
            "ꈃ"
         ],
         "height":256
      },
      {
         "file":"gui/buildmenu/wall_highlight.png",
         "ascent":19,
         "type":"bitmap",
         "chars":[
            "ꈄ"
         ],
         "height":256
      },

      {
         "file":"gui/buildmenu/window_highlight.png",
         "ascent":19,
         "type":"bitmap",
         "chars":[
            "ꈆ"
         ],
         "height":256
      },
      {
         "file":"gui/buildmenu/halfwall_highlight.png",
         "ascent":19,
         "type":"bitmap",
         "chars":[
            "ꍠ"
         ],
         "height":256
      },
      {
         "file":"gui/buildmenu/upgrade.png",
         "ascent":19,
         "type":"bitmap",
         "chars":[
            "赫"
         ],
         "height":256
      },
      {
         "file":"gui/cancel.png",
         "ascent":19,
         "type":"bitmap",
         "chars":[
            "ꈇ"
         ],
         "height":256
      },
      {
         "file":"gui/space_split.png",
         "ascent":-32768,
         "type":"bitmap",
         "chars":[
            "漷"
         ],
         "height":-3
      },
      {
         "file":"gui/space_split.png",
         "ascent":-32768,
         "type":"bitmap",
         "chars":[
            "ꌐ"
         ],
         "height":-4
      },
      {
         "file":"gui/space_split.png",
         "ascent":-32768,
         "type":"bitmap",
         "chars":[
            "ꈅ"
         ],
         "size":[10,10],
         "height":16
      },
      {
         "file":"gui/space_split.png",
         "ascent":-32768,
         "type":"bitmap",
         "chars":[
            "ꈂ"
         ],
         "size":[10,10],
         "height":-10
      },
      {
         "file":"gui/twigwall.png",
         "ascent":10,
         "type":"bitmap",
         "chars":[
            "ꈊ"
         ],
         "height":30
      },
      {
         "file":"gui/window.png",
         "ascent":10,
         "type":"bitmap",
         "chars":[
            "埽"
         ],
         "height":30
      },
      {
         "file":"gui/door.png",
         "ascent":10,
         "type":"bitmap",
         "chars":[
            "圯"
         ],
         "height":30
      },
      {
         "file":"gui/roof.png",
         "ascent":10,
         "type":"bitmap",
         "chars":[
            "溢"
         ],
         "height":30
      },
      {
         "file":"gui/stairs.png",
         "ascent":10,
         "type":"bitmap",
         "chars":[
            "港"
         ],
         "height":30
      },
      {
         "file":"gui/foundation.png",
         "ascent":10,
         "type":"bitmap",
         "chars":[
            "漾"
         ],
         "height":30
      },
      {
         "file":"custom/addition.png",
         "ascent":10,
         "type":"bitmap",
         "chars":[
            "膛"
         ],
         "height":15
      },
      {
         "file":"gui/uibars/healthbar.png",
         "ascent":5,
         "type":"bitmap",
         "chars":[
            "脎"
         ],
         "height":15
      },
      {
         "file":"gui/uibars/waterbar.png",
         "ascent":-19,
         "type":"bitmap",
         "chars":[
            "月"
         ],
         "height":15
      },
      {
         "file":"gui/uibars/foodbar.png",
         "ascent":-18,
         "type":"bitmap",
         "chars":[
            "然"
         ],
         "height":15
      },
      {
         "file":"gui/uibars/bars.png",
         "ascent":40,
         "type":"bitmap",
         "chars":[
			   "烽"
         ],
         "height":100
      }
   ]
}


