{
	"__comment": "Designed by DevastMc",
	"textures": {
		"pig1": "blocks/pig"
	},
	"elements": [ 	 
		{
			"__comment": "Voxels",
			"from": [ 0, 0.5, 4 ],
			"to": [ 7, 4.5, 8.5 ],
			"faces": {
				"down": { "uv": [ 1, 13, 2.5, 14.5 ], "texture": "#pig1" },
				"up": { "uv": [ 1, 14.5, 2.5, 13 ], "texture": "#pig1" },
				"north": { "uv": [ 2, 13, 1, 14.5 ], "texture": "#pig1" },
				"south": { "uv": [ 1.5, 13, 3, 14.5 ], "texture": "#pig1" },
				"west": { "uv": [ 1.5, 13, 3, 14.5 ], "texture": "#pig1" }
			}
		},
		{
			"__comment": "Voxels",
			"from": [ 0, 0.5, 20 ],
			"to": [ 7, 4.5, 24 ],
			"rotation": { "origin": [ 0, 0.5, 20 ], "axis": "y", "angle": 45 },
			"faces": {
				"down": { "uv": [ 1.5, 13, 3, 14 ], "texture": "#pig1" },
				"up": { "uv": [ 1, 14.5, 2.5, 13.5 ], "texture": "#pig1" },
				"north": { "uv": [ 3.5, 13, 2, 14 ], "texture": "#pig1" },
				"south": { "uv": [ 1, 13.5, 2.5, 14.5 ], "texture": "#pig1" },
				"west": { "uv": [ 13, 14, 14, 15 ], "texture": "#pig1" },
				"east": { "uv": [ 15.75, 13.875, 14.75, 14.875 ], "texture": "#pig1" }
			}
		},
		{
			"__comment": "Voxels",
			"from": [ 1.5, 4, 4 ],
			"to": [ 8.5, 8, 8.5 ],
			"rotation": { "origin": [ 1.5, 4, 4 ], "axis": "z", "angle": 22.5 },
			"faces": {
				"down": { "uv": [ 1, 13, 2.5, 14.125 ], "texture": "#pig1" },
				"up": { "uv": [ 2, 14.5, 3.5, 13.375 ], "texture": "#pig1" },
				"north": { "uv": [ 3.5, 13.5, 2, 14.5 ], "texture": "#pig1" },
				"south": { "uv": [ 0.5, 13, 2, 14 ], "texture": "#pig1" },
				"west": { "uv": [ 7.5, 13, 8.625, 14 ], "texture": "#pig1" },
				"east": { "uv": [ 8.5, 13, 7.375, 14 ], "texture": "#pig1" }
			}
		},
		{
			"__comment": "Voxels",
			"from": [ 1.5, 5.5, 18 ],
			"to": [ 8.5, 9.5, 22 ],
			"rotation": { "origin": [ 1.5, 5.5, 18 ], "axis": "y", "angle": 45 },
			"faces": {
				"down": { "uv": [ 0.5, 13, 2, 14 ], "texture": "#pig1" },
				"up": { "uv": [ 0.5, 14.5, 2, 13.5 ], "texture": "#pig1" },
				"north": { "uv": [ 3, 13, 1.5, 14 ], "texture": "#pig1" },
				"south": { "uv": [ 1.5, 13.5, 3, 14.5 ], "texture": "#pig1" },
				"west": { "uv": [ 2, 13.5, 3, 14.5 ], "texture": "#pig1" },
				"east": { "uv": [ 3, 13, 2, 14 ], "texture": "#pig1" }
			}
		},
		{
			"__comment": "Voxels",
			"from": [ 7, 0.5, 2.5 ],
			"to": [ 14, 10.5, 18.5 ],
			"faces": {
				"down": { "uv": [ 9, 12, 11.5, 16 ], "texture": "#pig1" },
				"up": { "uv": [ 7, 16, 9, 12 ], "texture": "#pig1" },
				"north": { "uv": [ 9, 12, 7, 16 ], "texture": "#pig1" },
				"south": { "uv": [ 11.5, 10, 14, 12 ], "texture": "#pig1" },
				"west": { "uv": [ 9, 12, 11.5, 16 ], "texture": "#pig1" },
				"east": { "uv": [ 16, 12, 14, 16 ], "texture": "#pig1" }
			}
		},
		{
			"__comment": "Voxels",
			"from": [ 8, 1, -2 ],
			"to": [ 16, 10, 2.5 ],
			"faces": {
				"down": { "uv": [ 2, 8, 4, 10 ], "texture": "#pig1" },
				"up": { "uv": [ 0, 10, 2, 12 ], "texture": "#pig1" },
				"north": { "uv": [ 4, 10, 2, 12 ], "texture": "#pig1", "rotation": 270 },
				"south": { "uv": [ 2, 8, 4, 10.25 ], "texture": "#pig1" },
				"west": { "uv": [ 2, 8, 4, 10 ], "texture": "#pig1" },
				"east": { "uv": [ 6, 10, 4, 12 ], "texture": "#pig1" }
			}
		},
		{
			"__comment": "Voxels",
			"from": [ 9, 3, -3 ],
			"to": [ 12, 8, -2 ],
			"faces": {
				"down": { "uv": [ 2.5, 8.5, 3.5, 10 ], "texture": "#pig1" },
				"up": { "uv": [ 3, 9, 4, 9.5 ], "texture": "#pig1" },
				"north": { "uv": [ 4, 12, 5.5, 13 ], "texture": "#pig1", "rotation": 270 },
				"west": { "uv": [ 3, 8.5, 3.25, 9.75 ], "texture": "#pig1" },
				"east": { "uv": [ 3, 8.5, 4, 10 ], "texture": "#pig1" }
			}
		},
		{
			"__comment": "Voxels",
			"from": [ 14, 1, 2.5 ],
			"to": [ 16, 10, 5 ],
			"faces": {
				"down": { "uv": [ 2, 8, 4, 10 ], "texture": "#pig1" },
				"up": { "uv": [ 2, 9.5, 4, 8 ], "texture": "#pig1" },
				"south": { "uv": [ 2, 8, 4, 10 ], "texture": "#pig1" },
				"east": { "uv": [ 8, 10.5, 6, 12.5 ], "texture": "#pig1" }
			}
		}
	],
	"display": {
		"gui": {
			"rotation":  [ 42, 65, 0 ],
			"scale":  [ 0.5, 0.5, 0.5 ]
		},
		"head": {
			"translation":  [ 0, -36.16, 0 ],
			"scale":  [ 2, 2, 2 ]
		},
		"ground": {
			"scale":  [ 0.0001, 0.0001, 0.0001 ]
		}
	}
}