{
	"__comment": "Designed by DevastMc",
	"textures": {
		"voxels_atlas": "blocks/apple"
	},
	"elements": [ 	 
		{
			"__comment": "Voxels",
			"from": [ 2, 9, 7 ],
			"to": [ 14, 9.5, 9 ],
			"faces": {
				"down": { "uv": [ 8.5, 15.5, 11.5, 16 ], "texture": "#voxels_atlas" },
				"up": { "uv": [ 5.5, 16, 8.5, 15.5 ], "texture": "#voxels_atlas" },
				"north": { "uv": [ 13.875, 14.875, 10.875, 15 ], "texture": "#voxels_atlas" },
				"south": { "uv": [ 10.875, 14.75, 13.875, 14.875 ], "texture": "#voxels_atlas" },
				"west": { "uv": [ 4.875, 10, 5.375, 10.125 ], "texture": "#voxels_atlas" },
				"east": { "uv": [ 2.625, 12, 2.125, 12.125 ], "texture": "#voxels_atlas" }
			}
		},
		{
			"__comment": "Voxels",
			"from": [ 2.5, 9, 6 ],
			"to": [ 13.5, 9.5, 7 ],
			"faces": {
				"down": { "uv": [ 2.625, 14.5, 5.375, 14.75 ], "texture": "#voxels_atlas" },
				"up": { "uv": [ 2.625, 14.5, 5.375, 14.25 ], "texture": "#voxels_atlas" },
				"north": { "uv": [ 11.75, 14.375, 9, 14.5 ], "texture": "#voxels_atlas" },
				"west": { "uv": [ 7.375, 11.75, 7.625, 11.875 ], "texture": "#voxels_atlas" },
				"east": { "uv": [ 7.625, 11.625, 7.375, 11.75 ], "texture": "#voxels_atlas" }
			}
		},
		{
			"__comment": "Voxels",
			"from": [ 2.5, 9, 9 ],
			"to": [ 13.5, 10, 10 ],
			"faces": {
				"down": { "uv": [ 2.625, 14, 5.375, 14.25 ], "texture": "#voxels_atlas" },
				"up": { "uv": [ 2.625, 14, 5.375, 13.75 ], "texture": "#voxels_atlas" },
				"north": { "uv": [ 5.375, 13.5, 2.625, 13.75 ], "texture": "#voxels_atlas" },
				"south": { "uv": [ 2.625, 13.25, 5.375, 13.5 ], "texture": "#voxels_atlas" },
				"west": { "uv": [ 2.375, 8.5, 2.625, 8.75 ], "texture": "#voxels_atlas" },
				"east": { "uv": [ 2.625, 8.25, 2.375, 8.5 ], "texture": "#voxels_atlas" }
			}
		},
		{
			"__comment": "Voxels",
			"from": [ 2.5, 9, 10 ],
			"to": [ 13.5, 9.5, 10.5 ],
			"faces": {
				"down": { "uv": [ 9, 14.25, 11.75, 14.375 ], "texture": "#voxels_atlas" },
				"up": { "uv": [ 7.625, 14.625, 10.375, 14.5 ], "texture": "#voxels_atlas" },
				"south": { "uv": [ 13.125, 14.5, 15.875, 14.625 ], "texture": "#voxels_atlas" },
				"west": { "uv": [ 11, 10.25, 11.125, 10.375 ], "texture": "#voxels_atlas" },
				"east": { "uv": [ 11, 10.5, 10.875, 10.625 ], "texture": "#voxels_atlas" }
			}
		},
		{
			"__comment": "Voxels",
			"from": [ 2.5, 9.5, 6.5 ],
			"to": [ 14, 10, 9 ],
			"faces": {
				"down": { "uv": [ 2.625, 14.75, 5.5, 15.375 ], "texture": "#voxels_atlas" },
				"up": { "uv": [ 2.625, 16, 5.5, 15.375 ], "texture": "#voxels_atlas" },
				"north": { "uv": [ 10.5, 14.625, 7.625, 14.75 ], "texture": "#voxels_atlas" },
				"south": { "uv": [ 10.5, 14.625, 13.375, 14.75 ], "texture": "#voxels_atlas" },
				"west": { "uv": [ 4.875, 10.625, 5.5, 10.75 ], "texture": "#voxels_atlas" },
				"east": { "uv": [ 5.5, 10.5, 4.875, 10.625 ], "texture": "#voxels_atlas" }
			}
		},
		{
			"__comment": "Voxels",
			"from": [ 2.5, 10, 6.5 ],
			"to": [ 13, 11, 10 ],
			"faces": {
				"down": { "uv": [ 0, 14.25, 2.625, 15.125 ], "texture": "#voxels_atlas" },
				"up": { "uv": [ 0, 16, 2.625, 15.125 ], "texture": "#voxels_atlas" },
				"north": { "uv": [ 2.625, 10.75, 0, 11 ], "texture": "#voxels_atlas" },
				"south": { "uv": [ 0, 11, 2.625, 11.25 ], "texture": "#voxels_atlas" },
				"west": { "uv": [ 9, 9.125, 9.875, 9.375 ], "texture": "#voxels_atlas" },
				"east": { "uv": [ 8.5, 8, 7.625, 8.25 ], "texture": "#voxels_atlas" }
			}
		},
		{
			"__comment": "Voxels",
			"from": [ 3, 9, 5 ],
			"to": [ 13, 10, 6 ],
			"faces": {
				"down": { "uv": [ 0, 9, 2.5, 9.25 ], "texture": "#voxels_atlas" },
				"up": { "uv": [ 0, 9.5, 2.5, 9.25 ], "texture": "#voxels_atlas" },
				"north": { "uv": [ 2.5, 9.75, 0, 10 ], "texture": "#voxels_atlas" },
				"south": { "uv": [ 0, 10, 2.5, 10.25 ], "texture": "#voxels_atlas" },
				"west": { "uv": [ 2.375, 8, 2.625, 8.25 ], "texture": "#voxels_atlas" },
				"east": { "uv": [ 5.5, 11.25, 5.25, 11.5 ], "texture": "#voxels_atlas" }
			}
		},
		{
			"__comment": "Voxels",
			"from": [ 3, 9, 10.5 ],
			"to": [ 13, 10, 11 ],
			"faces": {
				"up": { "uv": [ 9, 13.875, 11.5, 13.75 ], "texture": "#voxels_atlas" },
				"north": { "uv": [ 2.5, 9.5, 0, 9.75 ], "texture": "#voxels_atlas" },
				"south": { "uv": [ 0, 8.75, 2.5, 9 ], "texture": "#voxels_atlas" },
				"west": { "uv": [ 7.375, 11, 7.5, 11.25 ], "texture": "#voxels_atlas" },
				"east": { "uv": [ 7.625, 11, 7.5, 11.25 ], "texture": "#voxels_atlas" }
			}
		},
		{
			"__comment": "Voxels",
			"from": [ 3, 9.5, 6 ],
			"to": [ 13.5, 10, 6.5 ],
			"faces": {
				"up": { "uv": [ 9, 14.125, 11.625, 14 ], "texture": "#voxels_atlas" },
				"north": { "uv": [ 11.625, 13.875, 9, 14 ], "texture": "#voxels_atlas" },
				"west": { "uv": [ 15.625, 12.875, 15.75, 13 ], "texture": "#voxels_atlas" },
				"east": { "uv": [ 15.625, 12.875, 15.5, 13 ], "texture": "#voxels_atlas" }
			}
		},
		{
			"__comment": "Voxels",
			"from": [ 3, 9.5, 10 ],
			"to": [ 13.5, 10, 10.5 ],
			"faces": {
				"up": { "uv": [ 9, 14.25, 11.625, 14.125 ], "texture": "#voxels_atlas" },
				"south": { "uv": [ 11.625, 13.875, 14.25, 14 ], "texture": "#voxels_atlas" },
				"west": { "uv": [ 15.875, 13, 16, 13.125 ], "texture": "#voxels_atlas" },
				"east": { "uv": [ 15.875, 13, 15.75, 13.125 ], "texture": "#voxels_atlas" }
			}
		},
		{
			"__comment": "Voxels",
			"from": [ 3, 10, 6 ],
			"to": [ 13, 11, 6.5 ],
			"faces": {
				"up": { "uv": [ 11.5, 13.875, 14, 13.75 ], "texture": "#voxels_atlas" },
				"north": { "uv": [ 2.5, 10.25, 0, 10.5 ], "texture": "#voxels_atlas" },
				"west": { "uv": [ 7.375, 8.75, 7.5, 9 ], "texture": "#voxels_atlas" },
				"east": { "uv": [ 7.625, 8.75, 7.5, 9 ], "texture": "#voxels_atlas" }
			}
		},
		{
			"__comment": "Voxels",
			"from": [ 3, 10, 10 ],
			"to": [ 12.5, 11, 10.5 ],
			"faces": {
				"up": { "uv": [ 11.375, 13.5, 13.75, 13.375 ], "texture": "#voxels_atlas" },
				"south": { "uv": [ 2.625, 11.5, 5, 11.75 ], "texture": "#voxels_atlas" },
				"west": { "uv": [ 7.25, 8.5, 7.375, 8.75 ], "texture": "#voxels_atlas" },
				"east": { "uv": [ 7.625, 8.25, 7.5, 8.5 ], "texture": "#voxels_atlas" }
			}
		},
		{
			"__comment": "Voxels",
			"from": [ 3, 11, 7 ],
			"to": [ 12.5, 12, 10 ],
			"faces": {
				"up": { "uv": [ 0, 13.5, 2.375, 12.75 ], "texture": "#voxels_atlas" },
				"north": { "uv": [ 2.375, 8.5, 0, 8.75 ], "texture": "#voxels_atlas" },
				"south": { "uv": [ 0, 8.25, 2.375, 8.5 ], "texture": "#voxels_atlas" },
				"west": { "uv": [ 15.25, 14.75, 16, 15 ], "texture": "#voxels_atlas" },
				"east": { "uv": [ 2.625, 11.75, 1.875, 12 ], "texture": "#voxels_atlas" }
			}
		},
		{
			"__comment": "Voxels",
			"from": [ 3.5, 9, 4.5 ],
			"to": [ 13, 10, 5 ],
			"faces": {
				"down": { "uv": [ 11.375, 13.5, 13.75, 13.625 ], "texture": "#voxels_atlas" },
				"up": { "uv": [ 11.375, 13.25, 13.75, 13.125 ], "texture": "#voxels_atlas" },
				"north": { "uv": [ 5, 13, 2.625, 13.25 ], "texture": "#voxels_atlas" },
				"west": { "uv": [ 15.75, 15.25, 15.875, 15.5 ], "texture": "#voxels_atlas" },
				"east": { "uv": [ 16, 15.25, 15.875, 15.5 ], "texture": "#voxels_atlas" }
			}
		},
		{
			"__comment": "Voxels",
			"from": [ 3.5, 9, 11 ],
			"to": [ 13, 10, 11.5 ],
			"faces": {
				"up": { "uv": [ 11.375, 13.375, 13.75, 13.25 ], "texture": "#voxels_atlas" },
				"south": { "uv": [ 2.625, 12.25, 5, 12.5 ], "texture": "#voxels_atlas" },
				"west": { "uv": [ 8.875, 12.25, 9, 12.5 ], "texture": "#voxels_atlas" },
				"east": { "uv": [ 9, 12, 8.875, 12.25 ], "texture": "#voxels_atlas" }
			}
		},
		{
			"__comment": "Voxels",
			"from": [ 3.5, 9, 11.5 ],
			"to": [ 12.5, 10, 12 ],
			"faces": {
				"up": { "uv": [ 13.75, 13.375, 16, 13.25 ], "texture": "#voxels_atlas" },
				"south": { "uv": [ 2.625, 9.75, 4.875, 10 ], "texture": "#voxels_atlas" },
				"west": { "uv": [ 8.875, 11.75, 9, 12 ], "texture": "#voxels_atlas" },
				"east": { "uv": [ 8.875, 11.5, 8.75, 11.75 ], "texture": "#voxels_atlas" }
			}
		},
		{
			"__comment": "Voxels",
			"from": [ 3.5, 10, 5.5 ],
			"to": [ 13, 11, 6 ],
			"faces": {
				"up": { "uv": [ 9, 13.25, 11.375, 13.125 ], "texture": "#voxels_atlas" },
				"north": { "uv": [ 2.375, 8, 0, 8.25 ], "texture": "#voxels_atlas" },
				"west": { "uv": [ 8.875, 11.5, 9, 11.75 ], "texture": "#voxels_atlas" },
				"east": { "uv": [ 8.875, 11.25, 8.75, 11.5 ], "texture": "#voxels_atlas" }
			}
		},
		{
			"__comment": "Voxels",
			"from": [ 3.5, 10, 10.5 ],
			"to": [ 12.5, 11, 11 ],
			"faces": {
				"up": { "uv": [ 13.75, 13.5, 16, 13.375 ], "texture": "#voxels_atlas" },
				"south": { "uv": [ 2.625, 11.25, 4.875, 11.5 ], "texture": "#voxels_atlas" },
				"west": { "uv": [ 8.875, 11.25, 9, 11.5 ], "texture": "#voxels_atlas" },
				"east": { "uv": [ 8.875, 11, 8.75, 11.25 ], "texture": "#voxels_atlas" }
			}
		},
		{
			"__comment": "Voxels",
			"from": [ 3.5, 10, 11 ],
			"to": [ 12, 11, 11.5 ],
			"faces": {
				"up": { "uv": [ 9, 12, 11.125, 11.875 ], "texture": "#voxels_atlas" },
				"south": { "uv": [ 2.625, 8.5, 4.75, 8.75 ], "texture": "#voxels_atlas" },
				"west": { "uv": [ 7.5, 14.5, 7.625, 14.75 ], "texture": "#voxels_atlas" },
				"east": { "uv": [ 9, 11, 8.875, 11.25 ], "texture": "#voxels_atlas" }
			}
		},
		{
			"__comment": "Voxels",
			"from": [ 3.5, 11, 6.5 ],
			"to": [ 12.5, 12, 7 ],
			"faces": {
				"up": { "uv": [ 9, 13.125, 11.25, 13 ], "texture": "#voxels_atlas" },
				"north": { "uv": [ 4.875, 10.25, 2.625, 10.5 ], "texture": "#voxels_atlas" },
				"west": { "uv": [ 8.75, 10.5, 8.875, 10.75 ], "texture": "#voxels_atlas" },
				"east": { "uv": [ 9, 10.5, 8.875, 10.75 ], "texture": "#voxels_atlas" }
			}
		},
		{
			"__comment": "Voxels",
			"from": [ 3.5, 11, 10 ],
			"to": [ 12.5, 12, 10.5 ],
			"faces": {
				"up": { "uv": [ 13.5, 13.125, 15.75, 13 ], "texture": "#voxels_atlas" },
				"south": { "uv": [ 2.625, 10.5, 4.875, 10.75 ], "texture": "#voxels_atlas" },
				"west": { "uv": [ 8.75, 10.25, 8.875, 10.5 ], "texture": "#voxels_atlas" },
				"east": { "uv": [ 15.875, 15, 15.75, 15.25 ], "texture": "#voxels_atlas" }
			}
		},
		{
			"__comment": "Voxels",
			"from": [ 3.5, 12, 7.5 ],
			"to": [ 12, 13, 9 ],
			"faces": {
				"up": { "uv": [ 0, 12.375, 2.125, 12 ], "texture": "#voxels_atlas" },
				"north": { "uv": [ 13.625, 15.75, 11.5, 16 ], "texture": "#voxels_atlas" },
				"south": { "uv": [ 5.5, 15, 7.625, 15.25 ], "texture": "#voxels_atlas" },
				"west": { "uv": [ 4.875, 11.25, 5.25, 11.5 ], "texture": "#voxels_atlas" },
				"east": { "uv": [ 5.375, 11.5, 5, 11.75 ], "texture": "#voxels_atlas" }
			}
		},
		{
			"__comment": "Voxels",
			"from": [ 3.5, 12, 9 ],
			"to": [ 11.5, 13, 9.5 ],
			"faces": {
				"up": { "uv": [ 14, 13.875, 16, 13.75 ], "texture": "#voxels_atlas" },
				"south": { "uv": [ 5.5, 14.25, 7.5, 14.5 ], "texture": "#voxels_atlas" },
				"west": { "uv": [ 7.25, 8.75, 7.375, 9 ], "texture": "#voxels_atlas" },
				"east": { "uv": [ 7.625, 12.5, 7.5, 12.75 ], "texture": "#voxels_atlas" }
			}
		},
		{
			"__comment": "Voxels",
			"from": [ 4, 9, 4 ],
			"to": [ 12.5, 10, 4.5 ],
			"faces": {
				"down": { "uv": [ 13.375, 12.875, 15.5, 13 ], "texture": "#voxels_atlas" },
				"up": { "uv": [ 9, 12.625, 11.125, 12.5 ], "texture": "#voxels_atlas" },
				"north": { "uv": [ 4.75, 9.25, 2.625, 9.5 ], "texture": "#voxels_atlas" },
				"west": { "uv": [ 7.375, 12.5, 7.5, 12.75 ], "texture": "#voxels_atlas" },
				"east": { "uv": [ 7.625, 13.25, 7.5, 13.5 ], "texture": "#voxels_atlas" }
			}
		},
		{
			"__comment": "Voxels",
			"from": [ 4, 10, 5 ],
			"to": [ 12.5, 11, 5.5 ],
			"faces": {
				"up": { "uv": [ 11.25, 13, 13.375, 12.875 ], "texture": "#voxels_atlas" },
				"north": { "uv": [ 4.75, 8, 2.625, 8.25 ], "texture": "#voxels_atlas" },
				"west": { "uv": [ 7.375, 13.25, 7.5, 13.5 ], "texture": "#voxels_atlas" },
				"east": { "uv": [ 7.625, 14, 7.5, 14.25 ], "texture": "#voxels_atlas" }
			}
		},
		{
			"__comment": "Voxels",
			"from": [ 4, 11, 6 ],
			"to": [ 12.5, 12, 6.5 ],
			"faces": {
				"up": { "uv": [ 9, 12.75, 11.125, 12.625 ], "texture": "#voxels_atlas" },
				"north": { "uv": [ 15.75, 15.5, 13.625, 15.75 ], "texture": "#voxels_atlas" },
				"west": { "uv": [ 7.5, 14.25, 7.625, 14.5 ], "texture": "#voxels_atlas" },
				"east": { "uv": [ 15.875, 15.5, 15.75, 15.75 ], "texture": "#voxels_atlas" }
			}
		},
		{
			"__comment": "Voxels",
			"from": [ 4, 11, 10.5 ],
			"to": [ 12.5, 12, 11 ],
			"faces": {
				"up": { "uv": [ 9, 12.125, 11.125, 12 ], "texture": "#voxels_atlas" },
				"south": { "uv": [ 2.625, 9, 4.75, 9.25 ], "texture": "#voxels_atlas" },
				"west": { "uv": [ 15.875, 15.75, 16, 16 ], "texture": "#voxels_atlas" },
				"east": { "uv": [ 5.5, 11.5, 5.375, 11.75 ], "texture": "#voxels_atlas" }
			}
		},
		{
			"__comment": "Voxels",
			"from": [ 4, 12, 7 ],
			"to": [ 12, 13, 7.5 ],
			"faces": {
				"up": { "uv": [ 9, 11.75, 11, 11.625 ], "texture": "#voxels_atlas" },
				"north": { "uv": [ 7.5, 14.5, 5.5, 14.75 ], "texture": "#voxels_atlas" },
				"west": { "uv": [ 5.375, 11.75, 5.5, 12 ], "texture": "#voxels_atlas" },
				"east": { "uv": [ 5.5, 13.5, 5.375, 13.75 ], "texture": "#voxels_atlas" }
			}
		},
		{
			"__comment": "Voxels",
			"from": [ 4, 12, 9.5 ],
			"to": [ 11.5, 13, 10.5 ],
			"faces": {
				"down": { "uv": [ 5.5, 12, 7.375, 12.25 ], "texture": "#voxels_atlas" },
				"up": { "uv": [ 5.5, 12.5, 7.375, 12.25 ], "texture": "#voxels_atlas" },
				"south": { "uv": [ 5.5, 12.75, 7.375, 13 ], "texture": "#voxels_atlas" },
				"west": { "uv": [ 5.25, 10.75, 5.5, 11 ], "texture": "#voxels_atlas" },
				"east": { "uv": [ 5.5, 11, 5.25, 11.25 ], "texture": "#voxels_atlas" }
			}
		},
		{
			"__comment": "Voxels",
			"from": [ 4, 13, 8 ],
			"to": [ 11.5, 14, 9.5 ],
			"faces": {
				"down": { "uv": [ 0, 11.25, 1.875, 11.625 ], "texture": "#voxels_atlas" },
				"up": { "uv": [ 0, 12, 1.875, 11.625 ], "texture": "#voxels_atlas" },
				"north": { "uv": [ 7.375, 13, 5.5, 13.25 ], "texture": "#voxels_atlas" },
				"south": { "uv": [ 5.5, 13.25, 7.375, 13.5 ], "texture": "#voxels_atlas" },
				"west": { "uv": [ 4.875, 11, 5.25, 11.25 ], "texture": "#voxels_atlas" },
				"east": { "uv": [ 5.25, 10.75, 4.875, 11 ], "texture": "#voxels_atlas" }
			}
		},
		{
			"__comment": "Voxels",
			"from": [ 4.5, 9, 12 ],
			"to": [ 12.5, 9.5, 12.5 ],
			"faces": {
				"up": { "uv": [ 9, 11.5, 11, 11.375 ], "texture": "#voxels_atlas" },
				"south": { "uv": [ 9, 11.125, 11, 11.25 ], "texture": "#voxels_atlas" },
				"west": { "uv": [ 7.25, 8, 7.375, 8.125 ], "texture": "#voxels_atlas" },
				"east": { "uv": [ 7.625, 8.125, 7.5, 8.25 ], "texture": "#voxels_atlas" }
			}
		},
		{
			"__comment": "Voxels",
			"from": [ 4.5, 10, 4.5 ],
			"to": [ 12, 11, 5 ],
			"faces": {
				"up": { "uv": [ 9, 10.875, 10.875, 10.75 ], "texture": "#voxels_atlas" },
				"north": { "uv": [ 7.375, 13.5, 5.5, 13.75 ], "texture": "#voxels_atlas" },
				"west": { "uv": [ 2.5, 9.75, 2.625, 10 ], "texture": "#voxels_atlas" },
				"east": { "uv": [ 2.625, 10, 2.5, 10.25 ], "texture": "#voxels_atlas" }
			}
		},
		{
			"__comment": "Voxels",
			"from": [ 4.5, 10, 11.5 ],
			"to": [ 12, 11, 12 ],
			"faces": {
				"up": { "uv": [ 9, 10.375, 10.875, 10.25 ], "texture": "#voxels_atlas" },
				"south": { "uv": [ 5.5, 11.25, 7.375, 11.5 ], "texture": "#voxels_atlas" },
				"west": { "uv": [ 11.25, 10.5, 11.375, 10.75 ], "texture": "#voxels_atlas" },
				"east": { "uv": [ 11.25, 10.5, 11.125, 10.75 ], "texture": "#voxels_atlas" }
			}
		},
		{
			"__comment": "Voxels",
			"from": [ 4.5, 11, 11 ],
			"to": [ 11, 12, 11.5 ],
			"faces": {
				"up": { "uv": [ 11.125, 12.625, 12.75, 12.5 ], "texture": "#voxels_atlas" },
				"south": { "uv": [ 5.5, 8, 7.125, 8.25 ], "texture": "#voxels_atlas" },
				"west": { "uv": [ 11.875, 10.75, 12, 11 ], "texture": "#voxels_atlas" },
				"east": { "uv": [ 11.875, 10.75, 11.75, 11 ], "texture": "#voxels_atlas" }
			}
		},
		{
			"__comment": "Voxels",
			"from": [ 4.5, 12, 6.5 ],
			"to": [ 12, 13, 7 ],
			"faces": {
				"up": { "uv": [ 9, 10.125, 10.875, 10 ], "texture": "#voxels_atlas" },
				"north": { "uv": [ 7.375, 11.5, 5.5, 11.75 ], "texture": "#voxels_atlas" },
				"west": { "uv": [ 9.75, 8.875, 9.875, 9.125 ], "texture": "#voxels_atlas" },
				"east": { "uv": [ 9, 8.25, 8.875, 8.5 ], "texture": "#voxels_atlas" }
			}
		},
		{
			"__comment": "Voxels",
			"from": [ 4.5, 12, 10.5 ],
			"to": [ 11, 13, 11 ],
			"faces": {
				"up": { "uv": [ 14.375, 12.625, 16, 12.5 ], "texture": "#voxels_atlas" },
				"south": { "uv": [ 12.5, 15.25, 14.125, 15.5 ], "texture": "#voxels_atlas" },
				"west": { "uv": [ 8.5, 8, 8.625, 8.25 ], "texture": "#voxels_atlas" },
				"east": { "uv": [ 8.625, 8.25, 8.5, 8.5 ], "texture": "#voxels_atlas" }
			}
		},
		{
			"__comment": "Voxels",
			"from": [ 4.5, 13, 7 ],
			"to": [ 11.5, 14, 8 ],
			"faces": {
				"down": { "uv": [ 5.5, 10.25, 7.25, 10.5 ], "texture": "#voxels_atlas" },
				"up": { "uv": [ 5.5, 10.25, 7.25, 10 ], "texture": "#voxels_atlas" },
				"north": { "uv": [ 7.25, 9.75, 5.5, 10 ], "texture": "#voxels_atlas" },
				"west": { "uv": [ 5.125, 9.5, 5.375, 9.75 ], "texture": "#voxels_atlas" },
				"east": { "uv": [ 5.125, 9.5, 4.875, 9.75 ], "texture": "#voxels_atlas" }
			}
		},
		{
			"__comment": "Voxels",
			"from": [ 4.5, 13, 9.5 ],
			"to": [ 11, 14, 10 ],
			"faces": {
				"up": { "uv": [ 12.75, 12.5, 14.375, 12.375 ], "texture": "#voxels_atlas" },
				"south": { "uv": [ 9.25, 14.75, 10.875, 15 ], "texture": "#voxels_atlas" },
				"west": { "uv": [ 8.875, 9.75, 9, 10 ], "texture": "#voxels_atlas" },
				"east": { "uv": [ 8.875, 9.75, 8.75, 10 ], "texture": "#voxels_atlas" }
			}
		},
		{
			"__comment": "Voxels",
			"from": [ 5, 9, 3.5 ],
			"to": [ 12, 10, 4 ],
			"faces": {
				"down": { "uv": [ 14.25, 13.875, 16, 14 ], "texture": "#voxels_atlas" },
				"up": { "uv": [ 9, 9.5, 10.75, 9.375 ], "texture": "#voxels_atlas" },
				"north": { "uv": [ 7.25, 9.25, 5.5, 9.5 ], "texture": "#voxels_atlas" },
				"west": { "uv": [ 11.625, 10.75, 11.75, 11 ], "texture": "#voxels_atlas" },
				"east": { "uv": [ 11.375, 10.75, 11.25, 11 ], "texture": "#voxels_atlas" }
			}
		},
		{
			"__comment": "Voxels",
			"from": [ 5, 9, 12.5 ],
			"to": [ 12, 9.5, 13 ],
			"faces": {
				"up": { "uv": [ 14.25, 14.25, 16, 14.125 ], "texture": "#voxels_atlas" },
				"south": { "uv": [ 9, 9.5, 10.75, 9.625 ], "texture": "#voxels_atlas" },
				"west": { "uv": [ 11, 11.25, 11.125, 11.375 ], "texture": "#voxels_atlas" },
				"east": { "uv": [ 11.125, 11.125, 11, 11.25 ], "texture": "#voxels_atlas" }
			}
		},
		{
			"__comment": "Voxels",
			"from": [ 5, 9.5, 12 ],
			"to": [ 12.5, 10, 12.5 ],
			"faces": {
				"up": { "uv": [ 9, 11.125, 10.875, 11 ], "texture": "#voxels_atlas" },
				"south": { "uv": [ 9, 10.125, 10.875, 10.25 ], "texture": "#voxels_atlas" },
				"west": { "uv": [ 5.375, 9.875, 5.5, 10 ], "texture": "#voxels_atlas" },
				"east": { "uv": [ 5.5, 9.75, 5.375, 9.875 ], "texture": "#voxels_atlas" }
			}
		},
		{
			"__comment": "Voxels",
			"from": [ 5, 10, 12 ],
			"to": [ 11.5, 11, 12.5 ],
			"faces": {
				"up": { "uv": [ 11.125, 12.375, 12.75, 12.25 ], "texture": "#voxels_atlas" },
				"south": { "uv": [ 12.5, 15, 14.125, 15.25 ], "texture": "#voxels_atlas" },
				"west": { "uv": [ 8.75, 9.25, 8.875, 9.5 ], "texture": "#voxels_atlas" },
				"east": { "uv": [ 9, 9.25, 8.875, 9.5 ], "texture": "#voxels_atlas" }
			}
		},
		{
			"__comment": "Voxels",
			"from": [ 5, 11, 5.5 ],
			"to": [ 12, 12, 6 ],
			"faces": {
				"up": { "uv": [ 9, 9.875, 10.75, 9.75 ], "texture": "#voxels_atlas" },
				"north": { "uv": [ 7.25, 8.5, 5.5, 8.75 ], "texture": "#voxels_atlas" },
				"west": { "uv": [ 2.5, 10.25, 2.625, 10.5 ], "texture": "#voxels_atlas" },
				"east": { "uv": [ 9, 10.25, 8.875, 10.5 ], "texture": "#voxels_atlas" }
			}
		},
		{
			"__comment": "Voxels",
			"from": [ 5, 12, 6 ],
			"to": [ 11.5, 13, 6.5 ],
			"faces": {
				"up": { "uv": [ 14.375, 12.375, 16, 12.25 ], "texture": "#voxels_atlas" },
				"north": { "uv": [ 15.75, 15, 14.125, 15.25 ], "texture": "#voxels_atlas" },
				"west": { "uv": [ 8.625, 9.5, 8.75, 9.75 ], "texture": "#voxels_atlas" },
				"east": { "uv": [ 8.875, 9.5, 8.75, 9.75 ], "texture": "#voxels_atlas" }
			}
		},
		{
			"__comment": "Voxels",
			"from": [ 5, 12, 11 ],
			"to": [ 9.5, 13, 11.5 ],
			"faces": {
				"up": { "uv": [ 9.875, 8.75, 11, 8.625 ], "texture": "#voxels_atlas" },
				"south": { "uv": [ 7.625, 10.25, 8.75, 10.5 ], "texture": "#voxels_atlas" },
				"west": { "uv": [ 8.875, 9.5, 9, 9.75 ], "texture": "#voxels_atlas" },
				"east": { "uv": [ 8.75, 9.25, 8.625, 9.5 ], "texture": "#voxels_atlas" }
			}
		},
		{
			"__comment": "Voxels",
			"from": [ 5, 13, 6.5 ],
			"to": [ 11.5, 14, 7 ],
			"faces": {
				"up": { "uv": [ 12.75, 12.25, 14.375, 12.125 ], "texture": "#voxels_atlas" },
				"north": { "uv": [ 12.5, 15, 10.875, 15.25 ], "texture": "#voxels_atlas" },
				"west": { "uv": [ 8.625, 8.25, 8.75, 8.5 ], "texture": "#voxels_atlas" },
				"east": { "uv": [ 8.875, 8.25, 8.75, 8.5 ], "texture": "#voxels_atlas" }
			}
		},
		{
			"__comment": "Voxels",
			"from": [ 5, 13, 10 ],
			"to": [ 10.5, 14, 10.5 ],
			"faces": {
				"up": { "uv": [ 12.5, 11.875, 13.875, 11.75 ], "texture": "#voxels_atlas" },
				"south": { "uv": [ 13.875, 14.75, 15.25, 15 ], "texture": "#voxels_atlas" },
				"west": { "uv": [ 9.75, 8.625, 9.875, 8.875 ], "texture": "#voxels_atlas" },
				"east": { "uv": [ 11.25, 10.75, 11.125, 11 ], "texture": "#voxels_atlas" }
			}
		},
		{
			"__comment": "Voxels",
			"from": [ 5.5, 9, 13 ],
			"to": [ 11.5, 9.5, 13.5 ],
			"faces": {
				"up": { "uv": [ 14.25, 12.125, 15.75, 12 ], "texture": "#voxels_atlas" },
				"south": { "uv": [ 14.5, 12.75, 16, 12.875 ], "texture": "#voxels_atlas" },
				"west": { "uv": [ 11, 10.625, 11.125, 10.75 ], "texture": "#voxels_atlas" },
				"east": { "uv": [ 11, 10.625, 10.875, 10.75 ], "texture": "#voxels_atlas" }
			}
		},
		{
			"__comment": "Voxels",
			"from": [ 5.5, 9.5, 12.5 ],
			"to": [ 12, 10, 13 ],
			"faces": {
				"up": { "uv": [ 11.125, 12.125, 12.75, 12 ], "texture": "#voxels_atlas" },
				"south": { "uv": [ 12.875, 12.75, 14.5, 12.875 ], "texture": "#voxels_atlas" },
				"west": { "uv": [ 5.375, 10, 5.5, 10.125 ], "texture": "#voxels_atlas" },
				"east": { "uv": [ 5.5, 10.125, 5.375, 10.25 ], "texture": "#voxels_atlas" }
			}
		},
		{
			"__comment": "Voxels",
			"from": [ 5.5, 10, 4 ],
			"to": [ 11, 11, 4.5 ],
			"faces": {
				"up": { "uv": [ 13.875, 11.625, 15.25, 11.5 ], "texture": "#voxels_atlas" },
				"north": { "uv": [ 9, 13, 7.625, 13.25 ], "texture": "#voxels_atlas" },
				"west": { "uv": [ 12, 10.75, 12.125, 11 ], "texture": "#voxels_atlas" },
				"east": { "uv": [ 12.25, 10.75, 12.125, 11 ], "texture": "#voxels_atlas" }
			}
		},
		{
			"__comment": "Voxels",
			"from": [ 5.5, 10, 12.5 ],
			"to": [ 10, 11, 13 ],
			"faces": {
				"up": { "uv": [ 9.875, 8.25, 11, 8.125 ], "texture": "#voxels_atlas" },
				"south": { "uv": [ 7.625, 11, 8.75, 11.25 ], "texture": "#voxels_atlas" },
				"west": { "uv": [ 11.375, 10.5, 11.5, 10.75 ], "texture": "#voxels_atlas" },
				"east": { "uv": [ 2.625, 10.5, 2.5, 10.75 ], "texture": "#voxels_atlas" }
			}
		},
		{
			"__comment": "Voxels",
			"from": [ 5.5, 11, 5 ],
			"to": [ 12, 12, 5.5 ],
			"faces": {
				"up": { "uv": [ 14.375, 12.5, 16, 12.375 ], "texture": "#voxels_atlas" },
				"north": { "uv": [ 10.875, 15, 9.25, 15.25 ], "texture": "#voxels_atlas" },
				"west": { "uv": [ 2.5, 9.5, 2.625, 9.75 ], "texture": "#voxels_atlas" },
				"east": { "uv": [ 2.625, 9.25, 2.5, 9.5 ], "texture": "#voxels_atlas" }
			}
		},
		{
			"__comment": "Voxels",
			"from": [ 5.5, 11, 11.5 ],
			"to": [ 10, 12, 12 ],
			"faces": {
				"up": { "uv": [ 9.875, 8.5, 11, 8.375 ], "texture": "#voxels_atlas" },
				"south": { "uv": [ 7.625, 9.75, 8.75, 10 ], "texture": "#voxels_atlas" },
				"west": { "uv": [ 2.5, 9, 2.625, 9.25 ], "texture": "#voxels_atlas" },
				"east": { "uv": [ 2.625, 8.75, 2.5, 9 ], "texture": "#voxels_atlas" }
			}
		},
		{
			"__comment": "Voxels",
			"from": [ 5.5, 12, 11.5 ],
			"to": [ 8.5, 13, 12 ],
			"faces": {
				"up": { "uv": [ 1.875, 11.75, 2.625, 11.625 ], "texture": "#voxels_atlas" },
				"south": { "uv": [ 4.75, 9.25, 5.5, 9.5 ], "texture": "#voxels_atlas" },
				"west": { "uv": [ 5.375, 14.5, 5.5, 14.75 ], "texture": "#voxels_atlas" },
				"east": { "uv": [ 5.5, 14.25, 5.375, 14.5 ], "texture": "#voxels_atlas" }
			}
		},
		{
			"__comment": "Voxels",
			"from": [ 5.5, 13, 6 ],
			"to": [ 11, 14, 6.5 ],
			"faces": {
				"up": { "uv": [ 13.875, 11.875, 15.25, 11.75 ], "texture": "#voxels_atlas" },
				"north": { "uv": [ 9, 13.5, 7.625, 13.75 ], "texture": "#voxels_atlas" },
				"west": { "uv": [ 5.375, 14, 5.5, 14.25 ], "texture": "#voxels_atlas" },
				"east": { "uv": [ 5.5, 13.75, 5.375, 14 ], "texture": "#voxels_atlas" }
			}
		},
		{
			"__comment": "Voxels",
			"from": [ 5.5, 13, 10.5 ],
			"to": [ 9.5, 14, 11 ],
			"faces": {
				"up": { "uv": [ 11.125, 11.25, 12.125, 11.125 ], "texture": "#voxels_atlas" },
				"south": { "uv": [ 7.625, 9.5, 8.625, 9.75 ], "texture": "#voxels_atlas" },
				"west": { "uv": [ 5.375, 13.25, 5.5, 13.5 ], "texture": "#voxels_atlas" },
				"east": { "uv": [ 5.5, 12, 5.375, 12.25 ], "texture": "#voxels_atlas" }
			}
		},
		{
			"__comment": "Voxels",
			"from": [ 5.5, 13, 11 ],
			"to": [ 9, 14, 11.5 ],
			"faces": {
				"up": { "uv": [ 9, 8.625, 9.875, 8.5 ], "texture": "#voxels_atlas" },
				"south": { "uv": [ 7.625, 8.75, 8.5, 9 ], "texture": "#voxels_atlas" },
				"west": { "uv": [ 5.375, 9.5, 5.5, 9.75 ], "texture": "#voxels_atlas" },
				"east": { "uv": [ 15.875, 15.75, 15.75, 16 ], "texture": "#voxels_atlas" }
			}
		},
		{
			"__comment": "Voxels",
			"from": [ 6, 9, 3 ],
			"to": [ 11, 10, 3.5 ],
			"faces": {
				"down": { "uv": [ 9.875, 9.125, 11.125, 9.25 ], "texture": "#voxels_atlas" },
				"up": { "uv": [ 9.875, 9.125, 11.125, 9 ], "texture": "#voxels_atlas" },
				"north": { "uv": [ 8.875, 12.25, 7.625, 12.5 ], "texture": "#voxels_atlas" },
				"west": { "uv": [ 15.875, 15.5, 16, 15.75 ], "texture": "#voxels_atlas" },
				"east": { "uv": [ 7.625, 14.75, 7.5, 15 ], "texture": "#voxels_atlas" }
			}
		},
		{
			"__comment": "Voxels",
			"from": [ 6, 9.5, 13 ],
			"to": [ 11.5, 10, 13.5 ],
			"faces": {
				"up": { "uv": [ 13.875, 12, 15.25, 11.875 ], "texture": "#voxels_atlas" },
				"south": { "uv": [ 12.5, 11.875, 13.875, 12 ], "texture": "#voxels_atlas" },
				"west": { "uv": [ 8.875, 8, 9, 8.125 ], "texture": "#voxels_atlas" },
				"east": { "uv": [ 16, 14.5, 15.875, 14.625 ], "texture": "#voxels_atlas" }
			}
		},
		{
			"__comment": "Voxels",
			"from": [ 6, 10, 3.5 ],
			"to": [ 10.5, 11, 4 ],
			"faces": {
				"up": { "uv": [ 9.875, 8.125, 11, 8 ], "texture": "#voxels_atlas" },
				"north": { "uv": [ 8.75, 10.75, 7.625, 11 ], "texture": "#voxels_atlas" },
				"west": { "uv": [ 7.375, 13.75, 7.5, 14 ], "texture": "#voxels_atlas" },
				"east": { "uv": [ 7.625, 13.75, 7.5, 14 ], "texture": "#voxels_atlas" }
			}
		},
		{
			"__comment": "Voxels",
			"from": [ 6, 10, 13 ],
			"to": [ 8, 11, 13.5 ],
			"faces": {
				"up": { "uv": [ 2.125, 12.5, 2.625, 12.375 ], "texture": "#voxels_atlas" },
				"south": { "uv": [ 2.125, 12.125, 2.625, 12.375 ], "texture": "#voxels_atlas" },
				"west": { "uv": [ 7.375, 13.5, 7.5, 13.75 ], "texture": "#voxels_atlas" },
				"east": { "uv": [ 7.625, 13.5, 7.5, 13.75 ], "texture": "#voxels_atlas" }
			}
		},
		{
			"__comment": "Voxels",
			"from": [ 6, 11, 4.5 ],
			"to": [ 11.5, 12, 5 ],
			"faces": {
				"up": { "uv": [ 13.875, 11.75, 15.25, 11.625 ], "texture": "#voxels_atlas" },
				"north": { "uv": [ 9, 12.75, 7.625, 13 ], "texture": "#voxels_atlas" },
				"west": { "uv": [ 7.375, 13, 7.5, 13.25 ], "texture": "#voxels_atlas" },
				"east": { "uv": [ 7.625, 13, 7.5, 13.25 ], "texture": "#voxels_atlas" }
			}
		},
		{
			"__comment": "Voxels",
			"from": [ 6, 11, 12 ],
			"to": [ 9, 12, 12.5 ],
			"faces": {
				"up": { "uv": [ 15.25, 11.75, 16, 11.625 ], "texture": "#voxels_atlas" },
				"south": { "uv": [ 9, 8.875, 9.75, 9.125 ], "texture": "#voxels_atlas" },
				"west": { "uv": [ 7.375, 12.75, 7.5, 13 ], "texture": "#voxels_atlas" },
				"east": { "uv": [ 7.625, 12.75, 7.5, 13 ], "texture": "#voxels_atlas" }
			}
		},
		{
			"__comment": "Voxels",
			"from": [ 6, 12, 5.5 ],
			"to": [ 11, 13, 6 ],
			"faces": {
				"up": { "uv": [ 9.875, 9, 11.125, 8.875 ], "texture": "#voxels_atlas" },
				"north": { "uv": [ 8.875, 11.75, 7.625, 12 ], "texture": "#voxels_atlas" },
				"west": { "uv": [ 7.375, 12.25, 7.5, 12.5 ], "texture": "#voxels_atlas" },
				"east": { "uv": [ 7.625, 12.25, 7.5, 12.5 ], "texture": "#voxels_atlas" }
			}
		},
		{
			"__comment": "Voxels",
			"from": [ 6, 12, 12 ],
			"to": [ 7.5, 12.5, 12.5 ],
			"faces": {
				"up": { "uv": [ 7.25, 9.75, 7.625, 9.625 ], "texture": "#voxels_atlas" },
				"south": { "uv": [ 5.125, 8.125, 5.5, 8.25 ], "texture": "#voxels_atlas" },
				"west": { "uv": [ 15.75, 12.875, 15.875, 13 ], "texture": "#voxels_atlas" },
				"east": { "uv": [ 16, 12.875, 15.875, 13 ], "texture": "#voxels_atlas" }
			}
		},
		{
			"__comment": "Voxels",
			"from": [ 6.5, 9, -0.5 ],
			"to": [ 7, 9.5, 0.5 ],
			"faces": {
				"down": { "uv": [ 7.375, 12, 7.5, 12.25 ], "texture": "#voxels_atlas" },
				"up": { "uv": [ 7.5, 12.25, 7.625, 12 ], "texture": "#voxels_atlas" },
				"north": { "uv": [ 11, 11, 10.875, 11.125 ], "texture": "#voxels_atlas" },
				"south": { "uv": [ 11, 10.75, 11.125, 10.875 ], "texture": "#voxels_atlas" },
				"west": { "uv": [ 2.375, 12.75, 2.625, 12.875 ], "texture": "#voxels_atlas" },
				"east": { "uv": [ 7.625, 11.875, 7.375, 12 ], "texture": "#voxels_atlas" }
			}
		},
		{
			"__comment": "Voxels",
			"from": [ 6.5, 11, 12.5 ],
			"to": [ 8, 12, 13 ],
			"faces": {
				"up": { "uv": [ 4.75, 8.125, 5.125, 8 ], "texture": "#voxels_atlas" },
				"south": { "uv": [ 5, 11.75, 5.375, 12 ], "texture": "#voxels_atlas" },
				"west": { "uv": [ 7.375, 11.25, 7.5, 11.5 ], "texture": "#voxels_atlas" },
				"east": { "uv": [ 7.625, 11.25, 7.5, 11.5 ], "texture": "#voxels_atlas" }
			}
		},
		{
			"__comment": "Voxels",
			"from": [ 6.5, 12, 5 ],
			"to": [ 10, 14, 5.5 ],
			"faces": {
				"up": { "uv": [ 9, 8.375, 9.875, 8.25 ], "texture": "#voxels_atlas" },
				"north": { "uv": [ 7.25, 10.5, 6.375, 11 ], "texture": "#voxels_atlas" },
				"south": { "uv": [ 5.5, 10.5, 6.375, 11 ], "texture": "#voxels_atlas" },
				"west": { "uv": [ 7.5, 10.5, 7.625, 11 ], "texture": "#voxels_atlas" },
				"east": { "uv": [ 7.25, 8, 7.125, 8.5 ], "texture": "#voxels_atlas" }
			}
		},
		{
			"__comment": "Voxels",
			"from": [ 6.5, 12.5, 12 ],
			"to": [ 7.5, 13, 12.5 ],
			"faces": {
				"up": { "uv": [ 7.375, 8.75, 7.625, 8.625 ], "texture": "#voxels_atlas" },
				"south": { "uv": [ 7.375, 8, 7.625, 8.125 ], "texture": "#voxels_atlas" },
				"west": { "uv": [ 11, 11.75, 11.125, 11.875 ], "texture": "#voxels_atlas" },
				"east": { "uv": [ 11.125, 11.375, 11, 11.5 ], "texture": "#voxels_atlas" }
			}
		},
		{
			"__comment": "Voxels",
			"from": [ 6.5, 13, 5.5 ],
			"to": [ 10, 14, 6 ],
			"faces": {
				"up": { "uv": [ 9, 8.25, 9.875, 8.125 ], "texture": "#voxels_atlas" },
				"west": { "uv": [ 15.875, 15, 16, 15.25 ], "texture": "#voxels_atlas" },
				"east": { "uv": [ 9, 12.5, 8.875, 12.75 ], "texture": "#voxels_atlas" }
			}
		},
		{
			"__comment": "Voxels",
			"from": [ 7, 9, 0 ],
			"to": [ 7.5, 9.5, 1.5 ],
			"faces": {
				"down": { "uv": [ 7.25, 8.125, 7.375, 8.5 ], "texture": "#voxels_atlas" },
				"up": { "uv": [ 7.375, 8.5, 7.5, 8.125 ], "texture": "#voxels_atlas" },
				"north": { "uv": [ 11, 10.125, 10.875, 10.25 ], "texture": "#voxels_atlas" },
				"south": { "uv": [ 8.875, 8.125, 9, 8.25 ], "texture": "#voxels_atlas" },
				"west": { "uv": [ 7.25, 10, 7.625, 10.125 ], "texture": "#voxels_atlas" },
				"east": { "uv": [ 7.625, 9.875, 7.25, 10 ], "texture": "#voxels_atlas" }
			}
		},
		{
			"__comment": "Voxels",
			"from": [ 7, 9, 13.5 ],
			"to": [ 10, 10, 14 ],
			"faces": {
				"up": { "uv": [ 15.25, 11.875, 16, 11.75 ], "texture": "#voxels_atlas" },
				"north": { "uv": [ 5.5, 9, 4.75, 9.25 ], "texture": "#voxels_atlas" },
				"south": { "uv": [ 4.75, 8.75, 5.5, 9 ], "texture": "#voxels_atlas" },
				"west": { "uv": [ 8.75, 10.75, 8.875, 11 ], "texture": "#voxels_atlas" },
				"east": { "uv": [ 9, 10.75, 8.875, 11 ], "texture": "#voxels_atlas" }
			}
		},
		{
			"__comment": "Voxels",
			"from": [ 7, 11, 4 ],
			"to": [ 9, 12, 4.5 ],
			"faces": {
				"up": { "uv": [ 4.875, 10.25, 5.375, 10.125 ], "texture": "#voxels_atlas" },
				"north": { "uv": [ 5.5, 12.75, 5, 13 ], "texture": "#voxels_atlas" },
				"west": { "uv": [ 8.75, 10, 8.875, 10.25 ], "texture": "#voxels_atlas" },
				"east": { "uv": [ 9, 10, 8.875, 10.25 ], "texture": "#voxels_atlas" }
			}
		},
		{
			"__comment": "Voxels",
			"from": [ 7, 12, 4.5 ],
			"to": [ 8.5, 14, 5 ],
			"faces": {
				"up": { "uv": [ 7.25, 10.25, 7.625, 10.125 ], "texture": "#voxels_atlas" },
				"north": { "uv": [ 5.5, 8.25, 5.125, 8.75 ], "texture": "#voxels_atlas" },
				"west": { "uv": [ 7.25, 10.5, 7.375, 11 ], "texture": "#voxels_atlas" },
				"east": { "uv": [ 7.5, 10.5, 7.375, 11 ], "texture": "#voxels_atlas" }
			}
		},
		{
			"__comment": "Voxels",
			"from": [ 7.5, 9, 0.5 ],
			"to": [ 8, 9.5, 3 ],
			"faces": {
				"down": { "uv": [ 2.375, 12.875, 2.5, 13.5 ], "texture": "#voxels_atlas" },
				"up": { "uv": [ 2.5, 13.5, 2.625, 12.875 ], "texture": "#voxels_atlas" },
				"north": { "uv": [ 11.125, 10.375, 11, 10.5 ], "texture": "#voxels_atlas" },
				"west": { "uv": [ 4.875, 10.375, 5.5, 10.5 ], "texture": "#voxels_atlas" },
				"east": { "uv": [ 5.5, 10.25, 4.875, 10.375 ], "texture": "#voxels_atlas" }
			}
		},
		{
			"__comment": "Voxels",
			"from": [ 8, 9, 1.5 ],
			"to": [ 9, 9.5, 3 ],
			"faces": {
				"down": { "uv": [ 2.375, 13.875, 2.625, 14.25 ], "texture": "#voxels_atlas" },
				"up": { "uv": [ 2.375, 13.875, 2.625, 13.5 ], "texture": "#voxels_atlas" },
				"north": { "uv": [ 8.875, 8.125, 8.625, 8.25 ], "texture": "#voxels_atlas" },
				"east": { "uv": [ 7.625, 10.375, 7.25, 10.5 ], "texture": "#voxels_atlas" }
			}
		},
		{
			"__comment": "Voxels",
			"from": [ 8, 10, 3 ],
			"to": [ 10, 11, 3.5 ],
			"faces": {
				"up": { "uv": [ 8.5, 9.125, 9, 9 ], "texture": "#voxels_atlas" },
				"north": { "uv": [ 5.5, 12.25, 5, 12.5 ], "texture": "#voxels_atlas" },
				"west": { "uv": [ 11.375, 10.75, 11.5, 11 ], "texture": "#voxels_atlas" },
				"east": { "uv": [ 11.625, 10.75, 11.5, 11 ], "texture": "#voxels_atlas" }
			}
		},
		{
			"__comment": "Voxels",
			"from": [ 8.5, 9.5, 2.5 ],
			"to": [ 10.5, 10, 3 ],
			"faces": {
				"down": { "uv": [ 8.5, 8.875, 9, 9 ], "texture": "#voxels_atlas" },
				"up": { "uv": [ 8.5, 8.875, 9, 8.75 ], "texture": "#voxels_atlas" },
				"north": { "uv": [ 9, 8.625, 8.5, 8.75 ], "texture": "#voxels_atlas" },
				"west": { "uv": [ 11, 11.625, 11.125, 11.75 ], "texture": "#voxels_atlas" },
				"east": { "uv": [ 11.125, 11.5, 11, 11.625 ], "texture": "#voxels_atlas" }
			}
		},
		{
			"__comment": "Voxels",
			"from": [ 9, 9, 2.5 ],
			"to": [ 10.5, 9.5, 3 ],
			"faces": {
				"down": { "uv": [ 7.25, 9.375, 7.625, 9.5 ], "texture": "#voxels_atlas" },
				"north": { "uv": [ 7.625, 9.125, 7.25, 9.25 ], "texture": "#voxels_atlas" },
				"east": { "uv": [ 11, 10.875, 10.875, 11 ], "texture": "#voxels_atlas" }
			}
		},
		{
			"__comment": "Voxels",
			"from": [ 13, 9, 5.5 ],
			"to": [ 13.5, 10, 6 ],
			"faces": {
				"up": { "uv": [ 10.875, 10.875, 11, 10.75 ], "texture": "#voxels_atlas" },
				"north": { "uv": [ 11.625, 10.5, 11.5, 10.75 ], "texture": "#voxels_atlas" },
				"south": { "uv": [ 11.625, 10.5, 11.75, 10.75 ], "texture": "#voxels_atlas" },
				"east": { "uv": [ 12, 10.5, 11.875, 10.75 ], "texture": "#voxels_atlas" }
			}
		},
		{
			"__comment": "Voxels",
			"from": [ 13, 10, 8.5 ],
			"to": [ 13.5, 11, 9 ],
			"faces": {
				"up": { "uv": [ 10.875, 10.5, 11, 10.375 ], "texture": "#voxels_atlas" },
				"north": { "uv": [ 12.125, 10.5, 12, 10.75 ], "texture": "#voxels_atlas" },
				"south": { "uv": [ 12.125, 10.5, 12.25, 10.75 ], "texture": "#voxels_atlas" },
				"east": { "uv": [ 11.375, 10.25, 11.25, 10.5 ], "texture": "#voxels_atlas" }
			}
		},
		{
			"__comment": "Voxels",
			"from": [ 13.5, 9, 6.5 ],
			"to": [ 14, 9.5, 7 ],
			"faces": {
				"north": { "uv": [ 11.125, 10, 11, 10.125 ], "texture": "#voxels_atlas" },
				"east": { "uv": [ 10.875, 9.75, 10.75, 9.875 ], "texture": "#voxels_atlas" }
			}
		},
		{
			"__comment": "Voxels",
			"from": [ 2.5, 8.5, 7.5 ],
			"to": [ 14.5, 9, 9.5 ],
			"faces": {
				"down": { "uv": [ 5.5, 16, 8.5, 15.5 ], "texture": "#voxels_atlas", "rotation": 180 },
				"up": { "uv": [ 8.5, 15.5, 11.5, 16 ], "texture": "#voxels_atlas", "rotation": 180 },
				"north": { "uv": [ 10.875, 15, 13.875, 14.875 ], "texture": "#voxels_atlas" },
				"south": { "uv": [ 13.875, 14.875, 10.875, 14.75 ], "texture": "#voxels_atlas" },
				"west": { "uv": [ 2.625, 12, 2.125, 12.125 ], "texture": "#voxels_atlas", "rotation": 180 },
				"east": { "uv": [ 4.875, 10, 5.375, 10.125 ], "texture": "#voxels_atlas", "rotation": 180 }
			}
		},
		{
			"__comment": "Voxels",
			"from": [ 3, 8.5, 6.5 ],
			"to": [ 14, 9, 7.5 ],
			"faces": {
				"down": { "uv": [ 2.625, 14.5, 5.375, 14.25 ], "texture": "#voxels_atlas", "rotation": 180 },
				"up": { "uv": [ 2.625, 14.5, 5.375, 14.75 ], "texture": "#voxels_atlas", "rotation": 180 },
				"north": { "uv": [ 9, 14.5, 11.75, 14.375 ], "texture": "#voxels_atlas" },
				"west": { "uv": [ 7.625, 11.625, 7.375, 11.75 ], "texture": "#voxels_atlas", "rotation": 180 },
				"east": { "uv": [ 7.375, 11.75, 7.625, 11.875 ], "texture": "#voxels_atlas", "rotation": 180 }
			}
		},
		{
			"__comment": "Voxels",
			"from": [ 3, 8, 9.5 ],
			"to": [ 14, 9, 10.5 ],
			"faces": {
				"down": { "uv": [ 2.625, 14, 5.375, 13.75 ], "texture": "#voxels_atlas", "rotation": 180 },
				"up": { "uv": [ 2.625, 14, 5.375, 14.25 ], "texture": "#voxels_atlas", "rotation": 180 },
				"north": { "uv": [ 2.625, 13.75, 5.375, 13.5 ], "texture": "#voxels_atlas" },
				"south": { "uv": [ 5.375, 13.5, 2.625, 13.25 ], "texture": "#voxels_atlas" },
				"west": { "uv": [ 2.625, 8.25, 2.375, 8.5 ], "texture": "#voxels_atlas", "rotation": 180 },
				"east": { "uv": [ 2.375, 8.5, 2.625, 8.75 ], "texture": "#voxels_atlas", "rotation": 180 }
			}
		},
		{
			"__comment": "Voxels",
			"from": [ 3, 8.5, 10.5 ],
			"to": [ 14, 9, 11 ],
			"faces": {
				"down": { "uv": [ 7.625, 14.625, 10.375, 14.5 ], "texture": "#voxels_atlas", "rotation": 180 },
				"up": { "uv": [ 9, 14.25, 11.75, 14.375 ], "texture": "#voxels_atlas", "rotation": 180 },
				"south": { "uv": [ 15.875, 14.625, 13.125, 14.5 ], "texture": "#voxels_atlas" },
				"west": { "uv": [ 11, 10.5, 10.875, 10.625 ], "texture": "#voxels_atlas", "rotation": 180 },
				"east": { "uv": [ 11, 10.25, 11.125, 10.375 ], "texture": "#voxels_atlas", "rotation": 180 }
			}
		},
		{
			"__comment": "Voxels",
			"from": [ 2.5, 8, 7 ],
			"to": [ 14, 8.5, 9.5 ],
			"faces": {
				"down": { "uv": [ 2.625, 16, 5.5, 15.375 ], "texture": "#voxels_atlas", "rotation": 180 },
				"up": { "uv": [ 2.625, 14.75, 5.5, 15.375 ], "texture": "#voxels_atlas", "rotation": 180 },
				"north": { "uv": [ 7.625, 14.75, 10.5, 14.625 ], "texture": "#voxels_atlas" },
				"south": { "uv": [ 13.375, 14.75, 10.5, 14.625 ], "texture": "#voxels_atlas" },
				"west": { "uv": [ 5.5, 10.5, 4.875, 10.625 ], "texture": "#voxels_atlas", "rotation": 180 },
				"east": { "uv": [ 4.875, 10.625, 5.5, 10.75 ], "texture": "#voxels_atlas", "rotation": 180 }
			}
		},
		{
			"__comment": "Voxels",
			"from": [ 3.5, 7, 7 ],
			"to": [ 14, 8, 10.5 ],
			"faces": {
				"down": { "uv": [ 0, 16, 2.625, 15.125 ], "texture": "#voxels_atlas", "rotation": 180 },
				"up": { "uv": [ 0, 14.25, 2.625, 15.125 ], "texture": "#voxels_atlas", "rotation": 180 },
				"north": { "uv": [ 0, 11, 2.625, 10.75 ], "texture": "#voxels_atlas" },
				"south": { "uv": [ 2.625, 11.25, 0, 11 ], "texture": "#voxels_atlas" },
				"west": { "uv": [ 8.5, 8, 7.625, 8.25 ], "texture": "#voxels_atlas", "rotation": 180 },
				"east": { "uv": [ 9, 9.125, 9.875, 9.375 ], "texture": "#voxels_atlas", "rotation": 180 }
			}
		},
		{
			"__comment": "Voxels",
			"from": [ 3.5, 8, 5.5 ],
			"to": [ 13.5, 9, 6.5 ],
			"faces": {
				"down": { "uv": [ 0, 9.5, 2.5, 9.25 ], "texture": "#voxels_atlas", "rotation": 180 },
				"up": { "uv": [ 0, 9, 2.5, 9.25 ], "texture": "#voxels_atlas", "rotation": 180 },
				"north": { "uv": [ 0, 10, 2.5, 9.75 ], "texture": "#voxels_atlas" },
				"south": { "uv": [ 2.5, 10.25, 0, 10 ], "texture": "#voxels_atlas" },
				"west": { "uv": [ 5.5, 11.25, 5.25, 11.5 ], "texture": "#voxels_atlas", "rotation": 180 },
				"east": { "uv": [ 2.375, 8, 2.625, 8.25 ], "texture": "#voxels_atlas", "rotation": 180 }
			}
		},
		{
			"__comment": "Voxels",
			"from": [ 3.5, 8, 11 ],
			"to": [ 13.5, 9, 11.5 ],
			"faces": {
				"down": { "uv": [ 9, 13.875, 11.5, 13.75 ], "texture": "#voxels_atlas", "rotation": 180 },
				"up": { "uv": [ 9, 13.625, 11.5, 13.75 ], "texture": "#voxels_atlas", "rotation": 180 },
				"north": { "uv": [ 0, 9.75, 2.5, 9.5 ], "texture": "#voxels_atlas" },
				"south": { "uv": [ 2.5, 9, 0, 8.75 ], "texture": "#voxels_atlas" },
				"west": { "uv": [ 7.625, 11, 7.5, 11.25 ], "texture": "#voxels_atlas", "rotation": 180 },
				"east": { "uv": [ 7.375, 11, 7.5, 11.25 ], "texture": "#voxels_atlas", "rotation": 180 }
			}
		},
		{
			"__comment": "Voxels",
			"from": [ 3, 8, 6.5 ],
			"to": [ 13.5, 8.5, 7 ],
			"faces": {
				"down": { "uv": [ 9, 14.125, 11.625, 14 ], "texture": "#voxels_atlas", "rotation": 180 },
				"north": { "uv": [ 9, 14, 11.625, 13.875 ], "texture": "#voxels_atlas" },
				"west": { "uv": [ 15.625, 12.875, 15.5, 13 ], "texture": "#voxels_atlas", "rotation": 180 },
				"east": { "uv": [ 15.625, 12.875, 15.75, 13 ], "texture": "#voxels_atlas", "rotation": 180 }
			}
		},
		{
			"__comment": "Voxels",
			"from": [ 3, 8, 10.5 ],
			"to": [ 13.5, 8.5, 11 ],
			"faces": {
				"down": { "uv": [ 9, 14.25, 11.625, 14.125 ], "texture": "#voxels_atlas", "rotation": 180 },
				"south": { "uv": [ 14.25, 14, 11.625, 13.875 ], "texture": "#voxels_atlas" },
				"west": { "uv": [ 15.875, 13, 15.75, 13.125 ], "texture": "#voxels_atlas", "rotation": 180 },
				"east": { "uv": [ 15.875, 13, 16, 13.125 ], "texture": "#voxels_atlas", "rotation": 180 }
			}
		},
		{
			"__comment": "Voxels",
			"from": [ 3.5, 7, 6.5 ],
			"to": [ 13.5, 8, 7 ],
			"faces": {
				"down": { "uv": [ 11.5, 13.875, 14, 13.75 ], "texture": "#voxels_atlas", "rotation": 180 },
				"north": { "uv": [ 0, 10.5, 2.5, 10.25 ], "texture": "#voxels_atlas" },
				"west": { "uv": [ 7.625, 8.75, 7.5, 9 ], "texture": "#voxels_atlas", "rotation": 180 },
				"east": { "uv": [ 7.375, 8.75, 7.5, 9 ], "texture": "#voxels_atlas", "rotation": 180 }
			}
		},
		{
			"__comment": "Voxels",
			"from": [ 4, 7, 10.5 ],
			"to": [ 13.5, 8, 11 ],
			"faces": {
				"down": { "uv": [ 11.375, 13.5, 13.75, 13.375 ], "texture": "#voxels_atlas", "rotation": 180 },
				"south": { "uv": [ 5, 11.75, 2.625, 11.5 ], "texture": "#voxels_atlas" },
				"west": { "uv": [ 7.625, 8.25, 7.5, 8.5 ], "texture": "#voxels_atlas", "rotation": 180 },
				"east": { "uv": [ 7.25, 8.5, 7.375, 8.75 ], "texture": "#voxels_atlas", "rotation": 180 }
			}
		},
		{
			"__comment": "Voxels",
			"from": [ 4, 6, 7.5 ],
			"to": [ 13.5, 7, 10.5 ],
			"faces": {
				"down": { "uv": [ 0, 13.5, 2.375, 12.75 ], "texture": "#voxels_atlas", "rotation": 180 },
				"north": { "uv": [ 0, 8.75, 2.375, 8.5 ], "texture": "#voxels_atlas" },
				"south": { "uv": [ 2.375, 8.5, 0, 8.25 ], "texture": "#voxels_atlas" },
				"west": { "uv": [ 2.625, 11.75, 1.875, 12 ], "texture": "#voxels_atlas", "rotation": 180 },
				"east": { "uv": [ 15.25, 14.75, 16, 15 ], "texture": "#voxels_atlas", "rotation": 180 }
			}
		},
		{
			"__comment": "Voxels",
			"from": [ 3.5, 8, 5 ],
			"to": [ 13, 9, 5.5 ],
			"faces": {
				"down": { "uv": [ 11.375, 13.25, 13.75, 13.125 ], "texture": "#voxels_atlas", "rotation": 180 },
				"north": { "uv": [ 2.625, 13.25, 5, 13 ], "texture": "#voxels_atlas" },
				"west": { "uv": [ 16, 15.25, 15.875, 15.5 ], "texture": "#voxels_atlas", "rotation": 180 },
				"east": { "uv": [ 15.75, 15.25, 15.875, 15.5 ], "texture": "#voxels_atlas", "rotation": 180 }
			}
		},
		{
			"__comment": "Voxels",
			"from": [ 3.5, 8, 11.5 ],
			"to": [ 13, 9, 12 ],
			"faces": {
				"down": { "uv": [ 11.375, 13.375, 13.75, 13.25 ], "texture": "#voxels_atlas", "rotation": 180 },
				"up": { "uv": [ 9, 13.375, 11.375, 13.5 ], "texture": "#voxels_atlas", "rotation": 180 },
				"south": { "uv": [ 5, 12.5, 2.625, 12.25 ], "texture": "#voxels_atlas" },
				"west": { "uv": [ 9, 12, 8.875, 12.25 ], "texture": "#voxels_atlas", "rotation": 180 },
				"east": { "uv": [ 8.875, 12.25, 9, 12.5 ], "texture": "#voxels_atlas", "rotation": 180 }
			}
		},
		{
			"__comment": "Voxels",
			"from": [ 4, 8, 12 ],
			"to": [ 13, 9, 12.5 ],
			"faces": {
				"down": { "uv": [ 13.75, 13.375, 16, 13.25 ], "texture": "#voxels_atlas", "rotation": 180 },
				"up": { "uv": [ 11.25, 13, 13.5, 13.125 ], "texture": "#voxels_atlas", "rotation": 180 },
				"south": { "uv": [ 4.875, 10, 2.625, 9.75 ], "texture": "#voxels_atlas" },
				"west": { "uv": [ 8.875, 11.5, 8.75, 11.75 ], "texture": "#voxels_atlas", "rotation": 180 },
				"east": { "uv": [ 8.875, 11.75, 9, 12 ], "texture": "#voxels_atlas", "rotation": 180 }
			}
		},
		{
			"__comment": "Voxels",
			"from": [ 3.5, 7, 6 ],
			"to": [ 13, 8, 6.5 ],
			"faces": {
				"down": { "uv": [ 9, 13.25, 11.375, 13.125 ], "texture": "#voxels_atlas", "rotation": 180 },
				"north": { "uv": [ 0, 8.25, 2.375, 8 ], "texture": "#voxels_atlas" },
				"west": { "uv": [ 8.875, 11.25, 8.75, 11.5 ], "texture": "#voxels_atlas", "rotation": 180 },
				"east": { "uv": [ 8.875, 11.5, 9, 11.75 ], "texture": "#voxels_atlas", "rotation": 180 }
			}
		},
		{
			"__comment": "Voxels",
			"from": [ 4, 7, 11 ],
			"to": [ 13, 8, 11.5 ],
			"faces": {
				"down": { "uv": [ 13.75, 13.5, 16, 13.375 ], "texture": "#voxels_atlas", "rotation": 180 },
				"south": { "uv": [ 4.875, 11.5, 2.625, 11.25 ], "texture": "#voxels_atlas" },
				"west": { "uv": [ 8.875, 11, 8.75, 11.25 ], "texture": "#voxels_atlas", "rotation": 180 },
				"east": { "uv": [ 8.875, 11.25, 9, 11.5 ], "texture": "#voxels_atlas", "rotation": 180 }
			}
		},
		{
			"__comment": "Voxels",
			"from": [ 4.5, 7, 11.5 ],
			"to": [ 13, 8, 12 ],
			"faces": {
				"down": { "uv": [ 9, 12, 11.125, 11.875 ], "texture": "#voxels_atlas", "rotation": 180 },
				"south": { "uv": [ 4.75, 8.75, 2.625, 8.5 ], "texture": "#voxels_atlas" },
				"west": { "uv": [ 9, 11, 8.875, 11.25 ], "texture": "#voxels_atlas", "rotation": 180 },
				"east": { "uv": [ 7.5, 14.5, 7.625, 14.75 ], "texture": "#voxels_atlas", "rotation": 180 }
			}
		},
		{
			"__comment": "Voxels",
			"from": [ 4, 6, 7 ],
			"to": [ 13, 7, 7.5 ],
			"faces": {
				"down": { "uv": [ 9, 13.125, 11.25, 13 ], "texture": "#voxels_atlas", "rotation": 180 },
				"north": { "uv": [ 2.625, 10.5, 4.875, 10.25 ], "texture": "#voxels_atlas" },
				"west": { "uv": [ 9, 10.5, 8.875, 10.75 ], "texture": "#voxels_atlas", "rotation": 180 },
				"east": { "uv": [ 8.75, 10.5, 8.875, 10.75 ], "texture": "#voxels_atlas", "rotation": 180 }
			}
		},
		{
			"__comment": "Voxels",
			"from": [ 4, 6, 10.5 ],
			"to": [ 13, 7, 11 ],
			"faces": {
				"down": { "uv": [ 13.5, 13.125, 15.75, 13 ], "texture": "#voxels_atlas", "rotation": 180 },
				"south": { "uv": [ 4.875, 10.75, 2.625, 10.5 ], "texture": "#voxels_atlas" },
				"west": { "uv": [ 15.875, 15, 15.75, 15.25 ], "texture": "#voxels_atlas", "rotation": 180 },
				"east": { "uv": [ 8.75, 10.25, 8.875, 10.5 ], "texture": "#voxels_atlas", "rotation": 180 }
			}
		},
		{
			"__comment": "Voxels",
			"from": [ 4.5, 5, 8 ],
			"to": [ 13, 6, 9.5 ],
			"faces": {
				"down": { "uv": [ 0, 12.375, 2.125, 12 ], "texture": "#voxels_atlas", "rotation": 180 },
				"north": { "uv": [ 11.5, 16, 13.625, 15.75 ], "texture": "#voxels_atlas" },
				"south": { "uv": [ 7.625, 15.25, 5.5, 15 ], "texture": "#voxels_atlas" },
				"west": { "uv": [ 5.375, 11.5, 5, 11.75 ], "texture": "#voxels_atlas", "rotation": 180 },
				"east": { "uv": [ 4.875, 11.25, 5.25, 11.5 ], "texture": "#voxels_atlas", "rotation": 180 }
			}
		},
		{
			"__comment": "Voxels",
			"from": [ 5, 5, 9.5 ],
			"to": [ 13, 6, 10 ],
			"faces": {
				"down": { "uv": [ 14, 13.875, 16, 13.75 ], "texture": "#voxels_atlas", "rotation": 180 },
				"south": { "uv": [ 7.5, 14.5, 5.5, 14.25 ], "texture": "#voxels_atlas" },
				"west": { "uv": [ 7.625, 12.5, 7.5, 12.75 ], "texture": "#voxels_atlas", "rotation": 180 },
				"east": { "uv": [ 7.25, 8.75, 7.375, 9 ], "texture": "#voxels_atlas", "rotation": 180 }
			}
		},
		{
			"__comment": "Voxels",
			"from": [ 4, 8, 4.5 ],
			"to": [ 12.5, 9, 5 ],
			"faces": {
				"down": { "uv": [ 9, 12.625, 11.125, 12.5 ], "texture": "#voxels_atlas", "rotation": 180 },
				"north": { "uv": [ 2.625, 9.5, 4.75, 9.25 ], "texture": "#voxels_atlas" },
				"west": { "uv": [ 7.625, 13.25, 7.5, 13.5 ], "texture": "#voxels_atlas", "rotation": 180 },
				"east": { "uv": [ 7.375, 12.5, 7.5, 12.75 ], "texture": "#voxels_atlas", "rotation": 180 }
			}
		},
		{
			"__comment": "Voxels",
			"from": [ 4, 7, 5.5 ],
			"to": [ 12.5, 8, 6 ],
			"faces": {
				"down": { "uv": [ 11.25, 13, 13.375, 12.875 ], "texture": "#voxels_atlas", "rotation": 180 },
				"north": { "uv": [ 2.625, 8.25, 4.75, 8 ], "texture": "#voxels_atlas" },
				"west": { "uv": [ 7.625, 14, 7.5, 14.25 ], "texture": "#voxels_atlas", "rotation": 180 },
				"east": { "uv": [ 7.375, 13.25, 7.5, 13.5 ], "texture": "#voxels_atlas", "rotation": 180 }
			}
		},
		{
			"__comment": "Voxels",
			"from": [ 4, 6, 6.5 ],
			"to": [ 12.5, 7, 7 ],
			"faces": {
				"down": { "uv": [ 9, 12.75, 11.125, 12.625 ], "texture": "#voxels_atlas", "rotation": 180 },
				"north": { "uv": [ 13.625, 15.75, 15.75, 15.5 ], "texture": "#voxels_atlas" },
				"west": { "uv": [ 15.875, 15.5, 15.75, 15.75 ], "texture": "#voxels_atlas", "rotation": 180 },
				"east": { "uv": [ 7.5, 14.25, 7.625, 14.5 ], "texture": "#voxels_atlas", "rotation": 180 }
			}
		},
		{
			"__comment": "Voxels",
			"from": [ 4, 6, 11 ],
			"to": [ 12.5, 7, 11.5 ],
			"faces": {
				"down": { "uv": [ 9, 12.125, 11.125, 12 ], "texture": "#voxels_atlas", "rotation": 180 },
				"south": { "uv": [ 4.75, 9.25, 2.625, 9 ], "texture": "#voxels_atlas" },
				"west": { "uv": [ 5.5, 11.5, 5.375, 11.75 ], "texture": "#voxels_atlas", "rotation": 180 },
				"east": { "uv": [ 15.875, 15.75, 16, 16 ], "texture": "#voxels_atlas", "rotation": 180 }
			}
		},
		{
			"__comment": "Voxels",
			"from": [ 4.5, 5, 7.5 ],
			"to": [ 12.5, 6, 8 ],
			"faces": {
				"down": { "uv": [ 9, 11.75, 11, 11.625 ], "texture": "#voxels_atlas", "rotation": 180 },
				"north": { "uv": [ 5.5, 14.75, 7.5, 14.5 ], "texture": "#voxels_atlas" },
				"west": { "uv": [ 5.5, 13.5, 5.375, 13.75 ], "texture": "#voxels_atlas", "rotation": 180 },
				"east": { "uv": [ 5.375, 11.75, 5.5, 12 ], "texture": "#voxels_atlas", "rotation": 180 }
			}
		},
		{
			"__comment": "Voxels",
			"from": [ 5, 5, 10 ],
			"to": [ 12.5, 6, 11 ],
			"faces": {
				"down": { "uv": [ 5.5, 12.5, 7.375, 12.25 ], "texture": "#voxels_atlas", "rotation": 180 },
				"up": { "uv": [ 5.5, 12, 7.375, 12.25 ], "texture": "#voxels_atlas", "rotation": 180 },
				"south": { "uv": [ 7.375, 13, 5.5, 12.75 ], "texture": "#voxels_atlas" },
				"west": { "uv": [ 5.5, 11, 5.25, 11.25 ], "texture": "#voxels_atlas", "rotation": 180 },
				"east": { "uv": [ 5.25, 10.75, 5.5, 11 ], "texture": "#voxels_atlas", "rotation": 180 }
			}
		},
		{
			"__comment": "Voxels",
			"from": [ 5, 4, 8.5 ],
			"to": [ 12.5, 5, 10 ],
			"faces": {
				"down": { "uv": [ 0, 12, 1.875, 11.625 ], "texture": "#voxels_atlas", "rotation": 180 },
				"up": { "uv": [ 0, 11.25, 1.875, 11.625 ], "texture": "#voxels_atlas", "rotation": 180 },
				"north": { "uv": [ 5.5, 13.25, 7.375, 13 ], "texture": "#voxels_atlas" },
				"south": { "uv": [ 7.375, 13.5, 5.5, 13.25 ], "texture": "#voxels_atlas" },
				"west": { "uv": [ 5.25, 10.75, 4.875, 11 ], "texture": "#voxels_atlas", "rotation": 180 },
				"east": { "uv": [ 4.875, 11, 5.25, 11.25 ], "texture": "#voxels_atlas", "rotation": 180 }
			}
		},
		{
			"__comment": "Voxels",
			"from": [ 4, 8.5, 12.5 ],
			"to": [ 12, 9, 13 ],
			"faces": {
				"down": { "uv": [ 9, 11.5, 11, 11.375 ], "texture": "#voxels_atlas", "rotation": 180 },
				"up": { "uv": [ 9, 11.5, 11, 11.625 ], "texture": "#voxels_atlas", "rotation": 180 },
				"south": { "uv": [ 11, 11.25, 9, 11.125 ], "texture": "#voxels_atlas" },
				"west": { "uv": [ 7.625, 8.125, 7.5, 8.25 ], "texture": "#voxels_atlas", "rotation": 180 },
				"east": { "uv": [ 7.25, 8, 7.375, 8.125 ], "texture": "#voxels_atlas", "rotation": 180 }
			}
		},
		{
			"__comment": "Voxels",
			"from": [ 4.5, 7, 5 ],
			"to": [ 12, 8, 5.5 ],
			"faces": {
				"down": { "uv": [ 9, 10.875, 10.875, 10.75 ], "texture": "#voxels_atlas", "rotation": 180 },
				"north": { "uv": [ 5.5, 13.75, 7.375, 13.5 ], "texture": "#voxels_atlas" },
				"west": { "uv": [ 2.625, 10, 2.5, 10.25 ], "texture": "#voxels_atlas", "rotation": 180 },
				"east": { "uv": [ 2.5, 9.75, 2.625, 10 ], "texture": "#voxels_atlas", "rotation": 180 }
			}
		},
		{
			"__comment": "Voxels",
			"from": [ 4.5, 7, 12 ],
			"to": [ 12, 8, 12.5 ],
			"faces": {
				"down": { "uv": [ 9, 10.375, 10.875, 10.25 ], "texture": "#voxels_atlas", "rotation": 180 },
				"south": { "uv": [ 7.375, 11.5, 5.5, 11.25 ], "texture": "#voxels_atlas" },
				"west": { "uv": [ 11.25, 10.5, 11.125, 10.75 ], "texture": "#voxels_atlas", "rotation": 180 },
				"east": { "uv": [ 11.25, 10.5, 11.375, 10.75 ], "texture": "#voxels_atlas", "rotation": 180 }
			}
		},
		{
			"__comment": "Voxels",
			"from": [ 5.5, 6, 11.5 ],
			"to": [ 12, 7, 12 ],
			"faces": {
				"down": { "uv": [ 11.125, 12.625, 12.75, 12.5 ], "texture": "#voxels_atlas", "rotation": 180 },
				"south": { "uv": [ 7.125, 8.25, 5.5, 8 ], "texture": "#voxels_atlas" },
				"west": { "uv": [ 11.875, 10.75, 11.75, 11 ], "texture": "#voxels_atlas", "rotation": 180 },
				"east": { "uv": [ 11.875, 10.75, 12, 11 ], "texture": "#voxels_atlas", "rotation": 180 }
			}
		},
		{
			"__comment": "Voxels",
			"from": [ 4.5, 5, 7 ],
			"to": [ 12, 6, 7.5 ],
			"faces": {
				"down": { "uv": [ 9, 10.125, 10.875, 10 ], "texture": "#voxels_atlas", "rotation": 180 },
				"north": { "uv": [ 5.5, 11.75, 7.375, 11.5 ], "texture": "#voxels_atlas" },
				"west": { "uv": [ 9, 8.25, 8.875, 8.5 ], "texture": "#voxels_atlas", "rotation": 180 },
				"east": { "uv": [ 9.75, 8.875, 9.875, 9.125 ], "texture": "#voxels_atlas", "rotation": 180 }
			}
		},
		{
			"__comment": "Voxels",
			"from": [ 5.5, 5, 11 ],
			"to": [ 12, 6, 11.5 ],
			"faces": {
				"down": { "uv": [ 14.375, 12.625, 16, 12.5 ], "texture": "#voxels_atlas", "rotation": 180 },
				"south": { "uv": [ 14.125, 15.5, 12.5, 15.25 ], "texture": "#voxels_atlas" },
				"west": { "uv": [ 8.625, 8.25, 8.5, 8.5 ], "texture": "#voxels_atlas", "rotation": 180 },
				"east": { "uv": [ 8.5, 8, 8.625, 8.25 ], "texture": "#voxels_atlas", "rotation": 180 }
			}
		},
		{
			"__comment": "Voxels",
			"from": [ 5, 4, 7.5 ],
			"to": [ 12, 5, 8.5 ],
			"faces": {
				"down": { "uv": [ 5.5, 10.25, 7.25, 10 ], "texture": "#voxels_atlas", "rotation": 180 },
				"up": { "uv": [ 5.5, 10.25, 7.25, 10.5 ], "texture": "#voxels_atlas", "rotation": 180 },
				"north": { "uv": [ 5.5, 10, 7.25, 9.75 ], "texture": "#voxels_atlas" },
				"west": { "uv": [ 5.125, 9.5, 4.875, 9.75 ], "texture": "#voxels_atlas", "rotation": 180 },
				"east": { "uv": [ 5.125, 9.5, 5.375, 9.75 ], "texture": "#voxels_atlas", "rotation": 180 }
			}
		},
		{
			"__comment": "Voxels",
			"from": [ 5.5, 4, 10 ],
			"to": [ 12, 5, 10.5 ],
			"faces": {
				"down": { "uv": [ 12.75, 12.5, 14.375, 12.375 ], "texture": "#voxels_atlas", "rotation": 180 },
				"south": { "uv": [ 10.875, 15, 9.25, 14.75 ], "texture": "#voxels_atlas" },
				"west": { "uv": [ 8.875, 9.75, 8.75, 10 ], "texture": "#voxels_atlas", "rotation": 180 },
				"east": { "uv": [ 8.875, 9.75, 9, 10 ], "texture": "#voxels_atlas", "rotation": 180 }
			}
		},
		{
			"__comment": "Voxels",
			"from": [ 4.5, 8, 4 ],
			"to": [ 11.5, 9, 4.5 ],
			"faces": {
				"down": { "uv": [ 9, 9.5, 10.75, 9.375 ], "texture": "#voxels_atlas", "rotation": 180 },
				"north": { "uv": [ 5.5, 9.5, 7.25, 9.25 ], "texture": "#voxels_atlas" },
				"west": { "uv": [ 11.375, 10.75, 11.25, 11 ], "texture": "#voxels_atlas", "rotation": 180 },
				"east": { "uv": [ 11.625, 10.75, 11.75, 11 ], "texture": "#voxels_atlas", "rotation": 180 }
			}
		},
		{
			"__comment": "Voxels",
			"from": [ 4.5, 8.5, 13 ],
			"to": [ 11.5, 9, 13.5 ],
			"faces": {
				"down": { "uv": [ 14.25, 14.25, 16, 14.125 ], "texture": "#voxels_atlas", "rotation": 180 },
				"up": { "uv": [ 14.25, 14, 16, 14.125 ], "texture": "#voxels_atlas", "rotation": 180 },
				"south": { "uv": [ 10.75, 9.625, 9, 9.5 ], "texture": "#voxels_atlas" },
				"west": { "uv": [ 11.125, 11.125, 11, 11.25 ], "texture": "#voxels_atlas", "rotation": 180 },
				"east": { "uv": [ 11, 11.25, 11.125, 11.375 ], "texture": "#voxels_atlas", "rotation": 180 }
			}
		},
		{
			"__comment": "Voxels",
			"from": [ 4, 8, 12.5 ],
			"to": [ 11.5, 8.5, 13 ],
			"faces": {
				"down": { "uv": [ 9, 11.125, 10.875, 11 ], "texture": "#voxels_atlas", "rotation": 180 },
				"south": { "uv": [ 10.875, 10.25, 9, 10.125 ], "texture": "#voxels_atlas" },
				"west": { "uv": [ 5.5, 9.75, 5.375, 9.875 ], "texture": "#voxels_atlas", "rotation": 180 },
				"east": { "uv": [ 5.375, 9.875, 5.5, 10 ], "texture": "#voxels_atlas", "rotation": 180 }
			}
		},
		{
			"__comment": "Voxels",
			"from": [ 5, 7, 12.5 ],
			"to": [ 11.5, 8, 13 ],
			"faces": {
				"down": { "uv": [ 11.125, 12.375, 12.75, 12.25 ], "texture": "#voxels_atlas", "rotation": 180 },
				"south": { "uv": [ 14.125, 15.25, 12.5, 15 ], "texture": "#voxels_atlas" },
				"west": { "uv": [ 9, 9.25, 8.875, 9.5 ], "texture": "#voxels_atlas", "rotation": 180 },
				"east": { "uv": [ 8.75, 9.25, 8.875, 9.5 ], "texture": "#voxels_atlas", "rotation": 180 }
			}
		},
		{
			"__comment": "Voxels",
			"from": [ 4.5, 6, 6 ],
			"to": [ 11.5, 7, 6.5 ],
			"faces": {
				"down": { "uv": [ 9, 9.875, 10.75, 9.75 ], "texture": "#voxels_atlas", "rotation": 180 },
				"north": { "uv": [ 5.5, 8.75, 7.25, 8.5 ], "texture": "#voxels_atlas" },
				"west": { "uv": [ 9, 10.25, 8.875, 10.5 ], "texture": "#voxels_atlas", "rotation": 180 },
				"east": { "uv": [ 2.5, 10.25, 2.625, 10.5 ], "texture": "#voxels_atlas", "rotation": 180 }
			}
		},
		{
			"__comment": "Voxels",
			"from": [ 5, 5, 6.5 ],
			"to": [ 11.5, 6, 7 ],
			"faces": {
				"down": { "uv": [ 14.375, 12.375, 16, 12.25 ], "texture": "#voxels_atlas", "rotation": 180 },
				"north": { "uv": [ 14.125, 15.25, 15.75, 15 ], "texture": "#voxels_atlas" },
				"west": { "uv": [ 8.875, 9.5, 8.75, 9.75 ], "texture": "#voxels_atlas", "rotation": 180 },
				"east": { "uv": [ 8.625, 9.5, 8.75, 9.75 ], "texture": "#voxels_atlas", "rotation": 180 }
			}
		},
		{
			"__comment": "Voxels",
			"from": [ 7, 5, 11.5 ],
			"to": [ 11.5, 6, 12 ],
			"faces": {
				"down": { "uv": [ 9.875, 8.75, 11, 8.625 ], "texture": "#voxels_atlas", "rotation": 180 },
				"south": { "uv": [ 8.75, 10.5, 7.625, 10.25 ], "texture": "#voxels_atlas" },
				"west": { "uv": [ 8.75, 9.25, 8.625, 9.5 ], "texture": "#voxels_atlas", "rotation": 180 },
				"east": { "uv": [ 8.875, 9.5, 9, 9.75 ], "texture": "#voxels_atlas", "rotation": 180 }
			}
		},
		{
			"__comment": "Voxels",
			"from": [ 5, 4, 7 ],
			"to": [ 11.5, 5, 7.5 ],
			"faces": {
				"down": { "uv": [ 12.75, 12.25, 14.375, 12.125 ], "texture": "#voxels_atlas", "rotation": 180 },
				"north": { "uv": [ 10.875, 15.25, 12.5, 15 ], "texture": "#voxels_atlas" },
				"west": { "uv": [ 8.875, 8.25, 8.75, 8.5 ], "texture": "#voxels_atlas", "rotation": 180 },
				"east": { "uv": [ 8.625, 8.25, 8.75, 8.5 ], "texture": "#voxels_atlas", "rotation": 180 }
			}
		},
		{
			"__comment": "Voxels",
			"from": [ 6, 4, 10.5 ],
			"to": [ 11.5, 5, 11 ],
			"faces": {
				"down": { "uv": [ 12.5, 11.875, 13.875, 11.75 ], "texture": "#voxels_atlas", "rotation": 180 },
				"south": { "uv": [ 15.25, 15, 13.875, 14.75 ], "texture": "#voxels_atlas" },
				"west": { "uv": [ 11.25, 10.75, 11.125, 11 ], "texture": "#voxels_atlas", "rotation": 180 },
				"east": { "uv": [ 9.75, 8.625, 9.875, 8.875 ], "texture": "#voxels_atlas", "rotation": 180 }
			}
		},
		{
			"__comment": "Voxels",
			"from": [ 5, 8.5, 13.5 ],
			"to": [ 11, 9, 14 ],
			"faces": {
				"down": { "uv": [ 14.25, 12.125, 15.75, 12 ], "texture": "#voxels_atlas", "rotation": 180 },
				"up": { "uv": [ 12.75, 12, 14.25, 12.125 ], "texture": "#voxels_atlas", "rotation": 180 },
				"south": { "uv": [ 16, 12.875, 14.5, 12.75 ], "texture": "#voxels_atlas" },
				"west": { "uv": [ 11, 10.625, 10.875, 10.75 ], "texture": "#voxels_atlas", "rotation": 180 },
				"east": { "uv": [ 11, 10.625, 11.125, 10.75 ], "texture": "#voxels_atlas", "rotation": 180 }
			}
		},
		{
			"__comment": "Voxels",
			"from": [ 4.5, 8, 13 ],
			"to": [ 11, 8.5, 13.5 ],
			"faces": {
				"down": { "uv": [ 11.125, 12.125, 12.75, 12 ], "texture": "#voxels_atlas", "rotation": 180 },
				"south": { "uv": [ 14.5, 12.875, 12.875, 12.75 ], "texture": "#voxels_atlas" },
				"west": { "uv": [ 5.5, 10.125, 5.375, 10.25 ], "texture": "#voxels_atlas", "rotation": 180 },
				"east": { "uv": [ 5.375, 10, 5.5, 10.125 ], "texture": "#voxels_atlas", "rotation": 180 }
			}
		},
		{
			"__comment": "Voxels",
			"from": [ 5.5, 7, 4.5 ],
			"to": [ 11, 8, 5 ],
			"faces": {
				"down": { "uv": [ 13.875, 11.625, 15.25, 11.5 ], "texture": "#voxels_atlas", "rotation": 180 },
				"north": { "uv": [ 7.625, 13.25, 9, 13 ], "texture": "#voxels_atlas" },
				"west": { "uv": [ 12.25, 10.75, 12.125, 11 ], "texture": "#voxels_atlas", "rotation": 180 },
				"east": { "uv": [ 12, 10.75, 12.125, 11 ], "texture": "#voxels_atlas", "rotation": 180 }
			}
		},
		{
			"__comment": "Voxels",
			"from": [ 6.5, 7, 13 ],
			"to": [ 11, 8, 13.5 ],
			"faces": {
				"down": { "uv": [ 9.875, 8.25, 11, 8.125 ], "texture": "#voxels_atlas", "rotation": 180 },
				"south": { "uv": [ 8.75, 11.25, 7.625, 11 ], "texture": "#voxels_atlas" },
				"west": { "uv": [ 2.625, 10.5, 2.5, 10.75 ], "texture": "#voxels_atlas", "rotation": 180 },
				"east": { "uv": [ 11.375, 10.5, 11.5, 10.75 ], "texture": "#voxels_atlas", "rotation": 180 }
			}
		},
		{
			"__comment": "Voxels",
			"from": [ 4.5, 6, 5.5 ],
			"to": [ 11, 7, 6 ],
			"faces": {
				"down": { "uv": [ 14.375, 12.5, 16, 12.375 ], "texture": "#voxels_atlas", "rotation": 180 },
				"north": { "uv": [ 9.25, 15.25, 10.875, 15 ], "texture": "#voxels_atlas" },
				"west": { "uv": [ 2.625, 9.25, 2.5, 9.5 ], "texture": "#voxels_atlas", "rotation": 180 },
				"east": { "uv": [ 2.5, 9.5, 2.625, 9.75 ], "texture": "#voxels_atlas", "rotation": 180 }
			}
		},
		{
			"__comment": "Voxels",
			"from": [ 6.5, 6, 12 ],
			"to": [ 11, 7, 12.5 ],
			"faces": {
				"down": { "uv": [ 9.875, 8.5, 11, 8.375 ], "texture": "#voxels_atlas", "rotation": 180 },
				"south": { "uv": [ 8.75, 10, 7.625, 9.75 ], "texture": "#voxels_atlas" },
				"west": { "uv": [ 2.625, 8.75, 2.5, 9 ], "texture": "#voxels_atlas", "rotation": 180 },
				"east": { "uv": [ 2.5, 9, 2.625, 9.25 ], "texture": "#voxels_atlas", "rotation": 180 }
			}
		},
		{
			"__comment": "Voxels",
			"from": [ 8, 5, 12 ],
			"to": [ 11, 6, 12.5 ],
			"faces": {
				"down": { "uv": [ 1.875, 11.75, 2.625, 11.625 ], "texture": "#voxels_atlas", "rotation": 180 },
				"south": { "uv": [ 5.5, 9.5, 4.75, 9.25 ], "texture": "#voxels_atlas" },
				"west": { "uv": [ 5.5, 14.25, 5.375, 14.5 ], "texture": "#voxels_atlas", "rotation": 180 },
				"east": { "uv": [ 5.375, 14.5, 5.5, 14.75 ], "texture": "#voxels_atlas", "rotation": 180 }
			}
		},
		{
			"__comment": "Voxels",
			"from": [ 5.5, 4, 6.5 ],
			"to": [ 11, 5, 7 ],
			"faces": {
				"down": { "uv": [ 13.875, 11.875, 15.25, 11.75 ], "texture": "#voxels_atlas", "rotation": 180 },
				"north": { "uv": [ 7.625, 13.75, 9, 13.5 ], "texture": "#voxels_atlas" },
				"west": { "uv": [ 5.5, 13.75, 5.375, 14 ], "texture": "#voxels_atlas", "rotation": 180 },
				"east": { "uv": [ 5.375, 14, 5.5, 14.25 ], "texture": "#voxels_atlas", "rotation": 180 }
			}
		},
		{
			"__comment": "Voxels",
			"from": [ 7, 4, 11 ],
			"to": [ 11, 5, 11.5 ],
			"faces": {
				"down": { "uv": [ 11.125, 11.25, 12.125, 11.125 ], "texture": "#voxels_atlas", "rotation": 180 },
				"south": { "uv": [ 8.625, 9.75, 7.625, 9.5 ], "texture": "#voxels_atlas" },
				"west": { "uv": [ 5.5, 12, 5.375, 12.25 ], "texture": "#voxels_atlas", "rotation": 180 },
				"east": { "uv": [ 5.375, 13.25, 5.5, 13.5 ], "texture": "#voxels_atlas", "rotation": 180 }
			}
		},
		{
			"__comment": "Voxels",
			"from": [ 7.5, 4, 11.5 ],
			"to": [ 11, 5, 12 ],
			"faces": {
				"down": { "uv": [ 9, 8.625, 9.875, 8.5 ], "texture": "#voxels_atlas", "rotation": 180 },
				"south": { "uv": [ 8.5, 9, 7.625, 8.75 ], "texture": "#voxels_atlas" },
				"west": { "uv": [ 15.875, 15.75, 15.75, 16 ], "texture": "#voxels_atlas", "rotation": 180 },
				"east": { "uv": [ 5.375, 9.5, 5.5, 9.75 ], "texture": "#voxels_atlas", "rotation": 180 }
			}
		},
		{
			"__comment": "Voxels",
			"from": [ 5.5, 8, 3.5 ],
			"to": [ 10.5, 9, 4 ],
			"faces": {
				"down": { "uv": [ 9.875, 9.125, 11.125, 9 ], "texture": "#voxels_atlas", "rotation": 180 },
				"north": { "uv": [ 7.625, 12.5, 8.875, 12.25 ], "texture": "#voxels_atlas" },
				"west": { "uv": [ 7.625, 14.75, 7.5, 15 ], "texture": "#voxels_atlas", "rotation": 180 },
				"east": { "uv": [ 15.875, 15.5, 16, 15.75 ], "texture": "#voxels_atlas", "rotation": 180 }
			}
		},
		{
			"__comment": "Voxels",
			"from": [ 5, 8, 13.5 ],
			"to": [ 10.5, 8.5, 14 ],
			"faces": {
				"down": { "uv": [ 13.875, 12, 15.25, 11.875 ], "texture": "#voxels_atlas", "rotation": 180 },
				"south": { "uv": [ 13.875, 12, 12.5, 11.875 ], "texture": "#voxels_atlas" },
				"west": { "uv": [ 16, 14.5, 15.875, 14.625 ], "texture": "#voxels_atlas", "rotation": 180 },
				"east": { "uv": [ 8.875, 8, 9, 8.125 ], "texture": "#voxels_atlas", "rotation": 180 }
			}
		},
		{
			"__comment": "Voxels",
			"from": [ 6, 7, 4 ],
			"to": [ 10.5, 8, 4.5 ],
			"faces": {
				"down": { "uv": [ 9.875, 8.125, 11, 8 ], "texture": "#voxels_atlas", "rotation": 180 },
				"north": { "uv": [ 7.625, 11, 8.75, 10.75 ], "texture": "#voxels_atlas" },
				"west": { "uv": [ 7.625, 13.75, 7.5, 14 ], "texture": "#voxels_atlas", "rotation": 180 },
				"east": { "uv": [ 7.375, 13.75, 7.5, 14 ], "texture": "#voxels_atlas", "rotation": 180 }
			}
		},
		{
			"__comment": "Voxels",
			"from": [ 8.5, 7, 13.5 ],
			"to": [ 10.5, 8, 14 ],
			"faces": {
				"down": { "uv": [ 2.125, 12.5, 2.625, 12.375 ], "texture": "#voxels_atlas", "rotation": 180 },
				"south": { "uv": [ 2.625, 12.375, 2.125, 12.125 ], "texture": "#voxels_atlas" },
				"west": { "uv": [ 7.625, 13.5, 7.5, 13.75 ], "texture": "#voxels_atlas", "rotation": 180 },
				"east": { "uv": [ 7.375, 13.5, 7.5, 13.75 ], "texture": "#voxels_atlas", "rotation": 180 }
			}
		},
		{
			"__comment": "Voxels",
			"from": [ 5, 6, 5 ],
			"to": [ 10.5, 7, 5.5 ],
			"faces": {
				"down": { "uv": [ 13.875, 11.75, 15.25, 11.625 ], "texture": "#voxels_atlas", "rotation": 180 },
				"north": { "uv": [ 7.625, 13, 9, 12.75 ], "texture": "#voxels_atlas" },
				"west": { "uv": [ 7.625, 13, 7.5, 13.25 ], "texture": "#voxels_atlas", "rotation": 180 },
				"east": { "uv": [ 7.375, 13, 7.5, 13.25 ], "texture": "#voxels_atlas", "rotation": 180 }
			}
		},
		{
			"__comment": "Voxels",
			"from": [ 7.5, 6, 12.5 ],
			"to": [ 10.5, 7, 13 ],
			"faces": {
				"down": { "uv": [ 15.25, 11.75, 16, 11.625 ], "texture": "#voxels_atlas", "rotation": 180 },
				"south": { "uv": [ 9.75, 9.125, 9, 8.875 ], "texture": "#voxels_atlas" },
				"west": { "uv": [ 7.625, 12.75, 7.5, 13 ], "texture": "#voxels_atlas", "rotation": 180 },
				"east": { "uv": [ 7.375, 12.75, 7.5, 13 ], "texture": "#voxels_atlas", "rotation": 180 }
			}
		},
		{
			"__comment": "Voxels",
			"from": [ 5.5, 5, 6 ],
			"to": [ 10.5, 6, 6.5 ],
			"faces": {
				"down": { "uv": [ 9.875, 9, 11.125, 8.875 ], "texture": "#voxels_atlas", "rotation": 180 },
				"north": { "uv": [ 7.625, 12, 8.875, 11.75 ], "texture": "#voxels_atlas" },
				"west": { "uv": [ 7.625, 12.25, 7.5, 12.5 ], "texture": "#voxels_atlas", "rotation": 180 },
				"east": { "uv": [ 7.375, 12.25, 7.5, 12.5 ], "texture": "#voxels_atlas", "rotation": 180 }
			}
		},
		{
			"__comment": "Voxels",
			"from": [ 9, 5.5, 12.5 ],
			"to": [ 10.5, 6, 13 ],
			"faces": {
				"down": { "uv": [ 7.25, 9.75, 7.625, 9.625 ], "texture": "#voxels_atlas", "rotation": 180 },
				"south": { "uv": [ 5.5, 8.25, 5.125, 8.125 ], "texture": "#voxels_atlas" },
				"west": { "uv": [ 16, 12.875, 15.875, 13 ], "texture": "#voxels_atlas", "rotation": 180 },
				"east": { "uv": [ 15.75, 12.875, 15.875, 13 ], "texture": "#voxels_atlas", "rotation": 180 }
			}
		},
		{
			"__comment": "Voxels",
			"from": [ 8.5, 6, 13 ],
			"to": [ 10, 7, 13.5 ],
			"faces": {
				"down": { "uv": [ 4.75, 8.125, 5.125, 8 ], "texture": "#voxels_atlas", "rotation": 180 },
				"south": { "uv": [ 5.375, 12, 5, 11.75 ], "texture": "#voxels_atlas" },
				"west": { "uv": [ 7.625, 11.25, 7.5, 11.5 ], "texture": "#voxels_atlas", "rotation": 180 },
				"east": { "uv": [ 7.375, 11.25, 7.5, 11.5 ], "texture": "#voxels_atlas", "rotation": 180 }
			}
		},
		{
			"__comment": "Voxels",
			"from": [ 6.5, 4, 5.5 ],
			"to": [ 10, 6, 6 ],
			"faces": {
				"down": { "uv": [ 9, 8.375, 9.875, 8.25 ], "texture": "#voxels_atlas", "rotation": 180 },
				"north": { "uv": [ 6.375, 11, 7.25, 10.5 ], "texture": "#voxels_atlas" },
				"south": { "uv": [ 6.375, 11, 5.5, 10.5 ], "texture": "#voxels_atlas" },
				"west": { "uv": [ 7.25, 8, 7.125, 8.5 ], "texture": "#voxels_atlas", "rotation": 180 },
				"east": { "uv": [ 7.5, 10.5, 7.625, 11 ], "texture": "#voxels_atlas", "rotation": 180 }
			}
		},
		{
			"__comment": "Voxels",
			"from": [ 9, 5, 12.5 ],
			"to": [ 10, 5.5, 13 ],
			"faces": {
				"down": { "uv": [ 7.375, 8.75, 7.625, 8.625 ], "texture": "#voxels_atlas", "rotation": 180 },
				"south": { "uv": [ 7.625, 8.125, 7.375, 8 ], "texture": "#voxels_atlas" },
				"west": { "uv": [ 11.125, 11.375, 11, 11.5 ], "texture": "#voxels_atlas", "rotation": 180 },
				"east": { "uv": [ 11, 11.75, 11.125, 11.875 ], "texture": "#voxels_atlas", "rotation": 180 }
			}
		},
		{
			"__comment": "Voxels",
			"from": [ 6.5, 4, 6 ],
			"to": [ 10, 5, 6.5 ],
			"faces": {
				"down": { "uv": [ 9, 8.25, 9.875, 8.125 ], "texture": "#voxels_atlas", "rotation": 180 },
				"west": { "uv": [ 9, 12.5, 8.875, 12.75 ], "texture": "#voxels_atlas", "rotation": 180 },
				"east": { "uv": [ 15.875, 15, 16, 15.25 ], "texture": "#voxels_atlas", "rotation": 180 }
			}
		},
		{
			"__comment": "Voxels",
			"from": [ 6.5, 8, 14 ],
			"to": [ 9.5, 9, 14.5 ],
			"faces": {
				"down": { "uv": [ 15.25, 11.875, 16, 11.75 ], "texture": "#voxels_atlas", "rotation": 180 },
				"up": { "uv": [ 15.25, 11.875, 16, 12 ], "texture": "#voxels_atlas", "rotation": 180 },
				"north": { "uv": [ 4.75, 9.25, 5.5, 9 ], "texture": "#voxels_atlas" },
				"south": { "uv": [ 5.5, 9, 4.75, 8.75 ], "texture": "#voxels_atlas" },
				"west": { "uv": [ 9, 10.75, 8.875, 11 ], "texture": "#voxels_atlas", "rotation": 180 },
				"east": { "uv": [ 8.75, 10.75, 8.875, 11 ], "texture": "#voxels_atlas", "rotation": 180 }
			}
		},
		{
			"__comment": "Voxels",
			"from": [ 7.5, 6, 4.5 ],
			"to": [ 9.5, 7, 5 ],
			"faces": {
				"down": { "uv": [ 4.875, 10.25, 5.375, 10.125 ], "texture": "#voxels_atlas", "rotation": 180 },
				"north": { "uv": [ 5, 13, 5.5, 12.75 ], "texture": "#voxels_atlas" },
				"west": { "uv": [ 9, 10, 8.875, 10.25 ], "texture": "#voxels_atlas", "rotation": 180 },
				"east": { "uv": [ 8.75, 10, 8.875, 10.25 ], "texture": "#voxels_atlas", "rotation": 180 }
			}
		},
		{
			"__comment": "Voxels",
			"from": [ 8, 4, 5 ],
			"to": [ 9.5, 6, 5.5 ],
			"faces": {
				"down": { "uv": [ 7.25, 10.25, 7.625, 10.125 ], "texture": "#voxels_atlas", "rotation": 180 },
				"north": { "uv": [ 5.125, 8.75, 5.5, 8.25 ], "texture": "#voxels_atlas" },
				"west": { "uv": [ 7.5, 10.5, 7.375, 11 ], "texture": "#voxels_atlas", "rotation": 180 },
				"east": { "uv": [ 7.25, 10.5, 7.375, 11 ], "texture": "#voxels_atlas", "rotation": 180 }
			}
		},
		{
			"__comment": "Voxels",
			"from": [ 7.5, 8.5, 2 ],
			"to": [ 8.5, 9, 3.5 ],
			"faces": {
				"down": { "uv": [ 2.375, 13.875, 2.625, 13.5 ], "texture": "#voxels_atlas", "rotation": 180 },
				"up": { "uv": [ 2.375, 13.875, 2.625, 14.25 ], "texture": "#voxels_atlas", "rotation": 180 },
				"north": { "uv": [ 8.625, 8.25, 8.875, 8.125 ], "texture": "#voxels_atlas" },
				"west": { "uv": [ 7.625, 10.375, 7.25, 10.5 ], "texture": "#voxels_atlas", "rotation": 180 },
				"east": { "uv": [ 5.125, 8, 5.5, 8.125 ], "texture": "#voxels_atlas", "rotation": 180 }
			}
		},
		{
			"__comment": "Voxels",
			"from": [ 6.5, 7, 3.5 ],
			"to": [ 8.5, 8, 4 ],
			"faces": {
				"down": { "uv": [ 8.5, 9.125, 9, 9 ], "texture": "#voxels_atlas", "rotation": 180 },
				"north": { "uv": [ 5, 12.5, 5.5, 12.25 ], "texture": "#voxels_atlas" },
				"west": { "uv": [ 11.625, 10.75, 11.5, 11 ], "texture": "#voxels_atlas", "rotation": 180 },
				"east": { "uv": [ 11.375, 10.75, 11.5, 11 ], "texture": "#voxels_atlas", "rotation": 180 }
			}
		},
		{
			"__comment": "Voxels",
			"from": [ 6, 8, 3 ],
			"to": [ 8, 8.5, 3.5 ],
			"faces": {
				"down": { "uv": [ 8.5, 8.875, 9, 8.75 ], "texture": "#voxels_atlas", "rotation": 180 },
				"up": { "uv": [ 8.5, 8.875, 9, 9 ], "texture": "#voxels_atlas", "rotation": 180 },
				"north": { "uv": [ 8.5, 8.75, 9, 8.625 ], "texture": "#voxels_atlas" },
				"west": { "uv": [ 11.125, 11.5, 11, 11.625 ], "texture": "#voxels_atlas", "rotation": 180 },
				"east": { "uv": [ 11, 11.625, 11.125, 11.75 ], "texture": "#voxels_atlas", "rotation": 180 }
			}
		},
		{
			"__comment": "Voxels",
			"from": [ 6, 8.5, 3 ],
			"to": [ 7.5, 9, 3.5 ],
			"faces": {
				"north": { "uv": [ 7.25, 9.25, 7.625, 9.125 ], "texture": "#voxels_atlas" },
				"west": { "uv": [ 11, 10.875, 10.875, 11 ], "texture": "#voxels_atlas", "rotation": 180 }
			}
		},
		{
			"__comment": "Voxels",
			"from": [ 3, 8, 6 ],
			"to": [ 3.5, 9, 6.5 ],
			"faces": {
				"down": { "uv": [ 10.875, 10.875, 11, 10.75 ], "texture": "#voxels_atlas", "rotation": 180 },
				"north": { "uv": [ 11.5, 10.75, 11.625, 10.5 ], "texture": "#voxels_atlas" },
				"south": { "uv": [ 11.75, 10.75, 11.625, 10.5 ], "texture": "#voxels_atlas" },
				"west": { "uv": [ 12, 10.5, 11.875, 10.75 ], "texture": "#voxels_atlas", "rotation": 180 }
			}
		},
		{
			"__comment": "Voxels",
			"from": [ 3, 7, 9 ],
			"to": [ 3.5, 8, 9.5 ],
			"faces": {
				"down": { "uv": [ 10.875, 10.5, 11, 10.375 ], "texture": "#voxels_atlas", "rotation": 180 },
				"north": { "uv": [ 12, 10.75, 12.125, 10.5 ], "texture": "#voxels_atlas" },
				"south": { "uv": [ 12.25, 10.75, 12.125, 10.5 ], "texture": "#voxels_atlas" },
				"west": { "uv": [ 11.375, 10.25, 11.25, 10.5 ], "texture": "#voxels_atlas", "rotation": 180 }
			}
		},
		{
			"__comment": "Voxels",
			"from": [ 2.5, 8.5, 7 ],
			"to": [ 3, 9, 7.5 ],
			"faces": {
				"north": { "uv": [ 11, 10.125, 11.125, 10 ], "texture": "#voxels_atlas" },
				"west": { "uv": [ 10.875, 9.75, 10.75, 9.875 ], "texture": "#voxels_atlas", "rotation": 180 }
			}
		}
	],
	"display": {
		"thirdperson_righthand": {
			"rotation":  [ 58, 0, 0 ],
			"scale":  [ 0.3, 0.2782, 0.3 ]
		},
		"firstperson_righthand": {
			"rotation":  [ 83, 0, 0 ],
			"translation":  [ 12.521, -1.391, -13.9 ]
		},
		"gui": {
			"rotation":  [ 94, 24, -23 ],
			"translation":  [ -0.695, -0.695, 0 ],
			"scale":  [ 1, 1.6608, 1 ]
		},
		"ground": {
			"scale":  [ 0.0001, 0.0001, 0.0001 ]
		}
	}
}