{
	"__comment": "Designed by DevastMc",
	"textures": {
		"pumpshotgun": "blocks/pumpshotgun"
	},
	"elements": [ 	 
		{
			"__comment": "Voxels",
			"from": [ -13.5, 5.5, 7.5 ],
			"to": [ 0, 9.5, 8.5 ],
			"faces": {
				"down": { "uv": [ 2.75, 9.5, 6.125, 9.75 ], "texture": "#pumpshotgun" },
				"up": { "uv": [ 2.75, 10, 6.125, 9.75 ], "texture": "#pumpshotgun" },
				"north": { "uv": [ 3.375, 15, 0, 16 ], "texture": "#pumpshotgun" },
				"south": { "uv": [ 3.375, 15, 6.75, 16 ], "texture": "#pumpshotgun" },
				"west": { "uv": [ 0, 1.375, 0.25, 2.375 ], "texture": "#pumpshotgun" },
				"east": { "uv": [ 0.25, 0.375, 0, 1.375 ], "texture": "#pumpshotgun" }
			}
		},
		{
			"__comment": "Voxels",
			"from": [ -13.5, 6, 8.5 ],
			"to": [ 0, 7, 9 ],
			"faces": {
				"down": { "uv": [ 2.75, 6.875, 6.125, 7 ], "texture": "#pumpshotgun" },
				"up": { "uv": [ 2.75, 7.5, 6.125, 7.375 ], "texture": "#pumpshotgun" },
				"south": { "uv": [ 2.75, 9.25, 6.125, 9.5 ], "texture": "#pumpshotgun" },
				"west": { "uv": [ 7.25, 4, 7.375, 4.25 ], "texture": "#pumpshotgun" },
				"east": { "uv": [ 7.5, 4.25, 7.375, 4.5 ], "texture": "#pumpshotgun" }
			}
		},
		{
			"__comment": "Voxels",
			"from": [ -13.5, 6.5, 7 ],
			"to": [ 0.5, 9.5, 7.5 ],
			"faces": {
				"down": { "uv": [ 9.625, 8, 13.125, 8.125 ], "texture": "#pumpshotgun" },
				"up": { "uv": [ 9.625, 7.875, 13.125, 7.75 ], "texture": "#pumpshotgun" },
				"north": { "uv": [ 10.25, 15.25, 6.75, 16 ], "texture": "#pumpshotgun" },
				"south": { "uv": [ 10.25, 15.25, 13.75, 16 ], "texture": "#pumpshotgun" },
				"west": { "uv": [ 6, 0.125, 6.125, 0.875 ], "texture": "#pumpshotgun" },
				"east": { "uv": [ 6.25, 6.25, 6.125, 7 ], "texture": "#pumpshotgun" }
			}
		},
		{
			"__comment": "Voxels",
			"from": [ -13.5, 7, 6.5 ],
			"to": [ 0, 9, 7 ],
			"faces": {
				"down": { "uv": [ 2.75, 7.875, 6.125, 8 ], "texture": "#pumpshotgun" },
				"up": { "uv": [ 2.75, 6.875, 6.125, 6.75 ], "texture": "#pumpshotgun" },
				"north": { "uv": [ 3.375, 14.25, 0, 14.75 ], "texture": "#pumpshotgun" },
				"west": { "uv": [ 6.375, 1.875, 6.5, 2.375 ], "texture": "#pumpshotgun" },
				"east": { "uv": [ 6.375, 0.625, 6.25, 1.125 ], "texture": "#pumpshotgun" }
			}
		},
		{
			"__comment": "Voxels",
			"from": [ -13.5, 7.5, 8.5 ],
			"to": [ 2, 8, 9 ],
			"faces": {
				"down": { "uv": [ 11.875, 9, 15.75, 9.125 ], "texture": "#pumpshotgun" },
				"up": { "uv": [ 10, 8.25, 13.875, 8.125 ], "texture": "#pumpshotgun" },
				"north": { "uv": [ 10, 8.125, 6.125, 8.25 ], "texture": "#pumpshotgun" },
				"south": { "uv": [ 11.875, 9.125, 15.75, 9.25 ], "texture": "#pumpshotgun" },
				"west": { "uv": [ 7.75, 4.125, 7.875, 4.25 ], "texture": "#pumpshotgun" },
				"east": { "uv": [ 7.875, 4, 7.75, 4.125 ], "texture": "#pumpshotgun" }
			}
		},
		{
			"__comment": "Voxels",
			"from": [ -13.5, 8, 8.5 ],
			"to": [ 0, 9, 9 ],
			"faces": {
				"up": { "uv": [ 2.75, 7.375, 6.125, 7.25 ], "texture": "#pumpshotgun" },
				"south": { "uv": [ 6.75, 15, 10.125, 15.25 ], "texture": "#pumpshotgun" },
				"west": { "uv": [ 7.25, 4.25, 7.375, 4.5 ], "texture": "#pumpshotgun" },
				"east": { "uv": [ 7.5, 5, 7.375, 5.25 ], "texture": "#pumpshotgun" }
			}
		},
		{
			"__comment": "Voxels",
			"from": [ -13.5, 9, 6.5 ],
			"to": [ -0.5, 9.5, 7 ],
			"faces": {
				"up": { "uv": [ 2.75, 6.375, 6, 6.25 ], "texture": "#pumpshotgun" },
				"north": { "uv": [ 6, 6.5, 2.75, 6.625 ], "texture": "#pumpshotgun" },
				"west": { "uv": [ 7.75, 3.375, 7.875, 3.5 ], "texture": "#pumpshotgun" },
				"east": { "uv": [ 7.875, 3.25, 7.75, 3.375 ], "texture": "#pumpshotgun" }
			}
		},
		{
			"__comment": "Voxels",
			"from": [ -13, 4, 6.5 ],
			"to": [ -3, 5.5, 8.5 ],
			"faces": {
				"down": { "uv": [ 8.25, 13.5, 10.75, 14 ], "texture": "#pumpshotgun" },
				"up": { "uv": [ 5.75, 14, 8.25, 13.5 ], "texture": "#pumpshotgun" },
				"north": { "uv": [ 2.5, 12.75, 0, 13.125 ], "texture": "#pumpshotgun" },
				"south": { "uv": [ 13.5, 13.625, 16, 14 ], "texture": "#pumpshotgun" },
				"west": { "uv": [ 2.75, 0.875, 3.25, 1.25 ], "texture": "#pumpshotgun" },
				"east": { "uv": [ 3.25, 0.5, 2.75, 0.875 ], "texture": "#pumpshotgun" }
			}
		},
		{
			"__comment": "Voxels",
			"from": [ -13, 4.5, 8.5 ],
			"to": [ -2, 6, 9 ],
			"faces": {
				"down": { "uv": [ 0, 4.625, 2.75, 4.75 ], "texture": "#pumpshotgun" },
				"north": { "uv": [ 13.5, 13.625, 10.75, 14 ], "texture": "#pumpshotgun" },
				"south": { "uv": [ 0, 13.125, 2.75, 13.5 ], "texture": "#pumpshotgun" },
				"west": { "uv": [ 6.5, 2.75, 6.625, 3.125 ], "texture": "#pumpshotgun" },
				"east": { "uv": [ 6.75, 2.75, 6.625, 3.125 ], "texture": "#pumpshotgun" }
			}
		},
		{
			"__comment": "Voxels",
			"from": [ -13, 5.5, 7 ],
			"to": [ 0, 6.5, 7.5 ],
			"faces": {
				"down": { "uv": [ 2.75, 5.875, 6, 6 ], "texture": "#pumpshotgun" },
				"north": { "uv": [ 6, 8.75, 2.75, 9 ], "texture": "#pumpshotgun" },
				"west": { "uv": [ 7.25, 5, 7.375, 5.25 ], "texture": "#pumpshotgun" },
				"east": { "uv": [ 7.5, 5.25, 7.375, 5.5 ], "texture": "#pumpshotgun" }
			}
		},
		{
			"__comment": "Voxels",
			"from": [ -13, 6, 6.5 ],
			"to": [ 0, 7, 7 ],
			"faces": {
				"down": { "uv": [ 2.75, 5.25, 6, 5.375 ], "texture": "#pumpshotgun" },
				"north": { "uv": [ 6, 8.25, 2.75, 8.5 ], "texture": "#pumpshotgun" },
				"south": { "uv": [ 2.75, 8, 6, 8.25 ], "texture": "#pumpshotgun" },
				"west": { "uv": [ 7.25, 5.25, 7.375, 5.5 ], "texture": "#pumpshotgun" },
				"east": { "uv": [ 7.5, 5.75, 7.375, 6 ], "texture": "#pumpshotgun" }
			}
		},
		{
			"__comment": "Voxels",
			"from": [ -13, 7, 6 ],
			"to": [ -11.5, 9.5, 6.5 ],
			"faces": {
				"down": { "uv": [ 6.75, 6.5, 7.125, 6.625 ], "texture": "#pumpshotgun" },
				"up": { "uv": [ 6.75, 6.5, 7.125, 6.375 ], "texture": "#pumpshotgun" },
				"north": { "uv": [ 2, 3.375, 1.625, 4 ], "texture": "#pumpshotgun" },
				"south": { "uv": [ 2, 3.375, 2.375, 4 ], "texture": "#pumpshotgun" },
				"west": { "uv": [ 6.125, 3.5, 6.25, 4.125 ], "texture": "#pumpshotgun" },
				"east": { "uv": [ 6.25, 1, 6.125, 1.625 ], "texture": "#pumpshotgun" }
			}
		},
		{
			"__comment": "Voxels",
			"from": [ -13, 7, 8.5 ],
			"to": [ 1, 7.5, 9 ],
			"faces": {
				"down": { "uv": [ 6.125, 7.375, 9.625, 7.5 ], "texture": "#pumpshotgun" },
				"north": { "uv": [ 13.125, 7.875, 9.625, 8 ], "texture": "#pumpshotgun" },
				"south": { "uv": [ 6.125, 7.875, 9.625, 8 ], "texture": "#pumpshotgun" },
				"west": { "uv": [ 7.75, 2.875, 7.875, 3 ], "texture": "#pumpshotgun" },
				"east": { "uv": [ 7.875, 2.75, 7.75, 2.875 ], "texture": "#pumpshotgun" }
			}
		},
		{
			"__comment": "Voxels",
			"from": [ -13, 9, 8.5 ],
			"to": [ 0, 9.5, 9 ],
			"faces": {
				"up": { "uv": [ 2.75, 5.875, 6, 5.75 ], "texture": "#pumpshotgun" },
				"south": { "uv": [ 2.75, 6, 6, 6.125 ], "texture": "#pumpshotgun" },
				"west": { "uv": [ 7.75, 2.625, 7.875, 2.75 ], "texture": "#pumpshotgun" },
				"east": { "uv": [ 7.875, 2.5, 7.75, 2.625 ], "texture": "#pumpshotgun" }
			}
		},
		{
			"__comment": "Voxels",
			"from": [ -13, 9.5, 6.5 ],
			"to": [ -1.5, 10, 8.5 ],
			"faces": {
				"down": { "uv": [ 0, 13.5, 2.875, 14 ], "texture": "#pumpshotgun" },
				"up": { "uv": [ 2.875, 14, 5.75, 13.5 ], "texture": "#pumpshotgun" },
				"north": { "uv": [ 5.625, 4.625, 2.75, 4.75 ], "texture": "#pumpshotgun" },
				"south": { "uv": [ 2.75, 4, 5.625, 4.125 ], "texture": "#pumpshotgun" },
				"west": { "uv": [ 14.625, 7.5, 15.125, 7.625 ], "texture": "#pumpshotgun" },
				"east": { "uv": [ 15.125, 7.25, 14.625, 7.375 ], "texture": "#pumpshotgun" }
			}
		},
		{
			"__comment": "Voxels",
			"from": [ -12.5, 3, 7 ],
			"to": [ -5, 4, 8.5 ],
			"faces": {
				"down": { "uv": [ 0, 11.25, 1.875, 11.625 ], "texture": "#pumpshotgun" },
				"north": { "uv": [ 2.625, 6.875, 0.75, 7.125 ], "texture": "#pumpshotgun" },
				"south": { "uv": [ 0.75, 7.125, 2.625, 7.375 ], "texture": "#pumpshotgun" },
				"west": { "uv": [ 2.375, 8.375, 2.75, 8.625 ], "texture": "#pumpshotgun" },
				"east": { "uv": [ 2.75, 7.625, 2.375, 7.875 ], "texture": "#pumpshotgun" }
			}
		},
		{
			"__comment": "Voxels",
			"from": [ -12.5, 3, 8.5 ],
			"to": [ -5.5, 4.5, 9 ],
			"faces": {
				"down": { "uv": [ 2.75, 2.875, 4.5, 3 ], "texture": "#pumpshotgun" },
				"north": { "uv": [ 1.75, 9.25, 0, 9.625 ], "texture": "#pumpshotgun" },
				"south": { "uv": [ 0, 8.875, 1.75, 9.25 ], "texture": "#pumpshotgun" },
				"west": { "uv": [ 6.5, 2.375, 6.625, 2.75 ], "texture": "#pumpshotgun" },
				"east": { "uv": [ 6.75, 2.375, 6.625, 2.75 ], "texture": "#pumpshotgun" }
			}
		},
		{
			"__comment": "Voxels",
			"from": [ -12.5, 3.5, 6.5 ],
			"to": [ -4, 4, 7 ],
			"faces": {
				"down": { "uv": [ 0, 2.625, 2.125, 2.75 ], "texture": "#pumpshotgun" },
				"north": { "uv": [ 2.125, 2.375, 0, 2.5 ], "texture": "#pumpshotgun" },
				"south": { "uv": [ 0, 2.75, 2.125, 2.875 ], "texture": "#pumpshotgun" },
				"west": { "uv": [ 7.75, 2.125, 7.875, 2.25 ], "texture": "#pumpshotgun" },
				"east": { "uv": [ 7.875, 2, 7.75, 2.125 ], "texture": "#pumpshotgun" }
			}
		},
		{
			"__comment": "Voxels",
			"from": [ -12.5, 5.5, 6.5 ],
			"to": [ -0.5, 6, 7 ],
			"faces": {
				"down": { "uv": [ 2.75, 4.875, 5.75, 5 ], "texture": "#pumpshotgun" },
				"north": { "uv": [ 5.75, 5.125, 2.75, 5.25 ], "texture": "#pumpshotgun" },
				"west": { "uv": [ 7.75, 1.875, 7.875, 2 ], "texture": "#pumpshotgun" },
				"east": { "uv": [ 7.875, 1.75, 7.75, 1.875 ], "texture": "#pumpshotgun" }
			}
		},
		{
			"__comment": "Voxels",
			"from": [ -12.5, 6.5, 6 ],
			"to": [ -6, 7, 6.5 ],
			"faces": {
				"down": { "uv": [ 2.75, 2.75, 4.375, 2.875 ], "texture": "#pumpshotgun" },
				"up": { "uv": [ 4.375, 2.875, 6, 2.75 ], "texture": "#pumpshotgun" },
				"north": { "uv": [ 6.125, 2.875, 4.5, 3 ], "texture": "#pumpshotgun" },
				"west": { "uv": [ 7.75, 1.625, 7.875, 1.75 ], "texture": "#pumpshotgun" },
				"east": { "uv": [ 7.875, 1.5, 7.75, 1.625 ], "texture": "#pumpshotgun" }
			}
		},
		{
			"__comment": "Voxels",
			"from": [ -12, 2.5, 7 ],
			"to": [ -8, 3, 8.5 ],
			"faces": {
				"down": { "uv": [ 1.75, 8.875, 2.75, 9.25 ], "texture": "#pumpshotgun" },
				"north": { "uv": [ 14.875, 9.875, 13.875, 10 ], "texture": "#pumpshotgun" },
				"south": { "uv": [ 14.875, 9.875, 15.875, 10 ], "texture": "#pumpshotgun" },
				"west": { "uv": [ 6.75, 6, 7.125, 6.125 ], "texture": "#pumpshotgun" },
				"east": { "uv": [ 7.125, 5.625, 6.75, 5.75 ], "texture": "#pumpshotgun" }
			}
		},
		{
			"__comment": "Voxels",
			"from": [ -12, 2.5, 8.5 ],
			"to": [ -8.5, 3, 9 ],
			"faces": {
				"down": { "uv": [ 13.625, 9.625, 14.5, 9.75 ], "texture": "#pumpshotgun" },
				"south": { "uv": [ 1.875, 10.875, 2.75, 11 ], "texture": "#pumpshotgun" },
				"west": { "uv": [ 7.75, 0.625, 7.875, 0.75 ], "texture": "#pumpshotgun" },
				"east": { "uv": [ 7.875, 0.5, 7.75, 0.625 ], "texture": "#pumpshotgun" }
			}
		},
		{
			"__comment": "Voxels",
			"from": [ -12, 3, 6.5 ],
			"to": [ -6.5, 3.5, 7 ],
			"faces": {
				"down": { "uv": [ 3.25, 2.375, 4.625, 2.5 ], "texture": "#pumpshotgun" },
				"north": { "uv": [ 6, 2.5, 4.625, 2.625 ], "texture": "#pumpshotgun" },
				"west": { "uv": [ 7.75, 0.375, 7.875, 0.5 ], "texture": "#pumpshotgun" },
				"east": { "uv": [ 7.875, 0.25, 7.75, 0.375 ], "texture": "#pumpshotgun" }
			}
		},
		{
			"__comment": "Voxels",
			"from": [ -12, 6, 6 ],
			"to": [ -6.5, 6.5, 6.5 ],
			"faces": {
				"down": { "uv": [ 3.25, 2.625, 4.625, 2.75 ], "texture": "#pumpshotgun" },
				"north": { "uv": [ 6, 3.25, 4.625, 3.375 ], "texture": "#pumpshotgun" },
				"west": { "uv": [ 7.875, 6.875, 8, 7 ], "texture": "#pumpshotgun" },
				"east": { "uv": [ 8, 6.75, 7.875, 6.875 ], "texture": "#pumpshotgun" }
			}
		},
		{
			"__comment": "Voxels",
			"from": [ -11.5, 2.5, 6.5 ],
			"to": [ -9.5, 3, 7 ],
			"faces": {
				"down": { "uv": [ 15.5, 14.25, 16, 14.375 ], "texture": "#pumpshotgun" },
				"north": { "uv": [ 2.75, 2.125, 2.25, 2.25 ], "texture": "#pumpshotgun" },
				"west": { "uv": [ 7.875, 6.625, 8, 6.75 ], "texture": "#pumpshotgun" },
				"east": { "uv": [ 8, 6.5, 7.875, 6.625 ], "texture": "#pumpshotgun" }
			}
		},
		{
			"__comment": "Voxels",
			"from": [ -11.5, 7.5, 6 ],
			"to": [ -10.5, 9.5, 6.5 ],
			"faces": {
				"down": { "uv": [ 6.75, 2.375, 7, 2.5 ], "texture": "#pumpshotgun" },
				"up": { "uv": [ 7, 2.625, 7.25, 2.5 ], "texture": "#pumpshotgun" },
				"north": { "uv": [ 3.5, 0.875, 3.25, 1.375 ], "texture": "#pumpshotgun" },
				"south": { "uv": [ 3.5, 0.875, 3.75, 1.375 ], "texture": "#pumpshotgun" },
				"east": { "uv": [ 6.5, 3.5, 6.375, 4 ], "texture": "#pumpshotgun" }
			}
		},
		{
			"__comment": "Voxels",
			"from": [ -11.5, 9.5, 8.5 ],
			"to": [ -0.5, 10, 9 ],
			"faces": {
				"up": { "uv": [ 0, 4.5, 2.75, 4.375 ], "texture": "#pumpshotgun" },
				"north": { "uv": [ 2.75, 4.25, 0, 4.375 ], "texture": "#pumpshotgun" },
				"south": { "uv": [ 0, 4.125, 2.75, 4.25 ], "texture": "#pumpshotgun" },
				"west": { "uv": [ 15.875, 13.125, 16, 13.25 ], "texture": "#pumpshotgun" },
				"east": { "uv": [ 16, 13, 15.875, 13.125 ], "texture": "#pumpshotgun" }
			}
		},
		{
			"__comment": "Voxels",
			"from": [ -11, 7, 6 ],
			"to": [ -6, 7.5, 6.5 ],
			"faces": {
				"up": { "uv": [ 4.5, 2.375, 5.75, 2.25 ], "texture": "#pumpshotgun" },
				"north": { "uv": [ 5.75, 1.875, 4.5, 2 ], "texture": "#pumpshotgun" },
				"west": { "uv": [ 15.875, 12.875, 16, 13 ], "texture": "#pumpshotgun" },
				"east": { "uv": [ 16, 12.75, 15.875, 12.875 ], "texture": "#pumpshotgun" }
			}
		},
		{
			"__comment": "Voxels",
			"from": [ -11, 9.5, 6 ],
			"to": [ -6.5, 10, 6.5 ],
			"faces": {
				"down": { "uv": [ 3.875, 0, 5, 0.125 ], "texture": "#pumpshotgun" },
				"up": { "uv": [ 3.875, 1.125, 5, 1 ], "texture": "#pumpshotgun" },
				"north": { "uv": [ 5, 0.75, 3.875, 0.875 ], "texture": "#pumpshotgun" },
				"west": { "uv": [ 15.875, 11.875, 16, 12 ], "texture": "#pumpshotgun" },
				"east": { "uv": [ 16, 11.75, 15.875, 11.875 ], "texture": "#pumpshotgun" }
			}
		},
		{
			"__comment": "Voxels",
			"from": [ -11, 10, 7.5 ],
			"to": [ -3, 10.5, 8 ],
			"faces": {
				"up": { "uv": [ 0.25, 1.625, 2.25, 1.5 ], "texture": "#pumpshotgun" },
				"north": { "uv": [ 2.25, 1.375, 0.25, 1.5 ], "texture": "#pumpshotgun" },
				"south": { "uv": [ 0.25, 1.25, 2.25, 1.375 ], "texture": "#pumpshotgun" },
				"west": { "uv": [ 15.875, 11.625, 16, 11.75 ], "texture": "#pumpshotgun" },
				"east": { "uv": [ 16, 11.5, 15.875, 11.625 ], "texture": "#pumpshotgun" }
			}
		},
		{
			"__comment": "Voxels",
			"from": [ -10.5, 8, 6 ],
			"to": [ -6, 9, 6.5 ],
			"faces": {
				"down": { "uv": [ 3.875, 0.375, 5, 0.5 ], "texture": "#pumpshotgun" },
				"up": { "uv": [ 3.875, 0.75, 5, 0.625 ], "texture": "#pumpshotgun" },
				"north": { "uv": [ 1.625, 3.75, 0.5, 4 ], "texture": "#pumpshotgun" },
				"east": { "uv": [ 6.875, 2.875, 6.75, 3.125 ], "texture": "#pumpshotgun" }
			}
		},
		{
			"__comment": "Voxels",
			"from": [ -10.5, 9, 6 ],
			"to": [ -6.5, 9.5, 6.5 ],
			"faces": {
				"north": { "uv": [ 6.125, 1.75, 5.125, 1.875 ], "texture": "#pumpshotgun" },
				"east": { "uv": [ 6.125, 6.25, 6, 6.375 ], "texture": "#pumpshotgun" }
			}
		},
		{
			"__comment": "Voxels",
			"from": [ -10.5, 10, 6.5 ],
			"to": [ -7, 10.5, 7.5 ],
			"faces": {
				"up": { "uv": [ 1.875, 12, 2.75, 11.75 ], "texture": "#pumpshotgun" },
				"north": { "uv": [ 2.75, 11.625, 1.875, 11.75 ], "texture": "#pumpshotgun" },
				"west": { "uv": [ 6.75, 3.125, 7, 3.25 ], "texture": "#pumpshotgun" },
				"east": { "uv": [ 7.25, 3.25, 7, 3.375 ], "texture": "#pumpshotgun" }
			}
		},
		{
			"__comment": "Voxels",
			"from": [ -10.5, 10, 8 ],
			"to": [ -3, 10.5, 8.5 ],
			"faces": {
				"up": { "uv": [ 0.25, 0.125, 2.125, 0 ], "texture": "#pumpshotgun" },
				"south": { "uv": [ 2.75, 3.625, 4.625, 3.75 ], "texture": "#pumpshotgun" },
				"west": { "uv": [ 6, 5.875, 6.125, 6 ], "texture": "#pumpshotgun" },
				"east": { "uv": [ 6.125, 5.75, 6, 5.875 ], "texture": "#pumpshotgun" }
			}
		},
		{
			"__comment": "Voxels",
			"from": [ -10, 3.5, 9 ],
			"to": [ -7, 7, 9.5 ],
			"faces": {
				"down": { "uv": [ 1.5, 9.625, 2.25, 9.75 ], "texture": "#pumpshotgun" },
				"up": { "uv": [ 14, 8, 14.75, 7.875 ], "texture": "#pumpshotgun" },
				"north": { "uv": [ 0.75, 9.625, 0, 10.5 ], "texture": "#pumpshotgun" },
				"south": { "uv": [ 0.75, 9.625, 1.5, 10.5 ], "texture": "#pumpshotgun" },
				"west": { "uv": [ 5.625, 0, 5.75, 0.875 ], "texture": "#pumpshotgun" },
				"east": { "uv": [ 5.875, 0, 5.75, 0.875 ], "texture": "#pumpshotgun" }
			}
		},
		{
			"__comment": "Voxels",
			"from": [ -10, 5.5, 6 ],
			"to": [ -6.5, 6, 6.5 ],
			"faces": {
				"down": { "uv": [ 13.125, 7.875, 14, 8 ], "texture": "#pumpshotgun" },
				"north": { "uv": [ 15.375, 9.25, 14.5, 9.375 ], "texture": "#pumpshotgun" },
				"west": { "uv": [ 6, 3.375, 6.125, 3.5 ], "texture": "#pumpshotgun" },
				"east": { "uv": [ 6.125, 3.25, 6, 3.375 ], "texture": "#pumpshotgun" }
			}
		},
		{
			"__comment": "Voxels",
			"from": [ -10, 7.5, 6 ],
			"to": [ -6, 8, 6.5 ],
			"faces": {
				"north": { "uv": [ 6.125, 1.375, 5.125, 1.5 ], "texture": "#pumpshotgun" },
				"west": { "uv": [ 6, 3.125, 6.125, 3.25 ], "texture": "#pumpshotgun" },
				"east": { "uv": [ 6.125, 2.75, 6, 2.875 ], "texture": "#pumpshotgun" }
			}
		},
		{
			"__comment": "Voxels",
			"from": [ -9.5, 7, 9 ],
			"to": [ 0, 8, 9.5 ],
			"faces": {
				"down": { "uv": [ 0, 3.25, 2.375, 3.375 ], "texture": "#pumpshotgun" },
				"up": { "uv": [ 0, 3, 2.375, 2.875 ], "texture": "#pumpshotgun" },
				"north": { "uv": [ 2.375, 7.625, 0, 7.875 ], "texture": "#pumpshotgun" },
				"south": { "uv": [ 0, 7.875, 2.375, 8.125 ], "texture": "#pumpshotgun" },
				"west": { "uv": [ 6.875, 3.375, 7, 3.625 ], "texture": "#pumpshotgun" },
				"east": { "uv": [ 6.875, 3.375, 6.75, 3.625 ], "texture": "#pumpshotgun" }
			}
		},
		{
			"__comment": "Voxels",
			"from": [ -9, 8, 9 ],
			"to": [ -1, 8.5, 9.5 ],
			"faces": {
				"up": { "uv": [ 0.25, 1, 2.25, 0.875 ], "texture": "#pumpshotgun" },
				"south": { "uv": [ 0.25, 2.125, 2.25, 2.25 ], "texture": "#pumpshotgun" },
				"west": { "uv": [ 15.875, 9.75, 16, 9.875 ], "texture": "#pumpshotgun" },
				"east": { "uv": [ 16, 7.625, 15.875, 7.75 ], "texture": "#pumpshotgun" }
			}
		},
		{
			"__comment": "Voxels",
			"from": [ -8.5, 5, 6 ],
			"to": [ -6, 5.5, 6.5 ],
			"faces": {
				"down": { "uv": [ 2.125, 0.75, 2.75, 0.875 ], "texture": "#pumpshotgun" },
				"up": { "uv": [ 2.125, 2.5, 2.75, 2.375 ], "texture": "#pumpshotgun" },
				"north": { "uv": [ 2.75, 2.75, 2.125, 2.875 ], "texture": "#pumpshotgun" },
				"west": { "uv": [ 7.125, 5.5, 7.25, 5.625 ], "texture": "#pumpshotgun" },
				"east": { "uv": [ 7.25, 5.375, 7.125, 5.5 ], "texture": "#pumpshotgun" }
			}
		},
		{
			"__comment": "Voxels",
			"from": [ -7.5, 4.5, 6 ],
			"to": [ -7, 5, 6.5 ],
			"faces": {
				"down": { "uv": [ 7.125, 5.25, 7.25, 5.375 ], "texture": "#pumpshotgun" },
				"north": { "uv": [ 7.25, 5, 7.125, 5.125 ], "texture": "#pumpshotgun" },
				"west": { "uv": [ 7.125, 4.75, 7.25, 4.875 ], "texture": "#pumpshotgun" },
				"east": { "uv": [ 7.25, 4.625, 7.125, 4.75 ], "texture": "#pumpshotgun" }
			}
		},
		{
			"__comment": "Voxels",
			"from": [ -7, 4, 9 ],
			"to": [ -3, 7, 9.5 ],
			"faces": {
				"down": { "uv": [ 14.875, 9.75, 15.875, 9.875 ], "texture": "#pumpshotgun" },
				"north": { "uv": [ 15.75, 15.25, 14.75, 16 ], "texture": "#pumpshotgun" },
				"south": { "uv": [ 13.75, 15.25, 14.75, 16 ], "texture": "#pumpshotgun" },
				"east": { "uv": [ 6.25, 5.5, 6.125, 6.25 ], "texture": "#pumpshotgun" }
			}
		},
		{
			"__comment": "Voxels",
			"from": [ -7, 10, 7 ],
			"to": [ -6.5, 10.5, 7.5 ],
			"faces": {
				"up": { "uv": [ 6.875, 0.125, 7, 0 ], "texture": "#pumpshotgun" },
				"north": { "uv": [ 7.5, 3.125, 7.375, 3.25 ], "texture": "#pumpshotgun" },
				"east": { "uv": [ 7.5, 2.375, 7.375, 2.5 ], "texture": "#pumpshotgun" }
			}
		},
		{
			"__comment": "Voxels",
			"from": [ -6, 8.5, 9 ],
			"to": [ -1, 9.5, 9.5 ],
			"faces": {
				"up": { "uv": [ 4.5, 2.25, 5.75, 2.125 ], "texture": "#pumpshotgun" },
				"north": { "uv": [ 16, 15, 14.75, 15.25 ], "texture": "#pumpshotgun" },
				"south": { "uv": [ 1.25, 5.625, 2.5, 5.875 ], "texture": "#pumpshotgun" },
				"west": { "uv": [ 14.625, 15, 14.75, 15.25 ], "texture": "#pumpshotgun" },
				"east": { "uv": [ 7.125, 1.625, 7, 1.875 ], "texture": "#pumpshotgun" }
			}
		},
		{
			"__comment": "Voxels",
			"from": [ -5.5, 3.5, 8.5 ],
			"to": [ -3, 4.5, 9 ],
			"faces": {
				"down": { "uv": [ 15.375, 10.5, 16, 10.625 ], "texture": "#pumpshotgun" },
				"north": { "uv": [ 3.875, 1.375, 3.25, 1.625 ], "texture": "#pumpshotgun" },
				"south": { "uv": [ 1.875, 4.75, 2.5, 5 ], "texture": "#pumpshotgun" },
				"east": { "uv": [ 6.125, 8.5, 6, 8.75 ], "texture": "#pumpshotgun" }
			}
		},
		{
			"__comment": "Voxels",
			"from": [ -5.5, 3.5, 9 ],
			"to": [ -4, 4, 9.5 ],
			"faces": {
				"down": { "uv": [ 5.75, 4.75, 6.125, 4.875 ], "texture": "#pumpshotgun" },
				"south": { "uv": [ 5.75, 5.125, 6.125, 5.25 ], "texture": "#pumpshotgun" },
				"west": { "uv": [ 7.25, 2.125, 7.375, 2.25 ], "texture": "#pumpshotgun" },
				"east": { "uv": [ 7.5, 2.125, 7.375, 2.25 ], "texture": "#pumpshotgun" }
			}
		},
		{
			"__comment": "Voxels",
			"from": [ -5.5, 6, 6 ],
			"to": [ -3, 9.5, 6.5 ],
			"faces": {
				"down": { "uv": [ 2.125, 0.625, 2.75, 0.75 ], "texture": "#pumpshotgun" },
				"up": { "uv": [ 2.125, 2.625, 2.75, 2.5 ], "texture": "#pumpshotgun" },
				"north": { "uv": [ 1.25, 5, 0.625, 5.875 ], "texture": "#pumpshotgun" },
				"south": { "uv": [ 0, 5, 0.625, 5.875 ], "texture": "#pumpshotgun" },
				"west": { "uv": [ 5.5, 0, 5.625, 0.875 ], "texture": "#pumpshotgun" },
				"east": { "uv": [ 6, 0, 5.875, 0.875 ], "texture": "#pumpshotgun" }
			}
		},
		{
			"__comment": "Voxels",
			"from": [ -5.5, 9.5, 9 ],
			"to": [ -3.5, 10, 9.5 ],
			"faces": {
				"up": { "uv": [ 2.25, 1.5, 2.75, 1.375 ], "texture": "#pumpshotgun" },
				"south": { "uv": [ 15.5, 7.875, 16, 8 ], "texture": "#pumpshotgun" },
				"west": { "uv": [ 7.25, 1.875, 7.375, 2 ], "texture": "#pumpshotgun" },
				"east": { "uv": [ 7.5, 1.875, 7.375, 2 ], "texture": "#pumpshotgun" }
			}
		},
		{
			"__comment": "Voxels",
			"from": [ -5.5, 10, 8.5 ],
			"to": [ -3.5, 10.5, 9 ],
			"faces": {
				"up": { "uv": [ 5.625, 4.375, 6.125, 4.25 ], "texture": "#pumpshotgun" },
				"south": { "uv": [ 5.625, 4, 6.125, 4.125 ], "texture": "#pumpshotgun" },
				"west": { "uv": [ 7.25, 1.75, 7.375, 1.875 ], "texture": "#pumpshotgun" },
				"east": { "uv": [ 7.5, 1.75, 7.375, 1.875 ], "texture": "#pumpshotgun" }
			}
		},
		{
			"__comment": "Voxels",
			"from": [ -5, 3, 7.5 ],
			"to": [ -4.5, 4, 8.5 ],
			"faces": {
				"down": { "uv": [ 6, 8, 6.125, 8.25 ], "texture": "#pumpshotgun" },
				"north": { "uv": [ 2.75, 6.875, 2.625, 7.125 ], "texture": "#pumpshotgun" },
				"south": { "uv": [ 2.625, 7.125, 2.75, 7.375 ], "texture": "#pumpshotgun" },
				"east": { "uv": [ 6.5, 0.375, 6.25, 0.625 ], "texture": "#pumpshotgun" }
			}
		},
		{
			"__comment": "Voxels",
			"from": [ -5, 3.5, 7 ],
			"to": [ -3, 4, 7.5 ],
			"faces": {
				"down": { "uv": [ 2.75, 0, 3.25, 0.125 ], "texture": "#pumpshotgun" },
				"north": { "uv": [ 15.625, 7.25, 15.125, 7.375 ], "texture": "#pumpshotgun" },
				"south": { "uv": [ 14.125, 7.5, 14.625, 7.625 ], "texture": "#pumpshotgun" },
				"east": { "uv": [ 7.5, 0.875, 7.375, 1 ], "texture": "#pumpshotgun" }
			}
		},
		{
			"__comment": "Voxels",
			"from": [ -5, 4.5, 6 ],
			"to": [ -4, 6, 6.5 ],
			"faces": {
				"down": { "uv": [ 7, 4.375, 7.25, 4.5 ], "texture": "#pumpshotgun" },
				"north": { "uv": [ 2.75, 5, 2.5, 5.375 ], "texture": "#pumpshotgun" },
				"south": { "uv": [ 6.25, 4.75, 6.5, 5.125 ], "texture": "#pumpshotgun" },
				"west": { "uv": [ 3.125, 0.125, 3.25, 0.5 ], "texture": "#pumpshotgun" },
				"east": { "uv": [ 2.75, 0.25, 2.625, 0.625 ], "texture": "#pumpshotgun" }
			}
		},
		{
			"__comment": "Voxels",
			"from": [ -5, 10, 7 ],
			"to": [ -3.5, 10.5, 7.5 ],
			"faces": {
				"up": { "uv": [ 2.375, 3.375, 2.75, 3.25 ], "texture": "#pumpshotgun" },
				"north": { "uv": [ 7.125, 4.625, 6.75, 4.75 ], "texture": "#pumpshotgun" },
				"west": { "uv": [ 7.25, 0.625, 7.375, 0.75 ], "texture": "#pumpshotgun" },
				"east": { "uv": [ 7.5, 0.625, 7.375, 0.75 ], "texture": "#pumpshotgun" }
			}
		},
		{
			"__comment": "Voxels",
			"from": [ -4.5, 3.5, 7.5 ],
			"to": [ -3, 4, 8.5 ],
			"faces": {
				"down": { "uv": [ 2.375, 7.875, 2.75, 8.125 ], "texture": "#pumpshotgun" },
				"east": { "uv": [ 7.5, 3.75, 7.25, 3.875 ], "texture": "#pumpshotgun" }
			}
		},
		{
			"__comment": "Voxels",
			"from": [ -4, 5.5, 6 ],
			"to": [ -3.5, 6, 6.5 ],
			"faces": {
				"down": { "uv": [ 7.25, 0.5, 7.375, 0.625 ], "texture": "#pumpshotgun" },
				"north": { "uv": [ 7.375, 0.25, 7.25, 0.375 ], "texture": "#pumpshotgun" },
				"east": { "uv": [ 7.5, 0.125, 7.375, 0.25 ], "texture": "#pumpshotgun" }
			}
		},
		{
			"__comment": "Voxels",
			"from": [ -3, 4, 7 ],
			"to": [ -2.5, 5.5, 8.5 ],
			"faces": {
				"down": { "uv": [ 6.625, 0.5, 6.75, 0.875 ], "texture": "#pumpshotgun" },
				"up": { "uv": [ 6.5, 0.875, 6.625, 0.5 ], "texture": "#pumpshotgun" },
				"north": { "uv": [ 6.75, 1.25, 6.625, 1.625 ], "texture": "#pumpshotgun" },
				"south": { "uv": [ 6.5, 1.25, 6.625, 1.625 ], "texture": "#pumpshotgun" },
				"east": { "uv": [ 2.75, 3.625, 2.375, 4 ], "texture": "#pumpshotgun" }
			}
		},
		{
			"__comment": "Voxels",
			"from": [ -3, 4, 8.5 ],
			"to": [ -2.5, 4.5, 9 ],
			"faces": {
				"down": { "uv": [ 7.5, 6.875, 7.625, 7 ], "texture": "#pumpshotgun" },
				"south": { "uv": [ 7.5, 6.5, 7.625, 6.625 ], "texture": "#pumpshotgun" },
				"east": { "uv": [ 7.625, 6, 7.5, 6.125 ], "texture": "#pumpshotgun" }
			}
		},
		{
			"__comment": "Voxels",
			"from": [ -3, 4.5, 6.5 ],
			"to": [ -2, 5.5, 7 ],
			"faces": {
				"down": { "uv": [ 6.5, 0.25, 6.75, 0.375 ], "texture": "#pumpshotgun" },
				"north": { "uv": [ 2.75, 4.75, 2.5, 5 ], "texture": "#pumpshotgun" },
				"south": { "uv": [ 2.5, 5.375, 2.75, 5.625 ], "texture": "#pumpshotgun" },
				"east": { "uv": [ 2.75, 6.625, 2.625, 6.875 ], "texture": "#pumpshotgun" }
			}
		},
		{
			"__comment": "Voxels",
			"from": [ -3, 5, 9 ],
			"to": [ -2, 7, 9.5 ],
			"faces": {
				"down": { "uv": [ 7, 4.25, 7.25, 4.375 ], "texture": "#pumpshotgun" },
				"north": { "uv": [ 3.25, 1.5, 3, 2 ], "texture": "#pumpshotgun" },
				"south": { "uv": [ 5.25, 0.375, 5.5, 0.875 ], "texture": "#pumpshotgun" },
				"east": { "uv": [ 3.875, 0.875, 3.75, 1.375 ], "texture": "#pumpshotgun" }
			}
		},
		{
			"__comment": "Voxels",
			"from": [ -3, 7, 6 ],
			"to": [ -2.5, 9.5, 6.5 ],
			"faces": {
				"down": { "uv": [ 7.5, 5.375, 7.625, 5.5 ], "texture": "#pumpshotgun" },
				"up": { "uv": [ 7.5, 5.375, 7.625, 5.25 ], "texture": "#pumpshotgun" },
				"north": { "uv": [ 6.25, 4.125, 6.125, 4.75 ], "texture": "#pumpshotgun" },
				"south": { "uv": [ 6.125, 1.625, 6.25, 2.25 ], "texture": "#pumpshotgun" },
				"east": { "uv": [ 6.25, 2.25, 6.125, 2.875 ], "texture": "#pumpshotgun" }
			}
		},
		{
			"__comment": "Voxels",
			"from": [ -2.5, 4.5, 7 ],
			"to": [ -1.5, 5.5, 8.5 ],
			"faces": {
				"down": { "uv": [ 5.25, 0, 5.5, 0.375 ], "texture": "#pumpshotgun" },
				"up": { "uv": [ 6.25, 7, 6.5, 6.625 ], "texture": "#pumpshotgun" },
				"north": { "uv": [ 3.25, 1.25, 3, 1.5 ], "texture": "#pumpshotgun" },
				"south": { "uv": [ 6.25, 1.625, 6.5, 1.875 ], "texture": "#pumpshotgun" },
				"east": { "uv": [ 6.125, 0.875, 5.75, 1.125 ], "texture": "#pumpshotgun" }
			}
		},
		{
			"__comment": "Voxels",
			"from": [ -2, 5, 6.5 ],
			"to": [ -1.5, 5.5, 7 ],
			"faces": {
				"down": { "uv": [ 7.5, 5.125, 7.625, 5.25 ], "texture": "#pumpshotgun" },
				"north": { "uv": [ 7.625, 2.875, 7.5, 3 ], "texture": "#pumpshotgun" },
				"east": { "uv": [ 7.625, 2.25, 7.5, 2.375 ], "texture": "#pumpshotgun" }
			}
		},
		{
			"__comment": "Voxels",
			"from": [ -2, 5, 8.5 ],
			"to": [ -1, 6, 9 ],
			"faces": {
				"down": { "uv": [ 6.75, 4.375, 7, 4.5 ], "texture": "#pumpshotgun" },
				"north": { "uv": [ 2.75, 8.625, 2.5, 8.875 ], "texture": "#pumpshotgun" },
				"south": { "uv": [ 2.5, 5.625, 2.75, 5.875 ], "texture": "#pumpshotgun" },
				"east": { "uv": [ 16, 14.75, 15.875, 15 ], "texture": "#pumpshotgun" }
			}
		},
		{
			"__comment": "Voxels",
			"from": [ -2, 5.5, 9 ],
			"to": [ -1, 7, 9.5 ],
			"faces": {
				"down": { "uv": [ 6.75, 4.5, 7, 4.625 ], "texture": "#pumpshotgun" },
				"north": { "uv": [ 6.5, 4, 6.25, 4.375 ], "texture": "#pumpshotgun" },
				"south": { "uv": [ 6.25, 4.375, 6.5, 4.75 ], "texture": "#pumpshotgun" },
				"east": { "uv": [ 6.75, 3.5, 6.625, 3.875 ], "texture": "#pumpshotgun" }
			}
		},
		{
			"__comment": "Voxels",
			"from": [ -1.5, 5, 7 ],
			"to": [ -1, 5.5, 8.5 ],
			"faces": {
				"down": { "uv": [ 6.5, 3.125, 6.625, 3.5 ], "texture": "#pumpshotgun" },
				"up": { "uv": [ 6.625, 3.5, 6.75, 3.125 ], "texture": "#pumpshotgun" },
				"north": { "uv": [ 7.625, 1.875, 7.5, 2 ], "texture": "#pumpshotgun" },
				"east": { "uv": [ 7.125, 6.125, 6.75, 6.25 ], "texture": "#pumpshotgun" }
			}
		},
		{
			"__comment": "Voxels",
			"from": [ -1.5, 9.5, 7 ],
			"to": [ -0.5, 10, 8.5 ],
			"faces": {
				"down": { "uv": [ 6.25, 5.5, 6.5, 5.875 ], "texture": "#pumpshotgun" },
				"up": { "uv": [ 6.25, 5.5, 6.5, 5.125 ], "texture": "#pumpshotgun" },
				"north": { "uv": [ 7, 1.5, 6.75, 1.625 ], "texture": "#pumpshotgun" },
				"east": { "uv": [ 7.125, 5.75, 6.75, 5.875 ], "texture": "#pumpshotgun" }
			}
		},
		{
			"__comment": "Voxels",
			"from": [ -1, 5, 7.5 ],
			"to": [ -0.5, 5.5, 8.5 ],
			"faces": {
				"down": { "uv": [ 6.875, 1.625, 7, 1.875 ], "texture": "#pumpshotgun" },
				"north": { "uv": [ 7.625, 1.625, 7.5, 1.75 ], "texture": "#pumpshotgun" },
				"south": { "uv": [ 7.5, 1.5, 7.625, 1.625 ], "texture": "#pumpshotgun" },
				"east": { "uv": [ 7.25, 2, 7, 2.125 ], "texture": "#pumpshotgun" }
			}
		},
		{
			"__comment": "Voxels",
			"from": [ -1, 5.5, 8.5 ],
			"to": [ -0.5, 6, 9 ],
			"faces": {
				"down": { "uv": [ 7.5, 1.125, 7.625, 1.25 ], "texture": "#pumpshotgun" },
				"south": { "uv": [ 7.5, 0.75, 7.625, 0.875 ], "texture": "#pumpshotgun" },
				"east": { "uv": [ 7.625, 0, 7.5, 0.125 ], "texture": "#pumpshotgun" }
			}
		},
		{
			"__comment": "Voxels",
			"from": [ -1, 6.5, 9 ],
			"to": [ -0.5, 7, 9.5 ],
			"faces": {
				"down": { "uv": [ 7.625, 6.875, 7.75, 7 ], "texture": "#pumpshotgun" },
				"south": { "uv": [ 7.625, 3, 7.75, 3.125 ], "texture": "#pumpshotgun" },
				"east": { "uv": [ 7.75, 2.75, 7.625, 2.875 ], "texture": "#pumpshotgun" }
			}
		},
		{
			"__comment": "Voxels",
			"from": [ -0.5, 9.5, 7.5 ],
			"to": [ 25.5, 10, 8.5 ],
			"faces": {
				"down": { "uv": [ 0, 14, 6.5, 14.25 ], "texture": "#pumpshotgun" },
				"up": { "uv": [ 6.5, 14.25, 13, 14 ], "texture": "#pumpshotgun" },
				"north": { "uv": [ 16, 10, 9.5, 10.125 ], "texture": "#pumpshotgun" },
				"south": { "uv": [ 9.5, 10.125, 16, 10.25 ], "texture": "#pumpshotgun" },
				"east": { "uv": [ 7.25, 3.625, 7, 3.75 ], "texture": "#pumpshotgun" }
			}
		},
		{
			"__comment": "Voxels",
			"from": [ 0, 6, 7 ],
			"to": [ 0.5, 6.5, 8.5 ],
			"faces": {
				"down": { "uv": [ 6.625, 3.875, 6.75, 4.25 ], "texture": "#pumpshotgun" },
				"up": { "uv": [ 6.5, 4.25, 6.625, 3.875 ], "texture": "#pumpshotgun" },
				"north": { "uv": [ 7.75, 2.625, 7.625, 2.75 ], "texture": "#pumpshotgun" },
				"south": { "uv": [ 7.625, 2.5, 7.75, 2.625 ], "texture": "#pumpshotgun" },
				"west": { "uv": [ 6.75, 5, 7.125, 5.125 ], "texture": "#pumpshotgun" },
				"east": { "uv": [ 7.125, 5.125, 6.75, 5.25 ], "texture": "#pumpshotgun" }
			}
		},
		{
			"__comment": "Voxels",
			"from": [ 0, 6.5, 7.5 ],
			"to": [ 3, 9.5, 8.5 ],
			"faces": {
				"down": { "uv": [ 1.875, 10.625, 2.625, 10.875 ], "texture": "#pumpshotgun" },
				"north": { "uv": [ 0.75, 6.625, 0, 7.375 ], "texture": "#pumpshotgun" },
				"south": { "uv": [ 1.5, 9.75, 2.25, 10.5 ], "texture": "#pumpshotgun" },
				"east": { "uv": [ 16, 15.25, 15.75, 16 ], "texture": "#pumpshotgun" }
			}
		},
		{
			"__comment": "Voxels",
			"from": [ 0.5, 7, 7 ],
			"to": [ 2.5, 9.5, 7.5 ],
			"faces": {
				"down": { "uv": [ 2.25, 1.625, 2.75, 1.75 ], "texture": "#pumpshotgun" },
				"up": { "uv": [ 2.25, 1.875, 2.75, 1.75 ], "texture": "#pumpshotgun" },
				"north": { "uv": [ 0.5, 3.375, 0, 4 ], "texture": "#pumpshotgun" },
				"east": { "uv": [ 6.25, 0.375, 6.125, 1 ], "texture": "#pumpshotgun" }
			}
		},
		{
			"__comment": "Voxels",
			"from": [ 1, 8, 8.5 ],
			"to": [ 3, 8.5, 9 ],
			"faces": {
				"down": { "uv": [ 14.375, 7.625, 14.875, 7.75 ], "texture": "#pumpshotgun" },
				"up": { "uv": [ 14.875, 7.75, 15.375, 7.625 ], "texture": "#pumpshotgun" },
				"south": { "uv": [ 13.625, 7.5, 14.125, 7.625 ], "texture": "#pumpshotgun" },
				"west": { "uv": [ 7.625, 2.375, 7.75, 2.5 ], "texture": "#pumpshotgun" },
				"east": { "uv": [ 7.75, 2.25, 7.625, 2.375 ], "texture": "#pumpshotgun" }
			}
		},
		{
			"__comment": "Voxels",
			"from": [ 1, 9.5, 7 ],
			"to": [ 25.5, 10, 7.5 ],
			"faces": {
				"down": { "uv": [ 9.75, 12, 15.875, 12.125 ], "texture": "#pumpshotgun" },
				"up": { "uv": [ 9.75, 11.875, 15.875, 11.75 ], "texture": "#pumpshotgun" },
				"north": { "uv": [ 15.875, 12.125, 9.75, 12.25 ], "texture": "#pumpshotgun" },
				"west": { "uv": [ 7.625, 1.875, 7.75, 2 ], "texture": "#pumpshotgun" },
				"east": { "uv": [ 7.75, 1.75, 7.625, 1.875 ], "texture": "#pumpshotgun" }
			}
		},
		{
			"__comment": "Voxels",
			"from": [ 1, 10, 7.5 ],
			"to": [ 31, 10.5, 8.5 ],
			"faces": {
				"down": { "uv": [ 7.5, 14.75, 15, 15 ], "texture": "#pumpshotgun" },
				"up": { "uv": [ 0, 15, 7.5, 14.75 ], "texture": "#pumpshotgun" },
				"north": { "uv": [ 10.25, 13.375, 2.75, 13.5 ], "texture": "#pumpshotgun" },
				"south": { "uv": [ 2.75, 13.25, 10.25, 13.375 ], "texture": "#pumpshotgun" },
				"west": { "uv": [ 2.5, 4, 2.75, 4.125 ], "texture": "#pumpshotgun" },
				"east": { "uv": [ 6.125, 2.375, 5.875, 2.5 ], "texture": "#pumpshotgun" }
			}
		},
		{
			"__comment": "Voxels",
			"from": [ 1.5, 6.5, 7 ],
			"to": [ 2.5, 7, 7.5 ],
			"faces": {
				"down": { "uv": [ 6.25, 0, 6.5, 0.125 ], "texture": "#pumpshotgun" },
				"north": { "uv": [ 7.25, 4.125, 7, 4.25 ], "texture": "#pumpshotgun" },
				"west": { "uv": [ 7.625, 1.625, 7.75, 1.75 ], "texture": "#pumpshotgun" },
				"east": { "uv": [ 7.75, 1.5, 7.625, 1.625 ], "texture": "#pumpshotgun" }
			}
		},
		{
			"__comment": "Voxels",
			"from": [ 1.5, 8.5, 8.5 ],
			"to": [ 4, 9, 9 ],
			"faces": {
				"down": { "uv": [ 15.375, 9.5, 16, 9.625 ], "texture": "#pumpshotgun" },
				"up": { "uv": [ 15.375, 9.75, 16, 9.625 ], "texture": "#pumpshotgun" },
				"north": { "uv": [ 16, 10.375, 15.375, 10.5 ], "texture": "#pumpshotgun" },
				"south": { "uv": [ 15.375, 10.625, 16, 10.75 ], "texture": "#pumpshotgun" },
				"west": { "uv": [ 7.625, 0.375, 7.75, 0.5 ], "texture": "#pumpshotgun" },
				"east": { "uv": [ 7.75, 0.25, 7.625, 0.375 ], "texture": "#pumpshotgun" }
			}
		},
		{
			"__comment": "Voxels",
			"from": [ 2, 6, 7.5 ],
			"to": [ 7, 6.5, 8.5 ],
			"faces": {
				"down": { "uv": [ 1.25, 5.375, 2.5, 5.625 ], "texture": "#pumpshotgun" },
				"up": { "uv": [ 1.25, 5.375, 2.5, 5.125 ], "texture": "#pumpshotgun" },
				"north": { "uv": [ 5.125, 1.5, 3.875, 1.625 ], "texture": "#pumpshotgun" },
				"south": { "uv": [ 3.875, 1.375, 5.125, 1.5 ], "texture": "#pumpshotgun" },
				"west": { "uv": [ 6.75, 2.5, 7, 2.625 ], "texture": "#pumpshotgun" },
				"east": { "uv": [ 7.25, 2.625, 7, 2.75 ], "texture": "#pumpshotgun" }
			}
		},
		{
			"__comment": "Voxels",
			"from": [ 2, 10, 7 ],
			"to": [ 27.5, 10.5, 7.5 ],
			"faces": {
				"down": { "uv": [ 9.625, 11, 16, 11.125 ], "texture": "#pumpshotgun" },
				"up": { "uv": [ 9.625, 11, 16, 10.875 ], "texture": "#pumpshotgun" },
				"north": { "uv": [ 16, 10.75, 9.625, 10.875 ], "texture": "#pumpshotgun" },
				"west": { "uv": [ 7.625, 0.125, 7.75, 0.25 ], "texture": "#pumpshotgun" },
				"east": { "uv": [ 7.75, 0, 7.625, 0.125 ], "texture": "#pumpshotgun" }
			}
		},
		{
			"__comment": "Voxels",
			"from": [ 2, 10.5, 7.5 ],
			"to": [ 31.5, 11, 8 ],
			"faces": {
				"down": { "uv": [ 2.75, 13.125, 10.125, 13.25 ], "texture": "#pumpshotgun" },
				"up": { "uv": [ 2.75, 13.125, 10.125, 13 ], "texture": "#pumpshotgun" },
				"north": { "uv": [ 10.125, 12.75, 2.75, 12.875 ], "texture": "#pumpshotgun" },
				"south": { "uv": [ 2.75, 12.875, 10.125, 13 ], "texture": "#pumpshotgun" },
				"west": { "uv": [ 7.75, 6.375, 7.875, 6.5 ], "texture": "#pumpshotgun" },
				"east": { "uv": [ 7.875, 6.25, 7.75, 6.375 ], "texture": "#pumpshotgun" }
			}
		},
		{
			"__comment": "Voxels",
			"from": [ 2, 10.5, 8 ],
			"to": [ 31, 11, 8.5 ],
			"faces": {
				"up": { "uv": [ 2.75, 12.75, 10, 12.625 ], "texture": "#pumpshotgun" },
				"south": { "uv": [ 2.75, 12.25, 10, 12.375 ], "texture": "#pumpshotgun" },
				"west": { "uv": [ 7.75, 4.625, 7.875, 4.75 ], "texture": "#pumpshotgun" },
				"east": { "uv": [ 7.875, 4.5, 7.75, 4.625 ], "texture": "#pumpshotgun" }
			}
		},
		{
			"__comment": "Voxels",
			"from": [ 2.5, 5.5, 7.5 ],
			"to": [ 6, 6, 8.5 ],
			"faces": {
				"down": { "uv": [ 13.75, 15, 14.625, 15.25 ], "texture": "#pumpshotgun" },
				"north": { "uv": [ 13.625, 9.625, 12.75, 9.75 ], "texture": "#pumpshotgun" },
				"south": { "uv": [ 13.625, 9.5, 14.5, 9.625 ], "texture": "#pumpshotgun" },
				"west": { "uv": [ 7.25, 5.5, 7.5, 5.625 ], "texture": "#pumpshotgun" },
				"east": { "uv": [ 7.5, 5.625, 7.25, 5.75 ], "texture": "#pumpshotgun" }
			}
		},
		{
			"__comment": "Voxels",
			"from": [ 2.5, 7.5, 7 ],
			"to": [ 3, 9.5, 7.5 ],
			"faces": {
				"down": { "uv": [ 7.75, 4.375, 7.875, 4.5 ], "texture": "#pumpshotgun" },
				"north": { "uv": [ 6.5, 2.875, 6.375, 3.375 ], "texture": "#pumpshotgun" },
				"east": { "uv": [ 6.375, 1.875, 6.25, 2.375 ], "texture": "#pumpshotgun" }
			}
		},
		{
			"__comment": "Voxels",
			"from": [ 2.5, 9, 8.5 ],
			"to": [ 25.5, 9.5, 9 ],
			"faces": {
				"down": { "uv": [ 9.625, 10.625, 15.375, 10.75 ], "texture": "#pumpshotgun" },
				"up": { "uv": [ 6.125, 9.125, 11.875, 9 ], "texture": "#pumpshotgun" },
				"north": { "uv": [ 11.875, 9.125, 6.125, 9.25 ], "texture": "#pumpshotgun" },
				"south": { "uv": [ 9.625, 10.25, 15.375, 10.375 ], "texture": "#pumpshotgun" },
				"west": { "uv": [ 7.75, 2.375, 7.875, 2.5 ], "texture": "#pumpshotgun" },
				"east": { "uv": [ 7.875, 2.25, 7.75, 2.375 ], "texture": "#pumpshotgun" }
			}
		},
		{
			"__comment": "Voxels",
			"from": [ 3, 7.5, 7.5 ],
			"to": [ 4, 9.5, 8.5 ],
			"faces": {
				"down": { "uv": [ 6.25, 1.375, 6.5, 1.625 ], "texture": "#pumpshotgun" },
				"north": { "uv": [ 5.25, 0.625, 5, 1.125 ], "texture": "#pumpshotgun" },
				"south": { "uv": [ 3.25, 0.375, 3.5, 0.875 ], "texture": "#pumpshotgun" },
				"east": { "uv": [ 5.25, 0.125, 5, 0.625 ], "texture": "#pumpshotgun" }
			}
		},
		{
			"__comment": "Voxels",
			"from": [ 3, 8, 7 ],
			"to": [ 3.5, 9.5, 7.5 ],
			"faces": {
				"down": { "uv": [ 7.75, 1.375, 7.875, 1.5 ], "texture": "#pumpshotgun" },
				"north": { "uv": [ 6.625, 2, 6.5, 2.375 ], "texture": "#pumpshotgun" },
				"east": { "uv": [ 6.75, 1.625, 6.625, 2 ], "texture": "#pumpshotgun" }
			}
		},
		{
			"__comment": "Voxels",
			"from": [ 3, 9.5, 8.5 ],
			"to": [ 25.5, 10, 9 ],
			"faces": {
				"up": { "uv": [ 6.125, 8.625, 11.75, 8.5 ], "texture": "#pumpshotgun" },
				"south": { "uv": [ 6.125, 8.875, 11.75, 9 ], "texture": "#pumpshotgun" },
				"west": { "uv": [ 7.875, 5.375, 8, 5.5 ], "texture": "#pumpshotgun" },
				"east": { "uv": [ 8, 5.25, 7.875, 5.375 ], "texture": "#pumpshotgun" }
			}
		},
		{
			"__comment": "Voxels",
			"from": [ 3, 10.5, 7 ],
			"to": [ 27.5, 11, 7.5 ],
			"faces": {
				"up": { "uv": [ 9.75, 11.5, 15.875, 11.375 ], "texture": "#pumpshotgun" },
				"north": { "uv": [ 15.875, 11.5, 9.75, 11.625 ], "texture": "#pumpshotgun" },
				"west": { "uv": [ 15.875, 12.125, 16, 12.25 ], "texture": "#pumpshotgun" },
				"east": { "uv": [ 16, 12, 15.875, 12.125 ], "texture": "#pumpshotgun" }
			}
		},
		{
			"__comment": "Voxels",
			"from": [ 3, 11, 7.5 ],
			"to": [ 31, 11.5, 8 ],
			"faces": {
				"up": { "uv": [ 2.75, 11.75, 9.75, 11.625 ], "texture": "#pumpshotgun" },
				"north": { "uv": [ 9.75, 11.375, 2.75, 11.5 ], "texture": "#pumpshotgun" },
				"south": { "uv": [ 2.75, 11.25, 9.75, 11.375 ], "texture": "#pumpshotgun" },
				"west": { "uv": [ 6, 6.625, 6.125, 6.75 ], "texture": "#pumpshotgun" },
				"east": { "uv": [ 6.125, 6.5, 6, 6.625 ], "texture": "#pumpshotgun" }
			}
		},
		{
			"__comment": "Voxels",
			"from": [ 3, 11, 8 ],
			"to": [ 17, 11.5, 8.5 ],
			"faces": {
				"up": { "uv": [ 6.125, 7.25, 9.625, 7.125 ], "texture": "#pumpshotgun" },
				"south": { "uv": [ 6.125, 7.25, 9.625, 7.375 ], "texture": "#pumpshotgun" },
				"west": { "uv": [ 6, 5.625, 6.125, 5.75 ], "texture": "#pumpshotgun" },
				"east": { "uv": [ 6.125, 5.5, 6, 5.625 ], "texture": "#pumpshotgun" }
			}
		},
		{
			"__comment": "Voxels",
			"from": [ 3.5, 5.5, 8.5 ],
			"to": [ 5.5, 6, 9 ],
			"faces": {
				"down": { "uv": [ 13.625, 7.125, 14.125, 7.25 ], "texture": "#pumpshotgun" },
				"up": { "uv": [ 13.625, 7.125, 14.125, 7 ], "texture": "#pumpshotgun" },
				"south": { "uv": [ 14.625, 7, 15.125, 7.125 ], "texture": "#pumpshotgun" },
				"west": { "uv": [ 6, 0, 6.125, 0.125 ], "texture": "#pumpshotgun" },
				"east": { "uv": [ 16, 9.875, 15.875, 10 ], "texture": "#pumpshotgun" }
			}
		},
		{
			"__comment": "Voxels",
			"from": [ 3.5, 7, 7.5 ],
			"to": [ 4, 7.5, 8.5 ],
			"faces": {
				"down": { "uv": [ 7.25, 5.75, 7.375, 6 ], "texture": "#pumpshotgun" },
				"north": { "uv": [ 7.25, 5.75, 7.125, 5.875 ], "texture": "#pumpshotgun" },
				"south": { "uv": [ 7.125, 5.625, 7.25, 5.75 ], "texture": "#pumpshotgun" },
				"west": { "uv": [ 7.25, 6, 7.5, 6.125 ], "texture": "#pumpshotgun" },
				"east": { "uv": [ 7.5, 6.125, 7.25, 6.25 ], "texture": "#pumpshotgun" }
			}
		},
		{
			"__comment": "Voxels",
			"from": [ 3.5, 8.5, 7 ],
			"to": [ 13.5, 9.5, 7.5 ],
			"faces": {
				"down": { "uv": [ 13.5, 13.5, 16, 13.625 ], "texture": "#pumpshotgun" },
				"north": { "uv": [ 2.5, 8.625, 0, 8.875 ], "texture": "#pumpshotgun" },
				"south": { "uv": [ 13, 14, 15.5, 14.25 ], "texture": "#pumpshotgun" },
				"east": { "uv": [ 3.875, 0.125, 3.75, 0.375 ], "texture": "#pumpshotgun" }
			}
		},
		{
			"__comment": "Voxels",
			"from": [ 3.5, 10, 8.5 ],
			"to": [ 31.5, 10.5, 9 ],
			"faces": {
				"down": { "uv": [ 2.75, 12.125, 9.75, 12.25 ], "texture": "#pumpshotgun" },
				"up": { "uv": [ 2.75, 12.125, 9.75, 12 ], "texture": "#pumpshotgun" },
				"north": { "uv": [ 9.75, 11.875, 2.75, 12 ], "texture": "#pumpshotgun" },
				"south": { "uv": [ 2.75, 11.75, 9.75, 11.875 ], "texture": "#pumpshotgun" },
				"west": { "uv": [ 7.25, 2.5, 7.375, 2.625 ], "texture": "#pumpshotgun" },
				"east": { "uv": [ 7.5, 2.5, 7.375, 2.625 ], "texture": "#pumpshotgun" }
			}
		},
		{
			"__comment": "Voxels",
			"from": [ 3.5, 10.5, 8.5 ],
			"to": [ 31, 11, 9 ],
			"faces": {
				"up": { "uv": [ 2.75, 10.75, 9.625, 10.625 ], "texture": "#pumpshotgun" },
				"south": { "uv": [ 2.75, 10.5, 9.625, 10.625 ], "texture": "#pumpshotgun" },
				"west": { "uv": [ 7.25, 2, 7.375, 2.125 ], "texture": "#pumpshotgun" },
				"east": { "uv": [ 7.5, 2, 7.375, 2.125 ], "texture": "#pumpshotgun" }
			}
		},
		{
			"__comment": "Voxels",
			"from": [ 3.5, 11, 7 ],
			"to": [ 27.5, 11.5, 7.5 ],
			"faces": {
				"up": { "uv": [ 10, 12.625, 16, 12.5 ], "texture": "#pumpshotgun" },
				"north": { "uv": [ 16, 12.375, 10, 12.5 ], "texture": "#pumpshotgun" },
				"west": { "uv": [ 7.25, 1.625, 7.375, 1.75 ], "texture": "#pumpshotgun" },
				"east": { "uv": [ 7.5, 1.625, 7.375, 1.75 ], "texture": "#pumpshotgun" }
			}
		},
		{
			"__comment": "Voxels",
			"from": [ 4, 5, 7.5 ],
			"to": [ 4.5, 5.5, 8 ],
			"faces": {
				"down": { "uv": [ 7.25, 1.375, 7.375, 1.5 ], "texture": "#pumpshotgun" },
				"north": { "uv": [ 7.375, 1.25, 7.25, 1.375 ], "texture": "#pumpshotgun" },
				"south": { "uv": [ 7.375, 1.25, 7.5, 1.375 ], "texture": "#pumpshotgun" },
				"west": { "uv": [ 7.25, 1, 7.375, 1.125 ], "texture": "#pumpshotgun" },
				"east": { "uv": [ 7.5, 1, 7.375, 1.125 ], "texture": "#pumpshotgun" }
			}
		},
		{
			"__comment": "Voxels",
			"from": [ 4, 8, 7.5 ],
			"to": [ 5, 9.5, 8.5 ],
			"faces": {
				"down": { "uv": [ 6.5, 6.5, 6.75, 6.75 ], "texture": "#pumpshotgun" },
				"north": { "uv": [ 6.5, 6.25, 6.25, 6.625 ], "texture": "#pumpshotgun" },
				"south": { "uv": [ 6.25, 5.875, 6.5, 6.25 ], "texture": "#pumpshotgun" },
				"east": { "uv": [ 2.75, 12.75, 2.5, 13.125 ], "texture": "#pumpshotgun" }
			}
		},
		{
			"__comment": "Voxels",
			"from": [ 4, 10, 6.5 ],
			"to": [ 7.5, 11.5, 7 ],
			"faces": {
				"down": { "uv": [ 1.875, 10.5, 2.75, 10.625 ], "texture": "#pumpshotgun" },
				"up": { "uv": [ 14.5, 9.75, 15.375, 9.625 ], "texture": "#pumpshotgun" },
				"north": { "uv": [ 2.75, 12.375, 1.875, 12.75 ], "texture": "#pumpshotgun" },
				"south": { "uv": [ 1.875, 12, 2.75, 12.375 ], "texture": "#pumpshotgun" },
				"west": { "uv": [ 6.125, 0, 6.25, 0.375 ], "texture": "#pumpshotgun" },
				"east": { "uv": [ 6.5, 0.75, 6.375, 1.125 ], "texture": "#pumpshotgun" }
			}
		},
		{
			"__comment": "Voxels",
			"from": [ 4, 11, 8.5 ],
			"to": [ 31.5, 11.5, 9 ],
			"faces": {
				"down": { "uv": [ 2.75, 10.25, 9.625, 10.375 ], "texture": "#pumpshotgun" },
				"up": { "uv": [ 2.75, 10.5, 9.625, 10.375 ], "texture": "#pumpshotgun" },
				"north": { "uv": [ 9.625, 10.75, 2.75, 10.875 ], "texture": "#pumpshotgun" },
				"south": { "uv": [ 2.75, 11.125, 9.625, 11.25 ], "texture": "#pumpshotgun" },
				"west": { "uv": [ 7.5, 5.875, 7.625, 6 ], "texture": "#pumpshotgun" },
				"east": { "uv": [ 7.625, 5.75, 7.5, 5.875 ], "texture": "#pumpshotgun" }
			}
		},
		{
			"__comment": "Voxels",
			"from": [ 4, 11.5, 7 ],
			"to": [ 27, 12, 7.5 ],
			"faces": {
				"up": { "uv": [ 10.25, 13.375, 16, 13.25 ], "texture": "#pumpshotgun" },
				"north": { "uv": [ 15.875, 13.125, 10.125, 13.25 ], "texture": "#pumpshotgun" },
				"south": { "uv": [ 10.125, 13, 15.875, 13.125 ], "texture": "#pumpshotgun" },
				"west": { "uv": [ 7.5, 3.125, 7.625, 3.25 ], "texture": "#pumpshotgun" },
				"east": { "uv": [ 7.625, 3, 7.5, 3.125 ], "texture": "#pumpshotgun" }
			}
		},
		{
			"__comment": "Voxels",
			"from": [ 4, 11.5, 8 ],
			"to": [ 31, 12, 8.5 ],
			"faces": {
				"down": { "uv": [ 6.125, 9.875, 12.875, 10 ], "texture": "#pumpshotgun" },
				"up": { "uv": [ 6.125, 9.875, 12.875, 9.75 ], "texture": "#pumpshotgun" },
				"north": { "uv": [ 9.5, 10.125, 2.75, 10.25 ], "texture": "#pumpshotgun" },
				"south": { "uv": [ 2.75, 10, 9.5, 10.125 ], "texture": "#pumpshotgun" },
				"west": { "uv": [ 7.5, 2.125, 7.625, 2.25 ], "texture": "#pumpshotgun" },
				"east": { "uv": [ 7.625, 2, 7.5, 2.125 ], "texture": "#pumpshotgun" }
			}
		},
		{
			"__comment": "Voxels",
			"from": [ 4.5, 11.5, 6.5 ],
			"to": [ 9.5, 12, 7 ],
			"faces": {
				"down": { "uv": [ 3.25, 2.125, 4.5, 2.25 ], "texture": "#pumpshotgun" },
				"up": { "uv": [ 3.875, 1.25, 5.125, 1.125 ], "texture": "#pumpshotgun" },
				"north": { "uv": [ 5.125, 1.75, 3.875, 1.875 ], "texture": "#pumpshotgun" },
				"west": { "uv": [ 7.5, 1.375, 7.625, 1.5 ], "texture": "#pumpshotgun" },
				"east": { "uv": [ 7.625, 1.25, 7.5, 1.375 ], "texture": "#pumpshotgun" }
			}
		},
		{
			"__comment": "Voxels",
			"from": [ 4.5, 11.5, 7.5 ],
			"to": [ 27.5, 12, 8 ],
			"faces": {
				"up": { "uv": [ 10.125, 13, 15.875, 12.875 ], "texture": "#pumpshotgun" },
				"north": { "uv": [ 15.875, 12.75, 10.125, 12.875 ], "texture": "#pumpshotgun" },
				"west": { "uv": [ 7.5, 0.625, 7.625, 0.75 ], "texture": "#pumpshotgun" },
				"east": { "uv": [ 7.625, 0.5, 7.5, 0.625 ], "texture": "#pumpshotgun" }
			}
		},
		{
			"__comment": "Voxels",
			"from": [ 4.5, 11.5, 8.5 ],
			"to": [ 31, 12, 9 ],
			"faces": {
				"up": { "uv": [ 6.125, 9.5, 12.75, 9.375 ], "texture": "#pumpshotgun" },
				"south": { "uv": [ 6.125, 9.25, 12.75, 9.375 ], "texture": "#pumpshotgun" },
				"west": { "uv": [ 7.625, 3.375, 7.75, 3.5 ], "texture": "#pumpshotgun" },
				"east": { "uv": [ 7.75, 3.25, 7.625, 3.375 ], "texture": "#pumpshotgun" }
			}
		},
		{
			"__comment": "Voxels",
			"from": [ 4.5, 12, 7 ],
			"to": [ 22, 12.5, 8.5 ],
			"faces": {
				"down": { "uv": [ 6.75, 14.375, 11.125, 14.75 ], "texture": "#pumpshotgun" },
				"up": { "uv": [ 11.125, 14.75, 15.5, 14.375 ], "texture": "#pumpshotgun" },
				"north": { "uv": [ 11.125, 14.25, 6.75, 14.375 ], "texture": "#pumpshotgun" },
				"south": { "uv": [ 11.125, 14.25, 15.5, 14.375 ], "texture": "#pumpshotgun" },
				"west": { "uv": [ 2.375, 3, 2.75, 3.125 ], "texture": "#pumpshotgun" },
				"east": { "uv": [ 2.75, 2.875, 2.375, 3 ], "texture": "#pumpshotgun" }
			}
		},
		{
			"__comment": "Voxels",
			"from": [ 5, 8.5, 7.5 ],
			"to": [ 14, 9.5, 8.5 ],
			"faces": {
				"down": { "uv": [ 0, 6.125, 2.25, 6.375 ], "texture": "#pumpshotgun" },
				"north": { "uv": [ 2.25, 7.375, 0, 7.625 ], "texture": "#pumpshotgun" },
				"south": { "uv": [ 0, 5.875, 2.25, 6.125 ], "texture": "#pumpshotgun" },
				"east": { "uv": [ 6.75, 5, 6.5, 5.25 ], "texture": "#pumpshotgun" }
			}
		},
		{
			"__comment": "Voxels",
			"from": [ 5, 12, 8.5 ],
			"to": [ 24, 12.5, 9 ],
			"faces": {
				"up": { "uv": [ 10.875, 8.375, 15.625, 8.25 ], "texture": "#pumpshotgun" },
				"north": { "uv": [ 15.625, 8.375, 10.875, 8.5 ], "texture": "#pumpshotgun" },
				"south": { "uv": [ 6.125, 8.375, 10.875, 8.5 ], "texture": "#pumpshotgun" },
				"west": { "uv": [ 7.75, 6.625, 7.875, 6.75 ], "texture": "#pumpshotgun" },
				"east": { "uv": [ 7.875, 6.5, 7.75, 6.625 ], "texture": "#pumpshotgun" }
			}
		},
		{
			"__comment": "Voxels",
			"from": [ 5, 12.5, 7 ],
			"to": [ 5.5, 13, 8.5 ],
			"faces": {
				"up": { "uv": [ 6.625, 5, 6.75, 4.625 ], "texture": "#pumpshotgun" },
				"north": { "uv": [ 7.875, 4.875, 7.75, 5 ], "texture": "#pumpshotgun" },
				"south": { "uv": [ 7.75, 4.75, 7.875, 4.875 ], "texture": "#pumpshotgun" },
				"west": { "uv": [ 5.75, 2, 6.125, 2.125 ], "texture": "#pumpshotgun" },
				"east": { "uv": [ 6.125, 1.875, 5.75, 2 ], "texture": "#pumpshotgun" }
			}
		},
		{
			"__comment": "Voxels",
			"from": [ 5.5, 6, 8.5 ],
			"to": [ 6.5, 6.5, 9 ],
			"faces": {
				"down": { "uv": [ 6.875, 3.875, 7.125, 4 ], "texture": "#pumpshotgun" },
				"up": { "uv": [ 6.75, 3.875, 7, 3.75 ], "texture": "#pumpshotgun" },
				"south": { "uv": [ 6.75, 3.625, 7, 3.75 ], "texture": "#pumpshotgun" },
				"west": { "uv": [ 7.75, 3.625, 7.875, 3.75 ], "texture": "#pumpshotgun" },
				"east": { "uv": [ 7.875, 3.5, 7.75, 3.625 ], "texture": "#pumpshotgun" }
			}
		},
		{
			"__comment": "Voxels",
			"from": [ 5.5, 6.5, 7.5 ],
			"to": [ 7.5, 7, 8.5 ],
			"faces": {
				"down": { "uv": [ 15.5, 14, 16, 14.25 ], "texture": "#pumpshotgun" },
				"up": { "uv": [ 2.25, 9.875, 2.75, 9.625 ], "texture": "#pumpshotgun" },
				"north": { "uv": [ 6.125, 4.5, 5.625, 4.625 ], "texture": "#pumpshotgun" },
				"south": { "uv": [ 5.625, 4.375, 6.125, 4.5 ], "texture": "#pumpshotgun" },
				"west": { "uv": [ 7, 3.375, 7.25, 3.5 ], "texture": "#pumpshotgun" },
				"east": { "uv": [ 7, 3.25, 6.75, 3.375 ], "texture": "#pumpshotgun" }
			}
		},
		{
			"__comment": "Voxels",
			"from": [ 5.5, 12.5, 7.5 ],
			"to": [ 15, 13, 8.5 ],
			"faces": {
				"up": { "uv": [ 0, 8.375, 2.375, 8.125 ], "texture": "#pumpshotgun" },
				"north": { "uv": [ 2.375, 3.125, 0, 3.25 ], "texture": "#pumpshotgun" },
				"south": { "uv": [ 0, 3, 2.375, 3.125 ], "texture": "#pumpshotgun" },
				"east": { "uv": [ 7.25, 3, 7, 3.125 ], "texture": "#pumpshotgun" }
			}
		},
		{
			"__comment": "Voxels",
			"from": [ 6, 6.5, 8.5 ],
			"to": [ 7, 7, 9 ],
			"faces": {
				"down": { "uv": [ 7, 2.875, 7.25, 3 ], "texture": "#pumpshotgun" },
				"up": { "uv": [ 6.75, 2.875, 7, 2.75 ], "texture": "#pumpshotgun" },
				"south": { "uv": [ 6.75, 2.625, 7, 2.75 ], "texture": "#pumpshotgun" },
				"west": { "uv": [ 7.75, 1.125, 7.875, 1.25 ], "texture": "#pumpshotgun" },
				"east": { "uv": [ 7.875, 1, 7.75, 1.125 ], "texture": "#pumpshotgun" }
			}
		},
		{
			"__comment": "Voxels",
			"from": [ 6, 7, 7.5 ],
			"to": [ 8, 7.5, 8.5 ],
			"faces": {
				"down": { "uv": [ 2.25, 6.125, 2.75, 6.375 ], "texture": "#pumpshotgun" },
				"up": { "uv": [ 2.25, 6.625, 2.75, 6.375 ], "texture": "#pumpshotgun" },
				"north": { "uv": [ 2.75, 1.875, 2.25, 2 ], "texture": "#pumpshotgun" },
				"south": { "uv": [ 5.625, 4.625, 6.125, 4.75 ], "texture": "#pumpshotgun" },
				"west": { "uv": [ 7, 2.375, 7.25, 2.5 ], "texture": "#pumpshotgun" },
				"east": { "uv": [ 7, 2.25, 6.75, 2.375 ], "texture": "#pumpshotgun" }
			}
		},
		{
			"__comment": "Voxels",
			"from": [ 6.5, 7, 8.5 ],
			"to": [ 7.5, 7.5, 9 ],
			"faces": {
				"down": { "uv": [ 7, 2.25, 7.25, 2.375 ], "texture": "#pumpshotgun" },
				"up": { "uv": [ 6.75, 2.25, 7, 2.125 ], "texture": "#pumpshotgun" },
				"south": { "uv": [ 6.75, 2, 7, 2.125 ], "texture": "#pumpshotgun" },
				"west": { "uv": [ 7.875, 4.875, 8, 5 ], "texture": "#pumpshotgun" },
				"east": { "uv": [ 8, 4.75, 7.875, 4.875 ], "texture": "#pumpshotgun" }
			}
		},
		{
			"__comment": "Voxels",
			"from": [ 6.5, 7.5, 7.5 ],
			"to": [ 8.5, 8.5, 8.5 ],
			"faces": {
				"down": { "uv": [ 3.25, 0.125, 3.75, 0.375 ], "texture": "#pumpshotgun" },
				"north": { "uv": [ 5.75, 0.875, 5.25, 1.125 ], "texture": "#pumpshotgun" },
				"south": { "uv": [ 2.25, 5.875, 2.75, 6.125 ], "texture": "#pumpshotgun" },
				"west": { "uv": [ 6.5, 5.75, 6.75, 6 ], "texture": "#pumpshotgun" },
				"east": { "uv": [ 6.75, 6, 6.5, 6.25 ], "texture": "#pumpshotgun" }
			}
		},
		{
			"__comment": "Voxels",
			"from": [ 6.5, 8.5, 8.5 ],
			"to": [ 7.5, 9, 9 ],
			"faces": {
				"down": { "uv": [ 7, 0.875, 7.25, 1 ], "texture": "#pumpshotgun" },
				"south": { "uv": [ 6.75, 0.625, 7, 0.75 ], "texture": "#pumpshotgun" },
				"west": { "uv": [ 15.875, 11.375, 16, 11.5 ], "texture": "#pumpshotgun" },
				"east": { "uv": [ 16, 11.25, 15.875, 11.375 ], "texture": "#pumpshotgun" }
			}
		},
		{
			"__comment": "Voxels",
			"from": [ 7, 7.5, 8.5 ],
			"to": [ 8, 8, 9 ],
			"faces": {
				"down": { "uv": [ 7, 0.375, 7.25, 0.5 ], "texture": "#pumpshotgun" },
				"up": { "uv": [ 7, 0.125, 7.25, 0 ], "texture": "#pumpshotgun" },
				"south": { "uv": [ 7.25, 6.75, 7.5, 6.875 ], "texture": "#pumpshotgun" },
				"west": { "uv": [ 6, 6.125, 6.125, 6.25 ], "texture": "#pumpshotgun" },
				"east": { "uv": [ 6.125, 6, 6, 6.125 ], "texture": "#pumpshotgun" }
			}
		},
		{
			"__comment": "Voxels",
			"from": [ 7.5, 11, 6.5 ],
			"to": [ 8.5, 11.5, 7 ],
			"faces": {
				"down": { "uv": [ 7.25, 6.625, 7.5, 6.75 ], "texture": "#pumpshotgun" },
				"north": { "uv": [ 7.5, 6.375, 7.25, 6.5 ], "texture": "#pumpshotgun" },
				"east": { "uv": [ 6.125, 5.25, 6, 5.375 ], "texture": "#pumpshotgun" }
			}
		},
		{
			"__comment": "Voxels",
			"from": [ 8, 12, 6.5 ],
			"to": [ 9.5, 12.5, 7 ],
			"faces": {
				"up": { "uv": [ 15.625, 8.375, 16, 8.25 ], "texture": "#pumpshotgun" },
				"north": { "uv": [ 16, 8.125, 15.625, 8.25 ], "texture": "#pumpshotgun" },
				"west": { "uv": [ 6, 2.625, 6.125, 2.75 ], "texture": "#pumpshotgun" },
				"east": { "uv": [ 6.125, 2.5, 6, 2.625 ], "texture": "#pumpshotgun" }
			}
		},
		{
			"__comment": "Voxels",
			"from": [ 8, 12.5, 7 ],
			"to": [ 12.5, 13, 7.5 ],
			"faces": {
				"up": { "uv": [ 3.875, 1, 5, 0.875 ], "texture": "#pumpshotgun" },
				"north": { "uv": [ 5, 0.125, 3.875, 0.25 ], "texture": "#pumpshotgun" },
				"west": { "uv": [ 6.375, 3.375, 6.5, 3.5 ], "texture": "#pumpshotgun" },
				"east": { "uv": [ 6.5, 0.625, 6.375, 0.75 ], "texture": "#pumpshotgun" }
			}
		},
		{
			"__comment": "Voxels",
			"from": [ 8, 12.5, 8.5 ],
			"to": [ 8.5, 13, 9 ],
			"faces": {
				"up": { "uv": [ 7.125, 6.5, 7.25, 6.375 ], "texture": "#pumpshotgun" },
				"south": { "uv": [ 7.125, 6.125, 7.25, 6.25 ], "texture": "#pumpshotgun" },
				"west": { "uv": [ 7.125, 6, 7.25, 6.125 ], "texture": "#pumpshotgun" },
				"east": { "uv": [ 7.25, 5.875, 7.125, 6 ], "texture": "#pumpshotgun" }
			}
		},
		{
			"__comment": "Voxels",
			"from": [ 8.5, 8, 7.5 ],
			"to": [ 9.5, 8.5, 8.5 ],
			"faces": {
				"down": { "uv": [ 6.5, 6.75, 6.75, 7 ], "texture": "#pumpshotgun" },
				"north": { "uv": [ 7.5, 4.875, 7.25, 5 ], "texture": "#pumpshotgun" },
				"south": { "uv": [ 7.25, 4.75, 7.5, 4.875 ], "texture": "#pumpshotgun" },
				"east": { "uv": [ 7.5, 4.5, 7.25, 4.625 ], "texture": "#pumpshotgun" }
			}
		},
		{
			"__comment": "Voxels",
			"from": [ 8.5, 8.5, 8.5 ],
			"to": [ 13.5, 9, 9 ],
			"faces": {
				"down": { "uv": [ 4.5, 2, 5.75, 2.125 ], "texture": "#pumpshotgun" },
				"south": { "uv": [ 1.25, 5, 2.5, 5.125 ], "texture": "#pumpshotgun" },
				"west": { "uv": [ 7.125, 4, 7.25, 4.125 ], "texture": "#pumpshotgun" },
				"east": { "uv": [ 7.25, 3.875, 7.125, 4 ], "texture": "#pumpshotgun" }
			}
		},
		{
			"__comment": "Voxels",
			"from": [ 12, 8, 7.5 ],
			"to": [ 13.5, 8.5, 8 ],
			"faces": {
				"down": { "uv": [ 15.625, 7.375, 16, 7.5 ], "texture": "#pumpshotgun" },
				"north": { "uv": [ 16, 7.125, 15.625, 7.25 ], "texture": "#pumpshotgun" },
				"south": { "uv": [ 15.625, 7, 16, 7.125 ], "texture": "#pumpshotgun" },
				"west": { "uv": [ 7.25, 2.625, 7.375, 2.75 ], "texture": "#pumpshotgun" },
				"east": { "uv": [ 7.5, 2.625, 7.375, 2.75 ], "texture": "#pumpshotgun" }
			}
		},
		{
			"__comment": "Voxels",
			"from": [ 12, 8, 8 ],
			"to": [ 13, 8.5, 8.5 ],
			"faces": {
				"down": { "uv": [ 5, 0, 5.25, 0.125 ], "texture": "#pumpshotgun" },
				"south": { "uv": [ 15.75, 8, 16, 8.125 ], "texture": "#pumpshotgun" },
				"west": { "uv": [ 7.25, 2.25, 7.375, 2.375 ], "texture": "#pumpshotgun" },
				"east": { "uv": [ 7.5, 2.25, 7.375, 2.375 ], "texture": "#pumpshotgun" }
			}
		},
		{
			"__comment": "Voxels",
			"from": [ 13.5, 11, 6.5 ],
			"to": [ 21, 12, 7 ],
			"faces": {
				"down": { "uv": [ 0.25, 0.375, 2.125, 0.5 ], "texture": "#pumpshotgun" },
				"up": { "uv": [ 0.25, 0.875, 2.125, 0.75 ], "texture": "#pumpshotgun" },
				"north": { "uv": [ 1.875, 4.75, 0, 5 ], "texture": "#pumpshotgun" },
				"south": { "uv": [ 0.75, 6.625, 2.625, 6.875 ], "texture": "#pumpshotgun" },
				"west": { "uv": [ 10.125, 15, 10.25, 15.25 ], "texture": "#pumpshotgun" },
				"east": { "uv": [ 13.75, 15, 13.625, 15.25 ], "texture": "#pumpshotgun" }
			}
		},
		{
			"__comment": "Voxels",
			"from": [ 13.5, 11, 9 ],
			"to": [ 27.5, 11.5, 9.5 ],
			"faces": {
				"down": { "uv": [ 9.625, 7.625, 13.125, 7.75 ], "texture": "#pumpshotgun" },
				"up": { "uv": [ 6.125, 7.75, 9.625, 7.625 ], "texture": "#pumpshotgun" },
				"south": { "uv": [ 6.125, 7.5, 9.625, 7.625 ], "texture": "#pumpshotgun" },
				"west": { "uv": [ 7.25, 1.5, 7.375, 1.625 ], "texture": "#pumpshotgun" },
				"east": { "uv": [ 7.5, 1.5, 7.375, 1.625 ], "texture": "#pumpshotgun" }
			}
		},
		{
			"__comment": "Voxels",
			"from": [ 13.5, 11.5, 9 ],
			"to": [ 27, 12, 9.5 ],
			"faces": {
				"up": { "uv": [ 2.75, 7.75, 6.125, 7.625 ], "texture": "#pumpshotgun" },
				"south": { "uv": [ 2.75, 7.5, 6.125, 7.625 ], "texture": "#pumpshotgun" },
				"west": { "uv": [ 7.25, 1.125, 7.375, 1.25 ], "texture": "#pumpshotgun" },
				"east": { "uv": [ 7.5, 1.125, 7.375, 1.25 ], "texture": "#pumpshotgun" }
			}
		},
		{
			"__comment": "Voxels",
			"from": [ 14, 9, 7.5 ],
			"to": [ 25.5, 9.5, 8 ],
			"faces": {
				"down": { "uv": [ 2.75, 4.25, 5.625, 4.375 ], "texture": "#pumpshotgun" },
				"north": { "uv": [ 5.625, 4.5, 2.75, 4.625 ], "texture": "#pumpshotgun" },
				"south": { "uv": [ 2.75, 4.375, 5.625, 4.5 ], "texture": "#pumpshotgun" },
				"east": { "uv": [ 7.5, 0.75, 7.375, 0.875 ], "texture": "#pumpshotgun" }
			}
		},
		{
			"__comment": "Voxels",
			"from": [ 14, 9, 8 ],
			"to": [ 21.5, 9.5, 8.5 ],
			"faces": {
				"down": { "uv": [ 2.75, 3.125, 4.625, 3.25 ], "texture": "#pumpshotgun" },
				"east": { "uv": [ 7.5, 0.375, 7.375, 0.5 ], "texture": "#pumpshotgun" }
			}
		},
		{
			"__comment": "Voxels",
			"from": [ 14, 10.5, 6.5 ],
			"to": [ 20, 11, 7 ],
			"faces": {
				"down": { "uv": [ 4.625, 3.875, 6.125, 4 ], "texture": "#pumpshotgun" },
				"north": { "uv": [ 6.125, 3.625, 4.625, 3.75 ], "texture": "#pumpshotgun" },
				"west": { "uv": [ 7.25, 0, 7.375, 0.125 ], "texture": "#pumpshotgun" },
				"east": { "uv": [ 7.5, 0, 7.375, 0.125 ], "texture": "#pumpshotgun" }
			}
		},
		{
			"__comment": "Voxels",
			"from": [ 14, 10.5, 9 ],
			"to": [ 31, 11, 9.5 ],
			"faces": {
				"down": { "uv": [ 11.75, 8.5, 16, 8.625 ], "texture": "#pumpshotgun" },
				"up": { "uv": [ 11.75, 8.875, 16, 8.75 ], "texture": "#pumpshotgun" },
				"south": { "uv": [ 11.75, 8.625, 16, 8.75 ], "texture": "#pumpshotgun" },
				"west": { "uv": [ 7.5, 6.375, 7.625, 6.5 ], "texture": "#pumpshotgun" },
				"east": { "uv": [ 7.625, 6.25, 7.5, 6.375 ], "texture": "#pumpshotgun" }
			}
		},
		{
			"__comment": "Voxels",
			"from": [ 14, 12, 6.5 ],
			"to": [ 16, 12.5, 7 ],
			"faces": {
				"up": { "uv": [ 2.25, 1.25, 2.75, 1.125 ], "texture": "#pumpshotgun" },
				"north": { "uv": [ 2.75, 1, 2.25, 1.125 ], "texture": "#pumpshotgun" },
				"west": { "uv": [ 7.5, 5.625, 7.625, 5.75 ], "texture": "#pumpshotgun" },
				"east": { "uv": [ 7.625, 5.5, 7.5, 5.625 ], "texture": "#pumpshotgun" }
			}
		},
		{
			"__comment": "Voxels",
			"from": [ 14, 12, 9 ],
			"to": [ 17.5, 12.5, 9.5 ],
			"faces": {
				"up": { "uv": [ 12.75, 9.5, 13.625, 9.375 ], "texture": "#pumpshotgun" },
				"south": { "uv": [ 13.625, 9.375, 14.5, 9.5 ], "texture": "#pumpshotgun" },
				"west": { "uv": [ 7.5, 4.875, 7.625, 5 ], "texture": "#pumpshotgun" },
				"east": { "uv": [ 7.625, 4.75, 7.5, 4.875 ], "texture": "#pumpshotgun" }
			}
		},
		{
			"__comment": "Voxels",
			"from": [ 14.5, 9, 7 ],
			"to": [ 15, 9.5, 7.5 ],
			"faces": {
				"down": { "uv": [ 7.5, 4.625, 7.625, 4.75 ], "texture": "#pumpshotgun" },
				"north": { "uv": [ 7.625, 4.375, 7.5, 4.5 ], "texture": "#pumpshotgun" },
				"west": { "uv": [ 7.5, 4.125, 7.625, 4.25 ], "texture": "#pumpshotgun" },
				"east": { "uv": [ 7.625, 4, 7.5, 4.125 ], "texture": "#pumpshotgun" }
			}
		},
		{
			"__comment": "Voxels",
			"from": [ 14.5, 10, 9 ],
			"to": [ 15, 10.5, 9.5 ],
			"faces": {
				"down": { "uv": [ 7.5, 3.875, 7.625, 4 ], "texture": "#pumpshotgun" },
				"south": { "uv": [ 7.5, 3.5, 7.625, 3.625 ], "texture": "#pumpshotgun" },
				"west": { "uv": [ 7.5, 3.375, 7.625, 3.5 ], "texture": "#pumpshotgun" },
				"east": { "uv": [ 7.625, 3.25, 7.5, 3.375 ], "texture": "#pumpshotgun" }
			}
		},
		{
			"__comment": "Voxels",
			"from": [ 17, 9, 7 ],
			"to": [ 25, 9.5, 7.5 ],
			"faces": {
				"down": { "uv": [ 0.25, 2.25, 2.25, 2.375 ], "texture": "#pumpshotgun" },
				"north": { "uv": [ 2.25, 2, 0.25, 2.125 ], "texture": "#pumpshotgun" },
				"west": { "uv": [ 7.5, 2.625, 7.625, 2.75 ], "texture": "#pumpshotgun" },
				"east": { "uv": [ 7.625, 2.5, 7.5, 2.625 ], "texture": "#pumpshotgun" }
			}
		},
		{
			"__comment": "Voxels",
			"from": [ 17.5, 8.5, 7.5 ],
			"to": [ 25, 9, 9 ],
			"faces": {
				"down": { "uv": [ 0, 12.375, 1.875, 12.75 ], "texture": "#pumpshotgun" },
				"up": { "uv": [ 0, 10.875, 1.875, 10.5 ], "texture": "#pumpshotgun" },
				"north": { "uv": [ 4.625, 3.375, 2.75, 3.5 ], "texture": "#pumpshotgun" },
				"south": { "uv": [ 2.75, 3.75, 4.625, 3.875 ], "texture": "#pumpshotgun" },
				"west": { "uv": [ 5.75, 2.25, 6.125, 2.375 ], "texture": "#pumpshotgun" },
				"east": { "uv": [ 6.125, 2.125, 5.75, 2.25 ], "texture": "#pumpshotgun" }
			}
		},
		{
			"__comment": "Voxels",
			"from": [ 17.5, 9, 9 ],
			"to": [ 25, 10.5, 9.5 ],
			"faces": {
				"down": { "uv": [ 2.75, 3.875, 4.625, 4 ], "texture": "#pumpshotgun" },
				"north": { "uv": [ 1.875, 11.625, 0, 12 ], "texture": "#pumpshotgun" },
				"south": { "uv": [ 0, 12, 1.875, 12.375 ], "texture": "#pumpshotgun" },
				"west": { "uv": [ 6.5, 4.25, 6.625, 4.625 ], "texture": "#pumpshotgun" },
				"east": { "uv": [ 6.75, 4.25, 6.625, 4.625 ], "texture": "#pumpshotgun" }
			}
		},
		{
			"__comment": "Voxels",
			"from": [ 17.5, 11, 8 ],
			"to": [ 31.5, 11.5, 8.5 ],
			"faces": {
				"down": { "uv": [ 9.625, 7.375, 13.125, 7.5 ], "texture": "#pumpshotgun" },
				"up": { "uv": [ 6.125, 7.125, 9.625, 7 ], "texture": "#pumpshotgun" },
				"north": { "uv": [ 9.625, 8, 6.125, 8.125 ], "texture": "#pumpshotgun" },
				"west": { "uv": [ 7.5, 0.375, 7.625, 0.5 ], "texture": "#pumpshotgun" },
				"east": { "uv": [ 7.625, 0.25, 7.5, 0.375 ], "texture": "#pumpshotgun" }
			}
		},
		{
			"__comment": "Voxels",
			"from": [ 18.5, 12, 9 ],
			"to": [ 22, 12.5, 9.5 ],
			"faces": {
				"up": { "uv": [ 13.125, 8.125, 14, 8 ], "texture": "#pumpshotgun" },
				"south": { "uv": [ 14.875, 8, 15.75, 8.125 ], "texture": "#pumpshotgun" },
				"west": { "uv": [ 7.625, 6.625, 7.75, 6.75 ], "texture": "#pumpshotgun" },
				"east": { "uv": [ 7.75, 6.5, 7.625, 6.625 ], "texture": "#pumpshotgun" }
			}
		},
		{
			"__comment": "Voxels",
			"from": [ 20.5, 8.5, 7 ],
			"to": [ 21, 9, 7.5 ],
			"faces": {
				"down": { "uv": [ 7.625, 6.375, 7.75, 6.5 ], "texture": "#pumpshotgun" },
				"north": { "uv": [ 7.75, 6.125, 7.625, 6.25 ], "texture": "#pumpshotgun" },
				"west": { "uv": [ 7.625, 5.875, 7.75, 6 ], "texture": "#pumpshotgun" },
				"east": { "uv": [ 7.75, 5.75, 7.625, 5.875 ], "texture": "#pumpshotgun" }
			}
		},
		{
			"__comment": "Voxels",
			"from": [ 21, 11.5, 6.5 ],
			"to": [ 21.5, 12, 7 ],
			"faces": {
				"down": { "uv": [ 7.625, 5.625, 7.75, 5.75 ], "texture": "#pumpshotgun" },
				"up": { "uv": [ 7.625, 5.625, 7.75, 5.5 ], "texture": "#pumpshotgun" },
				"north": { "uv": [ 7.75, 5.375, 7.625, 5.5 ], "texture": "#pumpshotgun" },
				"east": { "uv": [ 7.75, 5, 7.625, 5.125 ], "texture": "#pumpshotgun" }
			}
		},
		{
			"__comment": "Voxels",
			"from": [ 21.5, 8.5, 7 ],
			"to": [ 22, 9, 7.5 ],
			"faces": {
				"down": { "uv": [ 7.625, 4.875, 7.75, 5 ], "texture": "#pumpshotgun" },
				"north": { "uv": [ 7.75, 4.625, 7.625, 4.75 ], "texture": "#pumpshotgun" },
				"west": { "uv": [ 7.625, 4.375, 7.75, 4.5 ], "texture": "#pumpshotgun" },
				"east": { "uv": [ 7.75, 4.25, 7.625, 4.375 ], "texture": "#pumpshotgun" }
			}
		},
		{
			"__comment": "Voxels",
			"from": [ 21.5, 8.5, 9 ],
			"to": [ 22, 9, 9.5 ],
			"faces": {
				"down": { "uv": [ 7.625, 4.125, 7.75, 4.25 ], "texture": "#pumpshotgun" },
				"south": { "uv": [ 7.625, 3.75, 7.75, 3.875 ], "texture": "#pumpshotgun" },
				"west": { "uv": [ 7.625, 3.625, 7.75, 3.75 ], "texture": "#pumpshotgun" },
				"east": { "uv": [ 7.75, 3.5, 7.625, 3.625 ], "texture": "#pumpshotgun" }
			}
		},
		{
			"__comment": "Voxels",
			"from": [ 22, 12, 7.5 ],
			"to": [ 24.5, 12.5, 8.5 ],
			"faces": {
				"down": { "uv": [ 3.25, 1.625, 3.875, 1.875 ], "texture": "#pumpshotgun" },
				"up": { "uv": [ 2.125, 0.25, 2.75, 0 ], "texture": "#pumpshotgun" },
				"north": { "uv": [ 3.875, 0, 3.25, 0.125 ], "texture": "#pumpshotgun" },
				"south": { "uv": [ 15.375, 10.25, 16, 10.375 ], "texture": "#pumpshotgun" },
				"east": { "uv": [ 7, 1.375, 6.75, 1.5 ], "texture": "#pumpshotgun" }
			}
		},
		{
			"__comment": "Voxels",
			"from": [ 22.5, 8.5, 7 ],
			"to": [ 23.5, 9, 7.5 ],
			"faces": {
				"down": { "uv": [ 7, 1.375, 7.25, 1.5 ], "texture": "#pumpshotgun" },
				"north": { "uv": [ 7.25, 1.25, 7, 1.375 ], "texture": "#pumpshotgun" },
				"west": { "uv": [ 7.625, 2.125, 7.75, 2.25 ], "texture": "#pumpshotgun" },
				"east": { "uv": [ 7.75, 2, 7.625, 2.125 ], "texture": "#pumpshotgun" }
			}
		},
		{
			"__comment": "Voxels",
			"from": [ 22.5, 8.5, 9 ],
			"to": [ 23.5, 9, 9.5 ],
			"faces": {
				"down": { "uv": [ 7, 1.125, 7.25, 1.25 ], "texture": "#pumpshotgun" },
				"south": { "uv": [ 6.75, 0.875, 7, 1 ], "texture": "#pumpshotgun" },
				"west": { "uv": [ 7.625, 1.375, 7.75, 1.5 ], "texture": "#pumpshotgun" },
				"east": { "uv": [ 7.75, 1.25, 7.625, 1.375 ], "texture": "#pumpshotgun" }
			}
		},
		{
			"__comment": "Voxels",
			"from": [ 23, 8, 8 ],
			"to": [ 23.5, 8.5, 8.5 ],
			"faces": {
				"down": { "uv": [ 7.625, 1.125, 7.75, 1.25 ], "texture": "#pumpshotgun" },
				"north": { "uv": [ 7.75, 0.875, 7.625, 1 ], "texture": "#pumpshotgun" },
				"south": { "uv": [ 7.625, 0.75, 7.75, 0.875 ], "texture": "#pumpshotgun" },
				"west": { "uv": [ 7.625, 0.625, 7.75, 0.75 ], "texture": "#pumpshotgun" },
				"east": { "uv": [ 7.75, 0.5, 7.625, 0.625 ], "texture": "#pumpshotgun" }
			}
		},
		{
			"__comment": "Voxels",
			"from": [ 23.5, 9, 8 ],
			"to": [ 25.5, 9.5, 8.5 ],
			"faces": {
				"down": { "uv": [ 13.125, 7.375, 13.625, 7.5 ], "texture": "#pumpshotgun" },
				"west": { "uv": [ 7.75, 6.875, 7.875, 7 ], "texture": "#pumpshotgun" },
				"east": { "uv": [ 7.875, 6.75, 7.75, 6.875 ], "texture": "#pumpshotgun" }
			}
		},
		{
			"__comment": "Voxels",
			"from": [ 24.5, 12, 8 ],
			"to": [ 25.5, 12.5, 8.5 ],
			"faces": {
				"up": { "uv": [ 6.75, 0.625, 7, 0.5 ], "texture": "#pumpshotgun" },
				"north": { "uv": [ 7.25, 0.5, 7, 0.625 ], "texture": "#pumpshotgun" },
				"south": { "uv": [ 6.75, 0.375, 7, 0.5 ], "texture": "#pumpshotgun" },
				"east": { "uv": [ 7.875, 6, 7.75, 6.125 ], "texture": "#pumpshotgun" }
			}
		},
		{
			"__comment": "Voxels",
			"from": [ 25, 8.5, 8 ],
			"to": [ 25.5, 9, 8.5 ],
			"faces": {
				"down": { "uv": [ 7.75, 5.875, 7.875, 6 ], "texture": "#pumpshotgun" },
				"north": { "uv": [ 7.875, 5.625, 7.75, 5.75 ], "texture": "#pumpshotgun" },
				"south": { "uv": [ 7.75, 5.5, 7.875, 5.625 ], "texture": "#pumpshotgun" },
				"east": { "uv": [ 7.875, 5.25, 7.75, 5.375 ], "texture": "#pumpshotgun" }
			}
		},
		{
			"__comment": "Voxels",
			"from": [ 25, 9.5, 9 ],
			"to": [ 25.5, 10.5, 9.5 ],
			"faces": {
				"down": { "uv": [ 7.75, 5.125, 7.875, 5.25 ], "texture": "#pumpshotgun" },
				"north": { "uv": [ 7.25, 1.625, 7.125, 1.875 ], "texture": "#pumpshotgun" },
				"south": { "uv": [ 6.75, 0.125, 6.875, 0.375 ], "texture": "#pumpshotgun" },
				"east": { "uv": [ 7.125, 0.125, 7, 0.375 ], "texture": "#pumpshotgun" }
			}
		},
		{
			"__comment": "Voxels",
			"from": [ 25.5, 10, 9 ],
			"to": [ 27.5, 10.5, 9.5 ],
			"faces": {
				"down": { "uv": [ 15.125, 7.375, 15.625, 7.5 ], "texture": "#pumpshotgun" },
				"south": { "uv": [ 14.125, 7.25, 14.625, 7.375 ], "texture": "#pumpshotgun" },
				"east": { "uv": [ 7.875, 3.75, 7.75, 3.875 ], "texture": "#pumpshotgun" }
			}
		},
		{
			"__comment": "Voxels",
			"from": [ 28, 11, 9 ],
			"to": [ 31, 11.5, 9.5 ],
			"faces": {
				"up": { "uv": [ 13.125, 7.875, 13.875, 7.75 ], "texture": "#pumpshotgun" },
				"south": { "uv": [ 14.625, 7.75, 15.375, 7.875 ], "texture": "#pumpshotgun" },
				"west": { "uv": [ 7.75, 3.125, 7.875, 3.25 ], "texture": "#pumpshotgun" },
				"east": { "uv": [ 7.875, 3, 7.75, 3.125 ], "texture": "#pumpshotgun" }
			}
		},
		{
			"__comment": "Voxels",
			"from": [ 28.5, 9.5, 7.5 ],
			"to": [ 30.5, 10, 9 ],
			"faces": {
				"down": { "uv": [ 15.5, 14.375, 16, 14.75 ], "texture": "#pumpshotgun" },
				"up": { "uv": [ 2.125, 0.625, 2.625, 0.25 ], "texture": "#pumpshotgun" },
				"north": { "uv": [ 14.625, 7.125, 14.125, 7.25 ], "texture": "#pumpshotgun" },
				"south": { "uv": [ 14.625, 7.125, 15.125, 7.25 ], "texture": "#pumpshotgun" },
				"west": { "uv": [ 6.75, 5.5, 7.125, 5.625 ], "texture": "#pumpshotgun" },
				"east": { "uv": [ 7.125, 5.375, 6.75, 5.5 ], "texture": "#pumpshotgun" }
			}
		},
		{
			"__comment": "Voxels",
			"from": [ 28.5, 10, 7 ],
			"to": [ 30.5, 11.5, 7.5 ],
			"faces": {
				"down": { "uv": [ 15.125, 7.125, 15.625, 7.25 ], "texture": "#pumpshotgun" },
				"up": { "uv": [ 13.125, 7.125, 13.625, 7 ], "texture": "#pumpshotgun" },
				"north": { "uv": [ 3.25, 2.375, 2.75, 2.75 ], "texture": "#pumpshotgun" },
				"south": { "uv": [ 2.75, 2, 3.25, 2.375 ], "texture": "#pumpshotgun" },
				"west": { "uv": [ 6.5, 0.875, 6.625, 1.25 ], "texture": "#pumpshotgun" },
				"east": { "uv": [ 6.75, 0.875, 6.625, 1.25 ], "texture": "#pumpshotgun" }
			}
		},
		{
			"__comment": "Voxels",
			"from": [ 28.5, 10, 9 ],
			"to": [ 31, 10.5, 9.5 ],
			"faces": {
				"down": { "uv": [ 15.375, 9.25, 16, 9.375 ], "texture": "#pumpshotgun" },
				"south": { "uv": [ 13.75, 7.625, 14.375, 7.75 ], "texture": "#pumpshotgun" },
				"west": { "uv": [ 7.75, 0.875, 7.875, 1 ], "texture": "#pumpshotgun" },
				"east": { "uv": [ 7.875, 0.75, 7.75, 0.875 ], "texture": "#pumpshotgun" }
			}
		},
		{
			"__comment": "Voxels",
			"from": [ 28.5, 11.5, 7.5 ],
			"to": [ 30.5, 12, 8 ],
			"faces": {
				"up": { "uv": [ 6.75, 7, 7.25, 6.875 ], "texture": "#pumpshotgun" },
				"north": { "uv": [ 7.25, 6.75, 6.75, 6.875 ], "texture": "#pumpshotgun" },
				"west": { "uv": [ 7.75, 0.125, 7.875, 0.25 ], "texture": "#pumpshotgun" },
				"east": { "uv": [ 7.875, 0, 7.75, 0.125 ], "texture": "#pumpshotgun" }
			}
		},
		{
			"__comment": "Voxels",
			"from": [ 28.5, 12, 8 ],
			"to": [ 29.5, 12.5, 8.5 ],
			"faces": {
				"up": { "uv": [ 7.25, 3.625, 7.5, 3.5 ], "texture": "#pumpshotgun" },
				"north": { "uv": [ 7.5, 3.375, 7.25, 3.5 ], "texture": "#pumpshotgun" },
				"south": { "uv": [ 7.25, 3.25, 7.5, 3.375 ], "texture": "#pumpshotgun" },
				"west": { "uv": [ 7.875, 6.375, 8, 6.5 ], "texture": "#pumpshotgun" },
				"east": { "uv": [ 8, 6.25, 7.875, 6.375 ], "texture": "#pumpshotgun" }
			}
		},
		{
			"__comment": "Voxels",
			"from": [ 30, 9.5, 9 ],
			"to": [ 30.5, 10, 9.5 ],
			"faces": {
				"down": { "uv": [ 7.875, 6.125, 8, 6.25 ], "texture": "#pumpshotgun" },
				"south": { "uv": [ 7.875, 5.75, 8, 5.875 ], "texture": "#pumpshotgun" },
				"west": { "uv": [ 7.875, 5.625, 8, 5.75 ], "texture": "#pumpshotgun" },
				"east": { "uv": [ 8, 5.5, 7.875, 5.625 ], "texture": "#pumpshotgun" }
			}
		},
		{
			"__comment": "Voxels",
			"from": [ 30.5, 9.5, 8 ],
			"to": [ 31, 10, 9 ],
			"faces": {
				"down": { "uv": [ 7.375, 4, 7.5, 4.25 ], "texture": "#pumpshotgun" },
				"up": { "uv": [ 7.25, 3.25, 7.375, 3 ], "texture": "#pumpshotgun" },
				"north": { "uv": [ 8, 5.125, 7.875, 5.25 ], "texture": "#pumpshotgun" },
				"south": { "uv": [ 7.875, 5, 8, 5.125 ], "texture": "#pumpshotgun" },
				"east": { "uv": [ 7.5, 2.75, 7.25, 2.875 ], "texture": "#pumpshotgun" }
			}
		},
		{
			"__comment": "Voxels",
			"from": [ 30.5, 10.5, 7 ],
			"to": [ 31, 11, 7.5 ],
			"faces": {
				"down": { "uv": [ 7.875, 4.625, 8, 4.75 ], "texture": "#pumpshotgun" },
				"up": { "uv": [ 7.875, 4.625, 8, 4.5 ], "texture": "#pumpshotgun" },
				"north": { "uv": [ 8, 4.375, 7.875, 4.5 ], "texture": "#pumpshotgun" },
				"east": { "uv": [ 8, 4, 7.875, 4.125 ], "texture": "#pumpshotgun" }
			}
		},
		{
			"__comment": "Voxels",
			"from": [ 31, 10, 8 ],
			"to": [ 31.5, 10.5, 8.5 ],
			"faces": {
				"down": { "uv": [ 7.875, 3.875, 8, 4 ], "texture": "#pumpshotgun" },
				"up": { "uv": [ 7.875, 3.875, 8, 3.75 ], "texture": "#pumpshotgun" },
				"north": { "uv": [ 8, 3.625, 7.875, 3.75 ], "texture": "#pumpshotgun" },
				"east": { "uv": [ 8, 3.25, 7.875, 3.375 ], "texture": "#pumpshotgun" }
			}
		},
		{
			"__comment": "Voxels",
			"from": [ 9.5, 10.5, 5 ],
			"to": [ 12.5, 11.5, 6 ],
			"rotation": { "origin": [ 9.5, 10.5, 5 ], "axis": "y", "angle": -22.5 },
			"faces": {
				"down": { "uv": [ 0, 1.5, 0.5, 2 ], "texture": "#pumpshotgun" },
				"up": { "uv": [ 0, 1, 0.5, 1.5 ], "texture": "#pumpshotgun" },
				"north": { "uv": [ 0, 1, 0.125, 1.5 ], "texture": "#pumpshotgun" },
				"south": { "uv": [ 0, 1.5, 0.5, 2 ], "texture": "#pumpshotgun" },
				"west": { "uv": [ 10.125, 15, 10.25, 15.25 ], "texture": "#pumpshotgun" },
				"east": { "uv": [ 13.75, 15, 13.625, 15.25 ], "texture": "#pumpshotgun" }
			}
		}
	],
	"display": {
		"thirdperson_righthand": {
			"rotation":  [ 0, 91, 0 ],
			"scale":  [ 0.4, 0.4, 0.4 ]
		},
		"firstperson_righthand": {
			"rotation":  [ 28, 90, 0 ],
			"translation":  [ 0, 0, -7.652 ]
		},
		"gui": {
			"rotation":  [ -4, -136, -27 ],
			"scale":  [ 0.5, 0.5, 0.5 ]
		}
	}
}