{
	"__comment": "Designed by DevastMc",
	"gui_light": "front",
	"textures": {
		"revolver": "blocks/revolver"
	},
	"elements": [ 	 
		{
			"__comment": "Voxels",
			"from": [ 5.5, 3, 15.5 ],
			"to": [ 10.5, 5, 16.5 ],
			"faces": {
				"down": { "uv": [ 2.375, 13.75, 3.625, 14 ], "texture": "#revolver" },
				"up": { "uv": [ 3.625, 14, 4.875, 13.75 ], "texture": "#revolver" },
				"north": { "uv": [ 7.75, 15.5, 6.5, 16 ], "texture": "#revolver" },
				"south": { "uv": [ 7.75, 15.5, 9, 16 ], "texture": "#revolver" },
				"west": { "uv": [ 3.125, 10.875, 3.375, 11.375 ], "texture": "#revolver" },
				"east": { "uv": [ 2.125, 5.625, 1.875, 6.125 ], "texture": "#revolver" }
			}
		},
		{
			"__comment": "Voxels",
			"from": [ 5.5, 3, 16.5 ],
			"to": [ 10.5, 4.5, 17 ],
			"faces": {
				"down": { "uv": [ 7, 14.75, 8.25, 14.875 ], "texture": "#revolver" },
				"up": { "uv": [ 8.25, 14.875, 9.5, 14.75 ], "texture": "#revolver" },
				"south": { "uv": [ 9.5, 14.875, 10.75, 15.25 ], "texture": "#revolver" },
				"west": { "uv": [ 4.75, 10.125, 4.875, 10.5 ], "texture": "#revolver" },
				"east": { "uv": [ 4.875, 10.5, 4.75, 10.875 ], "texture": "#revolver" }
			}
		},
		{
			"__comment": "Voxels",
			"from": [ 5.5, 3.5, 15 ],
			"to": [ 10.5, 5, 15.5 ],
			"faces": {
				"down": { "uv": [ 9.5, 14.75, 10.75, 14.875 ], "texture": "#revolver" },
				"up": { "uv": [ 10.75, 14.875, 12, 14.75 ], "texture": "#revolver" },
				"north": { "uv": [ 13.25, 14.875, 12, 15.25 ], "texture": "#revolver" },
				"west": { "uv": [ 4.75, 10.875, 4.875, 11.25 ], "texture": "#revolver" },
				"east": { "uv": [ 4.5, 0.375, 4.375, 0.75 ], "texture": "#revolver" }
			}
		},
		{
			"__comment": "Voxels",
			"from": [ 5.5, 3.5, 17 ],
			"to": [ 10.5, 4, 17.5 ],
			"faces": {
				"down": { "uv": [ 14.5, 14.75, 15.75, 14.875 ], "texture": "#revolver" },
				"up": { "uv": [ 2.375, 13.75, 3.625, 13.625 ], "texture": "#revolver" },
				"south": { "uv": [ 3.125, 13, 4.375, 13.125 ], "texture": "#revolver" },
				"west": { "uv": [ 4.875, 0.5, 5, 0.625 ], "texture": "#revolver" },
				"east": { "uv": [ 5, 0.625, 4.875, 0.75 ], "texture": "#revolver" }
			}
		},
		{
			"__comment": "Voxels",
			"from": [ 5.5, 4, 17 ],
			"to": [ 10, 4.5, 17.5 ],
			"faces": {
				"up": { "uv": [ 7.125, 12.875, 8.25, 12.75 ], "texture": "#revolver" },
				"south": { "uv": [ 14.25, 13, 15.375, 13.125 ], "texture": "#revolver" },
				"west": { "uv": [ 4.875, 4, 5, 4.125 ], "texture": "#revolver" },
				"east": { "uv": [ 5, 4.125, 4.875, 4.25 ], "texture": "#revolver" }
			}
		},
		{
			"__comment": "Voxels",
			"from": [ 5.5, 5, 15.5 ],
			"to": [ 6.5, 5.5, 16 ],
			"faces": {
				"up": { "uv": [ 14.875, 11.125, 15.125, 11 ], "texture": "#revolver" },
				"north": { "uv": [ 12.125, 11, 11.875, 11.125 ], "texture": "#revolver" },
				"south": { "uv": [ 11.625, 11, 11.875, 11.125 ], "texture": "#revolver" },
				"west": { "uv": [ 4.625, 5, 4.75, 5.125 ], "texture": "#revolver" },
				"east": { "uv": [ 4.75, 5.125, 4.625, 5.25 ], "texture": "#revolver" }
			}
		},
		{
			"__comment": "Voxels",
			"from": [ 5.5, 6.5, 10.5 ],
			"to": [ 10.5, 7, 12 ],
			"rotation": { "origin": [ 7, 4.5, 6 ], "axis": "x", "angle": -45 },
			"faces": {
				"down": { "uv": [ 14.5, 14.875, 15.75, 15.25 ], "texture": "#revolver" },
				"up": { "uv": [ 5.75, 15.25, 7, 14.875 ], "texture": "#revolver" },
				"north": { "uv": [ 8.125, 13, 6.875, 13.125 ], "texture": "#revolver" },
				"south": { "uv": [ 8.125, 13, 9.375, 13.125 ], "texture": "#revolver" },
				"west": { "uv": [ 4.25, 2.375, 4.625, 2.5 ], "texture": "#revolver" },
				"east": { "uv": [ 4.75, 2.5, 4.375, 2.625 ], "texture": "#revolver" }
			}
		},
		{
			"__comment": "Voxels",
			"from": [ 5.5, 7, 7.5 ],
			"to": [ 10.5, 8.5, 8 ],
			"rotation": { "origin": [ 7, 4.5, 6 ], "axis": "x", "angle": -45 },
			"faces": {
				"down": { "uv": [ 10.625, 13, 11.875, 13.125 ], "texture": "#revolver" },
				"up": { "uv": [ 11.875, 13.125, 13.125, 13 ], "texture": "#revolver" },
				"north": { "uv": [ 12, 14.875, 10.75, 15.25 ], "texture": "#revolver" },
				"south": { "uv": [ 7, 14.875, 8.25, 15.25 ], "texture": "#revolver" },
				"west": { "uv": [ 2.875, 3.25, 3, 3.625 ], "texture": "#revolver" },
				"east": { "uv": [ 4.375, 2.5, 4.25, 2.875 ], "texture": "#revolver" }
			}
		},
		{
			"__comment": "Voxels",
			"from": [ 5.5, 7, 8 ],
			"to": [ 7.5, 8.5, 12 ],
			"rotation": { "origin": [ 7, 4.5, 6 ], "axis": "x", "angle": -45 },
			"faces": {
				"down": { "uv": [ 0, 3.875, 0.5, 4.875 ], "texture": "#revolver" },
				"up": { "uv": [ 0, 3.875, 0.5, 2.875 ], "texture": "#revolver" },
				"south": { "uv": [ 2.125, 7.375, 2.625, 7.75 ], "texture": "#revolver" },
				"west": { "uv": [ 2.5, 14, 3.5, 14.375 ], "texture": "#revolver" },
				"east": { "uv": [ 4.75, 14.375, 3.75, 14.75 ], "texture": "#revolver" }
			}
		},
		{
			"__comment": "Voxels",
			"from": [ 5.5, 8.5, 10.5 ],
			"to": [ 10.5, 9, 11 ],
			"rotation": { "origin": [ 7, 4.5, 6 ], "axis": "x", "angle": -45 },
			"faces": {
				"down": { "uv": [ 5.75, 14.75, 7, 14.875 ], "texture": "#revolver" },
				"up": { "uv": [ 12, 14.875, 13.25, 14.75 ], "texture": "#revolver" },
				"north": { "uv": [ 14.5, 14.75, 13.25, 14.875 ], "texture": "#revolver" },
				"south": { "uv": [ 4.375, 13, 5.625, 13.125 ], "texture": "#revolver" },
				"west": { "uv": [ 4, 0.75, 4.125, 0.875 ], "texture": "#revolver" },
				"east": { "uv": [ 4.125, 0.875, 4, 1 ], "texture": "#revolver" }
			}
		},
		{
			"__comment": "Voxels",
			"from": [ 6, 1.5, 16 ],
			"to": [ 10, 3, 17 ],
			"faces": {
				"down": { "uv": [ 13, 15.25, 14, 15.5 ], "texture": "#revolver" },
				"up": { "uv": [ 14, 15.5, 15, 15.25 ], "texture": "#revolver" },
				"north": { "uv": [ 15.75, 14.375, 14.75, 14.75 ], "texture": "#revolver" },
				"south": { "uv": [ 3.5, 14, 4.5, 14.375 ], "texture": "#revolver" },
				"west": { "uv": [ 15.75, 14.375, 16, 14.75 ], "texture": "#revolver" },
				"east": { "uv": [ 2, 3.25, 1.75, 3.625 ], "texture": "#revolver" }
			}
		},
		{
			"__comment": "Voxels",
			"from": [ 6, 2, 15 ],
			"to": [ 10, 3.5, 15.5 ],
			"faces": {
				"down": { "uv": [ 12.125, 12.625, 13.125, 12.75 ], "texture": "#revolver" },
				"north": { "uv": [ 8.5, 14, 7.5, 14.375 ], "texture": "#revolver" },
				"south": { "uv": [ 4.5, 14, 5.5, 14.375 ], "texture": "#revolver" },
				"west": { "uv": [ 4.625, 3.375, 4.75, 3.75 ], "texture": "#revolver" },
				"east": { "uv": [ 4.625, 3.375, 4.5, 3.75 ], "texture": "#revolver" }
			}
		},
		{
			"__comment": "Voxels",
			"from": [ 6, 2, 15.5 ],
			"to": [ 10, 3, 16 ],
			"faces": {
				"down": { "uv": [ 11.625, 12.375, 12.625, 12.5 ], "texture": "#revolver" },
				"west": { "uv": [ 4.75, 2.875, 4.875, 3.125 ], "texture": "#revolver" },
				"east": { "uv": [ 4.875, 3.625, 4.75, 3.875 ], "texture": "#revolver" }
			}
		},
		{
			"__comment": "Voxels",
			"from": [ 6, 2, 17 ],
			"to": [ 10, 3.5, 18 ],
			"faces": {
				"down": { "uv": [ 13.125, 13.375, 14.125, 13.625 ], "texture": "#revolver" },
				"up": { "uv": [ 5.125, 13.625, 6.125, 13.375 ], "texture": "#revolver" },
				"north": { "uv": [ 12.75, 14.375, 11.75, 14.75 ], "texture": "#revolver" },
				"south": { "uv": [ 12.75, 14.375, 13.75, 14.75 ], "texture": "#revolver" },
				"west": { "uv": [ 2.625, 7, 2.875, 7.375 ], "texture": "#revolver" },
				"east": { "uv": [ 2.875, 5.125, 2.625, 5.5 ], "texture": "#revolver" }
			}
		},
		{
			"__comment": "Voxels",
			"from": [ 6, 2.5, 18 ],
			"to": [ 10, 5, 18.5 ],
			"faces": {
				"down": { "uv": [ 9, 15.25, 10, 15.375 ], "texture": "#revolver" },
				"up": { "uv": [ 10, 15.375, 11, 15.25 ], "texture": "#revolver" },
				"north": { "uv": [ 12, 15.375, 11, 16 ], "texture": "#revolver" },
				"south": { "uv": [ 12, 15.375, 13, 16 ], "texture": "#revolver" },
				"west": { "uv": [ 2, 11.875, 2.125, 12.5 ], "texture": "#revolver" },
				"east": { "uv": [ 2.125, 12.5, 2, 13.125 ], "texture": "#revolver" }
			}
		},
		{
			"__comment": "Voxels",
			"from": [ 6, 3, 14.5 ],
			"to": [ 10, 5, 15 ],
			"faces": {
				"down": { "uv": [ 11, 15.25, 12, 15.375 ], "texture": "#revolver" },
				"up": { "uv": [ 12, 15.375, 13, 15.25 ], "texture": "#revolver" },
				"north": { "uv": [ 5.75, 14.75, 4.75, 15.25 ], "texture": "#revolver" },
				"south": { "uv": [ 2.75, 14.75, 3.75, 15.25 ], "texture": "#revolver" },
				"west": { "uv": [ 4.125, 6.125, 4.25, 6.625 ], "texture": "#revolver" },
				"east": { "uv": [ 4.25, 5.625, 4.125, 6.125 ], "texture": "#revolver" }
			}
		},
		{
			"__comment": "Voxels",
			"from": [ 6, 3, 18.5 ],
			"to": [ 9.5, 3.5, 19 ],
			"faces": {
				"down": { "uv": [ 14.25, 12.25, 15.125, 12.375 ], "texture": "#revolver" },
				"up": { "uv": [ 15.125, 12.375, 16, 12.25 ], "texture": "#revolver" },
				"south": { "uv": [ 4.25, 12.125, 5.125, 12.25 ], "texture": "#revolver" },
				"west": { "uv": [ 4, 1.75, 4.125, 1.875 ], "texture": "#revolver" },
				"east": { "uv": [ 4.125, 1.875, 4, 2 ], "texture": "#revolver" }
			}
		},
		{
			"__comment": "Voxels",
			"from": [ 6, 3.5, 14 ],
			"to": [ 10, 5, 14.5 ],
			"faces": {
				"down": { "uv": [ 10.25, 12.75, 11.25, 12.875 ], "texture": "#revolver" },
				"up": { "uv": [ 11.25, 13, 12.25, 12.875 ], "texture": "#revolver" },
				"north": { "uv": [ 8.75, 14.375, 7.75, 14.75 ], "texture": "#revolver" },
				"west": { "uv": [ 4.25, 4, 4.375, 4.375 ], "texture": "#revolver" },
				"east": { "uv": [ 4.75, 4.375, 4.625, 4.75 ], "texture": "#revolver" }
			}
		},
		{
			"__comment": "Voxels",
			"from": [ 6, 3.5, 17.5 ],
			"to": [ 10, 5.5, 18 ],
			"faces": {
				"up": { "uv": [ 12.25, 13, 13.25, 12.875 ], "texture": "#revolver" },
				"north": { "uv": [ 2.75, 14.75, 1.75, 15.25 ], "texture": "#revolver" },
				"south": { "uv": [ 3.75, 14.75, 4.75, 15.25 ], "texture": "#revolver" },
				"west": { "uv": [ 4.125, 5.125, 4.25, 5.625 ], "texture": "#revolver" },
				"east": { "uv": [ 4.25, 4.625, 4.125, 5.125 ], "texture": "#revolver" }
			}
		},
		{
			"__comment": "Voxels",
			"from": [ 6, 4.5, 13.5 ],
			"to": [ 10, 7.5, 14 ],
			"faces": {
				"down": { "uv": [ 12.25, 12.75, 13.25, 12.875 ], "texture": "#revolver" },
				"up": { "uv": [ 13.75, 13, 14.75, 12.875 ], "texture": "#revolver" },
				"north": { "uv": [ 3.75, 15.25, 2.75, 16 ], "texture": "#revolver" },
				"south": { "uv": [ 1.75, 15.25, 2.75, 16 ], "texture": "#revolver" },
				"west": { "uv": [ 3.125, 5.125, 3.25, 5.875 ], "texture": "#revolver" },
				"east": { "uv": [ 3.375, 5.125, 3.25, 5.875 ], "texture": "#revolver" }
			}
		},
		{
			"__comment": "Voxels",
			"from": [ 6, 4.5, 16.5 ],
			"to": [ 10.5, 5, 17 ],
			"faces": {
				"up": { "uv": [ 6, 13, 7.125, 12.875 ], "texture": "#revolver" },
				"south": { "uv": [ 7.125, 12.875, 8.25, 13 ], "texture": "#revolver" },
				"west": { "uv": [ 13.125, 10.875, 13.25, 11 ], "texture": "#revolver" },
				"east": { "uv": [ 13.125, 10.875, 13, 11 ], "texture": "#revolver" }
			}
		},
		{
			"__comment": "Voxels",
			"from": [ 6, 4.5, 17 ],
			"to": [ 10, 6.5, 17.5 ],
			"faces": {
				"up": { "uv": [ 3.125, 12.75, 4.125, 12.625 ], "texture": "#revolver" },
				"north": { "uv": [ 1.75, 14.75, 0.75, 15.25 ], "texture": "#revolver" },
				"south": { "uv": [ 13, 15.5, 14, 16 ], "texture": "#revolver" },
				"west": { "uv": [ 4.125, 3.125, 4.25, 3.625 ], "texture": "#revolver" },
				"east": { "uv": [ 4.25, 2.625, 4.125, 3.125 ], "texture": "#revolver" }
			}
		},
		{
			"__comment": "Voxels",
			"from": [ 6, 5, 14 ],
			"to": [ 6.5, 8.5, 15.5 ],
			"faces": {
				"down": { "uv": [ 4.5, 4.375, 4.625, 4.75 ], "texture": "#revolver" },
				"up": { "uv": [ 4.375, 4.75, 4.5, 4.375 ], "texture": "#revolver" },
				"north": { "uv": [ 3.25, 7.5, 3.125, 8.375 ], "texture": "#revolver" },
				"south": { "uv": [ 3.25, 7.5, 3.375, 8.375 ], "texture": "#revolver" },
				"west": { "uv": [ 1.125, 0.875, 1.5, 1.75 ], "texture": "#revolver" },
				"east": { "uv": [ 1.125, 0.875, 0.75, 1.75 ], "texture": "#revolver" }
			}
		},
		{
			"__comment": "Voxels",
			"from": [ 6, 5, 16 ],
			"to": [ 6.5, 8, 16.5 ],
			"faces": {
				"up": { "uv": [ 4, 1.375, 4.125, 1.25 ], "texture": "#revolver" },
				"north": { "uv": [ 3.25, 4.375, 3.125, 5.125 ], "texture": "#revolver" },
				"south": { "uv": [ 3.25, 4.375, 3.375, 5.125 ], "texture": "#revolver" },
				"west": { "uv": [ 3.125, 3.625, 3.25, 4.375 ], "texture": "#revolver" },
				"east": { "uv": [ 3.375, 3.625, 3.25, 4.375 ], "texture": "#revolver" }
			}
		},
		{
			"__comment": "Voxels",
			"from": [ 6, 5, 16.5 ],
			"to": [ 6.5, 7, 17 ],
			"faces": {
				"up": { "uv": [ 4, 2.125, 4.125, 2 ], "texture": "#revolver" },
				"south": { "uv": [ 2, 8.625, 2.125, 9.125 ], "texture": "#revolver" },
				"west": { "uv": [ 2, 8.125, 2.125, 8.625 ], "texture": "#revolver" },
				"east": { "uv": [ 2.125, 7.625, 2, 8.125 ], "texture": "#revolver" }
			}
		},
		{
			"__comment": "Voxels",
			"from": [ 6, 5.5, 13 ],
			"to": [ 10, 6.5, 13.5 ],
			"faces": {
				"down": { "uv": [ 7.125, 12.625, 8.125, 12.75 ], "texture": "#revolver" },
				"up": { "uv": [ 8.125, 12.75, 9.125, 12.625 ], "texture": "#revolver" },
				"north": { "uv": [ 4.125, 13.375, 3.125, 13.625 ], "texture": "#revolver" },
				"west": { "uv": [ 2.875, 2.625, 3, 2.875 ], "texture": "#revolver" },
				"east": { "uv": [ 5, 5.25, 4.875, 5.5 ], "texture": "#revolver" }
			}
		},
		{
			"__comment": "Voxels",
			"from": [ 6, 5.5, 15.5 ],
			"to": [ 10.5, 7, 16 ],
			"faces": {
				"down": { "uv": [ 3.75, 12.75, 4.875, 12.875 ], "texture": "#revolver" },
				"up": { "uv": [ 4.875, 13, 6, 12.875 ], "texture": "#revolver" },
				"north": { "uv": [ 3.75, 14.375, 2.625, 14.75 ], "texture": "#revolver" },
				"south": { "uv": [ 1.5, 14.375, 2.625, 14.75 ], "texture": "#revolver" },
				"west": { "uv": [ 4.25, 4.375, 4.375, 4.75 ], "texture": "#revolver" },
				"east": { "uv": [ 4.25, 0.875, 4.125, 1.25 ], "texture": "#revolver" }
			}
		},
		{
			"__comment": "Voxels",
			"from": [ 6, 6.5, 13 ],
			"to": [ 9.5, 7, 13.5 ],
			"faces": {
				"up": { "uv": [ 7.25, 12.375, 8.125, 12.25 ], "texture": "#revolver" },
				"north": { "uv": [ 7.25, 12.25, 6.375, 12.375 ], "texture": "#revolver" },
				"west": { "uv": [ 12.625, 10.875, 12.75, 11 ], "texture": "#revolver" },
				"east": { "uv": [ 12.625, 10.875, 12.5, 11 ], "texture": "#revolver" }
			}
		},
		{
			"__comment": "Voxels",
			"from": [ 6, 7, 15.5 ],
			"to": [ 10, 8.5, 16 ],
			"faces": {
				"up": { "uv": [ 12.625, 12.5, 13.625, 12.375 ], "texture": "#revolver" },
				"north": { "uv": [ 6.75, 14.375, 5.75, 14.75 ], "texture": "#revolver" },
				"south": { "uv": [ 6.75, 14.375, 7.75, 14.75 ], "texture": "#revolver" },
				"west": { "uv": [ 4.125, 1.25, 4.25, 1.625 ], "texture": "#revolver" },
				"east": { "uv": [ 3, 5.125, 2.875, 5.5 ], "texture": "#revolver" }
			}
		},
		{
			"__comment": "Voxels",
			"from": [ 6, 7.5, 13.5 ],
			"to": [ 9.5, 8.5, 14 ],
			"faces": {
				"up": { "uv": [ 14.75, 12.25, 15.625, 12.125 ], "texture": "#revolver" },
				"north": { "uv": [ 3, 12.625, 2.125, 12.875 ], "texture": "#revolver" },
				"south": { "uv": [ 2.125, 12.375, 3, 12.625 ], "texture": "#revolver" },
				"west": { "uv": [ 4.75, 1.625, 4.875, 1.875 ], "texture": "#revolver" },
				"east": { "uv": [ 4.875, 2.125, 4.75, 2.375 ], "texture": "#revolver" }
			}
		},
		{
			"__comment": "Voxels",
			"from": [ 6, 8.5, 14.5 ],
			"to": [ 10, 9, 15.5 ],
			"faces": {
				"down": { "uv": [ 14.125, 13.375, 15.125, 13.625 ], "texture": "#revolver" },
				"up": { "uv": [ 2.125, 13.375, 3.125, 13.125 ], "texture": "#revolver" },
				"north": { "uv": [ 6.125, 12.625, 5.125, 12.75 ], "texture": "#revolver" },
				"south": { "uv": [ 11.125, 12.625, 12.125, 12.75 ], "texture": "#revolver" },
				"west": { "uv": [ 14.625, 11.125, 14.875, 11.25 ], "texture": "#revolver" },
				"east": { "uv": [ 7.625, 11.125, 7.375, 11.25 ], "texture": "#revolver" }
			}
		},
		{
			"__comment": "Voxels",
			"from": [ 6, 8.5, 15.5 ],
			"to": [ 9.5, 9, 16 ],
			"faces": {
				"up": { "uv": [ 12.125, 12.25, 13, 12.125 ], "texture": "#revolver" },
				"south": { "uv": [ 8.625, 12.125, 9.5, 12.25 ], "texture": "#revolver" },
				"west": { "uv": [ 4, 3, 4.125, 3.125 ], "texture": "#revolver" },
				"east": { "uv": [ 4.125, 3.125, 4, 3.25 ], "texture": "#revolver" }
			}
		},
		{
			"__comment": "Voxels",
			"from": [ 6, 9, 12.5 ],
			"to": [ 10, 10, 13 ],
			"faces": {
				"down": { "uv": [ 14.625, 13.625, 15.625, 13.75 ], "texture": "#revolver" },
				"up": { "uv": [ 10.25, 13, 11.25, 12.875 ], "texture": "#revolver" },
				"north": { "uv": [ 4.125, 13.125, 3.125, 13.375 ], "texture": "#revolver" },
				"south": { "uv": [ 6.125, 13.125, 7.125, 13.375 ], "texture": "#revolver" },
				"west": { "uv": [ 2.875, 12.125, 3, 12.375 ], "texture": "#revolver" },
				"east": { "uv": [ 4.875, 2.375, 4.75, 2.625 ], "texture": "#revolver" }
			}
		},
		{
			"__comment": "Voxels",
			"from": [ 6, 9, 13 ],
			"to": [ 9.5, 10, 13.5 ],
			"faces": {
				"down": { "uv": [ 7.75, 12.125, 8.625, 12.25 ], "texture": "#revolver" },
				"up": { "uv": [ 6.875, 12.25, 7.75, 12.125 ], "texture": "#revolver" },
				"south": { "uv": [ 10.75, 13.125, 11.625, 13.375 ], "texture": "#revolver" },
				"west": { "uv": [ 4.75, 2.625, 4.875, 2.875 ], "texture": "#revolver" },
				"east": { "uv": [ 4.875, 3.875, 4.75, 4.125 ], "texture": "#revolver" }
			}
		},
		{
			"__comment": "Voxels",
			"from": [ 6, 9, 14.5 ],
			"to": [ 9.5, 9.5, 15.5 ],
			"faces": {
				"up": { "uv": [ 9, 13.375, 9.875, 13.125 ], "texture": "#revolver" },
				"north": { "uv": [ 6.875, 12.125, 6, 12.25 ], "texture": "#revolver" },
				"south": { "uv": [ 5.125, 12.125, 6, 12.25 ], "texture": "#revolver" },
				"west": { "uv": [ 13.375, 11.125, 13.625, 11.25 ], "texture": "#revolver" },
				"east": { "uv": [ 12.625, 11.125, 12.375, 11.25 ], "texture": "#revolver" }
			}
		},
		{
			"__comment": "Voxels",
			"from": [ 6, 5.5, 8 ],
			"to": [ 10, 7, 10.5 ],
			"rotation": { "origin": [ 7, 4.5, 6 ], "axis": "x", "angle": -45 },
			"faces": {
				"down": { "uv": [ 10, 15.375, 11, 16 ], "texture": "#revolver" },
				"up": { "uv": [ 9, 16, 10, 15.375 ], "texture": "#revolver" },
				"north": { "uv": [ 9.5, 14, 8.5, 14.375 ], "texture": "#revolver" },
				"south": { "uv": [ 4.75, 14.375, 5.75, 14.75 ], "texture": "#revolver" },
				"west": { "uv": [ 1.5, 5.125, 2.125, 5.5 ], "texture": "#revolver" },
				"east": { "uv": [ 2.125, 4.75, 1.5, 5.125 ], "texture": "#revolver" }
			}
		},
		{
			"__comment": "Voxels",
			"from": [ 6, 5.5, 10.5 ],
			"to": [ 10, 6.5, 12 ],
			"rotation": { "origin": [ 7, 4.5, 6 ], "axis": "x", "angle": -45 },
			"faces": {
				"down": { "uv": [ 9.75, 14.375, 10.75, 14.75 ], "texture": "#revolver" },
				"south": { "uv": [ 7.125, 13.375, 8.125, 13.625 ], "texture": "#revolver" },
				"west": { "uv": [ 3.375, 11.125, 3.75, 11.375 ], "texture": "#revolver" },
				"east": { "uv": [ 16, 12.375, 15.625, 12.625 ], "texture": "#revolver" }
			}
		},
		{
			"__comment": "Voxels",
			"from": [ 6, 9.5, 11.5 ],
			"to": [ 10, 10, 12.5 ],
			"faces": {
				"down": { "uv": [ 5.125, 13.125, 6.125, 13.375 ], "texture": "#revolver" },
				"up": { "uv": [ 4.125, 13.375, 5.125, 13.125 ], "texture": "#revolver" },
				"north": { "uv": [ 5.125, 12.625, 4.125, 12.75 ], "texture": "#revolver" },
				"west": { "uv": [ 12.125, 11.125, 12.375, 11.25 ], "texture": "#revolver" },
				"east": { "uv": [ 11.875, 11.125, 11.625, 11.25 ], "texture": "#revolver" }
			}
		},
		{
			"__comment": "Voxels",
			"from": [ 6, 6, 7.5 ],
			"to": [ 10, 7, 8 ],
			"rotation": { "origin": [ 7, 4.5, 6 ], "axis": "x", "angle": -45 },
			"faces": {
				"down": { "uv": [ 13.125, 12.625, 14.125, 12.75 ], "texture": "#revolver" },
				"north": { "uv": [ 7.125, 13.375, 6.125, 13.625 ], "texture": "#revolver" },
				"west": { "uv": [ 4.75, 4.625, 4.875, 4.875 ], "texture": "#revolver" },
				"east": { "uv": [ 3, 8.625, 2.875, 8.875 ], "texture": "#revolver" }
			}
		},
		{
			"__comment": "Voxels",
			"from": [ 6, 11.5, 10.5 ],
			"to": [ 6.5, 13, 11 ],
			"faces": {
				"down": { "uv": [ 5, 5.75, 5.125, 5.875 ], "texture": "#revolver" },
				"up": { "uv": [ 5, 7.875, 5.125, 7.75 ], "texture": "#revolver" },
				"north": { "uv": [ 4.625, 1.625, 4.5, 2 ], "texture": "#revolver" },
				"south": { "uv": [ 4.75, 7.5, 4.875, 7.875 ], "texture": "#revolver" },
				"west": { "uv": [ 4.75, 7.875, 4.875, 8.25 ], "texture": "#revolver" },
				"east": { "uv": [ 4.875, 8.625, 4.75, 9 ], "texture": "#revolver" }
			}
		},
		{
			"__comment": "Voxels",
			"from": [ 6, 8.5, 7.5 ],
			"to": [ 10, 9.5, 10.5 ],
			"rotation": { "origin": [ 7, 4.5, 6 ], "axis": "x", "angle": -45 },
			"faces": {
				"down": { "uv": [ 0.75, 15.25, 1.75, 16 ], "texture": "#revolver" },
				"up": { "uv": [ 3.75, 16, 4.75, 15.25 ], "texture": "#revolver" },
				"north": { "uv": [ 11.125, 13.375, 10.125, 13.625 ], "texture": "#revolver" },
				"south": { "uv": [ 11.125, 13.375, 12.125, 13.625 ], "texture": "#revolver" },
				"west": { "uv": [ 2.125, 1, 2.875, 1.25 ], "texture": "#revolver" },
				"east": { "uv": [ 2.875, 0.75, 2.125, 1 ], "texture": "#revolver" }
			}
		},
		{
			"__comment": "Voxels",
			"from": [ 6, 8.5, 11 ],
			"to": [ 10.5, 9, 12 ],
			"rotation": { "origin": [ 7, 4.5, 6 ], "axis": "x", "angle": -45 },
			"faces": {
				"down": { "uv": [ 4.875, 13.75, 6, 14 ], "texture": "#revolver" },
				"up": { "uv": [ 6.75, 14, 7.875, 13.75 ], "texture": "#revolver" },
				"south": { "uv": [ 6.75, 13.625, 7.875, 13.75 ], "texture": "#revolver" },
				"west": { "uv": [ 13.125, 11.125, 13.375, 11.25 ], "texture": "#revolver" },
				"east": { "uv": [ 12.125, 11.125, 11.875, 11.25 ], "texture": "#revolver" }
			}
		},
		{
			"__comment": "Voxels",
			"from": [ 6, 9, 10.5 ],
			"to": [ 10, 9.5, 12 ],
			"rotation": { "origin": [ 7, 4.5, 6 ], "axis": "x", "angle": -45 },
			"faces": {
				"down": { "uv": [ 13.75, 14.375, 14.75, 14.75 ], "texture": "#revolver" },
				"up": { "uv": [ 8.75, 14.75, 9.75, 14.375 ], "texture": "#revolver" },
				"south": { "uv": [ 14.125, 12.625, 15.125, 12.75 ], "texture": "#revolver" },
				"west": { "uv": [ 4.25, 0, 4.625, 0.125 ], "texture": "#revolver" },
				"east": { "uv": [ 4.625, 0.125, 4.25, 0.25 ], "texture": "#revolver" }
			}
		},
		{
			"__comment": "Voxels",
			"from": [ 6.5, 1, 16 ],
			"to": [ 9.5, 1.5, 17.5 ],
			"faces": {
				"down": { "uv": [ 7.875, 13.625, 8.625, 14 ], "texture": "#revolver" },
				"up": { "uv": [ 8.625, 14, 9.375, 13.625 ], "texture": "#revolver" },
				"north": { "uv": [ 4.125, 9.625, 3.375, 9.75 ], "texture": "#revolver" },
				"south": { "uv": [ 3.375, 8.875, 4.125, 9 ], "texture": "#revolver" },
				"west": { "uv": [ 4.25, 0.25, 4.625, 0.375 ], "texture": "#revolver" },
				"east": { "uv": [ 4.625, 1, 4.25, 1.125 ], "texture": "#revolver" }
			}
		},
		{
			"__comment": "Voxels",
			"from": [ 6.5, 1.5, 15 ],
			"to": [ 9.5, 2, 16 ],
			"faces": {
				"down": { "uv": [ 2.125, 12.125, 2.875, 12.375 ], "texture": "#revolver" },
				"up": { "uv": [ 2.125, 12.125, 2.875, 11.875 ], "texture": "#revolver" },
				"north": { "uv": [ 10.875, 12, 10.125, 12.125 ], "texture": "#revolver" },
				"west": { "uv": [ 11.375, 11.125, 11.625, 11.25 ], "texture": "#revolver" },
				"east": { "uv": [ 11.375, 11.125, 11.125, 11.25 ], "texture": "#revolver" }
			}
		},
		{
			"__comment": "Voxels",
			"from": [ 6.5, 1.5, 17 ],
			"to": [ 10, 2, 18 ],
			"faces": {
				"down": { "uv": [ 15.125, 13.125, 16, 13.375 ], "texture": "#revolver" },
				"south": { "uv": [ 8.125, 12.25, 9, 12.375 ], "texture": "#revolver" },
				"west": { "uv": [ 10.875, 11.125, 11.125, 11.25 ], "texture": "#revolver" },
				"east": { "uv": [ 10.875, 11.125, 10.625, 11.25 ], "texture": "#revolver" }
			}
		},
		{
			"__comment": "Voxels",
			"from": [ 6.5, 1.5, 18 ],
			"to": [ 9.5, 2.5, 19 ],
			"faces": {
				"down": { "uv": [ 2.125, 11.625, 2.875, 11.875 ], "texture": "#revolver" },
				"up": { "uv": [ 2.125, 11.625, 2.875, 11.375 ], "texture": "#revolver" },
				"north": { "uv": [ 2.875, 11.125, 2.125, 11.375 ], "texture": "#revolver" },
				"south": { "uv": [ 2.125, 10.875, 2.875, 11.125 ], "texture": "#revolver" },
				"west": { "uv": [ 1.875, 9.125, 2.125, 9.375 ], "texture": "#revolver" },
				"east": { "uv": [ 3, 0.5, 2.75, 0.75 ], "texture": "#revolver" }
			}
		},
		{
			"__comment": "Voxels",
			"from": [ 6.5, 2, 14.5 ],
			"to": [ 9.5, 3, 15 ],
			"faces": {
				"down": { "uv": [ 3.375, 4.875, 4.125, 5 ], "texture": "#revolver" },
				"north": { "uv": [ 2.875, 10.625, 2.125, 10.875 ], "texture": "#revolver" },
				"west": { "uv": [ 4.75, 5.375, 4.875, 5.625 ], "texture": "#revolver" },
				"east": { "uv": [ 4.875, 5.625, 4.75, 5.875 ], "texture": "#revolver" }
			}
		},
		{
			"__comment": "Voxels",
			"from": [ 6.5, 2, 19 ],
			"to": [ 9, 2.5, 19.5 ],
			"faces": {
				"down": { "uv": [ 3.375, 3.625, 4, 3.75 ], "texture": "#revolver" },
				"up": { "uv": [ 3.375, 3.625, 4, 3.5 ], "texture": "#revolver" },
				"south": { "uv": [ 3.375, 0.625, 4, 0.75 ], "texture": "#revolver" },
				"west": { "uv": [ 4, 1.5, 4.125, 1.625 ], "texture": "#revolver" },
				"east": { "uv": [ 4.75, 0.875, 4.625, 1 ], "texture": "#revolver" }
			}
		},
		{
			"__comment": "Voxels",
			"from": [ 6.5, 2.5, 18.5 ],
			"to": [ 9.5, 3, 19 ],
			"faces": {
				"south": { "uv": [ 3.375, 11.75, 4.125, 11.875 ], "texture": "#revolver" },
				"west": { "uv": [ 4.625, 1, 4.75, 1.125 ], "texture": "#revolver" },
				"east": { "uv": [ 4.75, 3, 4.625, 3.125 ], "texture": "#revolver" }
			}
		},
		{
			"__comment": "Voxels",
			"from": [ 6.5, 3, 14 ],
			"to": [ 9.5, 3.5, 14.5 ],
			"faces": {
				"down": { "uv": [ 6.375, 11.875, 7.125, 12 ], "texture": "#revolver" },
				"north": { "uv": [ 4.125, 10.375, 3.375, 10.5 ], "texture": "#revolver" },
				"west": { "uv": [ 4.625, 3.125, 4.75, 3.25 ], "texture": "#revolver" },
				"east": { "uv": [ 4.75, 3.25, 4.625, 3.375 ], "texture": "#revolver" }
			}
		},
		{
			"__comment": "Voxels",
			"from": [ 6.5, 3.5, 13.5 ],
			"to": [ 9.5, 4.5, 14 ],
			"faces": {
				"down": { "uv": [ 3.375, 8.625, 4.125, 8.75 ], "texture": "#revolver" },
				"north": { "uv": [ 2.875, 2.625, 2.125, 2.875 ], "texture": "#revolver" },
				"west": { "uv": [ 4.75, 1.875, 4.875, 2.125 ], "texture": "#revolver" },
				"east": { "uv": [ 3, 5.5, 2.875, 5.75 ], "texture": "#revolver" }
			}
		},
		{
			"__comment": "Voxels",
			"from": [ 6.5, 3.5, 18.5 ],
			"to": [ 10, 4, 19 ],
			"faces": {
				"down": { "uv": [ 13.375, 12.25, 14.25, 12.375 ], "texture": "#revolver" },
				"up": { "uv": [ 4.25, 12.125, 5.125, 12 ], "texture": "#revolver" },
				"south": { "uv": [ 6, 12, 6.875, 12.125 ], "texture": "#revolver" },
				"west": { "uv": [ 4.625, 3.75, 4.75, 3.875 ], "texture": "#revolver" },
				"east": { "uv": [ 4.75, 3.875, 4.625, 4 ], "texture": "#revolver" }
			}
		},
		{
			"__comment": "Voxels",
			"from": [ 6.5, 4, 18.5 ],
			"to": [ 9.5, 4.5, 19 ],
			"faces": {
				"up": { "uv": [ 3.375, 9.375, 4.125, 9.25 ], "texture": "#revolver" },
				"south": { "uv": [ 10.875, 12, 11.625, 12.125 ], "texture": "#revolver" },
				"west": { "uv": [ 4.625, 4.75, 4.75, 4.875 ], "texture": "#revolver" },
				"east": { "uv": [ 4.75, 4.875, 4.625, 5 ], "texture": "#revolver" }
			}
		},
		{
			"__comment": "Voxels",
			"from": [ 6.5, 4.5, 13 ],
			"to": [ 9.5, 5.5, 13.5 ],
			"faces": {
				"down": { "uv": [ 12.375, 12, 13.125, 12.125 ], "texture": "#revolver" },
				"north": { "uv": [ 2.875, 9.875, 2.125, 10.125 ], "texture": "#revolver" },
				"west": { "uv": [ 2.875, 6, 3, 6.25 ], "texture": "#revolver" },
				"east": { "uv": [ 3, 6.25, 2.875, 6.5 ], "texture": "#revolver" }
			}
		},
		{
			"__comment": "Voxels",
			"from": [ 6.5, 4.5, 18.5 ],
			"to": [ 9, 5, 19 ],
			"faces": {
				"up": { "uv": [ 3.375, 3.25, 4, 3.125 ], "texture": "#revolver" },
				"south": { "uv": [ 12.25, 11.75, 12.875, 11.875 ], "texture": "#revolver" },
				"west": { "uv": [ 4.625, 5.25, 4.75, 5.375 ], "texture": "#revolver" },
				"east": { "uv": [ 4.75, 5.375, 4.625, 5.5 ], "texture": "#revolver" }
			}
		},
		{
			"__comment": "Voxels",
			"from": [ 6.5, 5, 12.5 ],
			"to": [ 8.5, 6, 13 ],
			"faces": {
				"down": { "uv": [ 1, 9, 1.5, 9.125 ], "texture": "#revolver" },
				"up": { "uv": [ 2.5, 8.25, 3, 8.125 ], "texture": "#revolver" },
				"north": { "uv": [ 11.125, 12.375, 10.625, 12.625 ], "texture": "#revolver" },
				"south": { "uv": [ 11.125, 12.375, 11.625, 12.625 ], "texture": "#revolver" },
				"west": { "uv": [ 2.875, 8.875, 3, 9.125 ], "texture": "#revolver" },
				"east": { "uv": [ 3, 9.125, 2.875, 9.375 ], "texture": "#revolver" }
			}
		},
		{
			"__comment": "Voxels",
			"from": [ 6.5, 5, 18 ],
			"to": [ 9.5, 5.5, 18.5 ],
			"faces": {
				"up": { "uv": [ 4.875, 12, 5.625, 11.875 ], "texture": "#revolver" },
				"south": { "uv": [ 3.375, 11.875, 4.125, 12 ], "texture": "#revolver" },
				"west": { "uv": [ 4.625, 5.5, 4.75, 5.625 ], "texture": "#revolver" },
				"east": { "uv": [ 4.75, 5.625, 4.625, 5.75 ], "texture": "#revolver" }
			}
		},
		{
			"__comment": "Voxels",
			"from": [ 6.5, 5.5, 14 ],
			"to": [ 10.5, 7.5, 15.5 ],
			"faces": {
				"down": { "uv": [ 6.5, 14, 7.5, 14.375 ], "texture": "#revolver" },
				"up": { "uv": [ 5.5, 14.375, 6.5, 14 ], "texture": "#revolver" },
				"north": { "uv": [ 16, 15.5, 15, 16 ], "texture": "#revolver" },
				"south": { "uv": [ 14, 15.5, 15, 16 ], "texture": "#revolver" },
				"east": { "uv": [ 1.875, 1.25, 1.5, 1.75 ], "texture": "#revolver" }
			}
		},
		{
			"__comment": "Voxels",
			"from": [ 6.5, 5.5, 16 ],
			"to": [ 10.5, 6.5, 16.5 ],
			"faces": {
				"down": { "uv": [ 9.125, 12.625, 10.125, 12.75 ], "texture": "#revolver" },
				"up": { "uv": [ 10.125, 12.75, 11.125, 12.625 ], "texture": "#revolver" },
				"south": { "uv": [ 15, 15.25, 16, 15.5 ], "texture": "#revolver" },
				"east": { "uv": [ 3, 9.875, 2.875, 10.125 ], "texture": "#revolver" }
			}
		},
		{
			"__comment": "Voxels",
			"from": [ 6.5, 5.5, 16.5 ],
			"to": [ 10, 7, 17 ],
			"faces": {
				"down": { "uv": [ 9.875, 12.25, 10.75, 12.375 ], "texture": "#revolver" },
				"up": { "uv": [ 10.75, 12.375, 11.625, 12.25 ], "texture": "#revolver" },
				"north": { "uv": [ 14.75, 14, 13.875, 14.375 ], "texture": "#revolver" },
				"south": { "uv": [ 13, 14, 13.875, 14.375 ], "texture": "#revolver" },
				"east": { "uv": [ 4.375, 5.75, 4.25, 6.125 ], "texture": "#revolver" }
			}
		},
		{
			"__comment": "Voxels",
			"from": [ 6.5, 5.5, 17.5 ],
			"to": [ 9.5, 6.5, 18 ],
			"faces": {
				"up": { "uv": [ 3.375, 7.5, 4.125, 7.375 ], "texture": "#revolver" },
				"south": { "uv": [ 2.125, 9.125, 2.875, 9.375 ], "texture": "#revolver" },
				"west": { "uv": [ 2.875, 10.125, 3, 10.375 ], "texture": "#revolver" },
				"east": { "uv": [ 3, 10.375, 2.875, 10.625 ], "texture": "#revolver" }
			}
		},
		{
			"__comment": "Voxels",
			"from": [ 6.5, 6.5, 12.5 ],
			"to": [ 9.5, 9, 13 ],
			"faces": {
				"down": { "uv": [ 3.375, 8, 4.125, 8.125 ], "texture": "#revolver" },
				"north": { "uv": [ 1.5, 13.5, 0.75, 14.125 ], "texture": "#revolver" },
				"south": { "uv": [ 0.75, 12.25, 1.5, 12.875 ], "texture": "#revolver" },
				"west": { "uv": [ 3.625, 4, 3.75, 4.625 ], "texture": "#revolver" },
				"east": { "uv": [ 3.125, 0, 3, 0.625 ], "texture": "#revolver" }
			}
		},
		{
			"__comment": "Voxels",
			"from": [ 6.5, 6.5, 16 ],
			"to": [ 10, 8, 16.5 ],
			"faces": {
				"up": { "uv": [ 12.5, 12.375, 13.375, 12.25 ], "texture": "#revolver" },
				"north": { "uv": [ 11.25, 14, 10.375, 14.375 ], "texture": "#revolver" },
				"south": { "uv": [ 12.125, 14, 13, 14.375 ], "texture": "#revolver" },
				"east": { "uv": [ 4.375, 6.625, 4.25, 7 ], "texture": "#revolver" }
			}
		},
		{
			"__comment": "Voxels",
			"from": [ 6.5, 6.5, 17 ],
			"to": [ 9.5, 7, 17.5 ],
			"faces": {
				"up": { "uv": [ 10.875, 12, 11.625, 11.875 ], "texture": "#revolver" },
				"south": { "uv": [ 7.125, 11.875, 7.875, 12 ], "texture": "#revolver" },
				"west": { "uv": [ 4, 0, 4.125, 0.125 ], "texture": "#revolver" },
				"east": { "uv": [ 4.125, 0.125, 4, 0.25 ], "texture": "#revolver" }
			}
		},
		{
			"__comment": "Voxels",
			"from": [ 6.5, 7, 13 ],
			"to": [ 9.5, 9, 13.5 ],
			"faces": {
				"south": { "uv": [ 0.75, 2.25, 1.5, 2.75 ], "texture": "#revolver" },
				"west": { "uv": [ 2, 7.125, 2.125, 7.625 ], "texture": "#revolver" },
				"east": { "uv": [ 2.125, 6.625, 2, 7.125 ], "texture": "#revolver" }
			}
		},
		{
			"__comment": "Voxels",
			"from": [ 6.5, 7, 16.5 ],
			"to": [ 9.5, 8.5, 17 ],
			"faces": {
				"up": { "uv": [ 3.375, 7, 4.125, 6.875 ], "texture": "#revolver" },
				"north": { "uv": [ 12.375, 13.625, 11.625, 14 ], "texture": "#revolver" },
				"south": { "uv": [ 0, 0, 0.75, 0.375 ], "texture": "#revolver" },
				"west": { "uv": [ 2, 2.875, 2.125, 3.25 ], "texture": "#revolver" },
				"east": { "uv": [ 2.125, 3.25, 2, 3.625 ], "texture": "#revolver" }
			}
		},
		{
			"__comment": "Voxels",
			"from": [ 6.5, 7.5, 12 ],
			"to": [ 9.5, 9.5, 12.5 ],
			"faces": {
				"down": { "uv": [ 3.375, 8.5, 4.125, 8.625 ], "texture": "#revolver" },
				"north": { "uv": [ 1.5, 1.75, 0.75, 2.25 ], "texture": "#revolver" },
				"south": { "uv": [ 0.75, 4.75, 1.5, 5.25 ], "texture": "#revolver" },
				"west": { "uv": [ 2, 6.125, 2.125, 6.625 ], "texture": "#revolver" },
				"east": { "uv": [ 4.125, 4.125, 4, 4.625 ], "texture": "#revolver" }
			}
		},
		{
			"__comment": "Voxels",
			"from": [ 6.5, 7.5, 14 ],
			"to": [ 10, 8.5, 15.5 ],
			"faces": {
				"up": { "uv": [ 14.75, 14.375, 15.625, 14 ], "texture": "#revolver" },
				"north": { "uv": [ 15.125, 13.125, 14.25, 13.375 ], "texture": "#revolver" },
				"east": { "uv": [ 3, 3.75, 2.625, 4 ], "texture": "#revolver" }
			}
		},
		{
			"__comment": "Voxels",
			"from": [ 6.5, 8, 11.5 ],
			"to": [ 9.5, 9.5, 12 ],
			"faces": {
				"down": { "uv": [ 13.875, 12, 14.625, 12.125 ], "texture": "#revolver" },
				"north": { "uv": [ 6.75, 13.625, 6, 14 ], "texture": "#revolver" },
				"west": { "uv": [ 4.75, 6.75, 4.875, 7.125 ], "texture": "#revolver" },
				"east": { "uv": [ 4.875, 7.125, 4.75, 7.5 ], "texture": "#revolver" }
			}
		},
		{
			"__comment": "Voxels",
			"from": [ 6.5, 8, 16 ],
			"to": [ 9.5, 9, 16.5 ],
			"faces": {
				"up": { "uv": [ 3.375, 7.625, 4.125, 7.5 ], "texture": "#revolver" },
				"north": { "uv": [ 2.875, 8.875, 2.125, 9.125 ], "texture": "#revolver" },
				"south": { "uv": [ 2.125, 8.625, 2.875, 8.875 ], "texture": "#revolver" },
				"west": { "uv": [ 4.875, 5.5, 5, 5.75 ], "texture": "#revolver" },
				"east": { "uv": [ 5, 5.75, 4.875, 6 ], "texture": "#revolver" }
			}
		},
		{
			"__comment": "Voxels",
			"from": [ 6.5, 8.5, 11 ],
			"to": [ 9.5, 12.5, 11.5 ],
			"faces": {
				"down": { "uv": [ 7.875, 11.875, 8.625, 12 ], "texture": "#revolver" },
				"up": { "uv": [ 8.625, 12, 9.375, 11.875 ], "texture": "#revolver" },
				"north": { "uv": [ 0.75, 13, 0, 14 ], "texture": "#revolver" },
				"south": { "uv": [ 0, 12, 0.75, 13 ], "texture": "#revolver" },
				"west": { "uv": [ 3, 2.375, 3.125, 3.375 ], "texture": "#revolver" },
				"east": { "uv": [ 3.125, 3.375, 3, 4.375 ], "texture": "#revolver" }
			}
		},
		{
			"__comment": "Voxels",
			"from": [ 6.5, 8.5, 13.5 ],
			"to": [ 9.5, 12, 14 ],
			"faces": {
				"up": { "uv": [ 13.125, 12, 13.875, 11.875 ], "texture": "#revolver" },
				"north": { "uv": [ 0.75, 11.125, 0, 12 ], "texture": "#revolver" },
				"south": { "uv": [ 0, 10.25, 0.75, 11.125 ], "texture": "#revolver" },
				"west": { "uv": [ 3, 1.5, 3.125, 2.375 ], "texture": "#revolver" },
				"east": { "uv": [ 3.125, 0.625, 3, 1.5 ], "texture": "#revolver" }
			}
		},
		{
			"__comment": "Voxels",
			"from": [ 6.5, 8.5, 14 ],
			"to": [ 9.5, 11.5, 14.5 ],
			"faces": {
				"up": { "uv": [ 3.375, 11.5, 4.125, 11.375 ], "texture": "#revolver" },
				"south": { "uv": [ 0, 7, 0.75, 7.75 ], "texture": "#revolver" },
				"west": { "uv": [ 3.125, 2.875, 3.25, 3.625 ], "texture": "#revolver" },
				"east": { "uv": [ 3.375, 2.875, 3.25, 3.625 ], "texture": "#revolver" }
			}
		},
		{
			"__comment": "Voxels",
			"from": [ 6.5, 9, 15.5 ],
			"to": [ 9.5, 11, 16 ],
			"faces": {
				"up": { "uv": [ 3.375, 11, 4.125, 10.875 ], "texture": "#revolver" },
				"north": { "uv": [ 1.5, 5.25, 0.75, 5.75 ], "texture": "#revolver" },
				"south": { "uv": [ 0.75, 8.5, 1.5, 9 ], "texture": "#revolver" },
				"west": { "uv": [ 4.125, 11.125, 4.25, 11.625 ], "texture": "#revolver" },
				"east": { "uv": [ 4.25, 10.625, 4.125, 11.125 ], "texture": "#revolver" }
			}
		},
		{
			"__comment": "Voxels",
			"from": [ 6.5, 5.5, 7.5 ],
			"to": [ 9.5, 6, 8 ],
			"rotation": { "origin": [ 7, 4.5, 6 ], "axis": "x", "angle": -45 },
			"faces": {
				"down": { "uv": [ 3.375, 10.25, 4.125, 10.375 ], "texture": "#revolver" },
				"north": { "uv": [ 4.125, 10, 3.375, 10.125 ], "texture": "#revolver" },
				"west": { "uv": [ 5, 8.375, 5.125, 8.5 ], "texture": "#revolver" },
				"east": { "uv": [ 5.125, 8.5, 5, 8.625 ], "texture": "#revolver" }
			}
		},
		{
			"__comment": "Voxels",
			"from": [ 6.5, 5.5, 12 ],
			"to": [ 9, 6, 12.5 ],
			"rotation": { "origin": [ 7, 4.5, 6 ], "axis": "x", "angle": -45 },
			"faces": {
				"down": { "uv": [ 3.375, 2.625, 4, 2.75 ], "texture": "#revolver" },
				"up": { "uv": [ 3.375, 0.25, 4, 0.125 ], "texture": "#revolver" },
				"west": { "uv": [ 10.875, 10.875, 11, 11 ], "texture": "#revolver" },
				"east": { "uv": [ 10.875, 10.875, 10.75, 11 ], "texture": "#revolver" }
			}
		},
		{
			"__comment": "Voxels",
			"from": [ 6.5, 9.5, 14.5 ],
			"to": [ 9.5, 11, 15.5 ],
			"faces": {
				"up": { "uv": [ 2.125, 6.75, 2.875, 6.5 ], "texture": "#revolver" },
				"west": { "uv": [ 3.125, 2.5, 3.375, 2.875 ], "texture": "#revolver" },
				"east": { "uv": [ 3.375, 2.125, 3.125, 2.5 ], "texture": "#revolver" }
			}
		},
		{
			"__comment": "Voxels",
			"from": [ 6.5, 6, 7 ],
			"to": [ 9.5, 10, 7.5 ],
			"rotation": { "origin": [ 7, 4.5, 6 ], "axis": "x", "angle": -45 },
			"faces": {
				"down": { "uv": [ 3.375, 8.25, 4.125, 8.375 ], "texture": "#revolver" },
				"up": { "uv": [ 3.375, 8.25, 4.125, 8.125 ], "texture": "#revolver" },
				"north": { "uv": [ 0.75, 14, 0, 15 ], "texture": "#revolver" },
				"south": { "uv": [ 0, 15, 0.75, 16 ], "texture": "#revolver" },
				"west": { "uv": [ 3, 8.375, 3.125, 9.375 ], "texture": "#revolver" },
				"east": { "uv": [ 3.125, 9.375, 3, 10.375 ], "texture": "#revolver" }
			}
		},
		{
			"__comment": "Voxels",
			"from": [ 6.5, 10, 11.5 ],
			"to": [ 9.5, 12.5, 13 ],
			"faces": {
				"down": { "uv": [ 12.375, 13.625, 13.125, 14 ], "texture": "#revolver" },
				"up": { "uv": [ 13.125, 14, 13.875, 13.625 ], "texture": "#revolver" },
				"south": { "uv": [ 0.75, 12.875, 1.5, 13.5 ], "texture": "#revolver" },
				"west": { "uv": [ 1.5, 4.125, 1.875, 4.75 ], "texture": "#revolver" },
				"east": { "uv": [ 1.875, 5.5, 1.5, 6.125 ], "texture": "#revolver" }
			}
		},
		{
			"__comment": "Voxels",
			"from": [ 6.5, 10, 13 ],
			"to": [ 9.5, 12, 13.5 ],
			"faces": {
				"up": { "uv": [ 3.375, 7.125, 4.125, 7 ], "texture": "#revolver" },
				"west": { "uv": [ 4.125, 10.125, 4.25, 10.625 ], "texture": "#revolver" },
				"east": { "uv": [ 4.25, 9.625, 4.125, 10.125 ], "texture": "#revolver" }
			}
		},
		{
			"__comment": "Voxels",
			"from": [ 6.5, 7, 6.5 ],
			"to": [ 9.5, 9.5, 7 ],
			"rotation": { "origin": [ 7, 4.5, 6 ], "axis": "x", "angle": -45 },
			"faces": {
				"down": { "uv": [ 3.375, 6.375, 4.125, 6.5 ], "texture": "#revolver" },
				"up": { "uv": [ 3.375, 6.375, 4.125, 6.25 ], "texture": "#revolver" },
				"north": { "uv": [ 1.5, 14.125, 0.75, 14.75 ], "texture": "#revolver" },
				"west": { "uv": [ 3.75, 4, 3.875, 4.625 ], "texture": "#revolver" },
				"east": { "uv": [ 4, 4, 3.875, 4.625 ], "texture": "#revolver" }
			}
		},
		{
			"__comment": "Voxels",
			"from": [ 6.5, 12, 17.5 ],
			"to": [ 9.5, 14, 18.5 ],
			"faces": {
				"down": { "uv": [ 2.125, 6.25, 2.875, 6.5 ], "texture": "#revolver" },
				"up": { "uv": [ 2.125, 6.25, 2.875, 6 ], "texture": "#revolver" },
				"north": { "uv": [ 1.5, 6.75, 0.75, 7.25 ], "texture": "#revolver" },
				"south": { "uv": [ 0.75, 8, 1.5, 8.5 ], "texture": "#revolver" },
				"west": { "uv": [ 3.125, 9.875, 3.375, 10.375 ], "texture": "#revolver" },
				"east": { "uv": [ 16, 14.75, 15.75, 15.25 ], "texture": "#revolver" }
			}
		},
		{
			"__comment": "Voxels",
			"from": [ 6.5, 12.5, 17 ],
			"to": [ 9.5, 13, 17.5 ],
			"faces": {
				"down": { "uv": [ 3.375, 6, 4.125, 6.125 ], "texture": "#revolver" },
				"up": { "uv": [ 3.375, 6, 4.125, 5.875 ], "texture": "#revolver" },
				"north": { "uv": [ 4.125, 5.75, 3.375, 5.875 ], "texture": "#revolver" },
				"west": { "uv": [ 4.625, 1.25, 4.75, 1.375 ], "texture": "#revolver" },
				"east": { "uv": [ 4.75, 1.375, 4.625, 1.5 ], "texture": "#revolver" }
			}
		},
		{
			"__comment": "Voxels",
			"from": [ 6.5, 12.5, 18.5 ],
			"to": [ 9.5, 13.5, 19 ],
			"faces": {
				"down": { "uv": [ 3.375, 5.25, 4.125, 5.375 ], "texture": "#revolver" },
				"up": { "uv": [ 3.375, 5.25, 4.125, 5.125 ], "texture": "#revolver" },
				"south": { "uv": [ 2.125, 5.5, 2.875, 5.75 ], "texture": "#revolver" },
				"west": { "uv": [ 4.75, 1.125, 4.875, 1.375 ], "texture": "#revolver" },
				"east": { "uv": [ 4.875, 1.375, 4.75, 1.625 ], "texture": "#revolver" }
			}
		},
		{
			"__comment": "Voxels",
			"from": [ 6.5, 9, 12 ],
			"to": [ 9, 9.5, 12.5 ],
			"rotation": { "origin": [ 7, 4.5, 6 ], "axis": "x", "angle": -45 },
			"faces": {
				"down": { "uv": [ 14.125, 11.75, 14.75, 11.875 ], "texture": "#revolver" },
				"up": { "uv": [ 3.375, 1.75, 4, 1.625 ], "texture": "#revolver" },
				"south": { "uv": [ 3.375, 0.5, 4, 0.625 ], "texture": "#revolver" },
				"west": { "uv": [ 4.875, 1.75, 5, 1.875 ], "texture": "#revolver" },
				"east": { "uv": [ 5, 1.875, 4.875, 2 ], "texture": "#revolver" }
			}
		},
		{
			"__comment": "Voxels",
			"from": [ 6.5, 9.5, 10 ],
			"to": [ 9, 10, 12 ],
			"rotation": { "origin": [ 7, 4.5, 6 ], "axis": "x", "angle": -45 },
			"faces": {
				"down": { "uv": [ 1.5, 13.125, 2.125, 13.625 ], "texture": "#revolver" },
				"up": { "uv": [ 0.75, 0.875, 1.375, 0.375 ], "texture": "#revolver" },
				"north": { "uv": [ 5.375, 11.75, 4.75, 11.875 ], "texture": "#revolver" },
				"south": { "uv": [ 6.625, 11.75, 7.25, 11.875 ], "texture": "#revolver" },
				"west": { "uv": [ 2.5, 2.125, 3, 2.25 ], "texture": "#revolver" },
				"east": { "uv": [ 3, 1.25, 2.5, 1.375 ], "texture": "#revolver" }
			}
		},
		{
			"__comment": "Voxels",
			"from": [ 7, 0.5, 16.5 ],
			"to": [ 9, 1, 17 ],
			"faces": {
				"down": { "uv": [ 4.75, 11.625, 5.25, 11.75 ], "texture": "#revolver" },
				"north": { "uv": [ 6.25, 11.625, 5.75, 11.75 ], "texture": "#revolver" },
				"south": { "uv": [ 6.25, 11.625, 6.75, 11.75 ], "texture": "#revolver" },
				"west": { "uv": [ 4, 0.25, 4.125, 0.375 ], "texture": "#revolver" },
				"east": { "uv": [ 4.125, 0.375, 4, 0.5 ], "texture": "#revolver" }
			}
		},
		{
			"__comment": "Voxels",
			"from": [ 7, 1, 15.5 ],
			"to": [ 9.5, 1.5, 16 ],
			"faces": {
				"down": { "uv": [ 14.75, 11.75, 15.375, 11.875 ], "texture": "#revolver" },
				"north": { "uv": [ 4, 1.875, 3.375, 2 ], "texture": "#revolver" },
				"west": { "uv": [ 4, 3.25, 4.125, 3.375 ], "texture": "#revolver" },
				"east": { "uv": [ 4.125, 3.375, 4, 3.5 ], "texture": "#revolver" }
			}
		},
		{
			"__comment": "Voxels",
			"from": [ 7, 1, 17.5 ],
			"to": [ 9.5, 1.5, 18 ],
			"faces": {
				"down": { "uv": [ 3.375, 1.375, 4, 1.5 ], "texture": "#revolver" },
				"south": { "uv": [ 3.375, 1, 4, 1.125 ], "texture": "#revolver" },
				"west": { "uv": [ 5, 5.5, 5.125, 5.625 ], "texture": "#revolver" },
				"east": { "uv": [ 5.125, 5.625, 5, 5.75 ], "texture": "#revolver" }
			}
		},
		{
			"__comment": "Voxels",
			"from": [ 7, 1, 18 ],
			"to": [ 9, 1.5, 19 ],
			"faces": {
				"down": { "uv": [ 14.625, 12.375, 15.125, 12.625 ], "texture": "#revolver" },
				"south": { "uv": [ 7.25, 11.625, 7.75, 11.75 ], "texture": "#revolver" },
				"west": { "uv": [ 7.125, 11.125, 7.375, 11.25 ], "texture": "#revolver" },
				"east": { "uv": [ 16, 11.25, 15.75, 11.375 ], "texture": "#revolver" }
			}
		},
		{
			"__comment": "Voxels",
			"from": [ 7, 1.5, 14.5 ],
			"to": [ 9, 2, 15 ],
			"faces": {
				"down": { "uv": [ 7.75, 11.625, 8.25, 11.75 ], "texture": "#revolver" },
				"north": { "uv": [ 9.25, 11.625, 8.75, 11.75 ], "texture": "#revolver" },
				"west": { "uv": [ 9.125, 10.875, 9.25, 11 ], "texture": "#revolver" },
				"east": { "uv": [ 9.125, 10.875, 9, 11 ], "texture": "#revolver" }
			}
		},
		{
			"__comment": "Voxels",
			"from": [ 7, 1.5, 19 ],
			"to": [ 9, 2, 19.5 ],
			"faces": {
				"down": { "uv": [ 9.75, 11.625, 10.25, 11.75 ], "texture": "#revolver" },
				"south": { "uv": [ 11.25, 11.625, 11.75, 11.75 ], "texture": "#revolver" },
				"west": { "uv": [ 4.875, 2, 5, 2.125 ], "texture": "#revolver" },
				"east": { "uv": [ 5, 2.125, 4.875, 2.25 ], "texture": "#revolver" }
			}
		},
		{
			"__comment": "Voxels",
			"from": [ 7, 2, 14 ],
			"to": [ 9, 3, 14.5 ],
			"faces": {
				"down": { "uv": [ 11.75, 11.625, 12.25, 11.75 ], "texture": "#revolver" },
				"north": { "uv": [ 10.125, 12.375, 9.625, 12.625 ], "texture": "#revolver" },
				"west": { "uv": [ 4.75, 4.125, 4.875, 4.375 ], "texture": "#revolver" },
				"east": { "uv": [ 4.875, 4.375, 4.75, 4.625 ], "texture": "#revolver" }
			}
		},
		{
			"__comment": "Voxels",
			"from": [ 7, 2.5, 19 ],
			"to": [ 9, 3.5, 19.5 ],
			"faces": {
				"up": { "uv": [ 13.25, 11.75, 13.75, 11.625 ], "texture": "#revolver" },
				"north": { "uv": [ 15.75, 12.75, 15.25, 13 ], "texture": "#revolver" },
				"south": { "uv": [ 3.125, 12.375, 3.625, 12.625 ], "texture": "#revolver" },
				"west": { "uv": [ 4.75, 4.875, 4.875, 5.125 ], "texture": "#revolver" },
				"east": { "uv": [ 4.875, 5.125, 4.75, 5.375 ], "texture": "#revolver" }
			}
		},
		{
			"__comment": "Voxels",
			"from": [ 7, 3, 13.5 ],
			"to": [ 9, 3.5, 14 ],
			"faces": {
				"down": { "uv": [ 13.75, 11.625, 14.25, 11.75 ], "texture": "#revolver" },
				"north": { "uv": [ 15.25, 11.625, 14.75, 11.75 ], "texture": "#revolver" },
				"west": { "uv": [ 4.625, 1.125, 4.75, 1.25 ], "texture": "#revolver" },
				"east": { "uv": [ 4.75, 2.875, 4.625, 3 ], "texture": "#revolver" }
			}
		},
		{
			"__comment": "Voxels",
			"from": [ 7, 3.5, 13 ],
			"to": [ 9, 4.5, 13.5 ],
			"faces": {
				"down": { "uv": [ 4.25, 11.5, 4.75, 11.625 ], "texture": "#revolver" },
				"north": { "uv": [ 6.125, 12.375, 5.625, 12.625 ], "texture": "#revolver" },
				"west": { "uv": [ 2.875, 6.5, 3, 6.75 ], "texture": "#revolver" },
				"east": { "uv": [ 3, 6.75, 2.875, 7 ], "texture": "#revolver" }
			}
		},
		{
			"__comment": "Voxels",
			"from": [ 7, 3.5, 19 ],
			"to": [ 8.5, 4, 19.5 ],
			"faces": {
				"up": { "uv": [ 4.25, 5.25, 4.625, 5.125 ], "texture": "#revolver" },
				"south": { "uv": [ 4.25, 6.375, 4.625, 6.5 ], "texture": "#revolver" },
				"west": { "uv": [ 4.625, 6.375, 4.75, 6.5 ], "texture": "#revolver" },
				"east": { "uv": [ 4.75, 6.5, 4.625, 6.625 ], "texture": "#revolver" }
			}
		},
		{
			"__comment": "Voxels",
			"from": [ 7, 4.5, 12.5 ],
			"to": [ 8.5, 5, 13 ],
			"faces": {
				"down": { "uv": [ 2.625, 4.375, 3, 4.5 ], "texture": "#revolver" },
				"north": { "uv": [ 3, 7.375, 2.625, 7.5 ], "texture": "#revolver" },
				"west": { "uv": [ 4, 2.125, 4.125, 2.25 ], "texture": "#revolver" },
				"east": { "uv": [ 5.125, 7.625, 5, 7.75 ], "texture": "#revolver" }
			}
		},
		{
			"__comment": "Voxels",
			"from": [ 7, 5, 14 ],
			"to": [ 10.5, 5.5, 17 ],
			"faces": {
				"down": { "uv": [ 4.75, 15.25, 5.625, 16 ], "texture": "#revolver" },
				"up": { "uv": [ 5.625, 16, 6.5, 15.25 ], "texture": "#revolver" },
				"north": { "uv": [ 8.625, 12, 7.75, 12.125 ], "texture": "#revolver" },
				"south": { "uv": [ 15.125, 12.625, 16, 12.75 ], "texture": "#revolver" },
				"west": { "uv": [ 3.375, 10.75, 4.125, 10.875 ], "texture": "#revolver" },
				"east": { "uv": [ 4.125, 10.625, 3.375, 10.75 ], "texture": "#revolver" }
			}
		},
		{
			"__comment": "Voxels",
			"from": [ 7, 5, 18.5 ],
			"to": [ 9, 5.5, 19 ],
			"faces": {
				"up": { "uv": [ 5.75, 11.625, 6.25, 11.5 ], "texture": "#revolver" },
				"south": { "uv": [ 6.75, 11.5, 7.25, 11.625 ], "texture": "#revolver" },
				"west": { "uv": [ 4.875, 4.25, 5, 4.375 ], "texture": "#revolver" },
				"east": { "uv": [ 5, 4.375, 4.875, 4.5 ], "texture": "#revolver" }
			}
		},
		{
			"__comment": "Voxels",
			"from": [ 7, 5.5, 18 ],
			"to": [ 9, 6, 18.5 ],
			"faces": {
				"up": { "uv": [ 7.75, 11.625, 8.25, 11.5 ], "texture": "#revolver" },
				"south": { "uv": [ 8.75, 11.5, 9.25, 11.625 ], "texture": "#revolver" },
				"west": { "uv": [ 9.375, 10.875, 9.5, 11 ], "texture": "#revolver" },
				"east": { "uv": [ 9.375, 10.875, 9.25, 11 ], "texture": "#revolver" }
			}
		},
		{
			"__comment": "Voxels",
			"from": [ 7, 6, 12.5 ],
			"to": [ 9.5, 6.5, 13 ],
			"faces": {
				"down": { "uv": [ 15.375, 13, 16, 13.125 ], "texture": "#revolver" },
				"north": { "uv": [ 16, 11.875, 15.375, 12 ], "texture": "#revolver" },
				"west": { "uv": [ 8.375, 10.875, 8.5, 11 ], "texture": "#revolver" },
				"east": { "uv": [ 8.375, 10.875, 8.25, 11 ], "texture": "#revolver" }
			}
		},
		{
			"__comment": "Voxels",
			"from": [ 7, 6.5, 17.5 ],
			"to": [ 9, 7, 18 ],
			"faces": {
				"up": { "uv": [ 9.75, 11.625, 10.25, 11.5 ], "texture": "#revolver" },
				"south": { "uv": [ 10.75, 11.5, 11.25, 11.625 ], "texture": "#revolver" },
				"west": { "uv": [ 4, 1, 4.125, 1.125 ], "texture": "#revolver" },
				"east": { "uv": [ 4.125, 0.5, 4, 0.625 ], "texture": "#revolver" }
			}
		},
		{
			"__comment": "Voxels",
			"from": [ 7, 7, 12 ],
			"to": [ 9.5, 7.5, 12.5 ],
			"faces": {
				"down": { "uv": [ 5.375, 11.75, 6, 11.875 ], "texture": "#revolver" },
				"north": { "uv": [ 11.625, 11.75, 11, 11.875 ], "texture": "#revolver" },
				"west": { "uv": [ 4, 1.375, 4.125, 1.5 ], "texture": "#revolver" },
				"east": { "uv": [ 4.125, 1.125, 4, 1.25 ], "texture": "#revolver" }
			}
		},
		{
			"__comment": "Voxels",
			"from": [ 7, 7, 17 ],
			"to": [ 9, 8, 17.5 ],
			"faces": {
				"up": { "uv": [ 11.75, 11.625, 12.25, 11.5 ], "texture": "#revolver" },
				"south": { "uv": [ 9.25, 12.75, 9.75, 13 ], "texture": "#revolver" },
				"west": { "uv": [ 4.75, 3.375, 4.875, 3.625 ], "texture": "#revolver" },
				"east": { "uv": [ 4.875, 3.125, 4.75, 3.375 ], "texture": "#revolver" }
			}
		},
		{
			"__comment": "Voxels",
			"from": [ 7, 7.5, 11.5 ],
			"to": [ 9, 8, 12 ],
			"faces": {
				"down": { "uv": [ 12.25, 11.5, 12.75, 11.625 ], "texture": "#revolver" },
				"north": { "uv": [ 13.75, 11.5, 13.25, 11.625 ], "texture": "#revolver" },
				"west": { "uv": [ 5, 5.125, 5.125, 5.25 ], "texture": "#revolver" },
				"east": { "uv": [ 5.125, 4.75, 5, 4.875 ], "texture": "#revolver" }
			}
		},
		{
			"__comment": "Voxels",
			"from": [ 7, 4, 10.5 ],
			"to": [ 9, 5.5, 12.5 ],
			"rotation": { "origin": [ 7, 4.5, 6 ], "axis": "x", "angle": -45 },
			"faces": {
				"down": { "uv": [ 1.5, 6.625, 2, 7.125 ], "texture": "#revolver" },
				"up": { "uv": [ 1.5, 6.625, 2, 6.125 ], "texture": "#revolver" },
				"north": { "uv": [ 2.625, 3.25, 2.125, 3.625 ], "texture": "#revolver" },
				"south": { "uv": [ 2.125, 3.625, 2.625, 4 ], "texture": "#revolver" },
				"west": { "uv": [ 2.125, 4.75, 2.625, 5.125 ], "texture": "#revolver" },
				"east": { "uv": [ 2.625, 5.125, 2.125, 5.5 ], "texture": "#revolver" }
			}
		},
		{
			"__comment": "Voxels",
			"from": [ 7, 8, 11 ],
			"to": [ 9, 8.5, 11.5 ],
			"faces": {
				"down": { "uv": [ 14.25, 11.5, 14.75, 11.625 ], "texture": "#revolver" },
				"west": { "uv": [ 4.125, 0, 4.25, 0.125 ], "texture": "#revolver" },
				"east": { "uv": [ 4.75, 7.25, 4.625, 7.375 ], "texture": "#revolver" }
			}
		},
		{
			"__comment": "Voxels",
			"from": [ 7, 4.5, 5.5 ],
			"to": [ 8.5, 10, 6 ],
			"rotation": { "origin": [ 7, 4.5, 6 ], "axis": "x", "angle": -45 },
			"faces": {
				"down": { "uv": [ 2.625, 1.75, 3, 1.875 ], "texture": "#revolver" },
				"up": { "uv": [ 15.625, 12.25, 16, 12.125 ], "texture": "#revolver" },
				"north": { "uv": [ 0.375, 4.875, 0, 6.25 ], "texture": "#revolver" },
				"south": { "uv": [ 0.375, 4.875, 0.75, 6.25 ], "texture": "#revolver" },
				"west": { "uv": [ 3, 11.75, 3.125, 13.125 ], "texture": "#revolver" },
				"east": { "uv": [ 3.125, 10.375, 3, 11.75 ], "texture": "#revolver" }
			}
		},
		{
			"__comment": "Voxels",
			"from": [ 7, 4.5, 6 ],
			"to": [ 8.5, 6.5, 7 ],
			"rotation": { "origin": [ 7, 4.5, 6 ], "axis": "x", "angle": -45 },
			"faces": {
				"down": { "uv": [ 3.75, 6.5, 4.125, 6.75 ], "texture": "#revolver" },
				"up": { "uv": [ 3.375, 6.75, 3.75, 6.5 ], "texture": "#revolver" },
				"south": { "uv": [ 1.5, 0, 1.875, 0.5 ], "texture": "#revolver" },
				"west": { "uv": [ 3.125, 8.875, 3.375, 9.375 ], "texture": "#revolver" },
				"east": { "uv": [ 3.375, 8.375, 3.125, 8.875 ], "texture": "#revolver" }
			}
		},
		{
			"__comment": "Voxels",
			"from": [ 7, 4.5, 7 ],
			"to": [ 8.5, 6, 7.5 ],
			"rotation": { "origin": [ 7, 4.5, 6 ], "axis": "x", "angle": -45 },
			"faces": {
				"down": { "uv": [ 4.25, 0.875, 4.625, 1 ], "texture": "#revolver" },
				"south": { "uv": [ 15.625, 14, 16, 14.375 ], "texture": "#revolver" },
				"west": { "uv": [ 4.75, 9.75, 4.875, 10.125 ], "texture": "#revolver" },
				"east": { "uv": [ 4.875, 9.375, 4.75, 9.75 ], "texture": "#revolver" }
			}
		},
		{
			"__comment": "Voxels",
			"from": [ 7, 4.5, 7.5 ],
			"to": [ 9, 5, 10.5 ],
			"rotation": { "origin": [ 7, 4.5, 6 ], "axis": "x", "angle": -45 },
			"faces": {
				"down": { "uv": [ 0.75, 4, 1.25, 4.75 ], "texture": "#revolver" },
				"up": { "uv": [ 0.75, 4, 1.25, 3.25 ], "texture": "#revolver" },
				"north": { "uv": [ 5.25, 11.375, 4.75, 11.5 ], "texture": "#revolver" },
				"west": { "uv": [ 3.375, 9.5, 4.125, 9.625 ], "texture": "#revolver" },
				"east": { "uv": [ 4.125, 9.75, 3.375, 9.875 ], "texture": "#revolver" }
			}
		},
		{
			"__comment": "Voxels",
			"from": [ 7, 8.5, 16.5 ],
			"to": [ 9, 9, 17 ],
			"faces": {
				"up": { "uv": [ 6.25, 11.5, 6.75, 11.375 ], "texture": "#revolver" },
				"south": { "uv": [ 7.25, 11.375, 7.75, 11.5 ], "texture": "#revolver" },
				"west": { "uv": [ 8.5, 10.875, 8.625, 11 ], "texture": "#revolver" },
				"east": { "uv": [ 8.75, 10.875, 8.625, 11 ], "texture": "#revolver" }
			}
		},
		{
			"__comment": "Voxels",
			"from": [ 7, 5, 9 ],
			"to": [ 9, 5.5, 10.5 ],
			"rotation": { "origin": [ 7, 4.5, 6 ], "axis": "x", "angle": -45 },
			"faces": {
				"north": { "uv": [ 8.25, 11.375, 7.75, 11.5 ], "texture": "#revolver" },
				"west": { "uv": [ 4.25, 5.625, 4.625, 5.75 ], "texture": "#revolver" },
				"east": { "uv": [ 4.625, 5.5, 4.25, 5.625 ], "texture": "#revolver" }
			}
		},
		{
			"__comment": "Voxels",
			"from": [ 7, 9, 16 ],
			"to": [ 9.5, 9.5, 16.5 ],
			"faces": {
				"up": { "uv": [ 3.375, 0.375, 4, 0.25 ], "texture": "#revolver" },
				"south": { "uv": [ 3.375, 0.875, 4, 1 ], "texture": "#revolver" },
				"west": { "uv": [ 5, 5.375, 5.125, 5.5 ], "texture": "#revolver" },
				"east": { "uv": [ 5.125, 5.25, 5, 5.375 ], "texture": "#revolver" }
			}
		},
		{
			"__comment": "Voxels",
			"from": [ 7, 9.5, 16 ],
			"to": [ 9, 11, 16.5 ],
			"faces": {
				"up": { "uv": [ 9.25, 11.5, 9.75, 11.375 ], "texture": "#revolver" },
				"south": { "uv": [ 2.125, 4.375, 2.625, 4.75 ], "texture": "#revolver" },
				"west": { "uv": [ 4.5, 0.375, 4.625, 0.75 ], "texture": "#revolver" },
				"east": { "uv": [ 4.75, 0.375, 4.625, 0.75 ], "texture": "#revolver" }
			}
		},
		{
			"__comment": "Voxels",
			"from": [ 7, 6, 12 ],
			"to": [ 9, 9, 12.5 ],
			"rotation": { "origin": [ 7, 4.5, 6 ], "axis": "x", "angle": -45 },
			"faces": {
				"north": { "uv": [ 1.5, 9.125, 1, 9.875 ], "texture": "#revolver" },
				"south": { "uv": [ 0.75, 7.25, 1.25, 8 ], "texture": "#revolver" },
				"west": { "uv": [ 3.5, 3.875, 3.625, 4.625 ], "texture": "#revolver" },
				"east": { "uv": [ 3.5, 3.875, 3.375, 4.625 ], "texture": "#revolver" }
			}
		},
		{
			"__comment": "Voxels",
			"from": [ 7, 6.5, 6 ],
			"to": [ 8, 10, 6.5 ],
			"rotation": { "origin": [ 7, 4.5, 6 ], "axis": "x", "angle": -45 },
			"faces": {
				"up": { "uv": [ 9.375, 11.125, 9.625, 11 ], "texture": "#revolver" },
				"south": { "uv": [ 1.25, 10.75, 1.5, 11.625 ], "texture": "#revolver" },
				"west": { "uv": [ 3.25, 6.625, 3.375, 7.5 ], "texture": "#revolver" },
				"east": { "uv": [ 3.25, 6.625, 3.125, 7.5 ], "texture": "#revolver" }
			}
		},
		{
			"__comment": "Voxels",
			"from": [ 7, 6.5, 6.5 ],
			"to": [ 8, 7, 7 ],
			"rotation": { "origin": [ 7, 4.5, 6 ], "axis": "x", "angle": -45 },
			"faces": {
				"west": { "uv": [ 10.25, 10.875, 10.375, 11 ], "texture": "#revolver" },
				"east": { "uv": [ 10.5, 10.875, 10.375, 11 ], "texture": "#revolver" }
			}
		},
		{
			"__comment": "Voxels",
			"from": [ 7, 7, 2 ],
			"to": [ 9, 8, 3.5 ],
			"rotation": { "origin": [ 7, 4.5, 6 ], "axis": "x", "angle": -45 },
			"faces": {
				"down": { "uv": [ 2.125, 7, 2.625, 7.375 ], "texture": "#revolver" },
				"up": { "uv": [ 2.5, 8.625, 3, 8.25 ], "texture": "#revolver" },
				"north": { "uv": [ 5.125, 12.375, 4.625, 12.625 ], "texture": "#revolver" },
				"south": { "uv": [ 5.125, 12.375, 5.625, 12.625 ], "texture": "#revolver" },
				"west": { "uv": [ 3.75, 11.125, 4.125, 11.375 ], "texture": "#revolver" },
				"east": { "uv": [ 3, 1.875, 2.625, 2.125 ], "texture": "#revolver" }
			}
		},
		{
			"__comment": "Voxels",
			"from": [ 7, 7, 3.5 ],
			"to": [ 9, 7.5, 5.5 ],
			"rotation": { "origin": [ 7, 4.5, 6 ], "axis": "x", "angle": -45 },
			"faces": {
				"down": { "uv": [ 1.5, 8.625, 2, 9.125 ], "texture": "#revolver" },
				"up": { "uv": [ 1.5, 8.625, 2, 8.125 ], "texture": "#revolver" },
				"south": { "uv": [ 11.25, 11.375, 11.75, 11.5 ], "texture": "#revolver" },
				"west": { "uv": [ 11.75, 11.375, 12.25, 11.5 ], "texture": "#revolver" },
				"east": { "uv": [ 12.75, 11.375, 12.25, 11.5 ], "texture": "#revolver" }
			}
		},
		{
			"__comment": "Voxels",
			"from": [ 7, 11, 14.5 ],
			"to": [ 9, 12.5, 15 ],
			"faces": {
				"up": { "uv": [ 13.25, 11.5, 13.75, 11.375 ], "texture": "#revolver" },
				"north": { "uv": [ 2, 0.5, 1.5, 0.875 ], "texture": "#revolver" },
				"south": { "uv": [ 1.5, 0.875, 2, 1.25 ], "texture": "#revolver" },
				"west": { "uv": [ 2, 2.5, 2.125, 2.875 ], "texture": "#revolver" },
				"east": { "uv": [ 2.125, 2.125, 2, 2.5 ], "texture": "#revolver" }
			}
		},
		{
			"__comment": "Voxels",
			"from": [ 7, 11, 15 ],
			"to": [ 9, 12, 15.5 ],
			"faces": {
				"up": { "uv": [ 14.25, 11.5, 14.75, 11.375 ], "texture": "#revolver" },
				"south": { "uv": [ 7.125, 12.375, 7.625, 12.625 ], "texture": "#revolver" },
				"west": { "uv": [ 2.875, 11.875, 3, 12.125 ], "texture": "#revolver" },
				"east": { "uv": [ 3, 11.625, 2.875, 11.875 ], "texture": "#revolver" }
			}
		},
		{
			"__comment": "Voxels",
			"from": [ 7, 11, 15.5 ],
			"to": [ 9, 11.5, 16 ],
			"faces": {
				"up": { "uv": [ 15.25, 11.5, 15.75, 11.375 ], "texture": "#revolver" },
				"south": { "uv": [ 4.75, 11.25, 5.25, 11.375 ], "texture": "#revolver" },
				"west": { "uv": [ 4.625, 7.125, 4.75, 7.25 ], "texture": "#revolver" },
				"east": { "uv": [ 4.75, 7, 4.625, 7.125 ], "texture": "#revolver" }
			}
		},
		{
			"__comment": "Voxels",
			"from": [ 7, 7.5, 3.5 ],
			"to": [ 7.5, 9.5, 4.5 ],
			"rotation": { "origin": [ 7, 4.5, 6 ], "axis": "x", "angle": -45 },
			"faces": {
				"up": { "uv": [ 2.875, 11.125, 3, 10.875 ], "texture": "#revolver" },
				"north": { "uv": [ 4.25, 9.125, 4.125, 9.625 ], "texture": "#revolver" },
				"south": { "uv": [ 4.125, 8.625, 4.25, 9.125 ], "texture": "#revolver" },
				"west": { "uv": [ 3.125, 9.375, 3.375, 9.875 ], "texture": "#revolver" },
				"east": { "uv": [ 3.375, 10.375, 3.125, 10.875 ], "texture": "#revolver" }
			}
		},
		{
			"__comment": "Voxels",
			"from": [ 7, 7.5, 4.5 ],
			"to": [ 9, 8, 5.5 ],
			"rotation": { "origin": [ 7, 4.5, 6 ], "axis": "x", "angle": -45 },
			"faces": {
				"up": { "uv": [ 13.25, 13, 13.75, 12.75 ], "texture": "#revolver" },
				"north": { "uv": [ 5.75, 11.25, 5.25, 11.375 ], "texture": "#revolver" },
				"south": { "uv": [ 5.75, 11.25, 6.25, 11.375 ], "texture": "#revolver" },
				"west": { "uv": [ 15.75, 11.5, 16, 11.625 ], "texture": "#revolver" },
				"east": { "uv": [ 16, 11.375, 15.75, 11.5 ], "texture": "#revolver" }
			}
		},
		{
			"__comment": "Voxels",
			"from": [ 7, 11.5, 14 ],
			"to": [ 9.5, 12, 14.5 ],
			"faces": {
				"up": { "uv": [ 12.875, 11.875, 13.5, 11.75 ], "texture": "#revolver" },
				"south": { "uv": [ 4.125, 11.75, 4.75, 11.875 ], "texture": "#revolver" },
				"west": { "uv": [ 4.625, 6.25, 4.75, 6.375 ], "texture": "#revolver" },
				"east": { "uv": [ 4.75, 6.125, 4.625, 6.25 ], "texture": "#revolver" }
			}
		},
		{
			"__comment": "Voxels",
			"from": [ 7, 8, 3 ],
			"to": [ 9, 9.5, 3.5 ],
			"rotation": { "origin": [ 7, 4.5, 6 ], "axis": "x", "angle": -45 },
			"faces": {
				"up": { "uv": [ 6.75, 11.375, 7.25, 11.25 ], "texture": "#revolver" },
				"north": { "uv": [ 2, 1.75, 1.5, 2.125 ], "texture": "#revolver" },
				"south": { "uv": [ 1.5, 2.125, 2, 2.5 ], "texture": "#revolver" },
				"west": { "uv": [ 4.5, 5.75, 4.625, 6.125 ], "texture": "#revolver" },
				"east": { "uv": [ 4.75, 5.75, 4.625, 6.125 ], "texture": "#revolver" }
			}
		},
		{
			"__comment": "Voxels",
			"from": [ 7, 12, 13 ],
			"to": [ 9.5, 12.5, 14 ],
			"faces": {
				"down": { "uv": [ 2.125, 0, 2.75, 0.25 ], "texture": "#revolver" },
				"up": { "uv": [ 2.125, 0.5, 2.75, 0.25 ], "texture": "#revolver" },
				"south": { "uv": [ 11.625, 11.75, 12.25, 11.875 ], "texture": "#revolver" },
				"west": { "uv": [ 7.875, 11.125, 8.125, 11.25 ], "texture": "#revolver" },
				"east": { "uv": [ 8.375, 11.125, 8.125, 11.25 ], "texture": "#revolver" }
			}
		},
		{
			"__comment": "Voxels",
			"from": [ 7, 12, 14 ],
			"to": [ 9, 13.5, 14.5 ],
			"faces": {
				"up": { "uv": [ 7.75, 11.375, 8.25, 11.25 ], "texture": "#revolver" },
				"north": { "uv": [ 2, 2.5, 1.5, 2.875 ], "texture": "#revolver" },
				"south": { "uv": [ 1.5, 2.875, 2, 3.25 ], "texture": "#revolver" },
				"west": { "uv": [ 4.25, 3.375, 4.375, 3.75 ], "texture": "#revolver" },
				"east": { "uv": [ 4.5, 3.375, 4.375, 3.75 ], "texture": "#revolver" }
			}
		},
		{
			"__comment": "Voxels",
			"from": [ 7, 8.5, -2 ],
			"to": [ 9, 9.5, 3 ],
			"rotation": { "origin": [ 7, 4.5, 6 ], "axis": "x", "angle": -45 },
			"faces": {
				"down": { "uv": [ 0, 9, 0.5, 10.25 ], "texture": "#revolver" },
				"up": { "uv": [ 0, 9, 0.5, 7.75 ], "texture": "#revolver" },
				"north": { "uv": [ 10.625, 12.375, 10.125, 12.625 ], "texture": "#revolver" },
				"west": { "uv": [ 6.5, 15.25, 7.75, 15.5 ], "texture": "#revolver" },
				"east": { "uv": [ 9, 15.25, 7.75, 15.5 ], "texture": "#revolver" }
			}
		},
		{
			"__comment": "Voxels",
			"from": [ 7, 8.5, 4.5 ],
			"to": [ 9, 9.5, 5.5 ],
			"rotation": { "origin": [ 7, 4.5, 6 ], "axis": "x", "angle": -45 },
			"faces": {
				"down": { "uv": [ 9.75, 12.75, 10.25, 13 ], "texture": "#revolver" },
				"up": { "uv": [ 3.625, 12.625, 4.125, 12.375 ], "texture": "#revolver" },
				"north": { "uv": [ 4.625, 12.375, 4.125, 12.625 ], "texture": "#revolver" },
				"south": { "uv": [ 8.125, 12.375, 8.625, 12.625 ], "texture": "#revolver" },
				"west": { "uv": [ 2.75, 0.25, 3, 0.5 ], "texture": "#revolver" },
				"east": { "uv": [ 3, 0, 2.75, 0.25 ], "texture": "#revolver" }
			}
		},
		{
			"__comment": "Voxels",
			"from": [ 7, 12.5, 11 ],
			"to": [ 9.5, 13, 11.5 ],
			"faces": {
				"up": { "uv": [ 7.875, 11.875, 8.5, 11.75 ], "texture": "#revolver" },
				"north": { "uv": [ 9.125, 11.75, 8.5, 11.875 ], "texture": "#revolver" },
				"south": { "uv": [ 3.375, 3.75, 4, 3.875 ], "texture": "#revolver" },
				"west": { "uv": [ 4.625, 0.75, 4.75, 0.875 ], "texture": "#revolver" },
				"east": { "uv": [ 4.75, 0.125, 4.625, 0.25 ], "texture": "#revolver" }
			}
		},
		{
			"__comment": "Voxels",
			"from": [ 7, 12.5, 11.5 ],
			"to": [ 9, 13.5, 14 ],
			"faces": {
				"down": { "uv": [ 1.5, 10.625, 2, 11.25 ], "texture": "#revolver" },
				"up": { "uv": [ 1.5, 13.125, 2, 12.5 ], "texture": "#revolver" },
				"north": { "uv": [ 7.125, 12.375, 6.625, 12.625 ], "texture": "#revolver" },
				"west": { "uv": [ 2.125, 0.5, 2.75, 0.75 ], "texture": "#revolver" },
				"east": { "uv": [ 3.75, 12.75, 3.125, 13 ], "texture": "#revolver" }
			}
		},
		{
			"__comment": "Voxels",
			"from": [ 7, 13, 11 ],
			"to": [ 9, 13.5, 11.5 ],
			"faces": {
				"up": { "uv": [ 8.75, 11.375, 9.25, 11.25 ], "texture": "#revolver" },
				"west": { "uv": [ 4.625, 0, 4.75, 0.125 ], "texture": "#revolver" },
				"east": { "uv": [ 4.875, 0, 4.75, 0.125 ], "texture": "#revolver" }
			}
		},
		{
			"__comment": "Voxels",
			"from": [ 7, 13, 17 ],
			"to": [ 9.5, 13.5, 17.5 ],
			"faces": {
				"up": { "uv": [ 3.375, 3, 4, 2.875 ], "texture": "#revolver" },
				"north": { "uv": [ 4, 3, 3.375, 3.125 ], "texture": "#revolver" },
				"west": { "uv": [ 15.875, 11.125, 16, 11.25 ], "texture": "#revolver" },
				"east": { "uv": [ 16, 11, 15.875, 11.125 ], "texture": "#revolver" }
			}
		},
		{
			"__comment": "Voxels",
			"from": [ 7, 9.5, 6.5 ],
			"to": [ 9, 10, 7 ],
			"rotation": { "origin": [ 7, 4.5, 6 ], "axis": "x", "angle": -45 },
			"faces": {
				"up": { "uv": [ 10.75, 11.375, 11.25, 11.25 ], "texture": "#revolver" },
				"north": { "uv": [ 11.75, 11.25, 11.25, 11.375 ], "texture": "#revolver" },
				"west": { "uv": [ 4.875, 4.625, 5, 4.75 ], "texture": "#revolver" },
				"east": { "uv": [ 5, 4.5, 4.875, 4.625 ], "texture": "#revolver" }
			}
		},
		{
			"__comment": "Voxels",
			"from": [ 7, 9.5, 7.5 ],
			"to": [ 9, 10, 10 ],
			"rotation": { "origin": [ 7, 4.5, 6 ], "axis": "x", "angle": -45 },
			"faces": {
				"up": { "uv": [ 1.5, 11.875, 2, 11.25 ], "texture": "#revolver" },
				"west": { "uv": [ 3.375, 2.125, 4, 2.25 ], "texture": "#revolver" },
				"east": { "uv": [ 9.75, 11.75, 9.125, 11.875 ], "texture": "#revolver" }
			}
		},
		{
			"__comment": "Voxels",
			"from": [ 7, 9.5, 12 ],
			"to": [ 9, 10, 12.5 ],
			"rotation": { "origin": [ 7, 4.5, 6 ], "axis": "x", "angle": -45 },
			"faces": {
				"up": { "uv": [ 13.75, 11.375, 14.25, 11.25 ], "texture": "#revolver" },
				"south": { "uv": [ 14.75, 11.25, 15.25, 11.375 ], "texture": "#revolver" },
				"west": { "uv": [ 4.875, 0.375, 5, 0.5 ], "texture": "#revolver" },
				"east": { "uv": [ 5, 0.25, 4.875, 0.375 ], "texture": "#revolver" }
			}
		},
		{
			"__comment": "Voxels",
			"from": [ 7, 13.5, 17 ],
			"to": [ 9, 14, 17.5 ],
			"faces": {
				"up": { "uv": [ 4.25, 11.25, 4.75, 11.125 ], "texture": "#revolver" },
				"north": { "uv": [ 4.75, 11, 4.25, 11.125 ], "texture": "#revolver" },
				"west": { "uv": [ 8.75, 10.875, 8.875, 11 ], "texture": "#revolver" },
				"east": { "uv": [ 9, 10.875, 8.875, 11 ], "texture": "#revolver" }
			}
		},
		{
			"__comment": "Voxels",
			"from": [ 7, 13.5, 18.5 ],
			"to": [ 9, 14, 19 ],
			"faces": {
				"up": { "uv": [ 4.25, 10.75, 4.75, 10.625 ], "texture": "#revolver" },
				"south": { "uv": [ 4.25, 10.375, 4.75, 10.5 ], "texture": "#revolver" },
				"west": { "uv": [ 9.75, 10.875, 9.875, 11 ], "texture": "#revolver" },
				"east": { "uv": [ 10, 10.875, 9.875, 11 ], "texture": "#revolver" }
			}
		},
		{
			"__comment": "Voxels",
			"from": [ 7.5, 0.5, 16 ],
			"to": [ 9, 1, 16.5 ],
			"faces": {
				"down": { "uv": [ 4.25, 7.125, 4.625, 7.25 ], "texture": "#revolver" },
				"north": { "uv": [ 4.625, 2.875, 4.25, 3 ], "texture": "#revolver" },
				"west": { "uv": [ 10, 10.875, 10.125, 11 ], "texture": "#revolver" },
				"east": { "uv": [ 10.25, 10.875, 10.125, 11 ], "texture": "#revolver" }
			}
		},
		{
			"__comment": "Voxels",
			"from": [ 7.5, 0.5, 17 ],
			"to": [ 8.5, 1, 18 ],
			"faces": {
				"down": { "uv": [ 15.75, 12.75, 16, 13 ], "texture": "#revolver" },
				"up": { "uv": [ 3.125, 0.25, 3.375, 0 ], "texture": "#revolver" },
				"south": { "uv": [ 6.125, 11, 6.375, 11.125 ], "texture": "#revolver" },
				"west": { "uv": [ 6.375, 11, 6.625, 11.125 ], "texture": "#revolver" },
				"east": { "uv": [ 6.875, 11, 6.625, 11.125 ], "texture": "#revolver" }
			}
		},
		{
			"__comment": "Voxels",
			"from": [ 7.5, 0.5, 18 ],
			"to": [ 8, 1, 18.5 ],
			"faces": {
				"down": { "uv": [ 10.5, 10.875, 10.625, 11 ], "texture": "#revolver" },
				"south": { "uv": [ 12.125, 10.875, 12.25, 11 ], "texture": "#revolver" },
				"west": { "uv": [ 12.25, 10.875, 12.375, 11 ], "texture": "#revolver" },
				"east": { "uv": [ 12.5, 10.875, 12.375, 11 ], "texture": "#revolver" }
			}
		},
		{
			"__comment": "Voxels",
			"from": [ 7.5, 1, 15 ],
			"to": [ 9, 1.5, 15.5 ],
			"faces": {
				"down": { "uv": [ 4.375, 4.125, 4.75, 4.25 ], "texture": "#revolver" },
				"north": { "uv": [ 4.625, 3.875, 4.25, 4 ], "texture": "#revolver" },
				"west": { "uv": [ 5, 9, 5.125, 9.125 ], "texture": "#revolver" },
				"east": { "uv": [ 5.125, 8.875, 5, 9 ], "texture": "#revolver" }
			}
		},
		{
			"__comment": "Voxels",
			"from": [ 7.5, 1, 19 ],
			"to": [ 8.5, 1.5, 19.5 ],
			"faces": {
				"down": { "uv": [ 1.25, 3.25, 1.5, 3.375 ], "texture": "#revolver" },
				"south": { "uv": [ 1.875, 4.125, 2.125, 4.25 ], "texture": "#revolver" },
				"west": { "uv": [ 5, 8.75, 5.125, 8.875 ], "texture": "#revolver" },
				"east": { "uv": [ 5.125, 8.625, 5, 8.75 ], "texture": "#revolver" }
			}
		},
		{
			"__comment": "Voxels",
			"from": [ 7.5, 4.5, 11.5 ],
			"to": [ 8, 6, 12 ],
			"faces": {
				"down": { "uv": [ 5, 8.25, 5.125, 8.375 ], "texture": "#revolver" },
				"up": { "uv": [ 5, 8.25, 5.125, 8.125 ], "texture": "#revolver" },
				"north": { "uv": [ 4.375, 2, 4.25, 2.375 ], "texture": "#revolver" },
				"south": { "uv": [ 4.375, 2, 4.5, 2.375 ], "texture": "#revolver" },
				"west": { "uv": [ 4.5, 2, 4.625, 2.375 ], "texture": "#revolver" },
				"east": { "uv": [ 4.75, 2, 4.625, 2.375 ], "texture": "#revolver" }
			}
		},
		{
			"__comment": "Voxels",
			"from": [ 7.5, 5, 10 ],
			"to": [ 8.5, 6.5, 11 ],
			"faces": {
				"down": { "uv": [ 4.25, 10.125, 4.5, 10.375 ], "texture": "#revolver" },
				"up": { "uv": [ 4.5, 10.375, 4.75, 10.125 ], "texture": "#revolver" },
				"north": { "uv": [ 3.375, 1, 3.125, 1.375 ], "texture": "#revolver" },
				"south": { "uv": [ 3.125, 0.25, 3.375, 0.625 ], "texture": "#revolver" },
				"west": { "uv": [ 3.375, 5.375, 3.625, 5.75 ], "texture": "#revolver" },
				"east": { "uv": [ 2.875, 2.875, 2.625, 3.25 ], "texture": "#revolver" }
			}
		},
		{
			"__comment": "Voxels",
			"from": [ 7.5, 5, 11 ],
			"to": [ 8.5, 6, 11.5 ],
			"faces": {
				"down": { "uv": [ 7.625, 11.125, 7.875, 11.25 ], "texture": "#revolver" },
				"up": { "uv": [ 8.375, 11.25, 8.625, 11.125 ], "texture": "#revolver" },
				"south": { "uv": [ 4.5, 9.875, 4.75, 10.125 ], "texture": "#revolver" },
				"west": { "uv": [ 2.875, 5.75, 3, 6 ], "texture": "#revolver" },
				"east": { "uv": [ 3, 1, 2.875, 1.25 ], "texture": "#revolver" }
			}
		},
		{
			"__comment": "Voxels",
			"from": [ 7.5, 5, 12 ],
			"to": [ 8.5, 6, 12.5 ],
			"faces": {
				"down": { "uv": [ 9.125, 11.125, 9.375, 11.25 ], "texture": "#revolver" },
				"up": { "uv": [ 9.375, 11.25, 9.625, 11.125 ], "texture": "#revolver" },
				"north": { "uv": [ 4.5, 9.625, 4.25, 9.875 ], "texture": "#revolver" },
				"west": { "uv": [ 2.875, 0.75, 3, 1 ], "texture": "#revolver" },
				"east": { "uv": [ 4.875, 6.125, 4.75, 6.375 ], "texture": "#revolver" }
			}
		},
		{
			"__comment": "Voxels",
			"from": [ 7.5, 5.5, 9.5 ],
			"to": [ 8.5, 8, 10 ],
			"faces": {
				"down": { "uv": [ 10.125, 11.125, 10.375, 11.25 ], "texture": "#revolver" },
				"north": { "uv": [ 2.125, 10, 1.875, 10.625 ], "texture": "#revolver" },
				"south": { "uv": [ 1.25, 3.375, 1.5, 4 ], "texture": "#revolver" },
				"west": { "uv": [ 2, 11.25, 2.125, 11.875 ], "texture": "#revolver" },
				"east": { "uv": [ 2.125, 10.625, 2, 11.25 ], "texture": "#revolver" }
			}
		},
		{
			"__comment": "Voxels",
			"from": [ 7.5, 6, 9 ],
			"to": [ 8.5, 8, 9.5 ],
			"faces": {
				"down": { "uv": [ 12.625, 11.125, 12.875, 11.25 ], "texture": "#revolver" },
				"north": { "uv": [ 3.375, 11.375, 3.125, 11.875 ], "texture": "#revolver" },
				"west": { "uv": [ 4.125, 8.125, 4.25, 8.625 ], "texture": "#revolver" },
				"east": { "uv": [ 4.25, 7.625, 4.125, 8.125 ], "texture": "#revolver" }
			}
		},
		{
			"__comment": "Voxels",
			"from": [ 7.5, 6, 18 ],
			"to": [ 8.5, 6.5, 18.5 ],
			"faces": {
				"up": { "uv": [ 8.375, 11.125, 8.625, 11 ], "texture": "#revolver" },
				"south": { "uv": [ 14.375, 11.125, 14.625, 11.25 ], "texture": "#revolver" },
				"west": { "uv": [ 3.625, 3.875, 3.75, 4 ], "texture": "#revolver" },
				"east": { "uv": [ 3.875, 3.875, 3.75, 4 ], "texture": "#revolver" }
			}
		},
		{
			"__comment": "Voxels",
			"from": [ 7.5, 6.5, 11 ],
			"to": [ 8.5, 8, 11.5 ],
			"faces": {
				"down": { "uv": [ 14.875, 11.125, 15.125, 11.25 ], "texture": "#revolver" },
				"north": { "uv": [ 3.375, 1.75, 3.125, 2.125 ], "texture": "#revolver" },
				"south": { "uv": [ 3.125, 1.375, 3.375, 1.75 ], "texture": "#revolver" },
				"west": { "uv": [ 4.5, 6.625, 4.625, 7 ], "texture": "#revolver" },
				"east": { "uv": [ 4.75, 6.625, 4.625, 7 ], "texture": "#revolver" }
			}
		},
		{
			"__comment": "Voxels",
			"from": [ 7.5, 6.5, 12 ],
			"to": [ 9, 7, 12.5 ],
			"faces": {
				"down": { "uv": [ 4.25, 6.125, 4.625, 6.25 ], "texture": "#revolver" },
				"north": { "uv": [ 4.625, 5.25, 4.25, 5.375 ], "texture": "#revolver" },
				"west": { "uv": [ 4, 4, 4.125, 4.125 ], "texture": "#revolver" },
				"east": { "uv": [ 4.125, 3.75, 4, 3.875 ], "texture": "#revolver" }
			}
		},
		{
			"__comment": "Voxels",
			"from": [ 7.5, 7, 11.5 ],
			"to": [ 8.5, 7.5, 12 ],
			"faces": {
				"down": { "uv": [ 15.625, 11.125, 15.875, 11.25 ], "texture": "#revolver" },
				"west": { "uv": [ 4, 3.625, 4.125, 3.75 ], "texture": "#revolver" },
				"east": { "uv": [ 4.125, 3.5, 4, 3.625 ], "texture": "#revolver" }
			}
		},
		{
			"__comment": "Voxels",
			"from": [ 7.5, 7.5, 10 ],
			"to": [ 8.5, 8, 11 ],
			"faces": {
				"down": { "uv": [ 4.25, 9.375, 4.5, 9.625 ], "texture": "#revolver" },
				"west": { "uv": [ 0.5, 2.875, 0.75, 3 ], "texture": "#revolver" },
				"east": { "uv": [ 0.75, 1, 0.5, 1.125 ], "texture": "#revolver" }
			}
		},
		{
			"__comment": "Voxels",
			"from": [ 7.5, 4, 5.5 ],
			"to": [ 8.5, 4.5, 10.5 ],
			"rotation": { "origin": [ 7, 4.5, 6 ], "axis": "x", "angle": -45 },
			"faces": {
				"down": { "uv": [ 0.5, 7.75, 0.75, 9 ], "texture": "#revolver" },
				"up": { "uv": [ 0.5, 10.25, 0.75, 9 ], "texture": "#revolver" },
				"north": { "uv": [ 4.125, 3.875, 3.875, 4 ], "texture": "#revolver" },
				"west": { "uv": [ 5.625, 13, 6.875, 13.125 ], "texture": "#revolver" },
				"east": { "uv": [ 10.625, 13, 9.375, 13.125 ], "texture": "#revolver" }
			}
		},
		{
			"__comment": "Voxels",
			"from": [ 7.5, 5, 7.5 ],
			"to": [ 9, 5.5, 8 ],
			"rotation": { "origin": [ 7, 4.5, 6 ], "axis": "x", "angle": -45 },
			"faces": {
				"north": { "uv": [ 4.625, 1.25, 4.25, 1.375 ], "texture": "#revolver" },
				"south": { "uv": [ 4.25, 1.125, 4.625, 1.25 ], "texture": "#revolver" },
				"west": { "uv": [ 4, 2.875, 4.125, 3 ], "texture": "#revolver" },
				"east": { "uv": [ 4.125, 2.75, 4, 2.875 ], "texture": "#revolver" }
			}
		},
		{
			"__comment": "Voxels",
			"from": [ 7.5, 5, 8 ],
			"to": [ 8.5, 5.5, 9 ],
			"rotation": { "origin": [ 7, 4.5, 6 ], "axis": "x", "angle": -45 },
			"faces": {
				"west": { "uv": [ 9.875, 11.125, 10.125, 11.25 ], "texture": "#revolver" },
				"east": { "uv": [ 13.875, 11.125, 13.625, 11.25 ], "texture": "#revolver" }
			}
		},
		{
			"__comment": "Voxels",
			"from": [ 7.5, 9, 16.5 ],
			"to": [ 9, 9.5, 17 ],
			"faces": {
				"up": { "uv": [ 5.25, 11.25, 5.625, 11.125 ], "texture": "#revolver" },
				"south": { "uv": [ 6, 11.125, 6.375, 11.25 ], "texture": "#revolver" },
				"west": { "uv": [ 4, 2.625, 4.125, 2.75 ], "texture": "#revolver" },
				"east": { "uv": [ 4.125, 2.5, 4, 2.625 ], "texture": "#revolver" }
			}
		},
		{
			"__comment": "Voxels",
			"from": [ 7.5, 6.5, 3 ],
			"to": [ 8.5, 7, 4.5 ],
			"rotation": { "origin": [ 7, 4.5, 6 ], "axis": "x", "angle": -45 },
			"faces": {
				"down": { "uv": [ 3.125, 0.625, 3.375, 1 ], "texture": "#revolver" },
				"up": { "uv": [ 3.625, 5.75, 3.875, 5.375 ], "texture": "#revolver" },
				"north": { "uv": [ 15.625, 11.125, 15.375, 11.25 ], "texture": "#revolver" },
				"south": { "uv": [ 5.625, 11, 5.875, 11.125 ], "texture": "#revolver" },
				"west": { "uv": [ 2.625, 4, 3, 4.125 ], "texture": "#revolver" },
				"east": { "uv": [ 3, 3.625, 2.625, 3.75 ], "texture": "#revolver" }
			}
		},
		{
			"__comment": "Voxels",
			"from": [ 7.5, 7, 1.5 ],
			"to": [ 8.5, 8.5, 2 ],
			"rotation": { "origin": [ 7, 4.5, 6 ], "axis": "x", "angle": -45 },
			"faces": {
				"down": { "uv": [ 6.875, 11, 7.125, 11.125 ], "texture": "#revolver" },
				"north": { "uv": [ 4.125, 5.375, 3.875, 5.75 ], "texture": "#revolver" },
				"south": { "uv": [ 2.625, 3.25, 2.875, 3.625 ], "texture": "#revolver" },
				"west": { "uv": [ 2.875, 7, 3, 7.375 ], "texture": "#revolver" },
				"east": { "uv": [ 3, 2.875, 2.875, 3.25 ], "texture": "#revolver" }
			}
		},
		{
			"__comment": "Voxels",
			"from": [ 7.5, 8, -2 ],
			"to": [ 8.5, 8.5, 1.5 ],
			"rotation": { "origin": [ 7, 4.5, 6 ], "axis": "x", "angle": -45 },
			"faces": {
				"down": { "uv": [ 0.5, 4, 0.75, 4.875 ], "texture": "#revolver" },
				"north": { "uv": [ 8.875, 11.125, 8.625, 11.25 ], "texture": "#revolver" },
				"west": { "uv": [ 10.375, 12.125, 11.25, 12.25 ], "texture": "#revolver" },
				"east": { "uv": [ 10.375, 12.125, 9.5, 12.25 ], "texture": "#revolver" }
			}
		},
		{
			"__comment": "Voxels",
			"from": [ 7.5, 8, 2 ],
			"to": [ 8.5, 8.5, 3 ],
			"rotation": { "origin": [ 7, 4.5, 6 ], "axis": "x", "angle": -45 },
			"faces": {
				"west": { "uv": [ 15.375, 11, 15.625, 11.125 ], "texture": "#revolver" },
				"east": { "uv": [ 15.875, 11, 15.625, 11.125 ], "texture": "#revolver" }
			}
		},
		{
			"__comment": "Voxels",
			"from": [ 7.5, 8, 4.5 ],
			"to": [ 8.5, 8.5, 5.5 ],
			"rotation": { "origin": [ 7, 4.5, 6 ], "axis": "x", "angle": -45 },
			"faces": {
				"west": { "uv": [ 5.5, 10.875, 5.75, 11 ], "texture": "#revolver" },
				"east": { "uv": [ 6, 10.875, 5.75, 11 ], "texture": "#revolver" }
			}
		},
		{
			"__comment": "Voxels",
			"from": [ 7.5, 12, 15 ],
			"to": [ 8.5, 14, 17 ],
			"faces": {
				"down": { "uv": [ 3.125, 11.875, 3.375, 12.375 ], "texture": "#revolver" },
				"up": { "uv": [ 1.875, 0.5, 2.125, 0 ], "texture": "#revolver" },
				"north": { "uv": [ 2.125, 1.25, 1.875, 1.75 ], "texture": "#revolver" },
				"south": { "uv": [ 1.875, 4.25, 2.125, 4.75 ], "texture": "#revolver" },
				"west": { "uv": [ 1.5, 7.125, 2, 7.625 ], "texture": "#revolver" },
				"east": { "uv": [ 2, 7.625, 1.5, 8.125 ], "texture": "#revolver" }
			}
		},
		{
			"__comment": "Voxels",
			"from": [ 7.5, 12, 17 ],
			"to": [ 8.5, 12.5, 17.5 ],
			"faces": {
				"down": { "uv": [ 7, 10.875, 7.25, 11 ], "texture": "#revolver" },
				"west": { "uv": [ 4, 2.375, 4.125, 2.5 ], "texture": "#revolver" },
				"east": { "uv": [ 4.125, 2.25, 4, 2.375 ], "texture": "#revolver" }
			}
		},
		{
			"__comment": "Voxels",
			"from": [ 7.5, 12.5, 14.5 ],
			"to": [ 9, 13.5, 15 ],
			"faces": {
				"up": { "uv": [ 4.25, 3.125, 4.625, 3 ], "texture": "#revolver" },
				"south": { "uv": [ 2.625, 7.875, 3, 8.125 ], "texture": "#revolver" },
				"west": { "uv": [ 2.875, 9.375, 3, 9.625 ], "texture": "#revolver" },
				"east": { "uv": [ 4.875, 5.875, 4.75, 6.125 ], "texture": "#revolver" }
			}
		},
		{
			"__comment": "Voxels",
			"from": [ 7.5, 9.5, -2 ],
			"to": [ 8.5, 10, 5.5 ],
			"rotation": { "origin": [ 7, 4.5, 6 ], "axis": "x", "angle": -45 },
			"faces": {
				"down": { "uv": [ 0, 1, 0.25, 2.875 ], "texture": "#revolver" },
				"up": { "uv": [ 0.25, 2.875, 0.5, 1 ], "texture": "#revolver" },
				"north": { "uv": [ 8.125, 11, 7.875, 11.125 ], "texture": "#revolver" },
				"west": { "uv": [ 7.125, 13.25, 9, 13.375 ], "texture": "#revolver" },
				"east": { "uv": [ 9, 13.125, 7.125, 13.25 ], "texture": "#revolver" }
			}
		},
		{
			"__comment": "Voxels",
			"from": [ 7.5, 13.5, 11 ],
			"to": [ 9, 14, 14 ],
			"faces": {
				"down": { "uv": [ 1.5, 9.875, 1.875, 10.625 ], "texture": "#revolver" },
				"up": { "uv": [ 1.5, 9.875, 1.875, 9.125 ], "texture": "#revolver" },
				"south": { "uv": [ 4.375, 2.625, 4.75, 2.75 ], "texture": "#revolver" },
				"west": { "uv": [ 9.375, 12, 10.125, 12.125 ], "texture": "#revolver" },
				"east": { "uv": [ 9.375, 12, 8.625, 12.125 ], "texture": "#revolver" }
			}
		},
		{
			"__comment": "Voxels",
			"from": [ 7.5, 13.5, 14 ],
			"to": [ 8.5, 14, 15 ],
			"faces": {
				"down": { "uv": [ 4.25, 8.375, 4.5, 8.625 ], "texture": "#revolver" },
				"up": { "uv": [ 4.5, 8.625, 4.75, 8.375 ], "texture": "#revolver" },
				"west": { "uv": [ 10.125, 11, 10.375, 11.125 ], "texture": "#revolver" },
				"east": { "uv": [ 10.625, 11, 10.375, 11.125 ], "texture": "#revolver" }
			}
		},
		{
			"__comment": "Voxels",
			"from": [ 7.5, 10, -1.5 ],
			"to": [ 8.5, 11, -1 ],
			"rotation": { "origin": [ 7, 4.5, 6 ], "axis": "x", "angle": -45 },
			"faces": {
				"up": { "uv": [ 10.875, 11.125, 11.125, 11 ], "texture": "#revolver" },
				"north": { "uv": [ 4.5, 8.125, 4.25, 8.375 ], "texture": "#revolver" },
				"south": { "uv": [ 4.5, 8.125, 4.75, 8.375 ], "texture": "#revolver" },
				"west": { "uv": [ 4.75, 0.875, 4.875, 1.125 ], "texture": "#revolver" },
				"east": { "uv": [ 4.875, 0.625, 4.75, 0.875 ], "texture": "#revolver" }
			}
		},
		{
			"__comment": "Voxels",
			"from": [ 7.5, 10, 6.5 ],
			"to": [ 8.5, 10.5, 13.5 ],
			"rotation": { "origin": [ 7, 4.5, 6 ], "axis": "x", "angle": -45 },
			"faces": {
				"down": { "uv": [ 0.75, 9, 1, 10.75 ], "texture": "#revolver" },
				"up": { "uv": [ 0.5, 2.875, 0.75, 1.125 ], "texture": "#revolver" },
				"north": { "uv": [ 11.375, 11, 11.125, 11.125 ], "texture": "#revolver" },
				"south": { "uv": [ 11.375, 11, 11.625, 11.125 ], "texture": "#revolver" },
				"west": { "uv": [ 12.5, 13.25, 14.25, 13.375 ], "texture": "#revolver" },
				"east": { "uv": [ 14.25, 13.125, 12.5, 13.25 ], "texture": "#revolver" }
			}
		},
		{
			"__comment": "Voxels",
			"from": [ 7.5, 10.5, 7 ],
			"to": [ 8.5, 11, 7.5 ],
			"rotation": { "origin": [ 7, 4.5, 6 ], "axis": "x", "angle": -45 },
			"faces": {
				"up": { "uv": [ 12.375, 11.125, 12.625, 11 ], "texture": "#revolver" },
				"north": { "uv": [ 12.875, 11, 12.625, 11.125 ], "texture": "#revolver" },
				"south": { "uv": [ 12.875, 11, 13.125, 11.125 ], "texture": "#revolver" },
				"west": { "uv": [ 4.625, 2.375, 4.75, 2.5 ], "texture": "#revolver" },
				"east": { "uv": [ 4.75, 1.5, 4.625, 1.625 ], "texture": "#revolver" }
			}
		},
		{
			"__comment": "Voxels",
			"from": [ 7.5, 10.5, 12 ],
			"to": [ 8.5, 11, 13 ],
			"rotation": { "origin": [ 7, 4.5, 6 ], "axis": "x", "angle": -45 },
			"faces": {
				"up": { "uv": [ 4.5, 8.125, 4.75, 7.875 ], "texture": "#revolver" },
				"north": { "uv": [ 13.375, 11, 13.125, 11.125 ], "texture": "#revolver" },
				"south": { "uv": [ 13.375, 11, 13.625, 11.125 ], "texture": "#revolver" },
				"west": { "uv": [ 13.625, 11, 13.875, 11.125 ], "texture": "#revolver" },
				"east": { "uv": [ 14.125, 11, 13.875, 11.125 ], "texture": "#revolver" }
			}
		},
		{
			"__comment": "Voxels",
			"from": [ 8, 5, 11.5 ],
			"to": [ 8.5, 6, 12 ],
			"faces": {
				"down": { "uv": [ 4.625, 0.25, 4.75, 0.375 ], "texture": "#revolver" },
				"up": { "uv": [ 5, 4.75, 5.125, 4.625 ], "texture": "#revolver" },
				"east": { "uv": [ 5, 10.5, 4.875, 10.75 ], "texture": "#revolver" }
			}
		},
		{
			"__comment": "Voxels",
			"from": [ 8, 11, 12 ],
			"to": [ 8.5, 11.5, 12.5 ],
			"rotation": { "origin": [ 7, 4.5, 6 ], "axis": "x", "angle": -45 },
			"faces": {
				"up": { "uv": [ 4.875, 3.875, 5, 3.75 ], "texture": "#revolver" },
				"north": { "uv": [ 5, 3.625, 4.875, 3.75 ], "texture": "#revolver" },
				"south": { "uv": [ 4.875, 3.5, 5, 3.625 ], "texture": "#revolver" },
				"west": { "uv": [ 4.875, 3.375, 5, 3.5 ], "texture": "#revolver" },
				"east": { "uv": [ 5, 3.25, 4.875, 3.375 ], "texture": "#revolver" }
			}
		},
		{
			"__comment": "Voxels",
			"from": [ 8.5, 5.5, 12.5 ],
			"to": [ 9, 6, 13 ],
			"faces": {
				"down": { "uv": [ 4.875, 3.125, 5, 3.25 ], "texture": "#revolver" },
				"north": { "uv": [ 5, 2.875, 4.875, 3 ], "texture": "#revolver" },
				"east": { "uv": [ 5, 2.5, 4.875, 2.625 ], "texture": "#revolver" }
			}
		},
		{
			"__comment": "Voxels",
			"from": [ 8.5, 9.5, 5 ],
			"to": [ 9, 11, 5.5 ],
			"faces": {
				"down": { "uv": [ 4.875, 2.375, 5, 2.5 ], "texture": "#revolver" },
				"north": { "uv": [ 4.375, 1.625, 4.25, 2 ], "texture": "#revolver" },
				"south": { "uv": [ 4.375, 1.625, 4.5, 2 ], "texture": "#revolver" },
				"west": { "uv": [ 4.625, 1.625, 4.75, 2 ], "texture": "#revolver" },
				"east": { "uv": [ 4.375, 0.375, 4.25, 0.75 ], "texture": "#revolver" }
			}
		},
		{
			"__comment": "Voxels",
			"from": [ 8.5, 9.5, 5.5 ],
			"to": [ 9, 10, 6 ],
			"faces": {
				"down": { "uv": [ 4.875, 1.625, 5, 1.75 ], "texture": "#revolver" },
				"east": { "uv": [ 5, 1, 4.875, 1.125 ], "texture": "#revolver" }
			}
		},
		{
			"__comment": "Voxels",
			"from": [ 8.5, 12.5, 15 ],
			"to": [ 9, 13.5, 17 ],
			"faces": {
				"down": { "uv": [ 4.125, 4.125, 4.25, 4.625 ], "texture": "#revolver" },
				"up": { "uv": [ 4.125, 4.125, 4.25, 3.625 ], "texture": "#revolver" },
				"south": { "uv": [ 4.875, 8, 5, 8.25 ], "texture": "#revolver" },
				"east": { "uv": [ 8.75, 12.75, 8.25, 13 ], "texture": "#revolver" }
			}
		},
		{
			"__comment": "Voxels",
			"from": [ 9, 2.5, 14 ],
			"to": [ 9.5, 3, 14.5 ],
			"faces": {
				"down": { "uv": [ 11, 10.875, 11.125, 11 ], "texture": "#revolver" },
				"north": { "uv": [ 11.375, 10.875, 11.25, 11 ], "texture": "#revolver" },
				"east": { "uv": [ 11.75, 10.875, 11.625, 11 ], "texture": "#revolver" }
			}
		},
		{
			"__comment": "Voxels",
			"from": [ 9, 12.5, 13.5 ],
			"to": [ 9.5, 13.5, 14 ],
			"faces": {
				"up": { "uv": [ 11.875, 11, 12, 10.875 ], "texture": "#revolver" },
				"north": { "uv": [ 5, 7.75, 4.875, 8 ], "texture": "#revolver" },
				"south": { "uv": [ 4.875, 7.5, 5, 7.75 ], "texture": "#revolver" },
				"east": { "uv": [ 5, 7, 4.875, 7.25 ], "texture": "#revolver" }
			}
		},
		{
			"__comment": "Voxels",
			"from": [ 9.5, 1.5, 15.5 ],
			"to": [ 10, 2, 16 ],
			"faces": {
				"down": { "uv": [ 13.25, 10.875, 13.375, 11 ], "texture": "#revolver" },
				"north": { "uv": [ 13.625, 10.875, 13.5, 11 ], "texture": "#revolver" },
				"east": { "uv": [ 14, 10.875, 13.875, 11 ], "texture": "#revolver" }
			}
		},
		{
			"__comment": "Voxels",
			"from": [ 9.5, 2, 18 ],
			"to": [ 10, 2.5, 18.5 ],
			"faces": {
				"down": { "uv": [ 14, 10.875, 14.125, 11 ], "texture": "#revolver" },
				"south": { "uv": [ 14.375, 10.875, 14.5, 11 ], "texture": "#revolver" },
				"east": { "uv": [ 14.75, 10.875, 14.625, 11 ], "texture": "#revolver" }
			}
		},
		{
			"__comment": "Voxels",
			"from": [ 9.5, 2.5, 14.5 ],
			"to": [ 10, 3, 15 ],
			"faces": {
				"down": { "uv": [ 14.75, 10.875, 14.875, 11 ], "texture": "#revolver" },
				"north": { "uv": [ 15.125, 10.875, 15, 11 ], "texture": "#revolver" },
				"east": { "uv": [ 15.5, 10.875, 15.375, 11 ], "texture": "#revolver" }
			}
		},
		{
			"__comment": "Voxels",
			"from": [ 9.5, 4, 13.5 ],
			"to": [ 10, 4.5, 14 ],
			"faces": {
				"down": { "uv": [ 15.5, 10.875, 15.625, 11 ], "texture": "#revolver" },
				"north": { "uv": [ 15.875, 10.875, 15.75, 11 ], "texture": "#revolver" },
				"east": { "uv": [ 5.125, 10.625, 5, 10.75 ], "texture": "#revolver" }
			}
		},
		{
			"__comment": "Voxels",
			"from": [ 9.5, 9, 12 ],
			"to": [ 10, 9.5, 12.5 ],
			"faces": {
				"down": { "uv": [ 5, 10.5, 5.125, 10.625 ], "texture": "#revolver" },
				"north": { "uv": [ 5.125, 10.25, 5, 10.375 ], "texture": "#revolver" },
				"east": { "uv": [ 5.125, 9.875, 5, 10 ], "texture": "#revolver" }
			}
		},
		{
			"__comment": "Voxels",
			"from": [ 9.5, 9.5, 13 ],
			"to": [ 10, 10, 13.5 ],
			"faces": {
				"down": { "uv": [ 5, 9.75, 5.125, 9.875 ], "texture": "#revolver" },
				"up": { "uv": [ 5, 9.75, 5.125, 9.625 ], "texture": "#revolver" },
				"south": { "uv": [ 5, 9.375, 5.125, 9.5 ], "texture": "#revolver" },
				"east": { "uv": [ 5.125, 9.125, 5, 9.25 ], "texture": "#revolver" }
			}
		},
		{
			"__comment": "Voxels",
			"from": [ 9.5, 12.5, 17.5 ],
			"to": [ 10, 13.5, 18.5 ],
			"faces": {
				"down": { "uv": [ 4.875, 6.75, 5, 7 ], "texture": "#revolver" },
				"up": { "uv": [ 4.875, 6.75, 5, 6.5 ], "texture": "#revolver" },
				"north": { "uv": [ 5, 6.25, 4.875, 6.5 ], "texture": "#revolver" },
				"south": { "uv": [ 4.875, 6, 5, 6.25 ], "texture": "#revolver" },
				"east": { "uv": [ 4.75, 7.625, 4.5, 7.875 ], "texture": "#revolver" }
			}
		},
		{
			"__comment": "Voxels",
			"from": [ 10, 2.5, 15.5 ],
			"to": [ 10.5, 3, 17.5 ],
			"faces": {
				"down": { "uv": [ 4.125, 2.125, 4.25, 2.625 ], "texture": "#revolver" },
				"up": { "uv": [ 4.125, 2.125, 4.25, 1.625 ], "texture": "#revolver" },
				"north": { "uv": [ 5.125, 8, 5, 8.125 ], "texture": "#revolver" },
				"south": { "uv": [ 5, 7.875, 5.125, 8 ], "texture": "#revolver" },
				"west": { "uv": [ 4.25, 7.5, 4.75, 7.625 ], "texture": "#revolver" },
				"east": { "uv": [ 4.75, 7.375, 4.25, 7.5 ], "texture": "#revolver" }
			}
		},
		{
			"__comment": "Voxels",
			"from": [ 10, 3, 15 ],
			"to": [ 10.5, 3.5, 15.5 ],
			"faces": {
				"down": { "uv": [ 5, 7.5, 5.125, 7.625 ], "texture": "#revolver" },
				"north": { "uv": [ 5.125, 7.25, 5, 7.375 ], "texture": "#revolver" },
				"east": { "uv": [ 5.125, 6.875, 5, 7 ], "texture": "#revolver" }
			}
		},
		{
			"__comment": "Voxels",
			"from": [ 10, 3, 17 ],
			"to": [ 10.5, 3.5, 17.5 ],
			"faces": {
				"south": { "uv": [ 5, 6.375, 5.125, 6.5 ], "texture": "#revolver" },
				"east": { "uv": [ 5.125, 6.125, 5, 6.25 ], "texture": "#revolver" }
			}
		},
		{
			"__comment": "Voxels",
			"from": [ 10, 3.5, 14.5 ],
			"to": [ 10.5, 5, 15 ],
			"faces": {
				"down": { "uv": [ 5, 6, 5.125, 6.125 ], "texture": "#revolver" },
				"north": { "uv": [ 4.875, 6.375, 4.75, 6.75 ], "texture": "#revolver" },
				"east": { "uv": [ 2.125, 0.5, 2, 0.875 ], "texture": "#revolver" }
			}
		}
	],
	"display": {
		"thirdperson_righthand": {
			"scale":  [ 0.3, 0.3, 0.3 ]
		},
		"thirdperson_lefthand": {
			"scale":  [ 0.0001, 0.0001, 0.0001 ]
		},
		"firstperson_righthand": {
			"rotation":  [ 19, 0, 0 ],
			"translation":  [ 6.2604, -3.476, -17.38 ]
		},
		"firstperson_lefthand": {
			"scale":  [ 0.0001, 0.0001, 0.0001 ]
		},
		"gui": {
			"rotation":  [ 44, 128, -9 ],
			"translation":  [ -1.391, 0.0016, 12 ],
			"scale":  [ 0.8, 0.8, 0.8 ]
		},
		"ground": {
			"scale":  [ 0.0001, 0.0001, 0.0001 ]
		}
	}
}