{
	"__comment": "Designed by DevastMc",
	"textures": {
		"sar": "blocks/sar"
	},
	"elements": [ 	 
		{
			"__comment": "Voxels",
			"from": [ -16, 9, 7 ],
			"to": [ -14.5, 10, 9 ],
			"faces": {
				"down": { "uv": [ 15.625, 14.75, 16, 15.25 ], "texture": "#sar" },
				"up": { "uv": [ 3.25, 9.125, 3.625, 8.625 ], "texture": "#sar" },
				"north": { "uv": [ 2.375, 1, 2, 1.25 ], "texture": "#sar" },
				"south": { "uv": [ 2, 0.75, 2.375, 1 ], "texture": "#sar" },
				"west": { "uv": [ 0.875, 0.875, 1.375, 1.125 ], "texture": "#sar" },
				"east": { "uv": [ 1.375, 0.625, 0.875, 0.875 ], "texture": "#sar" }
			}
		},
		{
			"__comment": "Voxels",
			"from": [ -16, 10, 7 ],
			"to": [ -15, 10.5, 9 ],
			"faces": {
				"up": { "uv": [ 3.625, 5.625, 3.875, 5.125 ], "texture": "#sar" },
				"north": { "uv": [ 5.875, 0, 5.625, 0.125 ], "texture": "#sar" },
				"south": { "uv": [ 5.875, 9.875, 6.125, 10 ], "texture": "#sar" },
				"west": { "uv": [ 5.125, 8.625, 5.625, 8.75 ], "texture": "#sar" },
				"east": { "uv": [ 5.625, 8.75, 5.125, 8.875 ], "texture": "#sar" }
			}
		},
		{
			"__comment": "Voxels",
			"from": [ -15.5, 5.5, 7 ],
			"to": [ -14.5, 9, 9 ],
			"faces": {
				"down": { "uv": [ 3.875, 5.125, 4.125, 5.625 ], "texture": "#sar" },
				"north": { "uv": [ 1.25, 5.75, 1, 6.625 ], "texture": "#sar" },
				"south": { "uv": [ 1.25, 5.75, 1.5, 6.625 ], "texture": "#sar" },
				"west": { "uv": [ 0.5, 5.75, 1, 6.625 ], "texture": "#sar" },
				"east": { "uv": [ 0.5, 5.75, 0, 6.625 ], "texture": "#sar" }
			}
		},
		{
			"__comment": "Voxels",
			"from": [ -15.5, 10.5, 7 ],
			"to": [ -15, 11, 9 ],
			"faces": {
				"up": { "uv": [ 4.75, 2.5, 4.875, 2 ], "texture": "#sar" },
				"north": { "uv": [ 6.125, 3.625, 6, 3.75 ], "texture": "#sar" },
				"south": { "uv": [ 6, 3.75, 6.125, 3.875 ], "texture": "#sar" },
				"west": { "uv": [ 5.125, 9.125, 5.625, 9.25 ], "texture": "#sar" },
				"east": { "uv": [ 5.625, 9.25, 5.125, 9.375 ], "texture": "#sar" }
			}
		},
		{
			"__comment": "Voxels",
			"from": [ -15, 2, 7 ],
			"to": [ -14, 3.5, 9 ],
			"faces": {
				"down": { "uv": [ 1.75, 4.125, 2, 4.625 ], "texture": "#sar" },
				"up": { "uv": [ 2, 4.625, 2.25, 4.125 ], "texture": "#sar" },
				"north": { "uv": [ 2, 0, 1.75, 0.375 ], "texture": "#sar" },
				"south": { "uv": [ 2, 0.375, 2.25, 0.75 ], "texture": "#sar" },
				"west": { "uv": [ 1, 7.75, 1.5, 8.125 ], "texture": "#sar" },
				"east": { "uv": [ 1.5, 4.875, 1, 5.25 ], "texture": "#sar" }
			}
		},
		{
			"__comment": "Voxels",
			"from": [ -15, 3.5, 7 ],
			"to": [ -14.5, 5.5, 9 ],
			"faces": {
				"north": { "uv": [ 4.875, 3.5, 4.75, 4 ], "texture": "#sar" },
				"south": { "uv": [ 4.75, 4, 4.875, 4.5 ], "texture": "#sar" },
				"west": { "uv": [ 0.875, 10.875, 1.375, 11.375 ], "texture": "#sar" },
				"east": { "uv": [ 1.5, 9.125, 1, 9.625 ], "texture": "#sar" }
			}
		},
		{
			"__comment": "Voxels",
			"from": [ -15, 10, 7.5 ],
			"to": [ 1, 10.5, 8.5 ],
			"faces": {
				"down": { "uv": [ 7.75, 15.25, 11.75, 15.5 ], "texture": "#sar" },
				"up": { "uv": [ 6, 13.75, 10, 13.5 ], "texture": "#sar" },
				"north": { "uv": [ 16, 12.625, 12, 12.75 ], "texture": "#sar" },
				"south": { "uv": [ 4.125, 11.25, 8.125, 11.375 ], "texture": "#sar" },
				"east": { "uv": [ 6.625, 9.875, 6.375, 10 ], "texture": "#sar" }
			}
		},
		{
			"__comment": "Voxels",
			"from": [ -15, 10, 8.5 ],
			"to": [ -14.5, 10.5, 9 ],
			"faces": {
				"up": { "uv": [ 6, 4.875, 6.125, 4.75 ], "texture": "#sar" },
				"south": { "uv": [ 6, 5, 6.125, 5.125 ], "texture": "#sar" },
				"east": { "uv": [ 6.125, 5.25, 6, 5.375 ], "texture": "#sar" }
			}
		},
		{
			"__comment": "Voxels",
			"from": [ -15, 10.5, 7.5 ],
			"to": [ -14.5, 11, 8.5 ],
			"faces": {
				"up": { "uv": [ 5.875, 9.625, 6, 9.375 ], "texture": "#sar" },
				"north": { "uv": [ 6.125, 5.375, 6, 5.5 ], "texture": "#sar" },
				"south": { "uv": [ 6, 5.5, 6.125, 5.625 ], "texture": "#sar" },
				"east": { "uv": [ 7.125, 9.875, 6.875, 10 ], "texture": "#sar" }
			}
		},
		{
			"__comment": "Voxels",
			"from": [ -14.5, 3.5, 7.5 ],
			"to": [ -14, 4, 8.5 ],
			"faces": {
				"up": { "uv": [ 5.875, 9.125, 6, 8.875 ], "texture": "#sar" },
				"north": { "uv": [ 6.125, 5.625, 6, 5.75 ], "texture": "#sar" },
				"south": { "uv": [ 6, 5.75, 6.125, 5.875 ], "texture": "#sar" },
				"east": { "uv": [ 7.625, 9.875, 7.375, 10 ], "texture": "#sar" }
			}
		},
		{
			"__comment": "Voxels",
			"from": [ -14.5, 9, 7.5 ],
			"to": [ -11, 10, 8.5 ],
			"faces": {
				"down": { "uv": [ 0, 0.625, 0.875, 0.875 ], "texture": "#sar" },
				"north": { "uv": [ 0.875, 1.625, 0, 1.875 ], "texture": "#sar" },
				"south": { "uv": [ 0, 1.375, 0.875, 1.625 ], "texture": "#sar" },
				"east": { "uv": [ 4.375, 0.5, 4.125, 0.75 ], "texture": "#sar" }
			}
		},
		{
			"__comment": "Voxels",
			"from": [ -14, 2.5, 7.5 ],
			"to": [ -13.5, 3.5, 8.5 ],
			"faces": {
				"down": { "uv": [ 5.875, 8.625, 6, 8.875 ], "texture": "#sar" },
				"up": { "uv": [ 5.875, 8.625, 6, 8.375 ], "texture": "#sar" },
				"north": { "uv": [ 6, 8.125, 5.875, 8.375 ], "texture": "#sar" },
				"south": { "uv": [ 5.875, 7.875, 6, 8.125 ], "texture": "#sar" },
				"east": { "uv": [ 4.375, 0.875, 4.125, 1.125 ], "texture": "#sar" }
			}
		},
		{
			"__comment": "Voxels",
			"from": [ -13.5, 2.5, 8 ],
			"to": [ -13, 4, 8.5 ],
			"faces": {
				"down": { "uv": [ 6, 5.875, 6.125, 6 ], "texture": "#sar" },
				"up": { "uv": [ 6, 6.125, 6.125, 6 ], "texture": "#sar" },
				"north": { "uv": [ 5, 5.5, 4.875, 5.875 ], "texture": "#sar" },
				"south": { "uv": [ 5, 5.875, 5.125, 6.25 ], "texture": "#sar" },
				"west": { "uv": [ 4.875, 6.25, 5, 6.625 ], "texture": "#sar" },
				"east": { "uv": [ 5.125, 5.5, 5, 5.875 ], "texture": "#sar" }
			}
		},
		{
			"__comment": "Voxels",
			"from": [ -13.5, 3, 7.5 ],
			"to": [ -12.5, 4, 8 ],
			"faces": {
				"down": { "uv": [ 7.625, 9.875, 7.875, 10 ], "texture": "#sar" },
				"up": { "uv": [ 8.375, 10, 8.625, 9.875 ], "texture": "#sar" },
				"north": { "uv": [ 5.125, 8.75, 4.875, 9 ], "texture": "#sar" },
				"south": { "uv": [ 4.125, 1.375, 4.375, 1.625 ], "texture": "#sar" },
				"west": { "uv": [ 5.875, 7.625, 6, 7.875 ], "texture": "#sar" },
				"east": { "uv": [ 6, 7.375, 5.875, 7.625 ], "texture": "#sar" }
			}
		},
		{
			"__comment": "Voxels",
			"from": [ -13, 3, 8 ],
			"to": [ -12.5, 4.5, 8.5 ],
			"faces": {
				"down": { "uv": [ 6, 6.125, 6.125, 6.25 ], "texture": "#sar" },
				"up": { "uv": [ 6, 6.375, 6.125, 6.25 ], "texture": "#sar" },
				"north": { "uv": [ 5, 7.375, 4.875, 7.75 ], "texture": "#sar" },
				"south": { "uv": [ 4.875, 7, 5, 7.375 ], "texture": "#sar" },
				"west": { "uv": [ 4.875, 4.375, 5, 4.75 ], "texture": "#sar" },
				"east": { "uv": [ 5.125, 4, 5, 4.375 ], "texture": "#sar" }
			}
		},
		{
			"__comment": "Voxels",
			"from": [ -13, 4, 7.5 ],
			"to": [ -11.5, 4.5, 8 ],
			"faces": {
				"down": { "uv": [ 5.125, 6.75, 5.5, 6.875 ], "texture": "#sar" },
				"up": { "uv": [ 5.125, 3.875, 5.5, 3.75 ], "texture": "#sar" },
				"north": { "uv": [ 5.5, 3.625, 5.125, 3.75 ], "texture": "#sar" },
				"south": { "uv": [ 5.125, 3.375, 5.5, 3.5 ], "texture": "#sar" },
				"west": { "uv": [ 6, 6.375, 6.125, 6.5 ], "texture": "#sar" },
				"east": { "uv": [ 6.125, 6.5, 6, 6.625 ], "texture": "#sar" }
			}
		},
		{
			"__comment": "Voxels",
			"from": [ -12.5, 3.5, 7.5 ],
			"to": [ -12, 4, 8.5 ],
			"faces": {
				"down": { "uv": [ 5.875, 7.125, 6, 7.375 ], "texture": "#sar" },
				"up": { "uv": [ 5.875, 7.125, 6, 6.875 ], "texture": "#sar" },
				"north": { "uv": [ 6.125, 6.625, 6, 6.75 ], "texture": "#sar" },
				"south": { "uv": [ 6, 6.75, 6.125, 6.875 ], "texture": "#sar" },
				"west": { "uv": [ 8.625, 9.875, 8.875, 10 ], "texture": "#sar" },
				"east": { "uv": [ 9.125, 9.875, 8.875, 10 ], "texture": "#sar" }
			}
		},
		{
			"__comment": "Voxels",
			"from": [ -12.5, 4, 8 ],
			"to": [ -11.5, 5, 8.5 ],
			"faces": {
				"down": { "uv": [ 9.125, 9.875, 9.375, 10 ], "texture": "#sar" },
				"up": { "uv": [ 9.375, 10, 9.625, 9.875 ], "texture": "#sar" },
				"north": { "uv": [ 4.625, 2.375, 4.375, 2.625 ], "texture": "#sar" },
				"south": { "uv": [ 4.375, 2.625, 4.625, 2.875 ], "texture": "#sar" },
				"west": { "uv": [ 15.875, 13.125, 16, 13.375 ], "texture": "#sar" },
				"east": { "uv": [ 1.5, 0.875, 1.375, 1.125 ], "texture": "#sar" }
			}
		},
		{
			"__comment": "Voxels",
			"from": [ -12.5, 4.5, 7.5 ],
			"to": [ -11.5, 5, 8 ],
			"faces": {
				"up": { "uv": [ 3.875, 5.125, 4.125, 5 ], "texture": "#sar" },
				"north": { "uv": [ 4.125, 3.25, 3.875, 3.375 ], "texture": "#sar" },
				"west": { "uv": [ 6, 6.875, 6.125, 7 ], "texture": "#sar" },
				"east": { "uv": [ 6.125, 7.25, 6, 7.375 ], "texture": "#sar" }
			}
		},
		{
			"__comment": "Voxels",
			"from": [ -12, 5, 7.5 ],
			"to": [ -11, 6, 8.5 ],
			"faces": {
				"down": { "uv": [ 4.375, 2.875, 4.625, 3.125 ], "texture": "#sar" },
				"up": { "uv": [ 4.125, 3.125, 4.375, 2.875 ], "texture": "#sar" },
				"north": { "uv": [ 4.625, 3.125, 4.375, 3.375 ], "texture": "#sar" },
				"south": { "uv": [ 4.125, 3.125, 4.375, 3.375 ], "texture": "#sar" },
				"west": { "uv": [ 4.375, 3.375, 4.625, 3.625 ], "texture": "#sar" },
				"east": { "uv": [ 4.625, 3.625, 4.375, 3.875 ], "texture": "#sar" }
			}
		},
		{
			"__comment": "Voxels",
			"from": [ -11.5, 6, 7.5 ],
			"to": [ -10, 6.5, 8.5 ],
			"faces": {
				"down": { "uv": [ 2, 0.125, 2.375, 0.375 ], "texture": "#sar" },
				"up": { "uv": [ 2.375, 1.75, 2.75, 1.5 ], "texture": "#sar" },
				"north": { "uv": [ 4.125, 2.625, 3.75, 2.75 ], "texture": "#sar" },
				"south": { "uv": [ 3.75, 2.375, 4.125, 2.5 ], "texture": "#sar" },
				"west": { "uv": [ 15.75, 10.75, 16, 10.875 ], "texture": "#sar" },
				"east": { "uv": [ 16, 10.5, 15.75, 10.625 ], "texture": "#sar" }
			}
		},
		{
			"__comment": "Voxels",
			"from": [ -11, 5.5, 7.5 ],
			"to": [ -10.5, 6, 8.5 ],
			"faces": {
				"down": { "uv": [ 4, 7.875, 4.125, 8.125 ], "texture": "#sar" },
				"north": { "uv": [ 6.125, 7.375, 6, 7.5 ], "texture": "#sar" },
				"south": { "uv": [ 6, 7.5, 6.125, 7.625 ], "texture": "#sar" },
				"east": { "uv": [ 5.125, 2.375, 4.875, 2.5 ], "texture": "#sar" }
			}
		},
		{
			"__comment": "Voxels",
			"from": [ -11, 6.5, 7.5 ],
			"to": [ -9.5, 7, 8.5 ],
			"faces": {
				"down": { "uv": [ 2.75, 1.5, 3.125, 1.75 ], "texture": "#sar" },
				"up": { "uv": [ 3.125, 1.75, 3.5, 1.5 ], "texture": "#sar" },
				"north": { "uv": [ 5.5, 3.5, 5.125, 3.625 ], "texture": "#sar" },
				"south": { "uv": [ 2.375, 0, 2.75, 0.125 ], "texture": "#sar" },
				"west": { "uv": [ 4.875, 2.25, 5.125, 2.375 ], "texture": "#sar" },
				"east": { "uv": [ 5.125, 2.125, 4.875, 2.25 ], "texture": "#sar" }
			}
		},
		{
			"__comment": "Voxels",
			"from": [ -11, 9.5, 7.5 ],
			"to": [ 1, 10, 8.5 ],
			"faces": {
				"down": { "uv": [ 11.625, 13.125, 14.625, 13.375 ], "texture": "#sar" },
				"north": { "uv": [ 7.125, 10.375, 4.125, 10.5 ], "texture": "#sar" },
				"south": { "uv": [ 7.125, 10.375, 10.125, 10.5 ], "texture": "#sar" },
				"east": { "uv": [ 5.875, 6.375, 5.625, 6.5 ], "texture": "#sar" }
			}
		},
		{
			"__comment": "Voxels",
			"from": [ -10.5, 7, 7.5 ],
			"to": [ -9.5, 8, 8.5 ],
			"faces": {
				"up": { "uv": [ 4.375, 4.875, 4.625, 4.625 ], "texture": "#sar" },
				"north": { "uv": [ 4.75, 4.875, 4.5, 5.125 ], "texture": "#sar" },
				"south": { "uv": [ 4.25, 4.875, 4.5, 5.125 ], "texture": "#sar" },
				"west": { "uv": [ 4.5, 5.125, 4.75, 5.375 ], "texture": "#sar" },
				"east": { "uv": [ 4.5, 5.125, 4.25, 5.375 ], "texture": "#sar" }
			}
		},
		{
			"__comment": "Voxels",
			"from": [ -10, 8, 7.5 ],
			"to": [ -8.5, 8.5, 8.5 ],
			"faces": {
				"down": { "uv": [ 3.5, 1.5, 3.875, 1.75 ], "texture": "#sar" },
				"up": { "uv": [ 2.375, 1.375, 2.75, 1.125 ], "texture": "#sar" },
				"north": { "uv": [ 16, 10.375, 15.625, 10.5 ], "texture": "#sar" },
				"south": { "uv": [ 15.625, 10.25, 16, 10.375 ], "texture": "#sar" },
				"west": { "uv": [ 4.875, 1.375, 5.125, 1.5 ], "texture": "#sar" },
				"east": { "uv": [ 5.125, 1.25, 4.875, 1.375 ], "texture": "#sar" }
			}
		},
		{
			"__comment": "Voxels",
			"from": [ -9.5, 7.5, 7.5 ],
			"to": [ -9, 8, 8.5 ],
			"faces": {
				"down": { "uv": [ 4.625, 7.5, 4.75, 7.75 ], "texture": "#sar" },
				"north": { "uv": [ 6.125, 7.625, 6, 7.75 ], "texture": "#sar" },
				"south": { "uv": [ 6, 8, 6.125, 8.125 ], "texture": "#sar" },
				"east": { "uv": [ 5.125, 1, 4.875, 1.125 ], "texture": "#sar" }
			}
		},
		{
			"__comment": "Voxels",
			"from": [ -9.5, 8.5, 7.5 ],
			"to": [ -8, 9, 8.5 ],
			"faces": {
				"down": { "uv": [ 2.375, 0.875, 2.75, 1.125 ], "texture": "#sar" },
				"up": { "uv": [ 2.375, 0.875, 2.75, 0.625 ], "texture": "#sar" },
				"north": { "uv": [ 5.5, 5.5, 5.125, 5.625 ], "texture": "#sar" },
				"south": { "uv": [ 5.125, 5.375, 5.5, 5.5 ], "texture": "#sar" },
				"west": { "uv": [ 4.875, 0.875, 5.125, 1 ], "texture": "#sar" },
				"east": { "uv": [ 5.125, 0.75, 4.875, 0.875 ], "texture": "#sar" }
			}
		},
		{
			"__comment": "Voxels",
			"from": [ -9, 9, 7.5 ],
			"to": [ -6, 9.5, 8.5 ],
			"faces": {
				"down": { "uv": [ 3.25, 7.625, 4, 7.875 ], "texture": "#sar" },
				"north": { "uv": [ 3.5, 1.25, 2.75, 1.375 ], "texture": "#sar" },
				"south": { "uv": [ 2.75, 1.125, 3.5, 1.25 ], "texture": "#sar" },
				"west": { "uv": [ 4.875, 0.625, 5.125, 0.75 ], "texture": "#sar" },
				"east": { "uv": [ 5.125, 0.5, 4.875, 0.625 ], "texture": "#sar" }
			}
		},
		{
			"__comment": "Voxels",
			"from": [ -9, 10.5, 7.5 ],
			"to": [ 1, 11, 8.5 ],
			"faces": {
				"up": { "uv": [ 13.5, 12.375, 16, 12.125 ], "texture": "#sar" },
				"north": { "uv": [ 16, 12.5, 13.5, 12.625 ], "texture": "#sar" },
				"south": { "uv": [ 13.5, 12.375, 16, 12.5 ], "texture": "#sar" },
				"west": { "uv": [ 5.125, 2.875, 5.375, 3 ], "texture": "#sar" },
				"east": { "uv": [ 5.625, 2.875, 5.375, 3 ], "texture": "#sar" }
			}
		},
		{
			"__comment": "Voxels",
			"from": [ -7, 8.5, 7.5 ],
			"to": [ -6.5, 9, 8.5 ],
			"faces": {
				"down": { "uv": [ 4.625, 4.625, 4.75, 4.875 ], "texture": "#sar" },
				"north": { "uv": [ 6.125, 8.125, 6, 8.25 ], "texture": "#sar" },
				"south": { "uv": [ 6, 8.25, 6.125, 8.375 ], "texture": "#sar" },
				"west": { "uv": [ 5.125, 2.75, 5.375, 2.875 ], "texture": "#sar" },
				"east": { "uv": [ 5.625, 2.75, 5.375, 2.875 ], "texture": "#sar" }
			}
		},
		{
			"__comment": "Voxels",
			"from": [ -4, 10, 8.5 ],
			"to": [ 1, 10.5, 9 ],
			"faces": {
				"down": { "uv": [ 2.875, 6.75, 4.125, 6.875 ], "texture": "#sar" },
				"up": { "uv": [ 2.875, 6.75, 4.125, 6.625 ], "texture": "#sar" },
				"south": { "uv": [ 1.5, 4.875, 2.75, 5 ], "texture": "#sar" },
				"west": { "uv": [ 6, 8.375, 6.125, 8.5 ], "texture": "#sar" },
				"east": { "uv": [ 6.125, 9, 6, 9.125 ], "texture": "#sar" }
			}
		},
		{
			"__comment": "Voxels",
			"from": [ -2.5, 3, 7.5 ],
			"to": [ -1, 3.5, 8.5 ],
			"faces": {
				"down": { "uv": [ 2.375, 0.375, 2.75, 0.625 ], "texture": "#sar" },
				"up": { "uv": [ 2.375, 0.375, 2.75, 0.125 ], "texture": "#sar" },
				"north": { "uv": [ 4.125, 4.75, 3.75, 4.875 ], "texture": "#sar" },
				"south": { "uv": [ 0.875, 0, 1.25, 0.125 ], "texture": "#sar" },
				"west": { "uv": [ 5.125, 2.625, 5.375, 2.75 ], "texture": "#sar" },
				"east": { "uv": [ 5.625, 2.625, 5.375, 2.75 ], "texture": "#sar" }
			}
		},
		{
			"__comment": "Voxels",
			"from": [ -2.5, 3.5, 7.5 ],
			"to": [ -1.5, 5, 8.5 ],
			"faces": {
				"up": { "uv": [ 1.25, 3, 1.5, 2.75 ], "texture": "#sar" },
				"north": { "uv": [ 3, 0.375, 2.75, 0.75 ], "texture": "#sar" },
				"south": { "uv": [ 2.75, 0, 3, 0.375 ], "texture": "#sar" },
				"west": { "uv": [ 3, 0.375, 3.25, 0.75 ], "texture": "#sar" },
				"east": { "uv": [ 3.25, 0, 3, 0.375 ], "texture": "#sar" }
			}
		},
		{
			"__comment": "Voxels",
			"from": [ -2.5, 3.5, 8.5 ],
			"to": [ 1, 4, 9 ],
			"faces": {
				"down": { "uv": [ 3, 4, 3.875, 4.125 ], "texture": "#sar" },
				"up": { "uv": [ 1.5, 3.375, 2.375, 3.25 ], "texture": "#sar" },
				"north": { "uv": [ 4, 3.625, 3.125, 3.75 ], "texture": "#sar" },
				"south": { "uv": [ 0, 0, 0.875, 0.125 ], "texture": "#sar" },
				"west": { "uv": [ 6, 9.125, 6.125, 9.25 ], "texture": "#sar" },
				"east": { "uv": [ 6, 1.375, 5.875, 1.5 ], "texture": "#sar" }
			}
		},
		{
			"__comment": "Voxels",
			"from": [ -2.5, 10, 7 ],
			"to": [ 1, 10.5, 7.5 ],
			"faces": {
				"down": { "uv": [ 2.25, 3.5, 3.125, 3.625 ], "texture": "#sar" },
				"up": { "uv": [ 3, 4, 3.875, 3.875 ], "texture": "#sar" },
				"north": { "uv": [ 4, 3.75, 3.125, 3.875 ], "texture": "#sar" },
				"west": { "uv": [ 5.875, 1.5, 6, 1.625 ], "texture": "#sar" },
				"east": { "uv": [ 6, 1.625, 5.875, 1.75 ], "texture": "#sar" }
			}
		},
		{
			"__comment": "Voxels",
			"from": [ -2, 2.5, 7.5 ],
			"to": [ 0, 3, 8.5 ],
			"faces": {
				"down": { "uv": [ 1.5, 3.875, 2, 4.125 ], "texture": "#sar" },
				"up": { "uv": [ 3.25, 4.375, 3.75, 4.125 ], "texture": "#sar" },
				"north": { "uv": [ 4.625, 7.875, 4.125, 8 ], "texture": "#sar" },
				"south": { "uv": [ 15.5, 10.625, 16, 10.75 ], "texture": "#sar" },
				"west": { "uv": [ 5.125, 2.5, 5.375, 2.625 ], "texture": "#sar" },
				"east": { "uv": [ 5.625, 2.5, 5.375, 2.625 ], "texture": "#sar" }
			}
		},
		{
			"__comment": "Voxels",
			"from": [ -2, 3.5, 7 ],
			"to": [ 1, 5, 7.5 ],
			"faces": {
				"down": { "uv": [ 3.25, 0.625, 4, 0.75 ], "texture": "#sar" },
				"up": { "uv": [ 0.75, 2, 1.5, 1.875 ], "texture": "#sar" },
				"north": { "uv": [ 0.75, 1.875, 0, 2.25 ], "texture": "#sar" },
				"south": { "uv": [ 15.125, 13.375, 15.875, 13.75 ], "texture": "#sar" },
				"west": { "uv": [ 4.875, 8.125, 5, 8.5 ], "texture": "#sar" },
				"east": { "uv": [ 2.375, 0.375, 2.25, 0.75 ], "texture": "#sar" }
			}
		},
		{
			"__comment": "Voxels",
			"from": [ -2, 4, 8.5 ],
			"to": [ 0, 4.5, 9 ],
			"faces": {
				"up": { "uv": [ 15.5, 11.625, 16, 11.5 ], "texture": "#sar" },
				"north": { "uv": [ 16, 11.75, 15.5, 11.875 ], "texture": "#sar" },
				"south": { "uv": [ 15.5, 11.875, 16, 12 ], "texture": "#sar" },
				"west": { "uv": [ 5.875, 2.5, 6, 2.625 ], "texture": "#sar" },
				"east": { "uv": [ 6, 2.875, 5.875, 3 ], "texture": "#sar" }
			}
		},
		{
			"__comment": "Voxels",
			"from": [ -2, 4.5, 8.5 ],
			"to": [ -1.5, 5.5, 9 ],
			"faces": {
				"up": { "uv": [ 5.875, 3.25, 6, 3.125 ], "texture": "#sar" },
				"north": { "uv": [ 4.75, 4.125, 4.625, 4.375 ], "texture": "#sar" },
				"south": { "uv": [ 4.625, 3.625, 4.75, 3.875 ], "texture": "#sar" },
				"west": { "uv": [ 4.625, 3.375, 4.75, 3.625 ], "texture": "#sar" },
				"east": { "uv": [ 4.75, 3.125, 4.625, 3.375 ], "texture": "#sar" }
			}
		},
		{
			"__comment": "Voxels",
			"from": [ -2, 5, 7.5 ],
			"to": [ -1, 7, 8 ],
			"faces": {
				"down": { "uv": [ 5.125, 2.375, 5.375, 2.5 ], "texture": "#sar" },
				"up": { "uv": [ 5.375, 2.5, 5.625, 2.375 ], "texture": "#sar" },
				"north": { "uv": [ 1.75, 3.375, 1.5, 3.875 ], "texture": "#sar" },
				"south": { "uv": [ 1.75, 3.375, 2, 3.875 ], "texture": "#sar" },
				"west": { "uv": [ 4.125, 8, 4.25, 8.5 ], "texture": "#sar" },
				"east": { "uv": [ 4.125, 4.125, 4, 4.625 ], "texture": "#sar" }
			}
		},
		{
			"__comment": "Voxels",
			"from": [ -2, 5, 8 ],
			"to": [ -1, 6.5, 8.5 ],
			"faces": {
				"down": { "uv": [ 5.125, 2.125, 5.375, 2.25 ], "texture": "#sar" },
				"up": { "uv": [ 5.375, 2.25, 5.625, 2.125 ], "texture": "#sar" },
				"south": { "uv": [ 1.5, 2.875, 1.75, 3.25 ], "texture": "#sar" },
				"west": { "uv": [ 1.375, 3.5, 1.5, 3.875 ], "texture": "#sar" },
				"east": { "uv": [ 16, 13.375, 15.875, 13.75 ], "texture": "#sar" }
			}
		},
		{
			"__comment": "Voxels",
			"from": [ -2, 9, 8 ],
			"to": [ 14.5, 9.5, 8.5 ],
			"faces": {
				"down": { "uv": [ 8.25, 11.5, 12.375, 11.625 ], "texture": "#sar" },
				"up": { "uv": [ 4.125, 11.625, 8.25, 11.5 ], "texture": "#sar" },
				"north": { "uv": [ 8.25, 11.375, 4.125, 11.5 ], "texture": "#sar" },
				"south": { "uv": [ 8.25, 11.375, 12.375, 11.5 ], "texture": "#sar" },
				"west": { "uv": [ 5.875, 3.25, 6, 3.375 ], "texture": "#sar" },
				"east": { "uv": [ 6, 3.375, 5.875, 3.5 ], "texture": "#sar" }
			}
		},
		{
			"__comment": "Voxels",
			"from": [ -2, 9.5, 7 ],
			"to": [ 1, 10, 7.5 ],
			"faces": {
				"down": { "uv": [ 3.125, 3.25, 3.875, 3.375 ], "texture": "#sar" },
				"north": { "uv": [ 2.5, 3, 1.75, 3.125 ], "texture": "#sar" },
				"west": { "uv": [ 5.875, 3.5, 6, 3.625 ], "texture": "#sar" },
				"east": { "uv": [ 6, 3.625, 5.875, 3.75 ], "texture": "#sar" }
			}
		},
		{
			"__comment": "Voxels",
			"from": [ -2, 9.5, 8.5 ],
			"to": [ 1, 10, 9 ],
			"faces": {
				"down": { "uv": [ 2.5, 3.125, 3.25, 3.25 ], "texture": "#sar" },
				"south": { "uv": [ 3.25, 3.125, 4, 3.25 ], "texture": "#sar" },
				"west": { "uv": [ 5.875, 4, 6, 4.125 ], "texture": "#sar" },
				"east": { "uv": [ 6, 4.125, 5.875, 4.25 ], "texture": "#sar" }
			}
		},
		{
			"__comment": "Voxels",
			"from": [ -2, 10.5, 7 ],
			"to": [ 1, 11, 7.5 ],
			"faces": {
				"up": { "uv": [ 3.25, 3, 4, 2.875 ], "texture": "#sar" },
				"north": { "uv": [ 2.25, 2.75, 1.5, 2.875 ], "texture": "#sar" },
				"west": { "uv": [ 5.875, 4.25, 6, 4.375 ], "texture": "#sar" },
				"east": { "uv": [ 6, 4.375, 5.875, 4.5 ], "texture": "#sar" }
			}
		},
		{
			"__comment": "Voxels",
			"from": [ -2, 10.5, 8.5 ],
			"to": [ 1, 11, 9 ],
			"faces": {
				"up": { "uv": [ 1.5, 2.75, 2.25, 2.625 ], "texture": "#sar" },
				"south": { "uv": [ 3, 2.625, 3.75, 2.75 ], "texture": "#sar" },
				"west": { "uv": [ 5.875, 4.75, 6, 4.875 ], "texture": "#sar" },
				"east": { "uv": [ 6, 5.125, 5.875, 5.25 ], "texture": "#sar" }
			}
		},
		{
			"__comment": "Voxels",
			"from": [ -2, 11, 7.5 ],
			"to": [ 1, 11.5, 8.5 ],
			"faces": {
				"up": { "uv": [ 3.125, 11.125, 3.875, 10.875 ], "texture": "#sar" },
				"north": { "uv": [ 2.25, 2.5, 1.5, 2.625 ], "texture": "#sar" },
				"south": { "uv": [ 2.25, 2.5, 3, 2.625 ], "texture": "#sar" },
				"west": { "uv": [ 5.125, 2, 5.375, 2.125 ], "texture": "#sar" },
				"east": { "uv": [ 5.625, 2, 5.375, 2.125 ], "texture": "#sar" }
			}
		},
		{
			"__comment": "Voxels",
			"from": [ -1.5, 5, 8.5 ],
			"to": [ 1.5, 6, 9 ],
			"faces": {
				"down": { "uv": [ 3, 2.5, 3.75, 2.625 ], "texture": "#sar" },
				"up": { "uv": [ 1.5, 2.5, 2.25, 2.375 ], "texture": "#sar" },
				"north": { "uv": [ 3.875, 10.625, 3.125, 10.875 ], "texture": "#sar" },
				"south": { "uv": [ 1.5, 7.125, 2.25, 7.375 ], "texture": "#sar" },
				"west": { "uv": [ 4.625, 2.875, 4.75, 3.125 ], "texture": "#sar" },
				"east": { "uv": [ 4.75, 2.625, 4.625, 2.875 ], "texture": "#sar" }
			}
		},
		{
			"__comment": "Voxels",
			"from": [ -1.5, 5.5, 7 ],
			"to": [ 1.5, 6, 7.5 ],
			"faces": {
				"down": { "uv": [ 2.25, 2.375, 3, 2.5 ], "texture": "#sar" },
				"up": { "uv": [ 3, 2.5, 3.75, 2.375 ], "texture": "#sar" },
				"north": { "uv": [ 2.25, 2.25, 1.5, 2.375 ], "texture": "#sar" },
				"south": { "uv": [ 2.25, 2.25, 3, 2.375 ], "texture": "#sar" },
				"west": { "uv": [ 5.875, 5.25, 6, 5.375 ], "texture": "#sar" },
				"east": { "uv": [ 6, 5.375, 5.875, 5.5 ], "texture": "#sar" }
			}
		},
		{
			"__comment": "Voxels",
			"from": [ -1.5, 6, 7 ],
			"to": [ 0.5, 7, 7.5 ],
			"faces": {
				"up": { "uv": [ 5.125, 8.625, 5.625, 8.5 ], "texture": "#sar" },
				"north": { "uv": [ 4.125, 8.375, 3.625, 8.625 ], "texture": "#sar" },
				"south": { "uv": [ 2.5, 4.125, 3, 4.375 ], "texture": "#sar" },
				"west": { "uv": [ 4.625, 2.375, 4.75, 2.625 ], "texture": "#sar" },
				"east": { "uv": [ 4.75, 1.625, 4.625, 1.875 ], "texture": "#sar" }
			}
		},
		{
			"__comment": "Voxels",
			"from": [ -1.5, 6, 8.5 ],
			"to": [ -1, 7, 9 ],
			"faces": {
				"up": { "uv": [ 5.875, 6, 6, 5.875 ], "texture": "#sar" },
				"north": { "uv": [ 4.75, 1.375, 4.625, 1.625 ], "texture": "#sar" },
				"south": { "uv": [ 4.625, 0.875, 4.75, 1.125 ], "texture": "#sar" },
				"west": { "uv": [ 4.625, 0.5, 4.75, 0.75 ], "texture": "#sar" },
				"east": { "uv": [ 5.125, 3, 5, 3.25 ], "texture": "#sar" }
			}
		},
		{
			"__comment": "Voxels",
			"from": [ -1.5, 6.5, 8 ],
			"to": [ -1, 8.5, 8.5 ],
			"faces": {
				"up": { "uv": [ 5.875, 6.75, 6, 6.625 ], "texture": "#sar" },
				"north": { "uv": [ 4.75, 8, 4.625, 8.5 ], "texture": "#sar" },
				"south": { "uv": [ 1.375, 8.625, 1.5, 9.125 ], "texture": "#sar" },
				"west": { "uv": [ 4.375, 8, 4.5, 8.5 ], "texture": "#sar" },
				"east": { "uv": [ 4.375, 8, 4.25, 8.5 ], "texture": "#sar" }
			}
		},
		{
			"__comment": "Voxels",
			"from": [ -1.5, 7, 7.5 ],
			"to": [ -0.5, 8.5, 8 ],
			"faces": {
				"down": { "uv": [ 5.125, 1.875, 5.375, 2 ], "texture": "#sar" },
				"up": { "uv": [ 5.375, 2, 5.625, 1.875 ], "texture": "#sar" },
				"north": { "uv": [ 1.75, 1.875, 1.5, 2.25 ], "texture": "#sar" },
				"south": { "uv": [ 1.5, 1.5, 1.75, 1.875 ], "texture": "#sar" },
				"west": { "uv": [ 5, 8.125, 5.125, 8.5 ], "texture": "#sar" },
				"east": { "uv": [ 5.125, 7.75, 5, 8.125 ], "texture": "#sar" }
			}
		},
		{
			"__comment": "Voxels",
			"from": [ -1.5, 9, 7.5 ],
			"to": [ 14.5, 9.5, 8 ],
			"faces": {
				"down": { "uv": [ 4.125, 11, 8.125, 11.125 ], "texture": "#sar" },
				"up": { "uv": [ 8.125, 11.25, 12.125, 11.125 ], "texture": "#sar" },
				"north": { "uv": [ 12.125, 11, 8.125, 11.125 ], "texture": "#sar" },
				"west": { "uv": [ 5.875, 6.75, 6, 6.875 ], "texture": "#sar" },
				"east": { "uv": [ 16, 9.875, 15.875, 10 ], "texture": "#sar" }
			}
		},
		{
			"__comment": "Voxels",
			"from": [ -1.5, 9.5, 6.5 ],
			"to": [ 14.5, 11.5, 7 ],
			"faces": {
				"down": { "uv": [ 12, 12.75, 16, 12.875 ], "texture": "#sar" },
				"up": { "uv": [ 6, 13.5, 10, 13.375 ], "texture": "#sar" },
				"north": { "uv": [ 4, 14.25, 0, 14.75 ], "texture": "#sar" },
				"south": { "uv": [ 4, 14.25, 8, 14.75 ], "texture": "#sar" },
				"west": { "uv": [ 4.625, 6.5, 4.75, 7 ], "texture": "#sar" },
				"east": { "uv": [ 4.25, 4.875, 4.125, 5.375 ], "texture": "#sar" }
			}
		},
		{
			"__comment": "Voxels",
			"from": [ -1.5, 9.5, 9 ],
			"to": [ 14.5, 11.5, 9.5 ],
			"faces": {
				"down": { "uv": [ 4.125, 11.125, 8.125, 11.25 ], "texture": "#sar" },
				"up": { "uv": [ 8.125, 11.375, 12.125, 11.25 ], "texture": "#sar" },
				"north": { "uv": [ 12.375, 14.75, 8.375, 15.25 ], "texture": "#sar" },
				"south": { "uv": [ 4.375, 14.75, 8.375, 15.25 ], "texture": "#sar" },
				"west": { "uv": [ 4.75, 8, 4.875, 8.5 ], "texture": "#sar" },
				"east": { "uv": [ 4.875, 7.5, 4.75, 8 ], "texture": "#sar" }
			}
		},
		{
			"__comment": "Voxels",
			"from": [ -1.5, 11, 7 ],
			"to": [ 1, 11.5, 7.5 ],
			"faces": {
				"up": { "uv": [ 14.875, 11.875, 15.5, 11.75 ], "texture": "#sar" },
				"west": { "uv": [ 15.75, 9.875, 15.875, 10 ], "texture": "#sar" },
				"east": { "uv": [ 15.5, 9.875, 15.375, 10 ], "texture": "#sar" }
			}
		},
		{
			"__comment": "Voxels",
			"from": [ -1.5, 11, 8.5 ],
			"to": [ 1, 11.5, 9 ],
			"faces": {
				"up": { "uv": [ 14.375, 10.5, 15, 10.375 ], "texture": "#sar" },
				"west": { "uv": [ 15.25, 9.875, 15.375, 10 ], "texture": "#sar" },
				"east": { "uv": [ 15.25, 9.875, 15.125, 10 ], "texture": "#sar" }
			}
		},
		{
			"__comment": "Voxels",
			"from": [ -1, 2, 7.5 ],
			"to": [ 1, 2.5, 8.5 ],
			"faces": {
				"down": { "uv": [ 2.5, 3.875, 3, 4.125 ], "texture": "#sar" },
				"up": { "uv": [ 2, 4.125, 2.5, 3.875 ], "texture": "#sar" },
				"north": { "uv": [ 5.625, 8.25, 5.125, 8.375 ], "texture": "#sar" },
				"south": { "uv": [ 5.125, 8.125, 5.625, 8.25 ], "texture": "#sar" },
				"west": { "uv": [ 5.125, 1.75, 5.375, 1.875 ], "texture": "#sar" },
				"east": { "uv": [ 5.625, 1.75, 5.375, 1.875 ], "texture": "#sar" }
			}
		},
		{
			"__comment": "Voxels",
			"from": [ -1, 2.5, 7 ],
			"to": [ -0.5, 3.5, 7.5 ],
			"faces": {
				"down": { "uv": [ 15, 9.875, 15.125, 10 ], "texture": "#sar" },
				"north": { "uv": [ 5.25, 1.5, 5.125, 1.75 ], "texture": "#sar" },
				"south": { "uv": [ 5.25, 1.5, 5.375, 1.75 ], "texture": "#sar" },
				"west": { "uv": [ 5.375, 1.5, 5.5, 1.75 ], "texture": "#sar" },
				"east": { "uv": [ 5.625, 1.5, 5.5, 1.75 ], "texture": "#sar" }
			}
		},
		{
			"__comment": "Voxels",
			"from": [ -1, 2.5, 8.5 ],
			"to": [ -0.5, 3.5, 9 ],
			"faces": {
				"down": { "uv": [ 13, 9.875, 13.125, 10 ], "texture": "#sar" },
				"north": { "uv": [ 5.25, 1.25, 5.125, 1.5 ], "texture": "#sar" },
				"south": { "uv": [ 5.25, 1.25, 5.375, 1.5 ], "texture": "#sar" },
				"west": { "uv": [ 5.125, 1, 5.25, 1.25 ], "texture": "#sar" },
				"east": { "uv": [ 5.375, 1, 5.25, 1.25 ], "texture": "#sar" }
			}
		},
		{
			"__comment": "Voxels",
			"from": [ -1, 7, 7 ],
			"to": [ 2, 9.5, 7.5 ],
			"faces": {
				"down": { "uv": [ 1.75, 2.125, 2.5, 2.25 ], "texture": "#sar" },
				"up": { "uv": [ 2.5, 2.25, 3.25, 2.125 ], "texture": "#sar" },
				"north": { "uv": [ 0.75, 7, 0, 7.625 ], "texture": "#sar" },
				"south": { "uv": [ 0.75, 7, 1.5, 7.625 ], "texture": "#sar" },
				"west": { "uv": [ 3.25, 0, 3.375, 0.625 ], "texture": "#sar" },
				"east": { "uv": [ 3.5, 0, 3.375, 0.625 ], "texture": "#sar" }
			}
		},
		{
			"__comment": "Voxels",
			"from": [ -1, 7, 8 ],
			"to": [ -0.5, 9, 9 ],
			"faces": {
				"down": { "uv": [ 5.125, 0.625, 5.25, 0.875 ], "texture": "#sar" },
				"up": { "uv": [ 5.25, 0.875, 5.375, 0.625 ], "texture": "#sar" },
				"north": { "uv": [ 1.5, 8.125, 1.375, 8.625 ], "texture": "#sar" },
				"south": { "uv": [ 4, 8.625, 4.125, 9.125 ], "texture": "#sar" },
				"west": { "uv": [ 2, 3.375, 2.25, 3.875 ], "texture": "#sar" },
				"east": { "uv": [ 16, 14.25, 15.75, 14.75 ], "texture": "#sar" }
			}
		},
		{
			"__comment": "Voxels",
			"from": [ -1, 8.5, 7.5 ],
			"to": [ 5, 9, 8 ],
			"faces": {
				"down": { "uv": [ 1.5, 9.25, 3, 9.375 ], "texture": "#sar" },
				"north": { "uv": [ 3.75, 7.375, 2.25, 7.5 ], "texture": "#sar" },
				"south": { "uv": [ 2.25, 7.5, 3.75, 7.625 ], "texture": "#sar" },
				"west": { "uv": [ 11.25, 9.875, 11.375, 10 ], "texture": "#sar" },
				"east": { "uv": [ 11.25, 9.875, 11.125, 10 ], "texture": "#sar" }
			}
		},
		{
			"__comment": "Voxels",
			"from": [ -1, 9, 6.5 ],
			"to": [ 14.5, 9.5, 7 ],
			"faces": {
				"down": { "uv": [ 12.125, 11.25, 16, 11.375 ], "texture": "#sar" },
				"north": { "uv": [ 15.75, 10.75, 11.875, 10.875 ], "texture": "#sar" },
				"south": { "uv": [ 4.125, 10.625, 8, 10.75 ], "texture": "#sar" },
				"west": { "uv": [ 10.75, 9.875, 10.875, 10 ], "texture": "#sar" },
				"east": { "uv": [ 5.625, 4.5, 5.5, 4.625 ], "texture": "#sar" }
			}
		},
		{
			"__comment": "Voxels",
			"from": [ -1, 9, 8.5 ],
			"to": [ 14.5, 9.5, 9.5 ],
			"faces": {
				"down": { "uv": [ 10, 13.5, 13.875, 13.75 ], "texture": "#sar" },
				"up": { "uv": [ 7.75, 13.375, 11.625, 13.125 ], "texture": "#sar" },
				"south": { "uv": [ 12.125, 11.125, 16, 11.25 ], "texture": "#sar" },
				"west": { "uv": [ 5.375, 0.125, 5.625, 0.25 ], "texture": "#sar" },
				"east": { "uv": [ 5.625, 0, 5.375, 0.125 ], "texture": "#sar" }
			}
		},
		{
			"__comment": "Voxels",
			"from": [ -1, 9.5, 6 ],
			"to": [ 2, 11.5, 6.5 ],
			"faces": {
				"down": { "uv": [ 3, 2.25, 3.75, 2.375 ], "texture": "#sar" },
				"up": { "uv": [ 3.25, 2.25, 4, 2.125 ], "texture": "#sar" },
				"north": { "uv": [ 1.5, 3.875, 0.75, 4.375 ], "texture": "#sar" },
				"west": { "uv": [ 4.5, 8, 4.625, 8.5 ], "texture": "#sar" },
				"east": { "uv": [ 1.5, 10.875, 1.375, 11.375 ], "texture": "#sar" }
			}
		},
		{
			"__comment": "Voxels",
			"from": [ -1, 9.5, 9.5 ],
			"to": [ 2, 11.5, 10 ],
			"faces": {
				"down": { "uv": [ 1.75, 2, 2.5, 2.125 ], "texture": "#sar" },
				"up": { "uv": [ 2.5, 2.125, 3.25, 2 ], "texture": "#sar" },
				"south": { "uv": [ 0, 4.375, 0.75, 4.875 ], "texture": "#sar" },
				"west": { "uv": [ 4.375, 7, 4.5, 7.5 ], "texture": "#sar" },
				"east": { "uv": [ 4.625, 7, 4.5, 7.5 ], "texture": "#sar" }
			}
		},
		{
			"__comment": "Voxels",
			"from": [ -1, 11.5, 6.5 ],
			"to": [ 14.5, 12, 9.5 ],
			"faces": {
				"down": { "uv": [ 0, 15.25, 3.875, 16 ], "texture": "#sar" },
				"up": { "uv": [ 3.875, 16, 7.75, 15.25 ], "texture": "#sar" },
				"north": { "uv": [ 16, 11, 12.125, 11.125 ], "texture": "#sar" },
				"south": { "uv": [ 4.125, 10.75, 8, 10.875 ], "texture": "#sar" },
				"west": { "uv": [ 3.25, 2, 4, 2.125 ], "texture": "#sar" },
				"east": { "uv": [ 2.5, 1.875, 1.75, 2 ], "texture": "#sar" }
			}
		},
		{
			"__comment": "Voxels",
			"from": [ -1, 12, 7.5 ],
			"to": [ 5.5, 12.5, 8.5 ],
			"faces": {
				"up": { "uv": [ 1.5, 11.125, 3.125, 10.875 ], "texture": "#sar" },
				"north": { "uv": [ 3.125, 9.875, 1.5, 10 ], "texture": "#sar" },
				"south": { "uv": [ 1.5, 9.625, 3.125, 9.75 ], "texture": "#sar" },
				"west": { "uv": [ 5.625, 9.875, 5.875, 10 ], "texture": "#sar" },
				"east": { "uv": [ 5.875, 9.75, 5.625, 9.875 ], "texture": "#sar" }
			}
		},
		{
			"__comment": "Voxels",
			"from": [ -0.5, 3, 7 ],
			"to": [ 1, 3.5, 7.5 ],
			"faces": {
				"down": { "uv": [ 5.125, 5.625, 5.5, 5.75 ], "texture": "#sar" },
				"north": { "uv": [ 5.5, 5.875, 5.125, 6 ], "texture": "#sar" },
				"south": { "uv": [ 5.125, 6, 5.5, 6.125 ], "texture": "#sar" },
				"east": { "uv": [ 5.625, 5.75, 5.5, 5.875 ], "texture": "#sar" }
			}
		},
		{
			"__comment": "Voxels",
			"from": [ -0.5, 3, 8.5 ],
			"to": [ 1, 3.5, 9 ],
			"faces": {
				"down": { "uv": [ 5.125, 6.125, 5.5, 6.25 ], "texture": "#sar" },
				"north": { "uv": [ 5.5, 6.375, 5.125, 6.5 ], "texture": "#sar" },
				"south": { "uv": [ 5.125, 6.5, 5.5, 6.625 ], "texture": "#sar" },
				"east": { "uv": [ 5.625, 6, 5.5, 6.125 ], "texture": "#sar" }
			}
		},
		{
			"__comment": "Voxels",
			"from": [ -0.5, 5, 7 ],
			"to": [ 1.5, 5.5, 7.5 ],
			"faces": {
				"down": { "uv": [ 4.125, 5.75, 4.625, 5.875 ], "texture": "#sar" },
				"north": { "uv": [ 4.625, 7.75, 4.125, 7.875 ], "texture": "#sar" },
				"south": { "uv": [ 4.125, 5.5, 4.625, 5.625 ], "texture": "#sar" },
				"west": { "uv": [ 5.5, 6.375, 5.625, 6.5 ], "texture": "#sar" },
				"east": { "uv": [ 5.625, 6.5, 5.5, 6.625 ], "texture": "#sar" }
			}
		},
		{
			"__comment": "Voxels",
			"from": [ -0.5, 7, 8.5 ],
			"to": [ 2.5, 8, 9 ],
			"faces": {
				"down": { "uv": [ 2.5, 1.875, 3.25, 2 ], "texture": "#sar" },
				"up": { "uv": [ 3.25, 2, 4, 1.875 ], "texture": "#sar" },
				"north": { "uv": [ 4, 8.125, 3.25, 8.375 ], "texture": "#sar" },
				"south": { "uv": [ 2.25, 7.125, 3, 7.375 ], "texture": "#sar" },
				"east": { "uv": [ 5.875, 9.25, 5.75, 9.5 ], "texture": "#sar" }
			}
		},
		{
			"__comment": "Voxels",
			"from": [ -0.5, 8, 8.5 ],
			"to": [ 0, 9, 9 ],
			"faces": {
				"north": { "uv": [ 5.75, 9, 5.625, 9.25 ], "texture": "#sar" },
				"south": { "uv": [ 5.75, 9, 5.875, 9.25 ], "texture": "#sar" },
				"east": { "uv": [ 5.875, 8.25, 5.75, 8.5 ], "texture": "#sar" }
			}
		},
		{
			"__comment": "Voxels",
			"from": [ -0.5, 8.5, 8 ],
			"to": [ 5, 9, 8.5 ],
			"faces": {
				"down": { "uv": [ 1.5, 5.75, 2.875, 5.875 ], "texture": "#sar" },
				"south": { "uv": [ 1.5, 6.75, 2.875, 6.875 ], "texture": "#sar" },
				"east": { "uv": [ 5.625, 7.75, 5.5, 7.875 ], "texture": "#sar" }
			}
		},
		{
			"__comment": "Voxels",
			"from": [ -0.5, 9, 6 ],
			"to": [ 2, 9.5, 6.5 ],
			"faces": {
				"down": { "uv": [ 4.125, 9.375, 4.75, 9.5 ], "texture": "#sar" },
				"north": { "uv": [ 15.5, 10.625, 14.875, 10.75 ], "texture": "#sar" },
				"west": { "uv": [ 5.5, 7.875, 5.625, 8 ], "texture": "#sar" },
				"east": { "uv": [ 5.625, 8, 5.5, 8.125 ], "texture": "#sar" }
			}
		},
		{
			"__comment": "Voxels",
			"from": [ -0.5, 9, 9.5 ],
			"to": [ 2, 9.5, 10 ],
			"faces": {
				"down": { "uv": [ 15, 10.375, 15.625, 10.5 ], "texture": "#sar" },
				"south": { "uv": [ 14.375, 10.125, 15, 10.25 ], "texture": "#sar" },
				"west": { "uv": [ 5, 2.875, 5.125, 3 ], "texture": "#sar" },
				"east": { "uv": [ 4.75, 0, 4.625, 0.125 ], "texture": "#sar" }
			}
		},
		{
			"__comment": "Voxels",
			"from": [ -0.5, 12, 7 ],
			"to": [ 6, 12.5, 7.5 ],
			"faces": {
				"up": { "uv": [ 1.5, 9.875, 3.125, 9.75 ], "texture": "#sar" },
				"north": { "uv": [ 3.125, 9.5, 1.5, 9.625 ], "texture": "#sar" },
				"south": { "uv": [ 1.5, 9.375, 3.125, 9.5 ], "texture": "#sar" },
				"west": { "uv": [ 4.625, 0.125, 4.75, 0.25 ], "texture": "#sar" },
				"east": { "uv": [ 4.75, 0.25, 4.625, 0.375 ], "texture": "#sar" }
			}
		},
		{
			"__comment": "Voxels",
			"from": [ -0.5, 12, 8.5 ],
			"to": [ 10, 12.5, 9 ],
			"faces": {
				"up": { "uv": [ 1.5, 10.25, 4.125, 10.125 ], "texture": "#sar" },
				"north": { "uv": [ 4.125, 10.5, 1.5, 10.625 ], "texture": "#sar" },
				"south": { "uv": [ 1.5, 10.25, 4.125, 10.375 ], "texture": "#sar" },
				"west": { "uv": [ 4.625, 0.375, 4.75, 0.5 ], "texture": "#sar" },
				"east": { "uv": [ 4.75, 5.75, 4.625, 5.875 ], "texture": "#sar" }
			}
		},
		{
			"__comment": "Voxels",
			"from": [ -0.5, 12, 9 ],
			"to": [ 5, 12.5, 9.5 ],
			"faces": {
				"up": { "uv": [ 1.5, 6.125, 2.875, 6 ], "texture": "#sar" },
				"south": { "uv": [ 1.5, 6.125, 2.875, 6.25 ], "texture": "#sar" },
				"west": { "uv": [ 4.625, 5.875, 4.75, 6 ], "texture": "#sar" },
				"east": { "uv": [ 4.75, 6, 4.625, 6.125 ], "texture": "#sar" }
			}
		},
		{
			"__comment": "Voxels",
			"from": [ -0.5, 12.5, 7 ],
			"to": [ 5.5, 13, 9 ],
			"faces": {
				"down": { "uv": [ 14.25, 14.25, 15.75, 14.75 ], "texture": "#sar" },
				"up": { "uv": [ 0, 12.625, 1.5, 12.125 ], "texture": "#sar" },
				"north": { "uv": [ 3.25, 7.625, 1.75, 7.75 ], "texture": "#sar" },
				"south": { "uv": [ 1.75, 8.625, 3.25, 8.75 ], "texture": "#sar" },
				"west": { "uv": [ 4.125, 3.875, 4.625, 4 ], "texture": "#sar" },
				"east": { "uv": [ 4.625, 4, 4.125, 4.125 ], "texture": "#sar" }
			}
		},
		{
			"__comment": "Voxels",
			"from": [ 0, 2, 7 ],
			"to": [ 1, 3, 7.5 ],
			"faces": {
				"down": { "uv": [ 5.625, 8.125, 5.875, 8.25 ], "texture": "#sar" },
				"north": { "uv": [ 4.625, 4.125, 4.375, 4.375 ], "texture": "#sar" },
				"south": { "uv": [ 4.375, 7.5, 4.625, 7.75 ], "texture": "#sar" },
				"west": { "uv": [ 5.625, 7.75, 5.75, 8 ], "texture": "#sar" },
				"east": { "uv": [ 5.875, 7.75, 5.75, 8 ], "texture": "#sar" }
			}
		},
		{
			"__comment": "Voxels",
			"from": [ 0, 2, 8.5 ],
			"to": [ 1, 2.5, 9 ],
			"faces": {
				"down": { "uv": [ 5.625, 7.125, 5.875, 7.25 ], "texture": "#sar" },
				"up": { "uv": [ 5.625, 7.125, 5.875, 7 ], "texture": "#sar" },
				"south": { "uv": [ 5.625, 6.75, 5.875, 6.875 ], "texture": "#sar" },
				"west": { "uv": [ 4.625, 6.125, 4.75, 6.25 ], "texture": "#sar" },
				"east": { "uv": [ 4.125, 3.625, 4, 3.75 ], "texture": "#sar" }
			}
		},
		{
			"__comment": "Voxels",
			"from": [ 0, 8.5, 8.5 ],
			"to": [ 2.5, 9, 9 ],
			"faces": {
				"down": { "uv": [ 13.75, 10.125, 14.375, 10.25 ], "texture": "#sar" },
				"south": { "uv": [ 13.125, 10.25, 13.75, 10.375 ], "texture": "#sar" },
				"east": { "uv": [ 4.125, 4.875, 4, 5 ], "texture": "#sar" }
			}
		},
		{
			"__comment": "Voxels",
			"from": [ 0, 12, 6.5 ],
			"to": [ 5, 13, 7 ],
			"faces": {
				"up": { "uv": [ 2.875, 6, 4.125, 5.875 ], "texture": "#sar" },
				"north": { "uv": [ 1.25, 3, 0, 3.25 ], "texture": "#sar" },
				"south": { "uv": [ 0, 2.25, 1.25, 2.5 ], "texture": "#sar" },
				"west": { "uv": [ 5.625, 6.5, 5.75, 6.75 ], "texture": "#sar" },
				"east": { "uv": [ 5.875, 6.5, 5.75, 6.75 ], "texture": "#sar" }
			}
		},
		{
			"__comment": "Voxels",
			"from": [ 0, 12.5, 9 ],
			"to": [ 5, 13, 9.5 ],
			"faces": {
				"up": { "uv": [ 2.875, 6.375, 4.125, 6.25 ], "texture": "#sar" },
				"south": { "uv": [ 2.875, 6.5, 4.125, 6.625 ], "texture": "#sar" },
				"west": { "uv": [ 10, 9.75, 10.125, 9.875 ], "texture": "#sar" },
				"east": { "uv": [ 10, 9.75, 9.875, 9.875 ], "texture": "#sar" }
			}
		},
		{
			"__comment": "Voxels",
			"from": [ 0, 13, 7 ],
			"to": [ 5, 13.5, 9 ],
			"faces": {
				"up": { "uv": [ 0, 10.625, 1.25, 10.125 ], "texture": "#sar" },
				"north": { "uv": [ 4.125, 6, 2.875, 6.125 ], "texture": "#sar" },
				"south": { "uv": [ 2.875, 6.375, 4.125, 6.5 ], "texture": "#sar" },
				"west": { "uv": [ 1, 7.625, 1.5, 7.75 ], "texture": "#sar" },
				"east": { "uv": [ 4.625, 1.25, 4.125, 1.375 ], "texture": "#sar" }
			}
		},
		{
			"__comment": "Voxels",
			"from": [ 0.5, 2.5, 7.5 ],
			"to": [ 1.5, 5, 8.5 ],
			"faces": {
				"down": { "uv": [ 4.375, 1.375, 4.625, 1.625 ], "texture": "#sar" },
				"up": { "uv": [ 4.125, 6.5, 4.375, 6.25 ], "texture": "#sar" },
				"north": { "uv": [ 3.25, 5, 3, 5.625 ], "texture": "#sar" },
				"south": { "uv": [ 1.25, 0, 1.5, 0.625 ], "texture": "#sar" },
				"west": { "uv": [ 1.5, 5, 1.75, 5.625 ], "texture": "#sar" },
				"east": { "uv": [ 2.25, 5, 2, 5.625 ], "texture": "#sar" }
			}
		},
		{
			"__comment": "Voxels",
			"from": [ 0.5, 2.5, 8.5 ],
			"to": [ 1, 3, 9 ],
			"faces": {
				"south": { "uv": [ 8.375, 9.75, 8.5, 9.875 ], "texture": "#sar" },
				"west": { "uv": [ 8, 9.75, 8.125, 9.875 ], "texture": "#sar" },
				"east": { "uv": [ 7.75, 9.75, 7.625, 9.875 ], "texture": "#sar" }
			}
		},
		{
			"__comment": "Voxels",
			"from": [ 0.5, 6.5, 7 ],
			"to": [ 2, 7, 7.5 ],
			"faces": {
				"down": { "uv": [ 5.125, 7.5, 5.5, 7.625 ], "texture": "#sar" },
				"north": { "uv": [ 5.5, 7.125, 5.125, 7.25 ], "texture": "#sar" },
				"south": { "uv": [ 5.125, 6.875, 5.5, 7 ], "texture": "#sar" },
				"east": { "uv": [ 7.5, 9.75, 7.375, 9.875 ], "texture": "#sar" }
			}
		},
		{
			"__comment": "Voxels",
			"from": [ 0.5, 13, 9 ],
			"to": [ 5, 13.5, 9.5 ],
			"faces": {
				"up": { "uv": [ 2.625, 4.75, 3.75, 4.625 ], "texture": "#sar" },
				"south": { "uv": [ 1.5, 4.625, 2.625, 4.75 ], "texture": "#sar" },
				"west": { "uv": [ 6.75, 9.75, 6.875, 9.875 ], "texture": "#sar" },
				"east": { "uv": [ 6.125, 0.875, 6, 1 ], "texture": "#sar" }
			}
		},
		{
			"__comment": "Voxels",
			"from": [ 0.5, 13.5, 7 ],
			"to": [ 1, 14, 7.5 ],
			"faces": {
				"up": { "uv": [ 6, 1.75, 6.125, 1.625 ], "texture": "#sar" },
				"north": { "uv": [ 6.125, 1.75, 6, 1.875 ], "texture": "#sar" },
				"south": { "uv": [ 6, 2.625, 6.125, 2.75 ], "texture": "#sar" },
				"west": { "uv": [ 6, 2.75, 6.125, 2.875 ], "texture": "#sar" },
				"east": { "uv": [ 6.125, 2.875, 6, 3 ], "texture": "#sar" }
			}
		},
		{
			"__comment": "Voxels",
			"from": [ 0.5, 13.5, 8.5 ],
			"to": [ 1, 14, 9 ],
			"faces": {
				"up": { "uv": [ 5.5, 4.375, 5.625, 4.25 ], "texture": "#sar" },
				"north": { "uv": [ 5.625, 4.375, 5.5, 4.5 ], "texture": "#sar" },
				"south": { "uv": [ 5.5, 5, 5.625, 5.125 ], "texture": "#sar" },
				"west": { "uv": [ 5.5, 5.125, 5.625, 5.25 ], "texture": "#sar" },
				"east": { "uv": [ 6.125, 2.125, 6, 2.25 ], "texture": "#sar" }
			}
		},
		{
			"__comment": "Voxels",
			"from": [ 1, 4.5, 7 ],
			"to": [ 1.5, 5, 7.5 ],
			"faces": {
				"down": { "uv": [ 6, 2.25, 6.125, 2.375 ], "texture": "#sar" },
				"north": { "uv": [ 6.125, 2.5, 6, 2.625 ], "texture": "#sar" },
				"east": { "uv": [ 6.125, 8.75, 6, 8.875 ], "texture": "#sar" }
			}
		},
		{
			"__comment": "Voxels",
			"from": [ 1, 4.5, 8.5 ],
			"to": [ 1.5, 5, 9 ],
			"faces": {
				"down": { "uv": [ 13.5, 9.875, 13.625, 10 ], "texture": "#sar" },
				"south": { "uv": [ 14.125, 9.875, 14.25, 10 ], "texture": "#sar" },
				"west": { "uv": [ 15.5, 9.875, 15.625, 10 ], "texture": "#sar" },
				"east": { "uv": [ 15.75, 9.875, 15.625, 10 ], "texture": "#sar" }
			}
		},
		{
			"__comment": "Voxels",
			"from": [ 1, 5, 7.5 ],
			"to": [ 2, 7, 8 ],
			"faces": {
				"down": { "uv": [ 5.625, 6.25, 5.875, 6.375 ], "texture": "#sar" },
				"up": { "uv": [ 5.625, 6.25, 5.875, 6.125 ], "texture": "#sar" },
				"north": { "uv": [ 4, 4.125, 3.75, 4.625 ], "texture": "#sar" },
				"south": { "uv": [ 1.25, 10.125, 1.5, 10.625 ], "texture": "#sar" },
				"west": { "uv": [ 4.25, 7, 4.375, 7.5 ], "texture": "#sar" },
				"east": { "uv": [ 4.75, 7, 4.625, 7.5 ], "texture": "#sar" }
			}
		},
		{
			"__comment": "Voxels",
			"from": [ 1, 5, 8 ],
			"to": [ 1.5, 7, 8.5 ],
			"faces": {
				"up": { "uv": [ 6.625, 9.875, 6.75, 9.75 ], "texture": "#sar" },
				"south": { "uv": [ 4.25, 6.5, 4.375, 7 ], "texture": "#sar" },
				"west": { "uv": [ 4.375, 6.5, 4.5, 7 ], "texture": "#sar" },
				"east": { "uv": [ 4.625, 6.5, 4.5, 7 ], "texture": "#sar" }
			}
		},
		{
			"__comment": "Voxels",
			"from": [ 1, 8, 8.5 ],
			"to": [ 1.5, 8.5, 9 ],
			"faces": {
				"north": { "uv": [ 5.625, 3.375, 5.5, 3.5 ], "texture": "#sar" },
				"south": { "uv": [ 9.875, 9.875, 10, 10 ], "texture": "#sar" },
				"west": { "uv": [ 13.25, 9.875, 13.375, 10 ], "texture": "#sar" },
				"east": { "uv": [ 13.5, 9.875, 13.375, 10 ], "texture": "#sar" }
			}
		},
		{
			"__comment": "Voxels",
			"from": [ 1, 8.5, 6.5 ],
			"to": [ 2, 9, 7 ],
			"faces": {
				"down": { "uv": [ 5.625, 6, 5.875, 6.125 ], "texture": "#sar" },
				"north": { "uv": [ 5.875, 5.5, 5.625, 5.625 ], "texture": "#sar" },
				"west": { "uv": [ 14.25, 9.875, 14.375, 10 ], "texture": "#sar" },
				"east": { "uv": [ 14.5, 9.875, 14.375, 10 ], "texture": "#sar" }
			}
		},
		{
			"__comment": "Voxels",
			"from": [ 1, 8.5, 9 ],
			"to": [ 2, 9, 9.5 ],
			"faces": {
				"down": { "uv": [ 5.625, 5.25, 5.875, 5.375 ], "texture": "#sar" },
				"south": { "uv": [ 5.625, 4.875, 5.875, 5 ], "texture": "#sar" },
				"west": { "uv": [ 6, 8.625, 6.125, 8.75 ], "texture": "#sar" },
				"east": { "uv": [ 6.125, 8.5, 6, 8.625 ], "texture": "#sar" }
			}
		},
		{
			"__comment": "Voxels",
			"from": [ 1, 13, 6.5 ],
			"to": [ 1.5, 13.5, 7 ],
			"faces": {
				"up": { "uv": [ 6, 4.625, 6.125, 4.5 ], "texture": "#sar" },
				"north": { "uv": [ 6.125, 4.125, 6, 4.25 ], "texture": "#sar" },
				"west": { "uv": [ 6, 3.25, 6.125, 3.375 ], "texture": "#sar" },
				"east": { "uv": [ 6.125, 3.125, 6, 3.25 ], "texture": "#sar" }
			}
		},
		{
			"__comment": "Voxels",
			"from": [ 1.5, 5.5, 8 ],
			"to": [ 4.5, 6.5, 8.5 ],
			"faces": {
				"down": { "uv": [ 3.125, 1.375, 3.875, 1.5 ], "texture": "#sar" },
				"up": { "uv": [ 2.375, 1.5, 3.125, 1.375 ], "texture": "#sar" },
				"north": { "uv": [ 1.5, 2, 0.75, 2.25 ], "texture": "#sar" },
				"south": { "uv": [ 3.25, 7.875, 4, 8.125 ], "texture": "#sar" },
				"east": { "uv": [ 5.875, 4.625, 5.75, 4.875 ], "texture": "#sar" }
			}
		},
		{
			"__comment": "Voxels",
			"from": [ 1.5, 6.5, 8 ],
			"to": [ 2.5, 8.5, 8.5 ],
			"faces": {
				"north": { "uv": [ 3.25, 4.125, 3, 4.625 ], "texture": "#sar" },
				"south": { "uv": [ 2.25, 4.125, 2.5, 4.625 ], "texture": "#sar" },
				"west": { "uv": [ 4.25, 4.375, 4.375, 4.875 ], "texture": "#sar" },
				"east": { "uv": [ 4.25, 4.375, 4.125, 4.875 ], "texture": "#sar" }
			}
		},
		{
			"__comment": "Voxels",
			"from": [ 1.5, 6.5, 8.5 ],
			"to": [ 2, 7, 9 ],
			"faces": {
				"down": { "uv": [ 6, 0.75, 6.125, 0.875 ], "texture": "#sar" },
				"south": { "uv": [ 6, 0.125, 6.125, 0.25 ], "texture": "#sar" },
				"west": { "uv": [ 6, 0, 6.125, 0.125 ], "texture": "#sar" },
				"east": { "uv": [ 6.25, 9.75, 6.125, 9.875 ], "texture": "#sar" }
			}
		},
		{
			"__comment": "Voxels",
			"from": [ 1.5, 7, 7.5 ],
			"to": [ 2.5, 8.5, 8 ],
			"faces": {
				"down": { "uv": [ 5.625, 4, 5.875, 4.125 ], "texture": "#sar" },
				"north": { "uv": [ 1.75, 0, 1.5, 0.375 ], "texture": "#sar" },
				"west": { "uv": [ 5, 3.625, 5.125, 4 ], "texture": "#sar" },
				"east": { "uv": [ 5, 4, 4.875, 4.375 ], "texture": "#sar" }
			}
		},
		{
			"__comment": "Voxels",
			"from": [ 1.5, 9.5, 7 ],
			"to": [ 14.5, 10, 9 ],
			"faces": {
				"down": { "uv": [ 12.125, 15.5, 15.375, 16 ], "texture": "#sar" },
				"up": { "uv": [ 12.375, 15.25, 15.625, 14.75 ], "texture": "#sar" },
				"west": { "uv": [ 5.125, 9.875, 5.625, 10 ], "texture": "#sar" },
				"east": { "uv": [ 16, 12, 15.5, 12.125 ], "texture": "#sar" }
			}
		},
		{
			"__comment": "Voxels",
			"from": [ 2, 6, 7.5 ],
			"to": [ 5, 6.5, 8 ],
			"faces": {
				"down": { "uv": [ 2.375, 3.25, 3.125, 3.375 ], "texture": "#sar" },
				"up": { "uv": [ 2.75, 0.875, 3.5, 0.75 ], "texture": "#sar" },
				"north": { "uv": [ 3.5, 0.875, 2.75, 1 ], "texture": "#sar" },
				"south": { "uv": [ 2.75, 1, 3.5, 1.125 ], "texture": "#sar" },
				"east": { "uv": [ 4.125, 3.375, 4, 3.5 ], "texture": "#sar" }
			}
		},
		{
			"__comment": "Voxels",
			"from": [ 2, 6.5, 7.5 ],
			"to": [ 2.5, 7, 8 ],
			"faces": {
				"north": { "uv": [ 4.125, 2.875, 4, 3 ], "texture": "#sar" },
				"east": { "uv": [ 16, 10.875, 15.875, 11 ], "texture": "#sar" }
			}
		},
		{
			"__comment": "Voxels",
			"from": [ 2, 7.5, 7 ],
			"to": [ 2.5, 9.5, 7.5 ],
			"faces": {
				"down": { "uv": [ 4.625, 7.875, 4.75, 8 ], "texture": "#sar" },
				"north": { "uv": [ 4.25, 7, 4.125, 7.5 ], "texture": "#sar" },
				"south": { "uv": [ 4.125, 2.375, 4.25, 2.875 ], "texture": "#sar" },
				"east": { "uv": [ 4.25, 1.875, 4.125, 2.375 ], "texture": "#sar" }
			}
		},
		{
			"__comment": "Voxels",
			"from": [ 2, 8, 8.5 ],
			"to": [ 2.5, 8.5, 9 ],
			"faces": {
				"south": { "uv": [ 4.625, 1.25, 4.75, 1.375 ], "texture": "#sar" },
				"west": { "uv": [ 4.625, 1.125, 4.75, 1.25 ], "texture": "#sar" },
				"east": { "uv": [ 4.75, 0.75, 4.625, 0.875 ], "texture": "#sar" }
			}
		},
		{
			"__comment": "Voxels",
			"from": [ 2, 10, 7 ],
			"to": [ 14.5, 10.5, 9 ],
			"faces": {
				"up": { "uv": [ 11.125, 14.75, 14.25, 14.25 ], "texture": "#sar" },
				"west": { "uv": [ 4.125, 0.75, 4.625, 0.875 ], "texture": "#sar" },
				"east": { "uv": [ 4.625, 0.375, 4.125, 0.5 ], "texture": "#sar" }
			}
		},
		{
			"__comment": "Voxels",
			"from": [ 2, 10.5, 7 ],
			"to": [ 12.5, 11.5, 9 ],
			"faces": {
				"west": { "uv": [ 2.5, 4.375, 3, 4.625 ], "texture": "#sar" },
				"east": { "uv": [ 3.75, 4.375, 3.25, 4.625 ], "texture": "#sar" }
			}
		},
		{
			"__comment": "Voxels",
			"from": [ 2.5, 5.5, 7.5 ],
			"to": [ 4.5, 6, 8 ],
			"faces": {
				"down": { "uv": [ 4.125, 5.375, 4.625, 5.5 ], "texture": "#sar" },
				"north": { "uv": [ 4.625, 6, 4.125, 6.125 ], "texture": "#sar" },
				"west": { "uv": [ 5.5, 5.625, 5.625, 5.75 ], "texture": "#sar" },
				"east": { "uv": [ 5.625, 5.25, 5.5, 5.375 ], "texture": "#sar" }
			}
		},
		{
			"__comment": "Voxels",
			"from": [ 2.5, 7, 8 ],
			"to": [ 3.5, 8, 8.5 ],
			"faces": {
				"down": { "uv": [ 5.625, 3.75, 5.875, 3.875 ], "texture": "#sar" },
				"up": { "uv": [ 5.625, 3.5, 5.875, 3.375 ], "texture": "#sar" },
				"north": { "uv": [ 4.625, 6.25, 4.375, 6.5 ], "texture": "#sar" },
				"south": { "uv": [ 1.25, 2.5, 1.5, 2.75 ], "texture": "#sar" },
				"east": { "uv": [ 5.875, 3.125, 5.75, 3.375 ], "texture": "#sar" }
			}
		},
		{
			"__comment": "Voxels",
			"from": [ 2.5, 7.5, 7.5 ],
			"to": [ 3, 8.5, 8 ],
			"faces": {
				"down": { "uv": [ 5.5, 4.125, 5.625, 4.25 ], "texture": "#sar" },
				"north": { "uv": [ 5.75, 2.875, 5.625, 3.125 ], "texture": "#sar" },
				"south": { "uv": [ 5.75, 2.875, 5.875, 3.125 ], "texture": "#sar" },
				"east": { "uv": [ 5.875, 2.625, 5.75, 2.875 ], "texture": "#sar" }
			}
		},
		{
			"__comment": "Voxels",
			"from": [ 2.5, 8, 8 ],
			"to": [ 3, 8.5, 8.5 ],
			"faces": {
				"south": { "uv": [ 10.375, 9.875, 10.5, 10 ], "texture": "#sar" },
				"east": { "uv": [ 10.75, 9.875, 10.625, 10 ], "texture": "#sar" }
			}
		},
		{
			"__comment": "Voxels",
			"from": [ 2.5, 9, 7 ],
			"to": [ 14.5, 9.5, 7.5 ],
			"faces": {
				"down": { "uv": [ 7.125, 10.25, 10.125, 10.375 ], "texture": "#sar" },
				"east": { "uv": [ 11.75, 9.875, 11.625, 10 ], "texture": "#sar" }
			}
		},
		{
			"__comment": "Voxels",
			"from": [ 3, 7, 7.5 ],
			"to": [ 3.5, 7.5, 8 ],
			"faces": {
				"down": { "uv": [ 11.75, 9.875, 11.875, 10 ], "texture": "#sar" },
				"up": { "uv": [ 12.125, 10, 12.25, 9.875 ], "texture": "#sar" },
				"north": { "uv": [ 12.375, 9.875, 12.25, 10 ], "texture": "#sar" },
				"west": { "uv": [ 12.5, 9.875, 12.625, 10 ], "texture": "#sar" },
				"east": { "uv": [ 13, 9.875, 12.875, 10 ], "texture": "#sar" }
			}
		},
		{
			"__comment": "Voxels",
			"from": [ 4, 8, 7.5 ],
			"to": [ 5, 8.5, 8.5 ],
			"faces": {
				"down": { "uv": [ 15.125, 15.25, 15.375, 15.5 ], "texture": "#sar" },
				"up": { "uv": [ 4.875, 8.75, 5.125, 8.5 ], "texture": "#sar" },
				"north": { "uv": [ 5.875, 2.5, 5.625, 2.625 ], "texture": "#sar" },
				"south": { "uv": [ 5.625, 2.375, 5.875, 2.5 ], "texture": "#sar" },
				"west": { "uv": [ 5.625, 2.25, 5.875, 2.375 ], "texture": "#sar" },
				"east": { "uv": [ 5.875, 1.875, 5.625, 2 ], "texture": "#sar" }
			}
		},
		{
			"__comment": "Voxels",
			"from": [ 4, 13, 6.5 ],
			"to": [ 5, 13.5, 7 ],
			"faces": {
				"up": { "uv": [ 5.625, 1.75, 5.875, 1.625 ], "texture": "#sar" },
				"north": { "uv": [ 5.875, 1.5, 5.625, 1.625 ], "texture": "#sar" },
				"west": { "uv": [ 14.5, 9.875, 14.625, 10 ], "texture": "#sar" },
				"east": { "uv": [ 14.75, 9.875, 14.625, 10 ], "texture": "#sar" }
			}
		},
		{
			"__comment": "Voxels",
			"from": [ 4.5, 6, 8 ],
			"to": [ 5, 8, 8.5 ],
			"faces": {
				"down": { "uv": [ 14.75, 9.875, 14.875, 10 ], "texture": "#sar" },
				"north": { "uv": [ 4.875, 0, 4.75, 0.5 ], "texture": "#sar" },
				"south": { "uv": [ 4.75, 0.5, 4.875, 1 ], "texture": "#sar" },
				"west": { "uv": [ 4.75, 1, 4.875, 1.5 ], "texture": "#sar" },
				"east": { "uv": [ 4.875, 7, 4.75, 7.5 ], "texture": "#sar" }
			}
		},
		{
			"__comment": "Voxels",
			"from": [ 4.5, 6.5, 7.5 ],
			"to": [ 5.5, 8, 8 ],
			"faces": {
				"down": { "uv": [ 5.625, 1.25, 5.875, 1.375 ], "texture": "#sar" },
				"up": { "uv": [ 5.625, 1.25, 5.875, 1.125 ], "texture": "#sar" },
				"north": { "uv": [ 1.75, 0.75, 1.5, 1.125 ], "texture": "#sar" },
				"south": { "uv": [ 1.5, 1.125, 1.75, 1.5 ], "texture": "#sar" },
				"west": { "uv": [ 4.875, 7.75, 5, 8.125 ], "texture": "#sar" },
				"east": { "uv": [ 5.125, 3.25, 5, 3.625 ], "texture": "#sar" }
			}
		},
		{
			"__comment": "Voxels",
			"from": [ 5, 6.5, 8 ],
			"to": [ 5.5, 8, 8.5 ],
			"faces": {
				"down": { "uv": [ 5.875, 6.5, 6, 6.625 ], "texture": "#sar" },
				"up": { "uv": [ 5.875, 6.25, 6, 6.125 ], "texture": "#sar" },
				"south": { "uv": [ 5, 4.75, 5.125, 5.125 ], "texture": "#sar" },
				"east": { "uv": [ 5, 5.125, 4.875, 5.5 ], "texture": "#sar" }
			}
		},
		{
			"__comment": "Voxels",
			"from": [ 5.5, 12.5, 7.5 ],
			"to": [ 6, 13, 9 ],
			"faces": {
				"down": { "uv": [ 5, 5.125, 5.125, 5.5 ], "texture": "#sar" },
				"up": { "uv": [ 5, 4.75, 5.125, 4.375 ], "texture": "#sar" },
				"north": { "uv": [ 6, 5, 5.875, 5.125 ], "texture": "#sar" },
				"south": { "uv": [ 5.875, 4.875, 6, 5 ], "texture": "#sar" },
				"east": { "uv": [ 16, 10.125, 15.625, 10.25 ], "texture": "#sar" }
			}
		},
		{
			"__comment": "Voxels",
			"from": [ 7, 7, 7.5 ],
			"to": [ 12, 8, 9 ],
			"rotation": { "origin": [ 11, 4.5, 7.5 ], "axis": "z", "angle": 22.5 },
			"faces": {
				"down": { "uv": [ 0, 6.625, 1.25, 7 ], "texture": "#sar" },
				"up": { "uv": [ 13.875, 13.75, 15.125, 13.375 ], "texture": "#sar" },
				"north": { "uv": [ 1.25, 2.5, 0, 2.75 ], "texture": "#sar" },
				"south": { "uv": [ 0, 2.75, 1.25, 3 ], "texture": "#sar" },
				"west": { "uv": [ 3.25, 8.375, 3.625, 8.625 ], "texture": "#sar" },
				"east": { "uv": [ 12.125, 15.25, 11.75, 15.5 ], "texture": "#sar" }
			}
		},
		{
			"__comment": "Voxels",
			"from": [ 7, 8, 7 ],
			"to": [ 12.5, 8.5, 7.5 ],
			"rotation": { "origin": [ 11, 4.5, 7.5 ], "axis": "z", "angle": 22.5 },
			"faces": {
				"down": { "uv": [ 1.5, 5.625, 2.875, 5.75 ], "texture": "#sar" },
				"north": { "uv": [ 2.875, 6.625, 1.5, 6.75 ], "texture": "#sar" },
				"south": { "uv": [ 1.5, 7, 2.875, 7.125 ], "texture": "#sar" },
				"west": { "uv": [ 5.875, 2.75, 6, 2.875 ], "texture": "#sar" },
				"east": { "uv": [ 6, 2.625, 5.875, 2.75 ], "texture": "#sar" }
			}
		},
		{
			"__comment": "Voxels",
			"from": [ 6, 8.5, 7.5 ],
			"to": [ 9.5, 9, 8 ],
			"faces": {
				"south": { "uv": [ 2.25, 3.75, 3.125, 3.875 ], "texture": "#sar" },
				"west": { "uv": [ 5.875, 1.25, 6, 1.375 ], "texture": "#sar" },
				"east": { "uv": [ 6.125, 9.25, 6, 9.375 ], "texture": "#sar" }
			}
		},
		{
			"__comment": "Voxels",
			"from": [ 7, 8, 8 ],
			"to": [ 8, 8.5, 9 ],
			"rotation": { "origin": [ 11, 4.5, 7.5 ], "axis": "z", "angle": 22.5 },
			"faces": {
				"up": { "uv": [ 3.875, 10.875, 4.125, 10.625 ], "texture": "#sar" },
				"south": { "uv": [ 5.625, 0.875, 5.875, 1 ], "texture": "#sar" },
				"west": { "uv": [ 5.625, 0.75, 5.875, 0.875 ], "texture": "#sar" },
				"east": { "uv": [ 5.875, 0.625, 5.625, 0.75 ], "texture": "#sar" }
			}
		},
		{
			"__comment": "Voxels",
			"from": [ 6, 12.5, 8 ],
			"to": [ 32, 13, 8.5 ],
			"faces": {
				"down": { "uv": [ 6.5, 13, 13, 13.125 ], "texture": "#sar" },
				"up": { "uv": [ 0, 13, 6.5, 12.875 ], "texture": "#sar" },
				"north": { "uv": [ 13, 12.875, 6.5, 13 ], "texture": "#sar" },
				"south": { "uv": [ 0, 13, 6.5, 13.125 ], "texture": "#sar" },
				"east": { "uv": [ 6.125, 7.75, 6, 7.875 ], "texture": "#sar" }
			}
		},
		{
			"__comment": "Voxels",
			"from": [ 6, 12.5, 8.5 ],
			"to": [ 8.5, 13, 9 ],
			"faces": {
				"up": { "uv": [ 3.5, 0.625, 4.125, 0.5 ], "texture": "#sar" },
				"south": { "uv": [ 15, 10.25, 15.625, 10.375 ], "texture": "#sar" },
				"east": { "uv": [ 6.125, 7, 6, 7.125 ], "texture": "#sar" }
			}
		},
		{
			"__comment": "Voxels",
			"from": [ 7.5, 4, 7.5 ],
			"to": [ 11, 7, 8.5 ],
			"rotation": { "origin": [ 11, 4.5, 7.5 ], "axis": "z", "angle": 22.5 },
			"faces": {
				"down": { "uv": [ 0, 1.125, 0.875, 1.375 ], "texture": "#sar" },
				"north": { "uv": [ 0.875, 10.625, 0, 11.375 ], "texture": "#sar" },
				"south": { "uv": [ 0, 11.375, 0.875, 12.125 ], "texture": "#sar" },
				"west": { "uv": [ 1.5, 7.625, 1.75, 8.375 ], "texture": "#sar" },
				"east": { "uv": [ 1.75, 8.375, 1.5, 9.125 ], "texture": "#sar" }
			}
		},
		{
			"__comment": "Voxels",
			"from": [ 7.5, 5.5, 8.5 ],
			"to": [ 11.5, 7, 9 ],
			"rotation": { "origin": [ 11, 4.5, 7.5 ], "axis": "z", "angle": 22.5 },
			"faces": {
				"down": { "uv": [ 3.125, 10, 4.125, 10.125 ], "texture": "#sar" },
				"north": { "uv": [ 1, 3.5, 0, 3.875 ], "texture": "#sar" },
				"south": { "uv": [ 0, 4.875, 1, 5.25 ], "texture": "#sar" },
				"west": { "uv": [ 5, 7.375, 5.125, 7.75 ], "texture": "#sar" },
				"east": { "uv": [ 5.125, 6.25, 5, 6.625 ], "texture": "#sar" }
			}
		},
		{
			"__comment": "Voxels",
			"from": [ 7.5, 6, 7 ],
			"to": [ 11.5, 8, 7.5 ],
			"rotation": { "origin": [ 11, 4.5, 7.5 ], "axis": "z", "angle": 22.5 },
			"faces": {
				"down": { "uv": [ 3.125, 9.375, 4.125, 9.5 ], "texture": "#sar" },
				"north": { "uv": [ 1, 8.125, 0, 8.625 ], "texture": "#sar" },
				"south": { "uv": [ 0, 9.125, 1, 9.625 ], "texture": "#sar" },
				"west": { "uv": [ 4.75, 8.5, 4.875, 9 ], "texture": "#sar" },
				"east": { "uv": [ 4.875, 4.5, 4.75, 5 ], "texture": "#sar" }
			}
		},
		{
			"__comment": "Voxels",
			"from": [ 8, 3.5, 7.5 ],
			"to": [ 8.5, 4, 8.5 ],
			"rotation": { "origin": [ 11, 4.5, 7.5 ], "axis": "z", "angle": 22.5 },
			"faces": {
				"down": { "uv": [ 5.625, 0.375, 5.75, 0.625 ], "texture": "#sar" },
				"north": { "uv": [ 6.125, 4.375, 6, 4.5 ], "texture": "#sar" },
				"south": { "uv": [ 6, 4.25, 6.125, 4.375 ], "texture": "#sar" },
				"west": { "uv": [ 5.625, 0.25, 5.875, 0.375 ], "texture": "#sar" },
				"east": { "uv": [ 5.875, 0.125, 5.625, 0.25 ], "texture": "#sar" }
			}
		},
		{
			"__comment": "Voxels",
			"from": [ 8, 4, 7 ],
			"to": [ 9.5, 6, 7.5 ],
			"rotation": { "origin": [ 11, 4.5, 7.5 ], "axis": "z", "angle": 22.5 },
			"faces": {
				"down": { "uv": [ 5.125, 7, 5.5, 7.125 ], "texture": "#sar" },
				"north": { "uv": [ 1.375, 8.625, 1, 9.125 ], "texture": "#sar" },
				"west": { "uv": [ 4.125, 3.375, 4.25, 3.875 ], "texture": "#sar" },
				"east": { "uv": [ 4.375, 3.375, 4.25, 3.875 ], "texture": "#sar" }
			}
		},
		{
			"__comment": "Voxels",
			"from": [ 8, 4, 8.5 ],
			"to": [ 9.5, 5.5, 9 ],
			"rotation": { "origin": [ 11, 4.5, 7.5 ], "axis": "z", "angle": 22.5 },
			"faces": {
				"down": { "uv": [ 5.125, 6.625, 5.5, 6.75 ], "texture": "#sar" },
				"south": { "uv": [ 3.25, 5.25, 3.625, 5.625 ], "texture": "#sar" },
				"west": { "uv": [ 5, 6.625, 5.125, 7 ], "texture": "#sar" },
				"east": { "uv": [ 5, 6.625, 4.875, 7 ], "texture": "#sar" }
			}
		},
		{
			"__comment": "Voxels",
			"from": [ 8, 8, 8.5 ],
			"to": [ 12.5, 8.5, 9 ],
			"rotation": { "origin": [ 11, 4.5, 7.5 ], "axis": "z", "angle": 22.5 },
			"faces": {
				"down": { "uv": [ 2.625, 4.75, 3.75, 4.875 ], "texture": "#sar" },
				"north": { "uv": [ 4.125, 9.125, 3, 9.25 ], "texture": "#sar" },
				"south": { "uv": [ 1.5, 4.75, 2.625, 4.875 ], "texture": "#sar" },
				"east": { "uv": [ 6.125, 1, 6, 1.125 ], "texture": "#sar" }
			}
		},
		{
			"__comment": "Voxels",
			"from": [ 7.5, 12, 7.5 ],
			"to": [ 12.5, 12.5, 8.5 ],
			"faces": {
				"up": { "uv": [ 0, 3.5, 1.25, 3.25 ], "texture": "#sar" },
				"north": { "uv": [ 4.125, 5.625, 2.875, 5.75 ], "texture": "#sar" },
				"south": { "uv": [ 2.875, 5.75, 4.125, 5.875 ], "texture": "#sar" },
				"west": { "uv": [ 7.875, 9.875, 8.125, 10 ], "texture": "#sar" },
				"east": { "uv": [ 8.375, 9.875, 8.125, 10 ], "texture": "#sar" }
			}
		},
		{
			"__comment": "Voxels",
			"from": [ 8, 12, 7 ],
			"to": [ 32, 12.5, 7.5 ],
			"faces": {
				"down": { "uv": [ 1.5, 12.5, 7.5, 12.625 ], "texture": "#sar" },
				"up": { "uv": [ 6, 12.75, 12, 12.625 ], "texture": "#sar" },
				"north": { "uv": [ 6, 12.625, 0, 12.75 ], "texture": "#sar" },
				"south": { "uv": [ 6, 12.75, 12, 12.875 ], "texture": "#sar" },
				"west": { "uv": [ 6.875, 9.75, 7, 9.875 ], "texture": "#sar" },
				"east": { "uv": [ 7.375, 9.75, 7.25, 9.875 ], "texture": "#sar" }
			}
		},
		{
			"__comment": "Voxels",
			"from": [ 8, 12.5, 7.5 ],
			"to": [ 32, 13, 8 ],
			"faces": {
				"down": { "uv": [ 7.5, 12.375, 13.5, 12.5 ], "texture": "#sar" },
				"up": { "uv": [ 1.5, 12.5, 7.5, 12.375 ], "texture": "#sar" },
				"north": { "uv": [ 13.5, 12.5, 7.5, 12.625 ], "texture": "#sar" },
				"west": { "uv": [ 8.125, 9.75, 8.25, 9.875 ], "texture": "#sar" },
				"east": { "uv": [ 8.375, 9.75, 8.25, 9.875 ], "texture": "#sar" }
			}
		},
		{
			"__comment": "Voxels",
			"from": [ 9.5, 4.5, 7 ],
			"to": [ 12, 5.5, 7.5 ],
			"rotation": { "origin": [ 11, 4.5, 7.5 ], "axis": "z", "angle": 22.5 },
			"faces": {
				"down": { "uv": [ 4.125, 9.25, 4.75, 9.375 ], "texture": "#sar" },
				"up": { "uv": [ 4.125, 8.875, 4.75, 8.75 ], "texture": "#sar" },
				"north": { "uv": [ 1.5, 1.375, 0.875, 1.625 ], "texture": "#sar" },
				"south": { "uv": [ 0.875, 1.625, 1.5, 1.875 ], "texture": "#sar" },
				"east": { "uv": [ 0.875, 0.125, 0.75, 0.375 ], "texture": "#sar" }
			}
		},
		{
			"__comment": "Voxels",
			"from": [ 9.5, 5, 7 ],
			"to": [ 11.5, 5.5, 7.5 ],
			"rotation": { "origin": [ 9.5, 5, 7 ], "axis": "z", "angle": 22.5 },
			"faces": {
				"north": { "uv": [ 4.75, 2, 4.25, 2.125 ], "texture": "#sar" },
				"south": { "uv": [ 4.25, 1.875, 4.75, 2 ], "texture": "#sar" },
				"east": { "uv": [ 4.125, 0.625, 4, 0.75 ], "texture": "#sar" }
			}
		},
		{
			"__comment": "Voxels",
			"from": [ 6, 11.5, 6 ],
			"to": [ 7, 13, 6.5 ],
			"faces": {
				"down": { "uv": [ 4.875, 2.625, 5.125, 2.75 ], "texture": "#sar" },
				"up": { "uv": [ 4.875, 2.625, 5.125, 2.5 ], "texture": "#sar" },
				"north": { "uv": [ 2, 1.5, 1.75, 1.875 ], "texture": "#sar" },
				"south": { "uv": [ 1.75, 1.125, 2, 1.5 ], "texture": "#sar" },
				"west": { "uv": [ 4.875, 5.875, 5, 6.25 ], "texture": "#sar" },
				"east": { "uv": [ 5.125, 7, 5, 7.375 ], "texture": "#sar" }
			}
		},
		{
			"__comment": "Voxels",
			"from": [ 6, 12, 6.5 ],
			"to": [ 7, 12.5, 7 ],
			"faces": {
				"up": { "uv": [ 4.875, 1.875, 5.125, 1.75 ], "texture": "#sar" },
				"west": { "uv": [ 4.625, 4, 4.75, 4.125 ], "texture": "#sar" },
				"east": { "uv": [ 4.75, 3.875, 4.625, 4 ], "texture": "#sar" }
			}
		},
		{
			"__comment": "Voxels",
			"from": [ 11, 4.5, 7.5 ],
			"to": [ 12, 7, 8.5 ],
			"rotation": { "origin": [ 11, 4.5, 7.5 ], "axis": "z", "angle": 22.5 },
			"faces": {
				"down": { "uv": [ 4.125, 1.625, 4.375, 1.875 ], "texture": "#sar" },
				"north": { "uv": [ 2.75, 5, 2.5, 5.625 ], "texture": "#sar" },
				"south": { "uv": [ 1.75, 5, 2, 5.625 ], "texture": "#sar" },
				"east": { "uv": [ 3, 5, 2.75, 5.625 ], "texture": "#sar" }
			}
		},
		{
			"__comment": "Voxels",
			"from": [ 10, 8.5, 7.5 ],
			"to": [ 11.5, 9, 8.5 ],
			"faces": {
				"down": { "uv": [ 3.75, 7.375, 4.125, 7.625 ], "texture": "#sar" },
				"up": { "uv": [ 3.25, 5.25, 3.625, 5 ], "texture": "#sar" },
				"west": { "uv": [ 4.875, 0.375, 5.125, 0.5 ], "texture": "#sar" },
				"east": { "uv": [ 5.125, 0.25, 4.875, 0.375 ], "texture": "#sar" }
			}
		},
		{
			"__comment": "Voxels",
			"from": [ 10.5, 8.5, 6.5 ],
			"to": [ 11.5, 9, 7 ],
			"faces": {
				"down": { "uv": [ 4.875, 0.125, 5.125, 0.25 ], "texture": "#sar" },
				"north": { "uv": [ 5.375, 3.25, 5.125, 3.375 ], "texture": "#sar" },
				"west": { "uv": [ 5.5, 6.25, 5.625, 6.375 ], "texture": "#sar" },
				"east": { "uv": [ 5.625, 6.125, 5.5, 6.25 ], "texture": "#sar" }
			}
		},
		{
			"__comment": "Voxels",
			"from": [ 10.5, 8.5, 9 ],
			"to": [ 11.5, 9, 9.5 ],
			"faces": {
				"down": { "uv": [ 5.125, 3.125, 5.375, 3.25 ], "texture": "#sar" },
				"south": { "uv": [ 5.375, 3, 5.625, 3.125 ], "texture": "#sar" },
				"west": { "uv": [ 5.5, 5.5, 5.625, 5.625 ], "texture": "#sar" },
				"east": { "uv": [ 5.625, 5.375, 5.5, 5.5 ], "texture": "#sar" }
			}
		},
		{
			"__comment": "Voxels",
			"from": [ 10.5, 12, 8.5 ],
			"to": [ 32, 12.5, 9 ],
			"faces": {
				"down": { "uv": [ 1.5, 11.875, 6.875, 12 ], "texture": "#sar" },
				"up": { "uv": [ 6.875, 12.125, 12.25, 12 ], "texture": "#sar" },
				"north": { "uv": [ 6.875, 12, 1.5, 12.125 ], "texture": "#sar" },
				"south": { "uv": [ 6.875, 11.875, 12.25, 12 ], "texture": "#sar" },
				"west": { "uv": [ 5.5, 4.75, 5.625, 4.875 ], "texture": "#sar" },
				"east": { "uv": [ 5.625, 4.625, 5.5, 4.75 ], "texture": "#sar" }
			}
		},
		{
			"__comment": "Voxels",
			"from": [ 10.5, 12.5, 7 ],
			"to": [ 16.5, 13, 7.5 ],
			"faces": {
				"up": { "uv": [ 1.75, 9.125, 3.25, 9 ], "texture": "#sar" },
				"north": { "uv": [ 3.25, 8.875, 1.75, 9 ], "texture": "#sar" },
				"west": { "uv": [ 5.5, 4, 5.625, 4.125 ], "texture": "#sar" },
				"east": { "uv": [ 5.625, 3.875, 5.5, 4 ], "texture": "#sar" }
			}
		},
		{
			"__comment": "Voxels",
			"from": [ 10.5, 12.5, 8.5 ],
			"to": [ 16.5, 13, 9 ],
			"faces": {
				"up": { "uv": [ 1.75, 8, 3.25, 7.875 ], "texture": "#sar" },
				"south": { "uv": [ 1.75, 8.125, 3.25, 8.25 ], "texture": "#sar" },
				"west": { "uv": [ 9.625, 9.875, 9.75, 10 ], "texture": "#sar" },
				"east": { "uv": [ 9.875, 9.875, 9.75, 10 ], "texture": "#sar" }
			}
		},
		{
			"__comment": "Voxels",
			"from": [ 10.5, 13, 7.5 ],
			"to": [ 16.5, 13.5, 8.5 ],
			"faces": {
				"down": { "uv": [ 0, 5.25, 1.5, 5.5 ], "texture": "#sar" },
				"up": { "uv": [ 0, 5.75, 1.5, 5.5 ], "texture": "#sar" },
				"north": { "uv": [ 3.25, 8.25, 1.75, 8.375 ], "texture": "#sar" },
				"south": { "uv": [ 1.75, 8.375, 3.25, 8.5 ], "texture": "#sar" },
				"west": { "uv": [ 5.125, 2.25, 5.375, 2.375 ], "texture": "#sar" },
				"east": { "uv": [ 5.625, 2.25, 5.375, 2.375 ], "texture": "#sar" }
			}
		},
		{
			"__comment": "Voxels",
			"from": [ 11, 8, 7 ],
			"to": [ 11.5, 8.5, 9 ],
			"faces": {
				"down": { "uv": [ 4.75, 9.5, 4.875, 10 ], "texture": "#sar" },
				"up": { "uv": [ 4.75, 9.5, 4.875, 9 ], "texture": "#sar" },
				"north": { "uv": [ 11, 9.875, 10.875, 10 ], "texture": "#sar" },
				"south": { "uv": [ 11, 9.875, 11.125, 10 ], "texture": "#sar" },
				"west": { "uv": [ 4.125, 0.25, 4.625, 0.375 ], "texture": "#sar" },
				"east": { "uv": [ 4.625, 0.125, 4.125, 0.25 ], "texture": "#sar" }
			}
		},
		{
			"__comment": "Voxels",
			"from": [ 11.5, 12, 6.5 ],
			"to": [ 14, 12.5, 7 ],
			"faces": {
				"up": { "uv": [ 13.125, 10.125, 13.75, 10 ], "texture": "#sar" },
				"north": { "uv": [ 14.375, 10.375, 13.75, 10.5 ], "texture": "#sar" },
				"west": { "uv": [ 11.875, 9.875, 12, 10 ], "texture": "#sar" },
				"east": { "uv": [ 12.125, 9.875, 12, 10 ], "texture": "#sar" }
			}
		},
		{
			"__comment": "Voxels",
			"from": [ 11.5, 12, 9 ],
			"to": [ 14, 12.5, 9.5 ],
			"faces": {
				"up": { "uv": [ 4.125, 8.75, 4.75, 8.625 ], "texture": "#sar" },
				"south": { "uv": [ 15, 10, 15.625, 10.125 ], "texture": "#sar" },
				"west": { "uv": [ 12.625, 9.875, 12.75, 10 ], "texture": "#sar" },
				"east": { "uv": [ 12.875, 9.875, 12.75, 10 ], "texture": "#sar" }
			}
		},
		{
			"__comment": "Voxels",
			"from": [ 12, 8.5, 6.5 ],
			"to": [ 14, 9, 9.5 ],
			"faces": {
				"down": { "uv": [ 0.875, 11.375, 1.375, 12.125 ], "texture": "#sar" },
				"up": { "uv": [ 15.375, 16, 15.875, 15.25 ], "texture": "#sar" },
				"north": { "uv": [ 4.625, 0, 4.125, 0.125 ], "texture": "#sar" },
				"south": { "uv": [ 4.125, 1.125, 4.625, 1.25 ], "texture": "#sar" },
				"west": { "uv": [ 2, 1.75, 2.75, 1.875 ], "texture": "#sar" },
				"east": { "uv": [ 3.5, 1.75, 2.75, 1.875 ], "texture": "#sar" }
			}
		},
		{
			"__comment": "Voxels",
			"from": [ 12, 9, 6 ],
			"to": [ 12.5, 12, 6.5 ],
			"faces": {
				"down": { "uv": [ 13.625, 9.875, 13.75, 10 ], "texture": "#sar" },
				"up": { "uv": [ 13.75, 10, 13.875, 9.875 ], "texture": "#sar" },
				"north": { "uv": [ 16, 15.25, 15.875, 16 ], "texture": "#sar" },
				"south": { "uv": [ 1.375, 11.375, 1.5, 12.125 ], "texture": "#sar" },
				"west": { "uv": [ 1.75, 0.375, 1.875, 1.125 ], "texture": "#sar" },
				"east": { "uv": [ 2, 0.375, 1.875, 1.125 ], "texture": "#sar" }
			}
		},
		{
			"__comment": "Voxels",
			"from": [ 12, 9, 9.5 ],
			"to": [ 13, 10, 10 ],
			"faces": {
				"down": { "uv": [ 5.375, 1.375, 5.625, 1.5 ], "texture": "#sar" },
				"up": { "uv": [ 5.375, 1.375, 5.625, 1.25 ], "texture": "#sar" },
				"north": { "uv": [ 5.125, 9.75, 4.875, 10 ], "texture": "#sar" },
				"south": { "uv": [ 4.875, 9.5, 5.125, 9.75 ], "texture": "#sar" },
				"west": { "uv": [ 5.375, 1, 5.5, 1.25 ], "texture": "#sar" },
				"east": { "uv": [ 5.625, 1, 5.5, 1.25 ], "texture": "#sar" }
			}
		},
		{
			"__comment": "Voxels",
			"from": [ 12, 11, 9.5 ],
			"to": [ 13, 12, 10 ],
			"faces": {
				"down": { "uv": [ 5.125, 0.875, 5.375, 1 ], "texture": "#sar" },
				"up": { "uv": [ 5.375, 1, 5.625, 0.875 ], "texture": "#sar" },
				"north": { "uv": [ 5.125, 9.25, 4.875, 9.5 ], "texture": "#sar" },
				"south": { "uv": [ 4.875, 9, 5.125, 9.25 ], "texture": "#sar" },
				"west": { "uv": [ 5.375, 0.625, 5.5, 0.875 ], "texture": "#sar" },
				"east": { "uv": [ 5.625, 0.625, 5.5, 0.875 ], "texture": "#sar" }
			}
		},
		{
			"__comment": "Voxels",
			"from": [ 12, 12.5, 6.5 ],
			"to": [ 13, 13, 7 ],
			"faces": {
				"up": { "uv": [ 5.375, 0.625, 5.625, 0.5 ], "texture": "#sar" },
				"north": { "uv": [ 5.375, 0.375, 5.125, 0.5 ], "texture": "#sar" },
				"west": { "uv": [ 5.875, 6.375, 6, 6.5 ], "texture": "#sar" },
				"east": { "uv": [ 6, 6.25, 5.875, 6.375 ], "texture": "#sar" }
			}
		},
		{
			"__comment": "Voxels",
			"from": [ 12, 13, 7 ],
			"to": [ 13, 13.5, 7.5 ],
			"faces": {
				"up": { "uv": [ 5.375, 0.375, 5.625, 0.25 ], "texture": "#sar" },
				"north": { "uv": [ 5.375, 0.125, 5.125, 0.25 ], "texture": "#sar" },
				"west": { "uv": [ 5.875, 5.625, 6, 5.75 ], "texture": "#sar" },
				"east": { "uv": [ 6, 5.5, 5.875, 5.625 ], "texture": "#sar" }
			}
		},
		{
			"__comment": "Voxels",
			"from": [ 12.5, 8, 7.5 ],
			"to": [ 14, 8.5, 8.5 ],
			"faces": {
				"down": { "uv": [ 2, 1.5, 2.375, 1.75 ], "texture": "#sar" },
				"north": { "uv": [ 5.5, 8, 5.125, 8.125 ], "texture": "#sar" },
				"south": { "uv": [ 5.125, 7.875, 5.5, 8 ], "texture": "#sar" },
				"west": { "uv": [ 5.625, 9.625, 5.875, 9.75 ], "texture": "#sar" },
				"east": { "uv": [ 5.875, 9.5, 5.625, 9.625 ], "texture": "#sar" }
			}
		},
		{
			"__comment": "Voxels",
			"from": [ 12.5, 9.5, 6 ],
			"to": [ 13, 11.5, 6.5 ],
			"faces": {
				"down": { "uv": [ 5.875, 4.625, 6, 4.75 ], "texture": "#sar" },
				"up": { "uv": [ 5.875, 4.625, 6, 4.5 ], "texture": "#sar" },
				"north": { "uv": [ 4.875, 6.5, 4.75, 7 ], "texture": "#sar" },
				"east": { "uv": [ 4.875, 5, 4.75, 5.5 ], "texture": "#sar" }
			}
		},
		{
			"__comment": "Voxels",
			"from": [ 12.5, 10, 9.5 ],
			"to": [ 13, 11, 10 ],
			"faces": {
				"south": { "uv": [ 5.75, 8.75, 5.875, 9 ], "texture": "#sar" },
				"west": { "uv": [ 5.625, 8.5, 5.75, 8.75 ], "texture": "#sar" },
				"east": { "uv": [ 5.875, 8.5, 5.75, 8.75 ], "texture": "#sar" }
			}
		},
		{
			"__comment": "Voxels",
			"from": [ 12.5, 11, 7 ],
			"to": [ 16.5, 11.5, 9 ],
			"faces": {
				"down": { "uv": [ 0, 8.625, 1, 9.125 ], "texture": "#sar" },
				"up": { "uv": [ 0, 8.125, 1, 7.625 ], "texture": "#sar" },
				"north": { "uv": [ 4.125, 9.875, 3.125, 10 ], "texture": "#sar" },
				"south": { "uv": [ 3.125, 9.75, 4.125, 9.875 ], "texture": "#sar" },
				"east": { "uv": [ 5.625, 9.625, 5.125, 9.75 ], "texture": "#sar" }
			}
		},
		{
			"__comment": "Voxels",
			"from": [ 12.5, 12.5, 9 ],
			"to": [ 13, 13, 9.5 ],
			"faces": {
				"up": { "uv": [ 5.875, 2.375, 6, 2.25 ], "texture": "#sar" },
				"south": { "uv": [ 5.875, 2, 6, 2.125 ], "texture": "#sar" },
				"west": { "uv": [ 5.875, 1.875, 6, 2 ], "texture": "#sar" },
				"east": { "uv": [ 6, 1.75, 5.875, 1.875 ], "texture": "#sar" }
			}
		},
		{
			"__comment": "Voxels",
			"from": [ 12.5, 13, 8.5 ],
			"to": [ 13.5, 13.5, 9 ],
			"faces": {
				"up": { "uv": [ 5.625, 7.625, 5.875, 7.5 ], "texture": "#sar" },
				"south": { "uv": [ 5.625, 7.25, 5.875, 7.375 ], "texture": "#sar" },
				"west": { "uv": [ 5.875, 1.125, 6, 1.25 ], "texture": "#sar" },
				"east": { "uv": [ 6, 1, 5.875, 1.125 ], "texture": "#sar" }
			}
		},
		{
			"__comment": "Voxels",
			"from": [ 13, 8, 7 ],
			"to": [ 13.5, 8.5, 7.5 ],
			"faces": {
				"down": { "uv": [ 5.875, 0.875, 6, 1 ], "texture": "#sar" },
				"north": { "uv": [ 6, 0.625, 5.875, 0.75 ], "texture": "#sar" },
				"west": { "uv": [ 5.875, 0.375, 6, 0.5 ], "texture": "#sar" },
				"east": { "uv": [ 6, 0.25, 5.875, 0.375 ], "texture": "#sar" }
			}
		},
		{
			"__comment": "Voxels",
			"from": [ 13, 8, 8.5 ],
			"to": [ 13.5, 8.5, 9 ],
			"faces": {
				"down": { "uv": [ 5.875, 0.125, 6, 0.25 ], "texture": "#sar" },
				"south": { "uv": [ 6, 9.625, 6.125, 9.75 ], "texture": "#sar" },
				"west": { "uv": [ 6, 9.5, 6.125, 9.625 ], "texture": "#sar" },
				"east": { "uv": [ 6.125, 9.375, 6, 9.5 ], "texture": "#sar" }
			}
		},
		{
			"__comment": "Voxels",
			"from": [ 13, 10.5, 7 ],
			"to": [ 14.5, 11, 9 ],
			"faces": {
				"west": { "uv": [ 5.125, 9.5, 5.625, 9.625 ], "texture": "#sar" },
				"east": { "uv": [ 5.625, 9.375, 5.125, 9.5 ], "texture": "#sar" }
			}
		},
		{
			"__comment": "Voxels",
			"from": [ 13, 12, 7.5 ],
			"to": [ 32, 12.5, 8.5 ],
			"faces": {
				"down": { "uv": [ 5.25, 13.75, 10, 14 ], "texture": "#sar" },
				"up": { "uv": [ 5.25, 14.25, 10, 14 ], "texture": "#sar" },
				"west": { "uv": [ 5.625, 5.875, 5.875, 6 ], "texture": "#sar" },
				"east": { "uv": [ 5.875, 5.75, 5.625, 5.875 ], "texture": "#sar" }
			}
		},
		{
			"__comment": "Voxels",
			"from": [ 14.5, 11.5, 7 ],
			"to": [ 32, 12, 9 ],
			"faces": {
				"down": { "uv": [ 0, 14.75, 4.375, 15.25 ], "texture": "#sar" },
				"up": { "uv": [ 7.75, 16, 12.125, 15.5 ], "texture": "#sar" },
				"north": { "uv": [ 8.5, 11.625, 4.125, 11.75 ], "texture": "#sar" },
				"south": { "uv": [ 8.5, 11.625, 12.875, 11.75 ], "texture": "#sar" },
				"east": { "uv": [ 5.625, 8.875, 5.125, 9 ], "texture": "#sar" }
			}
		},
		{
			"__comment": "Voxels",
			"from": [ 16.5, 11, 7.5 ],
			"to": [ 32, 11.5, 8.5 ],
			"faces": {
				"down": { "uv": [ 3.875, 13.125, 7.75, 13.375 ], "texture": "#sar" },
				"north": { "uv": [ 15.875, 10.875, 12, 11 ], "texture": "#sar" },
				"south": { "uv": [ 8.125, 10.875, 12, 11 ], "texture": "#sar" },
				"east": { "uv": [ 5.875, 4.25, 5.625, 4.375 ], "texture": "#sar" }
			}
		},
		{
			"__comment": "Voxels",
			"from": [ 17.5, 10.5, 7 ],
			"to": [ 29.5, 11.5, 7.5 ],
			"faces": {
				"down": { "uv": [ 7.125, 10.125, 10.125, 10.25 ], "texture": "#sar" },
				"north": { "uv": [ 13.5, 12.125, 10.5, 12.375 ], "texture": "#sar" },
				"south": { "uv": [ 7.5, 12.125, 10.5, 12.375 ], "texture": "#sar" },
				"west": { "uv": [ 5.625, 3.5, 5.75, 3.75 ], "texture": "#sar" },
				"east": { "uv": [ 5.875, 3.5, 5.75, 3.75 ], "texture": "#sar" }
			}
		},
		{
			"__comment": "Voxels",
			"from": [ 17.5, 10.5, 7.5 ],
			"to": [ 29.5, 11, 9 ],
			"faces": {
				"down": { "uv": [ 0, 13.375, 3, 13.75 ], "texture": "#sar" },
				"up": { "uv": [ 3, 13.75, 6, 13.375 ], "texture": "#sar" },
				"south": { "uv": [ 7.125, 10, 10.125, 10.125 ], "texture": "#sar" },
				"west": { "uv": [ 5.125, 7.75, 5.5, 7.875 ], "texture": "#sar" },
				"east": { "uv": [ 5.5, 7.625, 5.125, 7.75 ], "texture": "#sar" }
			}
		},
		{
			"__comment": "Voxels",
			"from": [ 17.5, 11, 6.5 ],
			"to": [ 29.5, 12, 7 ],
			"faces": {
				"down": { "uv": [ 10.125, 10, 13.125, 10.125 ], "texture": "#sar" },
				"up": { "uv": [ 10, 13.875, 13, 13.75 ], "texture": "#sar" },
				"north": { "uv": [ 7.5, 12.125, 4.5, 12.375 ], "texture": "#sar" },
				"south": { "uv": [ 12.125, 15.25, 15.125, 15.5 ], "texture": "#sar" },
				"west": { "uv": [ 5.625, 2, 5.75, 2.25 ], "texture": "#sar" },
				"east": { "uv": [ 5.875, 2, 5.75, 2.25 ], "texture": "#sar" }
			}
		},
		{
			"__comment": "Voxels",
			"from": [ 17.5, 11, 8.5 ],
			"to": [ 30, 11.5, 9 ],
			"faces": {
				"down": { "uv": [ 12.375, 11.5, 15.5, 11.625 ], "texture": "#sar" },
				"south": { "uv": [ 11.125, 10.625, 14.25, 10.75 ], "texture": "#sar" },
				"west": { "uv": [ 6, 3.5, 6.125, 3.625 ], "texture": "#sar" },
				"east": { "uv": [ 6.125, 3.375, 6, 3.5 ], "texture": "#sar" }
			}
		},
		{
			"__comment": "Voxels",
			"from": [ 17.5, 11, 9 ],
			"to": [ 29.5, 12.5, 9.5 ],
			"faces": {
				"down": { "uv": [ 13, 13.75, 16, 13.875 ], "texture": "#sar" },
				"up": { "uv": [ 13, 13.125, 16, 13 ], "texture": "#sar" },
				"north": { "uv": [ 13, 13.875, 10, 14.25 ], "texture": "#sar" },
				"south": { "uv": [ 13, 13.875, 16, 14.25 ], "texture": "#sar" },
				"west": { "uv": [ 4.875, 3.625, 5, 4 ], "texture": "#sar" },
				"east": { "uv": [ 5, 2.875, 4.875, 3.25 ], "texture": "#sar" }
			}
		},
		{
			"__comment": "Voxels",
			"from": [ 17.5, 12.5, 8.5 ],
			"to": [ 29.5, 13, 9 ],
			"faces": {
				"up": { "uv": [ 7.25, 10.625, 10.25, 10.5 ], "texture": "#sar" },
				"south": { "uv": [ 10.125, 10.375, 13.125, 10.5 ], "texture": "#sar" },
				"west": { "uv": [ 6, 2, 6.125, 2.125 ], "texture": "#sar" },
				"east": { "uv": [ 6.125, 1.875, 6, 2 ], "texture": "#sar" }
			}
		},
		{
			"__comment": "Voxels",
			"from": [ 20, 12, 6.5 ],
			"to": [ 22.5, 12.5, 7 ],
			"faces": {
				"up": { "uv": [ 3.5, 0.125, 4.125, 0 ], "texture": "#sar" },
				"north": { "uv": [ 4.125, 0.125, 3.5, 0.25 ], "texture": "#sar" },
				"west": { "uv": [ 6, 1.25, 6.125, 1.375 ], "texture": "#sar" },
				"east": { "uv": [ 6.125, 1.125, 6, 1.25 ], "texture": "#sar" }
			}
		},
		{
			"__comment": "Voxels",
			"from": [ 20, 12.5, 7 ],
			"to": [ 22.5, 13, 7.5 ],
			"faces": {
				"up": { "uv": [ 3.5, 1, 4.125, 0.875 ], "texture": "#sar" },
				"north": { "uv": [ 4.125, 1, 3.5, 1.125 ], "texture": "#sar" },
				"west": { "uv": [ 6, 0.5, 6.125, 0.625 ], "texture": "#sar" },
				"east": { "uv": [ 6.125, 0.375, 6, 0.5 ], "texture": "#sar" }
			}
		},
		{
			"__comment": "Voxels",
			"from": [ 20, 12.5, 9 ],
			"to": [ 22.5, 13, 9.5 ],
			"faces": {
				"up": { "uv": [ 4.125, 9.25, 4.75, 9.125 ], "texture": "#sar" },
				"south": { "uv": [ 4.125, 9.625, 4.75, 9.75 ], "texture": "#sar" },
				"west": { "uv": [ 6.25, 9.75, 6.375, 9.875 ], "texture": "#sar" },
				"east": { "uv": [ 6.5, 9.75, 6.375, 9.875 ], "texture": "#sar" }
			}
		},
		{
			"__comment": "Voxels",
			"from": [ 27, 12, 6.5 ],
			"to": [ 28.5, 12.5, 7 ],
			"faces": {
				"up": { "uv": [ 5.125, 5.25, 5.5, 5.125 ], "texture": "#sar" },
				"north": { "uv": [ 5.5, 5, 5.125, 5.125 ], "texture": "#sar" },
				"west": { "uv": [ 7, 9.75, 7.125, 9.875 ], "texture": "#sar" },
				"east": { "uv": [ 7.25, 9.75, 7.125, 9.875 ], "texture": "#sar" }
			}
		},
		{
			"__comment": "Voxels",
			"from": [ 27, 12.5, 7 ],
			"to": [ 28.5, 13, 7.5 ],
			"faces": {
				"up": { "uv": [ 5.125, 4.75, 5.5, 4.625 ], "texture": "#sar" },
				"north": { "uv": [ 5.5, 4.5, 5.125, 4.625 ], "texture": "#sar" },
				"west": { "uv": [ 7.75, 9.75, 7.875, 9.875 ], "texture": "#sar" },
				"east": { "uv": [ 8, 9.75, 7.875, 9.875 ], "texture": "#sar" }
			}
		},
		{
			"__comment": "Voxels",
			"from": [ 27, 12.5, 9 ],
			"to": [ 28.5, 13, 9.5 ],
			"faces": {
				"up": { "uv": [ 5.125, 4.25, 5.5, 4.125 ], "texture": "#sar" },
				"south": { "uv": [ 5.125, 3.875, 5.5, 4 ], "texture": "#sar" },
				"west": { "uv": [ 8.5, 9.75, 8.625, 9.875 ], "texture": "#sar" },
				"east": { "uv": [ 8.75, 9.75, 8.625, 9.875 ], "texture": "#sar" }
			}
		},
		{
			"__comment": "Voxels",
			"from": [ 29.5, 11, 7 ],
			"to": [ 30, 11.5, 7.5 ],
			"faces": {
				"down": { "uv": [ 8.75, 9.75, 8.875, 9.875 ], "texture": "#sar" },
				"north": { "uv": [ 9.125, 9.75, 9, 9.875 ], "texture": "#sar" },
				"east": { "uv": [ 9.5, 9.75, 9.375, 9.875 ], "texture": "#sar" }
			}
		},
		{
			"__comment": "Voxels",
			"from": [ 30.5, 13, 7.5 ],
			"to": [ 31.5, 14, 8.5 ],
			"faces": {
				"down": { "uv": [ 3.875, 10.875, 4.125, 11.125 ], "texture": "#sar" },
				"up": { "uv": [ 3.875, 4.125, 4.125, 3.875 ], "texture": "#sar" },
				"north": { "uv": [ 4.125, 1.5, 3.875, 1.75 ], "texture": "#sar" },
				"south": { "uv": [ 4.125, 7.5, 4.375, 7.75 ], "texture": "#sar" },
				"west": { "uv": [ 1.25, 3.25, 1.5, 3.5 ], "texture": "#sar" },
				"east": { "uv": [ 4.375, 4.125, 4.125, 4.375 ], "texture": "#sar" }
			}
		}
	],
	"display": {
		"thirdperson_righthand": {
			"rotation":  [ 0, 90, 0 ],
			"scale":  [ 0.4, 0.4, 0.4 ]
		},
		"firstperson_righthand": {
			"rotation":  [ 23, 92, -11 ],
			"translation":  [ 0, 0.6956, -8.347 ]
		},
		"gui": {
			"rotation":  [ 24, -127, 0 ],
			"scale":  [ 0.5, 0.5, 0.5 ]
		}
	}
}