{
	"__comment": "Designed by DevastMc",
	"textures": {
		"waterpipe": "blocks/waterpipe"
	},
	"elements": [ 	 
		{
			"__comment": "Voxels",
			"from": [ 6, 9.5, 11.5 ],
			"to": [ 10, 11.5, 12 ],
			"faces": {
				"down": { "uv": [ 14.25, 14.125, 15.25, 14.25 ], "texture": "#waterpipe" },
				"up": { "uv": [ 14.25, 14.125, 15.25, 14 ], "texture": "#waterpipe" },
				"north": { "uv": [ 4.75, 9.125, 3.75, 9.625 ], "texture": "#waterpipe" },
				"south": { "uv": [ 3.75, 9.625, 4.75, 10.125 ], "texture": "#waterpipe" },
				"west": { "uv": [ 6.5, 14.5, 6.625, 15 ], "texture": "#waterpipe" },
				"east": { "uv": [ 6.625, 14, 6.5, 14.5 ], "texture": "#waterpipe" }
			}
		},
		{
			"__comment": "Voxels",
			"from": [ 6, 10, 5.5 ],
			"to": [ 10, 13, 6 ],
			"rotation": { "origin": [ 6, 10, 5.5 ], "axis": "x", "angle": -45 },
			"faces": {
				"down": { "uv": [ 12.25, 14, 13.25, 14.125 ], "texture": "#waterpipe" },
				"up": { "uv": [ 12.25, 14.25, 13.25, 14.125 ], "texture": "#waterpipe" },
				"north": { "uv": [ 3.5, 14, 2.5, 14.75 ], "texture": "#waterpipe" },
				"south": { "uv": [ 2.5, 13.25, 3.5, 14 ], "texture": "#waterpipe" },
				"west": { "uv": [ 4.625, 11.25, 4.75, 12 ], "texture": "#waterpipe" },
				"east": { "uv": [ 9.375, 8, 9.25, 8.75 ], "texture": "#waterpipe" }
			}
		},
		{
			"__comment": "Voxels",
			"from": [ 6, 10, 9 ],
			"to": [ 10, 11.5, 9.5 ],
			"faces": {
				"down": { "uv": [ 11.25, 14, 12.25, 14.125 ], "texture": "#waterpipe" },
				"up": { "uv": [ 11.25, 14.25, 12.25, 14.125 ], "texture": "#waterpipe" },
				"north": { "uv": [ 7.625, 15.625, 6.625, 16 ], "texture": "#waterpipe" },
				"south": { "uv": [ 6.625, 15.25, 7.625, 15.625 ], "texture": "#waterpipe" },
				"west": { "uv": [ 6.5, 8, 6.625, 8.375 ], "texture": "#waterpipe" },
				"east": { "uv": [ 7.625, 8.875, 7.5, 9.25 ], "texture": "#waterpipe" }
			}
		},
		{
			"__comment": "Voxels",
			"from": [ 6, 10, 12 ],
			"to": [ 10, 11.5, 12.5 ],
			"faces": {
				"down": { "uv": [ 10.25, 14, 11.25, 14.125 ], "texture": "#waterpipe" },
				"up": { "uv": [ 10.25, 14.25, 11.25, 14.125 ], "texture": "#waterpipe" },
				"south": { "uv": [ 6.625, 14.5, 7.625, 14.875 ], "texture": "#waterpipe" },
				"west": { "uv": [ 8.625, 12.5, 8.75, 12.875 ], "texture": "#waterpipe" },
				"east": { "uv": [ 8.75, 12.125, 8.625, 12.5 ], "texture": "#waterpipe" }
			}
		},
		{
			"__comment": "Voxels",
			"from": [ 6, 10.5, 6 ],
			"to": [ 10, 12, 6.5 ],
			"rotation": { "origin": [ 6, 10, 5.5 ], "axis": "x", "angle": -45 },
			"faces": {
				"down": { "uv": [ 14.75, 14.25, 15.75, 14.375 ], "texture": "#waterpipe" },
				"up": { "uv": [ 13.75, 14.375, 14.75, 14.25 ], "texture": "#waterpipe" },
				"south": { "uv": [ 6.625, 13.75, 7.625, 14.125 ], "texture": "#waterpipe" },
				"west": { "uv": [ 8.625, 11.75, 8.75, 12.125 ], "texture": "#waterpipe" },
				"east": { "uv": [ 8.75, 11.375, 8.625, 11.75 ], "texture": "#waterpipe" }
			}
		},
		{
			"__comment": "Voxels",
			"from": [ 6, 10.5, 8.5 ],
			"to": [ 10, 13, 9 ],
			"faces": {
				"down": { "uv": [ 12.75, 14.25, 13.75, 14.375 ], "texture": "#waterpipe" },
				"up": { "uv": [ 11.75, 14.375, 12.75, 14.25 ], "texture": "#waterpipe" },
				"north": { "uv": [ 4.75, 15.375, 3.75, 16 ], "texture": "#waterpipe" },
				"south": { "uv": [ 3.75, 13.5, 4.75, 14.125 ], "texture": "#waterpipe" },
				"west": { "uv": [ 10.5, 9.625, 10.625, 10.25 ], "texture": "#waterpipe" },
				"east": { "uv": [ 10.75, 9.625, 10.625, 10.25 ], "texture": "#waterpipe" }
			}
		},
		{
			"__comment": "Voxels",
			"from": [ 6, 10.5, 11 ],
			"to": [ 10, 11.5, 11.5 ],
			"faces": {
				"down": { "uv": [ 10.75, 14.25, 11.75, 14.375 ], "texture": "#waterpipe" },
				"up": { "uv": [ 9.75, 14.375, 10.75, 14.25 ], "texture": "#waterpipe" },
				"north": { "uv": [ 7.625, 8.375, 6.625, 8.625 ], "texture": "#waterpipe" },
				"west": { "uv": [ 11.625, 8, 11.75, 8.25 ], "texture": "#waterpipe" },
				"east": { "uv": [ 13.125, 9.75, 13, 10 ], "texture": "#waterpipe" }
			}
		},
		{
			"__comment": "Voxels",
			"from": [ 6, 11, 9.5 ],
			"to": [ 10, 11.5, 10 ],
			"faces": {
				"down": { "uv": [ 14.5, 14.375, 15.5, 14.5 ], "texture": "#waterpipe" },
				"up": { "uv": [ 12.25, 14, 13.25, 13.875 ], "texture": "#waterpipe" },
				"south": { "uv": [ 6.625, 8, 7.625, 8.125 ], "texture": "#waterpipe" },
				"west": { "uv": [ 15.875, 10.25, 16, 10.375 ], "texture": "#waterpipe" },
				"east": { "uv": [ 14.25, 8.875, 14.125, 9 ], "texture": "#waterpipe" }
			}
		},
		{
			"__comment": "Voxels",
			"from": [ 6, 11.5, 9 ],
			"to": [ 8.5, 12, 10 ],
			"faces": {
				"down": { "uv": [ 10.75, 14.625, 11.375, 14.875 ], "texture": "#waterpipe" },
				"up": { "uv": [ 11.375, 14.875, 12, 14.625 ], "texture": "#waterpipe" },
				"south": { "uv": [ 10.5, 8.875, 11.125, 9 ], "texture": "#waterpipe" },
				"west": { "uv": [ 15.375, 10.5, 15.625, 10.625 ], "texture": "#waterpipe" },
				"east": { "uv": [ 14.375, 10.375, 14.125, 10.5 ], "texture": "#waterpipe" }
			}
		},
		{
			"__comment": "Voxels",
			"from": [ 6, 11.5, 11 ],
			"to": [ 8.5, 12, 12.5 ],
			"faces": {
				"down": { "uv": [ 8.125, 14, 8.75, 14.375 ], "texture": "#waterpipe" },
				"up": { "uv": [ 8.125, 15.5, 8.75, 15.125 ], "texture": "#waterpipe" },
				"north": { "uv": [ 11.125, 8.75, 10.5, 8.875 ], "texture": "#waterpipe" },
				"south": { "uv": [ 10.5, 8.625, 11.125, 8.75 ], "texture": "#waterpipe" },
				"west": { "uv": [ 7.25, 10.375, 7.625, 10.5 ], "texture": "#waterpipe" },
				"east": { "uv": [ 9.75, 8, 9.375, 8.125 ], "texture": "#waterpipe" }
			}
		},
		{
			"__comment": "Voxels",
			"from": [ 6, 12, 9 ],
			"to": [ 7, 13, 9.5 ],
			"faces": {
				"up": { "uv": [ 14.625, 10.5, 14.875, 10.375 ], "texture": "#waterpipe" },
				"south": { "uv": [ 11.375, 12.25, 11.625, 12.5 ], "texture": "#waterpipe" },
				"west": { "uv": [ 13, 9.5, 13.125, 9.75 ], "texture": "#waterpipe" },
				"east": { "uv": [ 13.125, 9.25, 13, 9.5 ], "texture": "#waterpipe" }
			}
		},
		{
			"__comment": "Voxels",
			"from": [ 6, 12, 11.5 ],
			"to": [ 7, 13, 12.5 ],
			"faces": {
				"up": { "uv": [ 11.375, 12, 11.625, 11.75 ], "texture": "#waterpipe" },
				"north": { "uv": [ 11.625, 11.5, 11.375, 11.75 ], "texture": "#waterpipe" },
				"south": { "uv": [ 11.375, 11.25, 11.625, 11.5 ], "texture": "#waterpipe" },
				"west": { "uv": [ 11.375, 11, 11.625, 11.25 ], "texture": "#waterpipe" },
				"east": { "uv": [ 11.625, 10.75, 11.375, 11 ], "texture": "#waterpipe" }
			}
		},
		{
			"__comment": "Voxels",
			"from": [ 6.5, 3.5, 22.5 ],
			"to": [ 9, 9.5, 24.5 ],
			"faces": {
				"down": { "uv": [ 6.625, 13.25, 7.25, 13.75 ], "texture": "#waterpipe" },
				"up": { "uv": [ 6.625, 12.625, 7.25, 12.125 ], "texture": "#waterpipe" },
				"north": { "uv": [ 1.125, 13, 0.5, 14.5 ], "texture": "#waterpipe" },
				"south": { "uv": [ 0.5, 14.5, 1.125, 16 ], "texture": "#waterpipe" },
				"west": { "uv": [ 0, 8, 0.5, 9.5 ], "texture": "#waterpipe" },
				"east": { "uv": [ 0.5, 9.5, 0, 11 ], "texture": "#waterpipe" }
			}
		},
		{
			"__comment": "Voxels",
			"from": [ 6.5, 4, 20.5 ],
			"to": [ 9, 9.5, 22.5 ],
			"faces": {
				"down": { "uv": [ 6.625, 10.375, 7.25, 10.875 ], "texture": "#waterpipe" },
				"up": { "uv": [ 1.125, 8.5, 1.75, 8 ], "texture": "#waterpipe" },
				"north": { "uv": [ 1.125, 11.625, 0.5, 13 ], "texture": "#waterpipe" },
				"west": { "uv": [ 2.5, 11.875, 3, 13.25 ], "texture": "#waterpipe" },
				"east": { "uv": [ 2.25, 8.5, 1.75, 9.875 ], "texture": "#waterpipe" }
			}
		},
		{
			"__comment": "Voxels",
			"from": [ 6.5, 4, 24.5 ],
			"to": [ 9, 9.5, 25 ],
			"faces": {
				"down": { "uv": [ 12.5, 12.625, 13.125, 12.75 ], "texture": "#waterpipe" },
				"up": { "uv": [ 13.125, 12.75, 13.75, 12.625 ], "texture": "#waterpipe" },
				"south": { "uv": [ 0.5, 8.875, 1.125, 10.25 ], "texture": "#waterpipe" },
				"west": { "uv": [ 9.125, 12.75, 9.25, 14.125 ], "texture": "#waterpipe" },
				"east": { "uv": [ 8.875, 12.75, 8.75, 14.125 ], "texture": "#waterpipe" }
			}
		},
		{
			"__comment": "Voxels",
			"from": [ 6.5, 4.5, 19.5 ],
			"to": [ 9, 9.5, 20.5 ],
			"faces": {
				"down": { "uv": [ 12, 14.625, 12.625, 14.875 ], "texture": "#waterpipe" },
				"up": { "uv": [ 11.125, 14.625, 11.75, 14.375 ], "texture": "#waterpipe" },
				"north": { "uv": [ 1.75, 9.625, 1.125, 10.875 ], "texture": "#waterpipe" },
				"west": { "uv": [ 4.75, 10, 5, 11.25 ], "texture": "#waterpipe" },
				"east": { "uv": [ 5, 12.5, 4.75, 13.75 ], "texture": "#waterpipe" }
			}
		},
		{
			"__comment": "Voxels",
			"from": [ 6.5, 4.5, 25 ],
			"to": [ 9, 9.5, 25.5 ],
			"faces": {
				"down": { "uv": [ 13.75, 12.625, 14.375, 12.75 ], "texture": "#waterpipe" },
				"up": { "uv": [ 14.375, 12.75, 15, 12.625 ], "texture": "#waterpipe" },
				"south": { "uv": [ 1.125, 10.875, 1.75, 12.125 ], "texture": "#waterpipe" },
				"west": { "uv": [ 9, 11.5, 9.125, 12.75 ], "texture": "#waterpipe" },
				"east": { "uv": [ 9.25, 11.5, 9.125, 12.75 ], "texture": "#waterpipe" }
			}
		},
		{
			"__comment": "Voxels",
			"from": [ 6.5, 5, 19 ],
			"to": [ 9, 9.5, 19.5 ],
			"faces": {
				"down": { "uv": [ 0.5, 8, 1.125, 8.125 ], "texture": "#waterpipe" },
				"up": { "uv": [ 15.375, 13.5, 16, 13.375 ], "texture": "#waterpipe" },
				"north": { "uv": [ 1.75, 8.5, 1.125, 9.625 ], "texture": "#waterpipe" },
				"west": { "uv": [ 9.625, 10.625, 9.75, 11.75 ], "texture": "#waterpipe" },
				"east": { "uv": [ 9.625, 10.625, 9.5, 11.75 ], "texture": "#waterpipe" }
			}
		},
		{
			"__comment": "Voxels",
			"from": [ 6.5, 5, 25.5 ],
			"to": [ 9.5, 9.5, 26 ],
			"faces": {
				"down": { "uv": [ 12, 13, 12.75, 13.125 ], "texture": "#waterpipe" },
				"up": { "uv": [ 12.75, 13.125, 13.5, 13 ], "texture": "#waterpipe" },
				"north": { "uv": [ 2.5, 14.875, 1.75, 16 ], "texture": "#waterpipe" },
				"south": { "uv": [ 1.75, 13.75, 2.5, 14.875 ], "texture": "#waterpipe" },
				"west": { "uv": [ 9.375, 10.625, 9.5, 11.75 ], "texture": "#waterpipe" },
				"east": { "uv": [ 9.75, 12.5, 9.625, 13.625 ], "texture": "#waterpipe" }
			}
		},
		{
			"__comment": "Voxels",
			"from": [ 6.5, 5.5, 18 ],
			"to": [ 9, 8.5, 19 ],
			"faces": {
				"down": { "uv": [ 12.625, 14.625, 13.25, 14.875 ], "texture": "#waterpipe" },
				"up": { "uv": [ 13.25, 14.875, 13.875, 14.625 ], "texture": "#waterpipe" },
				"north": { "uv": [ 1.125, 8.125, 0.5, 8.875 ], "texture": "#waterpipe" },
				"west": { "uv": [ 5.5, 11.875, 5.75, 12.625 ], "texture": "#waterpipe" },
				"east": { "uv": [ 5.75, 11, 5.5, 11.75 ], "texture": "#waterpipe" }
			}
		},
		{
			"__comment": "Voxels",
			"from": [ 6.5, 6, 26 ],
			"to": [ 9.5, 9.5, 26.5 ],
			"faces": {
				"down": { "uv": [ 13.5, 13, 14.25, 13.125 ], "texture": "#waterpipe" },
				"up": { "uv": [ 14.25, 13.125, 15, 13 ], "texture": "#waterpipe" },
				"south": { "uv": [ 3, 12.375, 3.75, 13.25 ], "texture": "#waterpipe" },
				"west": { "uv": [ 6.5, 11.375, 6.625, 12.25 ], "texture": "#waterpipe" },
				"east": { "uv": [ 9.75, 9.75, 9.625, 10.625 ], "texture": "#waterpipe" }
			}
		},
		{
			"__comment": "Voxels",
			"from": [ 6.5, 6.5, 17.5 ],
			"to": [ 9, 8, 18 ],
			"faces": {
				"down": { "uv": [ 10.5, 10.5, 11.125, 10.625 ], "texture": "#waterpipe" },
				"up": { "uv": [ 10.5, 10.5, 11.125, 10.375 ], "texture": "#waterpipe" },
				"north": { "uv": [ 8.75, 12.875, 8.125, 13.25 ], "texture": "#waterpipe" },
				"west": { "uv": [ 8.625, 9.5, 8.75, 9.875 ], "texture": "#waterpipe" },
				"east": { "uv": [ 8.75, 9.125, 8.625, 9.5 ], "texture": "#waterpipe" }
			}
		},
		{
			"__comment": "Voxels",
			"from": [ 6.5, 6.5, 26.5 ],
			"to": [ 9.5, 9.5, 27 ],
			"faces": {
				"down": { "uv": [ 11.25, 12.875, 12, 13 ], "texture": "#waterpipe" },
				"up": { "uv": [ 12, 13, 12.75, 12.875 ], "texture": "#waterpipe" },
				"south": { "uv": [ 4, 12.75, 4.75, 13.5 ], "texture": "#waterpipe" },
				"west": { "uv": [ 10.25, 10.5, 10.375, 11.25 ], "texture": "#waterpipe" },
				"east": { "uv": [ 10.5, 10.5, 10.375, 11.25 ], "texture": "#waterpipe" }
			}
		},
		{
			"__comment": "Voxels",
			"from": [ 6.5, 7, 27 ],
			"to": [ 9.5, 9.5, 27.5 ],
			"faces": {
				"down": { "uv": [ 12.75, 12.875, 13.5, 13 ], "texture": "#waterpipe" },
				"up": { "uv": [ 13.5, 13, 14.25, 12.875 ], "texture": "#waterpipe" },
				"south": { "uv": [ 5, 13.5, 5.75, 14.125 ], "texture": "#waterpipe" },
				"west": { "uv": [ 8, 9, 8.125, 9.625 ], "texture": "#waterpipe" },
				"east": { "uv": [ 8.125, 8.375, 8, 9 ], "texture": "#waterpipe" }
			}
		},
		{
			"__comment": "Voxels",
			"from": [ 6.5, 7.5, 27.5 ],
			"to": [ 9.5, 9.5, 28 ],
			"faces": {
				"down": { "uv": [ 14.25, 12.875, 15, 13 ], "texture": "#waterpipe" },
				"up": { "uv": [ 15, 13, 15.75, 12.875 ], "texture": "#waterpipe" },
				"south": { "uv": [ 5, 9.625, 5.75, 10.125 ], "texture": "#waterpipe" },
				"west": { "uv": [ 9.625, 8.125, 9.75, 8.625 ], "texture": "#waterpipe" },
				"east": { "uv": [ 11.375, 9, 11.25, 9.5 ], "texture": "#waterpipe" }
			}
		},
		{
			"__comment": "Voxels",
			"from": [ 6.5, 8, 28 ],
			"to": [ 9, 9.5, 28.5 ],
			"faces": {
				"down": { "uv": [ 10.5, 9.25, 11.125, 9.375 ], "texture": "#waterpipe" },
				"up": { "uv": [ 10.5, 9.25, 11.125, 9.125 ], "texture": "#waterpipe" },
				"south": { "uv": [ 8.125, 14.75, 8.75, 15.125 ], "texture": "#waterpipe" },
				"west": { "uv": [ 8.625, 8.75, 8.75, 9.125 ], "texture": "#waterpipe" },
				"east": { "uv": [ 8.75, 8.375, 8.625, 8.75 ], "texture": "#waterpipe" }
			}
		},
		{
			"__comment": "Voxels",
			"from": [ 6.5, 8.5, 18.5 ],
			"to": [ 9, 9.5, 19 ],
			"faces": {
				"up": { "uv": [ 10.5, 8.5, 11.125, 8.375 ], "texture": "#waterpipe" },
				"north": { "uv": [ 9.875, 14.375, 9.25, 14.625 ], "texture": "#waterpipe" },
				"west": { "uv": [ 13, 8.5, 13.125, 8.75 ], "texture": "#waterpipe" },
				"east": { "uv": [ 13.125, 8.25, 13, 8.5 ], "texture": "#waterpipe" }
			}
		},
		{
			"__comment": "Voxels",
			"from": [ 6.5, 9.5, 5.5 ],
			"to": [ 9.5, 10, 6 ],
			"rotation": { "origin": [ 6, 10, 5.5 ], "axis": "x", "angle": -45 },
			"faces": {
				"down": { "uv": [ 15, 12.75, 15.75, 12.875 ], "texture": "#waterpipe" },
				"north": { "uv": [ 11.25, 12.5, 10.5, 12.625 ], "texture": "#waterpipe" },
				"south": { "uv": [ 10.5, 12.375, 11.25, 12.5 ], "texture": "#waterpipe" },
				"west": { "uv": [ 14.125, 8.75, 14.25, 8.875 ], "texture": "#waterpipe" },
				"east": { "uv": [ 14.25, 8.375, 14.125, 8.5 ], "texture": "#waterpipe" }
			}
		},
		{
			"__comment": "Voxels",
			"from": [ 6.5, 9.5, 8.5 ],
			"to": [ 9.5, 10.5, 9 ],
			"faces": {
				"down": { "uv": [ 10.5, 12, 11.25, 12.125 ], "texture": "#waterpipe" },
				"north": { "uv": [ 9.5, 15.25, 8.75, 15.5 ], "texture": "#waterpipe" },
				"south": { "uv": [ 9.5, 15.25, 10.25, 15.5 ], "texture": "#waterpipe" },
				"west": { "uv": [ 13, 8, 13.125, 8.25 ], "texture": "#waterpipe" },
				"east": { "uv": [ 13.75, 9.375, 13.625, 9.625 ], "texture": "#waterpipe" }
			}
		},
		{
			"__comment": "Voxels",
			"from": [ 6.5, 9.5, 9 ],
			"to": [ 9.5, 10, 9.5 ],
			"faces": {
				"down": { "uv": [ 10.5, 11.75, 11.25, 11.875 ], "texture": "#waterpipe" },
				"south": { "uv": [ 10.5, 11.375, 11.25, 11.5 ], "texture": "#waterpipe" },
				"west": { "uv": [ 14.125, 8.25, 14.25, 8.375 ], "texture": "#waterpipe" },
				"east": { "uv": [ 14.375, 8.875, 14.25, 9 ], "texture": "#waterpipe" }
			}
		},
		{
			"__comment": "Voxels",
			"from": [ 6.5, 9.5, 11 ],
			"to": [ 9.5, 10.5, 11.5 ],
			"faces": {
				"down": { "uv": [ 10.5, 11.25, 11.25, 11.375 ], "texture": "#waterpipe" },
				"north": { "uv": [ 11.75, 15.25, 11, 15.5 ], "texture": "#waterpipe" },
				"west": { "uv": [ 13.75, 8.125, 13.875, 8.375 ], "texture": "#waterpipe" },
				"east": { "uv": [ 14, 9.75, 13.875, 10 ], "texture": "#waterpipe" }
			}
		},
		{
			"__comment": "Voxels",
			"from": [ 6.5, 9.5, 12 ],
			"to": [ 9.5, 10, 12.5 ],
			"faces": {
				"down": { "uv": [ 10.5, 10.75, 11.25, 10.875 ], "texture": "#waterpipe" },
				"south": { "uv": [ 13, 14.875, 13.75, 15 ], "texture": "#waterpipe" },
				"west": { "uv": [ 14.375, 8.875, 14.5, 9 ], "texture": "#waterpipe" },
				"east": { "uv": [ 14.375, 8.75, 14.25, 8.875 ], "texture": "#waterpipe" }
			}
		},
		{
			"__comment": "Voxels",
			"from": [ 6.5, 10, 6 ],
			"to": [ 9.5, 10.5, 6.5 ],
			"rotation": { "origin": [ 6, 10, 5.5 ], "axis": "x", "angle": -45 },
			"faces": {
				"down": { "uv": [ 13.75, 14.875, 14.5, 15 ], "texture": "#waterpipe" },
				"south": { "uv": [ 14.625, 13.375, 15.375, 13.5 ], "texture": "#waterpipe" },
				"west": { "uv": [ 14.375, 8.75, 14.5, 8.875 ], "texture": "#waterpipe" },
				"east": { "uv": [ 14.375, 8.625, 14.25, 8.75 ], "texture": "#waterpipe" }
			}
		},
		{
			"__comment": "Voxels",
			"from": [ 6.5, 10, 7.5 ],
			"to": [ 9.5, 12.5, 9 ],
			"rotation": { "origin": [ 6, 10, 5.5 ], "axis": "x", "angle": -45 },
			"faces": {
				"down": { "uv": [ 6.625, 10, 7.375, 10.375 ], "texture": "#waterpipe" },
				"up": { "uv": [ 5.75, 8.375, 6.5, 8 ], "texture": "#waterpipe" },
				"north": { "uv": [ 5.75, 14.125, 5, 14.75 ], "texture": "#waterpipe" },
				"south": { "uv": [ 5, 15.375, 5.75, 16 ], "texture": "#waterpipe" },
				"west": { "uv": [ 7.625, 9.625, 8, 10.25 ], "texture": "#waterpipe" },
				"east": { "uv": [ 6.625, 9.375, 6.25, 10 ], "texture": "#waterpipe" }
			}
		},
		{
			"__comment": "Voxels",
			"from": [ 6.5, 10, 9.5 ],
			"to": [ 9.5, 11, 11 ],
			"faces": {
				"down": { "uv": [ 6.875, 9.25, 7.625, 9.625 ], "texture": "#waterpipe" },
				"up": { "uv": [ 6.875, 10, 7.625, 9.625 ], "texture": "#waterpipe" },
				"south": { "uv": [ 9.875, 15.5, 10.625, 15.75 ], "texture": "#waterpipe" },
				"west": { "uv": [ 10, 12.5, 10.375, 12.75 ], "texture": "#waterpipe" },
				"east": { "uv": [ 10.375, 12.25, 10, 12.5 ], "texture": "#waterpipe" }
			}
		},
		{
			"__comment": "Voxels",
			"from": [ 6.5, 10, 12.5 ],
			"to": [ 9, 12, 13 ],
			"faces": {
				"down": { "uv": [ 10.5, 9.5, 11.125, 9.625 ], "texture": "#waterpipe" },
				"up": { "uv": [ 10.5, 9.5, 11.125, 9.375 ], "texture": "#waterpipe" },
				"north": { "uv": [ 6.375, 8.875, 5.75, 9.375 ], "texture": "#waterpipe" },
				"south": { "uv": [ 5.75, 8.375, 6.375, 8.875 ], "texture": "#waterpipe" },
				"west": { "uv": [ 11.25, 8.5, 11.375, 9 ], "texture": "#waterpipe" },
				"east": { "uv": [ 11.375, 8, 11.25, 8.5 ], "texture": "#waterpipe" }
			}
		},
		{
			"__comment": "Voxels",
			"from": [ 6.5, 10, 13 ],
			"to": [ 9, 11.5, 13.5 ],
			"faces": {
				"down": { "uv": [ 10.5, 8.25, 11.125, 8.375 ], "texture": "#waterpipe" },
				"up": { "uv": [ 10.5, 8.25, 11.125, 8.125 ], "texture": "#waterpipe" },
				"south": { "uv": [ 8.125, 13.625, 8.75, 14 ], "texture": "#waterpipe" },
				"west": { "uv": [ 12.625, 8.125, 12.75, 8.5 ], "texture": "#waterpipe" },
				"east": { "uv": [ 12.875, 10.75, 12.75, 11.125 ], "texture": "#waterpipe" }
			}
		},
		{
			"__comment": "Voxels",
			"from": [ 6.5, 10.5, 5 ],
			"to": [ 9.5, 12.5, 5.5 ],
			"rotation": { "origin": [ 6, 10, 5.5 ], "axis": "x", "angle": -45 },
			"faces": {
				"down": { "uv": [ 15, 13.25, 15.75, 13.375 ], "texture": "#waterpipe" },
				"up": { "uv": [ 10.5, 13.25, 11.25, 13.125 ], "texture": "#waterpipe" },
				"north": { "uv": [ 6.5, 13, 5.75, 13.5 ], "texture": "#waterpipe" },
				"west": { "uv": [ 11.375, 8.25, 11.5, 8.75 ], "texture": "#waterpipe" },
				"east": { "uv": [ 11.625, 8.25, 11.5, 8.75 ], "texture": "#waterpipe" }
			}
		},
		{
			"__comment": "Voxels",
			"from": [ 6.5, 10.5, 6.5 ],
			"to": [ 9.5, 12.5, 7.5 ],
			"rotation": { "origin": [ 6, 10, 5.5 ], "axis": "x", "angle": -45 },
			"faces": {
				"down": { "uv": [ 14.75, 15.25, 15.5, 15.5 ], "texture": "#waterpipe" },
				"up": { "uv": [ 14, 15.5, 14.75, 15.25 ], "texture": "#waterpipe" },
				"north": { "uv": [ 6.5, 14, 5.75, 14.5 ], "texture": "#waterpipe" },
				"west": { "uv": [ 9.75, 12.25, 10, 12.75 ], "texture": "#waterpipe" },
				"east": { "uv": [ 10, 11.75, 9.75, 12.25 ], "texture": "#waterpipe" }
			}
		},
		{
			"__comment": "Voxels",
			"from": [ 6.5, 10.5, 9 ],
			"to": [ 9.5, 12.5, 9.5 ],
			"rotation": { "origin": [ 6, 10, 5.5 ], "axis": "x", "angle": -45 },
			"faces": {
				"down": { "uv": [ 11.25, 13.125, 12, 13.25 ], "texture": "#waterpipe" },
				"up": { "uv": [ 12, 13.25, 12.75, 13.125 ], "texture": "#waterpipe" },
				"west": { "uv": [ 11.625, 11.75, 11.75, 12.25 ], "texture": "#waterpipe" },
				"east": { "uv": [ 11.75, 11.25, 11.625, 11.75 ], "texture": "#waterpipe" }
			}
		},
		{
			"__comment": "Voxels",
			"from": [ 6.5, 11, 10 ],
			"to": [ 9.5, 11.5, 11 ],
			"faces": {
				"up": { "uv": [ 15.125, 15.75, 15.875, 15.5 ], "texture": "#waterpipe" },
				"west": { "uv": [ 15.5, 9.875, 15.75, 10 ], "texture": "#waterpipe" },
				"east": { "uv": [ 14.5, 9.75, 14.25, 9.875 ], "texture": "#waterpipe" }
			}
		},
		{
			"__comment": "Voxels",
			"from": [ 6.5, 11.5, 10 ],
			"to": [ 8.5, 12.5, 11 ],
			"faces": {
				"up": { "uv": [ 15, 13.75, 15.5, 13.5 ], "texture": "#waterpipe" },
				"north": { "uv": [ 16, 15.25, 15.5, 15.5 ], "texture": "#waterpipe" },
				"south": { "uv": [ 13, 14.375, 13.5, 14.625 ], "texture": "#waterpipe" },
				"west": { "uv": [ 12, 12, 12.25, 12.25 ], "texture": "#waterpipe" },
				"east": { "uv": [ 12.5, 12, 12.25, 12.25 ], "texture": "#waterpipe" }
			}
		},
		{
			"__comment": "Voxels",
			"from": [ 6.5, 12, 6 ],
			"to": [ 9.5, 13, 6.5 ],
			"rotation": { "origin": [ 6, 10, 5.5 ], "axis": "x", "angle": -45 },
			"faces": {
				"up": { "uv": [ 15, 13.25, 15.75, 13.125 ], "texture": "#waterpipe" },
				"south": { "uv": [ 12.125, 15.5, 12.875, 15.75 ], "texture": "#waterpipe" },
				"west": { "uv": [ 13.875, 9, 14, 9.25 ], "texture": "#waterpipe" },
				"east": { "uv": [ 14, 8.75, 13.875, 9 ], "texture": "#waterpipe" }
			}
		},
		{
			"__comment": "Voxels",
			"from": [ 6.5, 12, 9.5 ],
			"to": [ 9.5, 13, 10 ],
			"faces": {
				"down": { "uv": [ 10.5, 13, 11.25, 13.125 ], "texture": "#waterpipe" },
				"up": { "uv": [ 11.25, 13.125, 12, 13 ], "texture": "#waterpipe" },
				"north": { "uv": [ 15.875, 15.75, 15.125, 16 ], "texture": "#waterpipe" },
				"south": { "uv": [ 9.25, 14.625, 10, 14.875 ], "texture": "#waterpipe" },
				"west": { "uv": [ 13.875, 8.5, 14, 8.75 ], "texture": "#waterpipe" },
				"east": { "uv": [ 14, 8.25, 13.875, 8.5 ], "texture": "#waterpipe" }
			}
		},
		{
			"__comment": "Voxels",
			"from": [ 6.5, 12, 11 ],
			"to": [ 9.5, 13, 11.5 ],
			"faces": {
				"down": { "uv": [ 15, 13, 15.75, 13.125 ], "texture": "#waterpipe" },
				"up": { "uv": [ 10.5, 13, 11.25, 12.875 ], "texture": "#waterpipe" },
				"north": { "uv": [ 14.5, 15, 13.75, 15.25 ], "texture": "#waterpipe" },
				"south": { "uv": [ 13, 15, 13.75, 15.25 ], "texture": "#waterpipe" },
				"west": { "uv": [ 14, 9.25, 14.125, 9.5 ], "texture": "#waterpipe" },
				"east": { "uv": [ 14.125, 9, 14, 9.25 ], "texture": "#waterpipe" }
			}
		},
		{
			"__comment": "Voxels",
			"from": [ 6.5, 13, 5.5 ],
			"to": [ 9.5, 13.5, 6 ],
			"rotation": { "origin": [ 6, 10, 5.5 ], "axis": "x", "angle": -45 },
			"faces": {
				"up": { "uv": [ 11.25, 12.875, 12, 12.75 ], "texture": "#waterpipe" },
				"north": { "uv": [ 12.75, 12.75, 12, 12.875 ], "texture": "#waterpipe" },
				"south": { "uv": [ 12.75, 12.75, 13.5, 12.875 ], "texture": "#waterpipe" },
				"west": { "uv": [ 14.375, 8.625, 14.5, 8.75 ], "texture": "#waterpipe" },
				"east": { "uv": [ 14.375, 8.375, 14.25, 8.5 ], "texture": "#waterpipe" }
			}
		},
		{
			"__comment": "Voxels",
			"from": [ 6.5, 13, 8.5 ],
			"to": [ 9.5, 13.5, 9.5 ],
			"faces": {
				"down": { "uv": [ 12.5, 15.25, 13.25, 15.5 ], "texture": "#waterpipe" },
				"up": { "uv": [ 13.25, 15.5, 14, 15.25 ], "texture": "#waterpipe" },
				"north": { "uv": [ 14.25, 12.75, 13.5, 12.875 ], "texture": "#waterpipe" },
				"south": { "uv": [ 14.25, 12.75, 15, 12.875 ], "texture": "#waterpipe" },
				"west": { "uv": [ 14.25, 9.125, 14.5, 9.25 ], "texture": "#waterpipe" },
				"east": { "uv": [ 2.5, 8.5, 2.25, 8.625 ], "texture": "#waterpipe" }
			}
		},
		{
			"__comment": "Voxels",
			"from": [ 6.5, 13, 11.5 ],
			"to": [ 9.5, 13.5, 12.5 ],
			"faces": {
				"down": { "uv": [ 10, 14.625, 10.75, 14.875 ], "texture": "#waterpipe" },
				"up": { "uv": [ 9.25, 15.25, 10, 15 ], "texture": "#waterpipe" },
				"north": { "uv": [ 11.25, 12.25, 10.5, 12.375 ], "texture": "#waterpipe" },
				"south": { "uv": [ 10.5, 12.125, 11.25, 12.25 ], "texture": "#waterpipe" },
				"west": { "uv": [ 5.5, 11.75, 5.75, 11.875 ], "texture": "#waterpipe" },
				"east": { "uv": [ 5.75, 10.875, 5.5, 11 ], "texture": "#waterpipe" }
			}
		},
		{
			"__comment": "Voxels",
			"from": [ 7, 2.5, 22 ],
			"to": [ 9, 4, 22.5 ],
			"faces": {
				"down": { "uv": [ 15.125, 12.25, 15.625, 12.375 ], "texture": "#waterpipe" },
				"north": { "uv": [ 8.625, 11, 8.125, 11.375 ], "texture": "#waterpipe" },
				"south": { "uv": [ 11, 14.875, 11.5, 15.25 ], "texture": "#waterpipe" },
				"west": { "uv": [ 9.125, 8, 9.25, 8.375 ], "texture": "#waterpipe" },
				"east": { "uv": [ 12.625, 8, 12.5, 8.375 ], "texture": "#waterpipe" }
			}
		},
		{
			"__comment": "Voxels",
			"from": [ 7, 2.5, 22.5 ],
			"to": [ 9, 3.5, 25 ],
			"faces": {
				"down": { "uv": [ 6.625, 10.875, 7.125, 11.5 ], "texture": "#waterpipe" },
				"up": { "uv": [ 7.125, 11.5, 7.625, 10.875 ], "texture": "#waterpipe" },
				"south": { "uv": [ 14.75, 13.75, 15.25, 14 ], "texture": "#waterpipe" },
				"west": { "uv": [ 13.875, 14.625, 14.5, 14.875 ], "texture": "#waterpipe" },
				"east": { "uv": [ 15.125, 14.625, 14.5, 14.875 ], "texture": "#waterpipe" }
			}
		},
		{
			"__comment": "Voxels",
			"from": [ 7, 3, 20.5 ],
			"to": [ 9, 4, 22 ],
			"faces": {
				"down": { "uv": [ 11.5, 14.875, 12, 15.25 ], "texture": "#waterpipe" },
				"north": { "uv": [ 15.75, 13.75, 15.25, 14 ], "texture": "#waterpipe" },
				"west": { "uv": [ 10, 13, 10.375, 13.25 ], "texture": "#waterpipe" },
				"east": { "uv": [ 10.375, 12.75, 10, 13 ], "texture": "#waterpipe" }
			}
		},
		{
			"__comment": "Voxels",
			"from": [ 7, 3, 25 ],
			"to": [ 9, 4.5, 25.5 ],
			"faces": {
				"down": { "uv": [ 14.75, 12.125, 15.25, 12.25 ], "texture": "#waterpipe" },
				"north": { "uv": [ 15.5, 14.875, 15, 15.25 ], "texture": "#waterpipe" },
				"south": { "uv": [ 15.5, 14.875, 16, 15.25 ], "texture": "#waterpipe" },
				"west": { "uv": [ 12.625, 10.75, 12.75, 11.125 ], "texture": "#waterpipe" },
				"east": { "uv": [ 12.75, 10.375, 12.625, 10.75 ], "texture": "#waterpipe" }
			}
		},
		{
			"__comment": "Voxels",
			"from": [ 7, 3.5, 19.5 ],
			"to": [ 9, 4.5, 20.5 ],
			"faces": {
				"down": { "uv": [ 12.5, 13.5, 13, 13.75 ], "texture": "#waterpipe" },
				"north": { "uv": [ 14, 13.5, 13.5, 13.75 ], "texture": "#waterpipe" },
				"south": { "uv": [ 14, 13.5, 14.5, 13.75 ], "texture": "#waterpipe" },
				"west": { "uv": [ 15.75, 12, 16, 12.25 ], "texture": "#waterpipe" },
				"east": { "uv": [ 12, 11.75, 11.75, 12 ], "texture": "#waterpipe" }
			}
		},
		{
			"__comment": "Voxels",
			"from": [ 7, 3.5, 24.5 ],
			"to": [ 9, 4, 25 ],
			"faces": {
				"west": { "uv": [ 15.875, 10.375, 16, 10.5 ], "texture": "#waterpipe" },
				"east": { "uv": [ 15.375, 9.375, 15.25, 9.5 ], "texture": "#waterpipe" }
			}
		},
		{
			"__comment": "Voxels",
			"from": [ 7, 3.5, 25.5 ],
			"to": [ 9, 5, 26 ],
			"faces": {
				"down": { "uv": [ 15, 11.875, 15.5, 12 ], "texture": "#waterpipe" },
				"north": { "uv": [ 8.625, 8.375, 8.125, 8.75 ], "texture": "#waterpipe" },
				"south": { "uv": [ 10, 14.875, 10.5, 15.25 ], "texture": "#waterpipe" },
				"west": { "uv": [ 12.625, 9.625, 12.75, 10 ], "texture": "#waterpipe" },
				"east": { "uv": [ 12.75, 9.25, 12.625, 9.625 ], "texture": "#waterpipe" }
			}
		},
		{
			"__comment": "Voxels",
			"from": [ 7, 4, 19 ],
			"to": [ 9, 5, 19.5 ],
			"faces": {
				"down": { "uv": [ 12, 11.75, 12.5, 11.875 ], "texture": "#waterpipe" },
				"north": { "uv": [ 10.25, 14, 9.75, 14.25 ], "texture": "#waterpipe" },
				"south": { "uv": [ 15.5, 14.375, 16, 14.625 ], "texture": "#waterpipe" },
				"west": { "uv": [ 15.875, 15.75, 16, 16 ], "texture": "#waterpipe" },
				"east": { "uv": [ 16, 15.5, 15.875, 15.75 ], "texture": "#waterpipe" }
			}
		},
		{
			"__comment": "Voxels",
			"from": [ 7, 4.5, 18 ],
			"to": [ 8.5, 5.5, 19 ],
			"faces": {
				"down": { "uv": [ 10, 10.25, 10.375, 10.5 ], "texture": "#waterpipe" },
				"north": { "uv": [ 10.375, 9.75, 10, 10 ], "texture": "#waterpipe" },
				"south": { "uv": [ 10, 9.5, 10.375, 9.75 ], "texture": "#waterpipe" },
				"west": { "uv": [ 11.75, 10.5, 12, 10.75 ], "texture": "#waterpipe" },
				"east": { "uv": [ 12, 10.25, 11.75, 10.5 ], "texture": "#waterpipe" }
			}
		},
		{
			"__comment": "Voxels",
			"from": [ 7, 4.5, 26 ],
			"to": [ 9, 6, 26.5 ],
			"faces": {
				"down": { "uv": [ 13, 11.75, 13.5, 11.875 ], "texture": "#waterpipe" },
				"north": { "uv": [ 8.625, 9.875, 8.125, 10.25 ], "texture": "#waterpipe" },
				"south": { "uv": [ 8.125, 9.5, 8.625, 9.875 ], "texture": "#waterpipe" },
				"west": { "uv": [ 12.625, 8.5, 12.75, 8.875 ], "texture": "#waterpipe" },
				"east": { "uv": [ 12.875, 10.375, 12.75, 10.75 ], "texture": "#waterpipe" }
			}
		},
		{
			"__comment": "Voxels",
			"from": [ 7, 5, 17.5 ],
			"to": [ 8.5, 6.5, 18 ],
			"faces": {
				"down": { "uv": [ 14.625, 11.25, 15, 11.375 ], "texture": "#waterpipe" },
				"north": { "uv": [ 7.625, 13.375, 7.25, 13.75 ], "texture": "#waterpipe" },
				"south": { "uv": [ 7.25, 12.25, 7.625, 12.625 ], "texture": "#waterpipe" },
				"west": { "uv": [ 12.75, 10, 12.875, 10.375 ], "texture": "#waterpipe" },
				"east": { "uv": [ 8.75, 11, 8.625, 11.375 ], "texture": "#waterpipe" }
			}
		},
		{
			"__comment": "Voxels",
			"from": [ 7, 5.5, 17 ],
			"to": [ 9, 10.5, 17.5 ],
			"faces": {
				"down": { "uv": [ 14.5, 11.75, 15, 11.875 ], "texture": "#waterpipe" },
				"up": { "uv": [ 15, 11.875, 15.5, 11.75 ], "texture": "#waterpipe" },
				"north": { "uv": [ 3.5, 8.5, 3, 9.75 ], "texture": "#waterpipe" },
				"south": { "uv": [ 3.75, 14.125, 4.25, 15.375 ], "texture": "#waterpipe" },
				"west": { "uv": [ 8.75, 11.5, 8.875, 12.75 ], "texture": "#waterpipe" },
				"east": { "uv": [ 9, 11.5, 8.875, 12.75 ], "texture": "#waterpipe" }
			}
		},
		{
			"__comment": "Voxels",
			"from": [ 7, 5.5, 26.5 ],
			"to": [ 9, 6.5, 27 ],
			"faces": {
				"down": { "uv": [ 15.5, 11.75, 16, 11.875 ], "texture": "#waterpipe" },
				"north": { "uv": [ 12.25, 13.75, 11.75, 14 ], "texture": "#waterpipe" },
				"south": { "uv": [ 11.25, 13.75, 11.75, 14 ], "texture": "#waterpipe" },
				"west": { "uv": [ 10.375, 13, 10.5, 13.25 ], "texture": "#waterpipe" },
				"east": { "uv": [ 10.5, 12.75, 10.375, 13 ], "texture": "#waterpipe" }
			}
		},
		{
			"__comment": "Voxels",
			"from": [ 7, 6, 16.5 ],
			"to": [ 9, 10.5, 17 ],
			"faces": {
				"down": { "uv": [ 12.5, 11.625, 13, 11.75 ], "texture": "#waterpipe" },
				"up": { "uv": [ 13, 11.75, 13.5, 11.625 ], "texture": "#waterpipe" },
				"north": { "uv": [ 4.25, 10.125, 3.75, 11.25 ], "texture": "#waterpipe" },
				"west": { "uv": [ 9.5, 12.5, 9.625, 13.625 ], "texture": "#waterpipe" },
				"east": { "uv": [ 9.5, 12.5, 9.375, 13.625 ], "texture": "#waterpipe" }
			}
		},
		{
			"__comment": "Voxels",
			"from": [ 7, 6.5, 16 ],
			"to": [ 9, 10.5, 16.5 ],
			"faces": {
				"down": { "uv": [ 13.5, 11.625, 14, 11.75 ], "texture": "#waterpipe" },
				"up": { "uv": [ 14, 11.75, 14.5, 11.625 ], "texture": "#waterpipe" },
				"north": { "uv": [ 4.75, 8.125, 4.25, 9.125 ], "texture": "#waterpipe" },
				"west": { "uv": [ 9.5, 9.625, 9.625, 10.625 ], "texture": "#waterpipe" },
				"east": { "uv": [ 9.5, 9.625, 9.375, 10.625 ], "texture": "#waterpipe" }
			}
		},
		{
			"__comment": "Voxels",
			"from": [ 7, 6.5, 27 ],
			"to": [ 9, 7, 27.5 ],
			"faces": {
				"down": { "uv": [ 14.5, 11.625, 15, 11.75 ], "texture": "#waterpipe" },
				"south": { "uv": [ 12, 11.5, 12.5, 11.625 ], "texture": "#waterpipe" },
				"west": { "uv": [ 15.375, 9.375, 15.5, 9.5 ], "texture": "#waterpipe" },
				"east": { "uv": [ 15.625, 9.375, 15.5, 9.5 ], "texture": "#waterpipe" }
			}
		},
		{
			"__comment": "Voxels",
			"from": [ 7, 7, 15.5 ],
			"to": [ 9, 10, 16 ],
			"faces": {
				"down": { "uv": [ 13, 11.5, 13.5, 11.625 ], "texture": "#waterpipe" },
				"up": { "uv": [ 13.5, 11.625, 14, 11.5 ], "texture": "#waterpipe" },
				"north": { "uv": [ 5.5, 10.125, 5, 10.875 ], "texture": "#waterpipe" },
				"west": { "uv": [ 10, 10.5, 10.125, 11.25 ], "texture": "#waterpipe" },
				"east": { "uv": [ 10.25, 10.5, 10.125, 11.25 ], "texture": "#waterpipe" }
			}
		},
		{
			"__comment": "Voxels",
			"from": [ 7, 7, 27.5 ],
			"to": [ 9, 7.5, 28 ],
			"faces": {
				"down": { "uv": [ 14, 11.5, 14.5, 11.625 ], "texture": "#waterpipe" },
				"south": { "uv": [ 15.5, 11.5, 16, 11.625 ], "texture": "#waterpipe" },
				"west": { "uv": [ 15.625, 9.375, 15.75, 9.5 ], "texture": "#waterpipe" },
				"east": { "uv": [ 15.875, 9.375, 15.75, 9.5 ], "texture": "#waterpipe" }
			}
		},
		{
			"__comment": "Voxels",
			"from": [ 7, 7.5, 15 ],
			"to": [ 9, 10, 15.5 ],
			"faces": {
				"down": { "uv": [ 14.125, 12.375, 14.625, 12.5 ], "texture": "#waterpipe" },
				"up": { "uv": [ 13.625, 12.5, 14.125, 12.375 ], "texture": "#waterpipe" },
				"north": { "uv": [ 7.625, 11.5, 7.125, 12.125 ], "texture": "#waterpipe" },
				"west": { "uv": [ 10.875, 9.625, 11, 10.25 ], "texture": "#waterpipe" },
				"east": { "uv": [ 11.125, 9.625, 11, 10.25 ], "texture": "#waterpipe" }
			}
		},
		{
			"__comment": "Voxels",
			"from": [ 7, 7.5, 28 ],
			"to": [ 9, 8, 28.5 ],
			"faces": {
				"down": { "uv": [ 13.125, 12.375, 13.625, 12.5 ], "texture": "#waterpipe" },
				"south": { "uv": [ 11.625, 12.375, 12.125, 12.5 ], "texture": "#waterpipe" },
				"west": { "uv": [ 14.625, 9, 14.75, 9.125 ], "texture": "#waterpipe" },
				"east": { "uv": [ 14.75, 9.125, 14.625, 9.25 ], "texture": "#waterpipe" }
			}
		},
		{
			"__comment": "Voxels",
			"from": [ 7, 8, 14 ],
			"to": [ 9, 10, 15 ],
			"faces": {
				"down": { "uv": [ 13.5, 14.375, 14, 14.625 ], "texture": "#waterpipe" },
				"up": { "uv": [ 10.5, 13.75, 11, 13.5 ], "texture": "#waterpipe" },
				"north": { "uv": [ 8.125, 15.25, 7.625, 15.75 ], "texture": "#waterpipe" },
				"west": { "uv": [ 9.375, 9.125, 9.625, 9.625 ], "texture": "#waterpipe" },
				"east": { "uv": [ 9.25, 9.75, 9, 10.25 ], "texture": "#waterpipe" }
			}
		},
		{
			"__comment": "Voxels",
			"from": [ 7, 8, 17.5 ],
			"to": [ 9, 10, 18 ],
			"faces": {
				"up": { "uv": [ 14.875, 12.625, 15.375, 12.5 ], "texture": "#waterpipe" },
				"south": { "uv": [ 7.625, 13.25, 8.125, 13.75 ], "texture": "#waterpipe" },
				"west": { "uv": [ 9.625, 8.625, 9.75, 9.125 ], "texture": "#waterpipe" },
				"east": { "uv": [ 9.75, 9.125, 9.625, 9.625 ], "texture": "#waterpipe" }
			}
		},
		{
			"__comment": "Voxels",
			"from": [ 7, 8.5, 13.5 ],
			"to": [ 9, 10, 14 ],
			"faces": {
				"down": { "uv": [ 14.375, 12.5, 14.875, 12.625 ], "texture": "#waterpipe" },
				"up": { "uv": [ 13.875, 12.625, 14.375, 12.5 ], "texture": "#waterpipe" },
				"north": { "uv": [ 8.625, 11.375, 8.125, 11.75 ], "texture": "#waterpipe" },
				"west": { "uv": [ 12.875, 8.375, 13, 8.75 ], "texture": "#waterpipe" },
				"east": { "uv": [ 13, 8.75, 12.875, 9.125 ], "texture": "#waterpipe" }
			}
		},
		{
			"__comment": "Voxels",
			"from": [ 7, 8.5, 18 ],
			"to": [ 9, 10, 18.5 ],
			"faces": {
				"up": { "uv": [ 12.875, 12.625, 13.375, 12.5 ], "texture": "#waterpipe" },
				"south": { "uv": [ 7.625, 8, 8.125, 8.375 ], "texture": "#waterpipe" },
				"west": { "uv": [ 12.875, 9.125, 13, 9.5 ], "texture": "#waterpipe" },
				"east": { "uv": [ 13, 9.5, 12.875, 9.875 ], "texture": "#waterpipe" }
			}
		},
		{
			"__comment": "Voxels",
			"from": [ 7, 8.5, 28.5 ],
			"to": [ 9, 10, 29 ],
			"faces": {
				"down": { "uv": [ 12.375, 12.5, 12.875, 12.625 ], "texture": "#waterpipe" },
				"up": { "uv": [ 15.5, 12.75, 16, 12.625 ], "texture": "#waterpipe" },
				"north": { "uv": [ 13, 14.875, 12.5, 15.25 ], "texture": "#waterpipe" },
				"south": { "uv": [ 8.125, 8, 8.625, 8.375 ], "texture": "#waterpipe" },
				"west": { "uv": [ 12.875, 10.625, 13, 11 ], "texture": "#waterpipe" },
				"east": { "uv": [ 12.875, 8.125, 12.75, 8.5 ], "texture": "#waterpipe" }
			}
		},
		{
			"__comment": "Voxels",
			"from": [ 7, 9, 8 ],
			"to": [ 9, 10.5, 8.5 ],
			"faces": {
				"down": { "uv": [ 12.5, 11.5, 13, 11.625 ], "texture": "#waterpipe" },
				"north": { "uv": [ 8.625, 8.75, 8.125, 9.125 ], "texture": "#waterpipe" },
				"south": { "uv": [ 8.75, 14.875, 9.25, 15.25 ], "texture": "#waterpipe" },
				"west": { "uv": [ 12.75, 8.5, 12.875, 8.875 ], "texture": "#waterpipe" },
				"east": { "uv": [ 12.875, 8.875, 12.75, 9.25 ], "texture": "#waterpipe" }
			}
		},
		{
			"__comment": "Voxels",
			"from": [ 7, 9, 8.5 ],
			"to": [ 9, 9.5, 13.5 ],
			"faces": {
				"down": { "uv": [ 2.5, 8.5, 3, 9.75 ], "texture": "#waterpipe" },
				"up": { "uv": [ 3, 11, 3.5, 9.75 ], "texture": "#waterpipe" },
				"west": { "uv": [ 9.875, 14.5, 11.125, 14.625 ], "texture": "#waterpipe" },
				"east": { "uv": [ 11.125, 14.375, 9.875, 14.5 ], "texture": "#waterpipe" }
			}
		},
		{
			"__comment": "Voxels",
			"from": [ 7, 9.5, -6 ],
			"to": [ 9, 12, -4.5 ],
			"rotation": { "origin": [ 6, 10, 5.5 ], "axis": "x", "angle": -45 },
			"faces": {
				"down": { "uv": [ 8.125, 10.25, 8.625, 10.625 ], "texture": "#waterpipe" },
				"up": { "uv": [ 8.125, 11, 8.625, 10.625 ], "texture": "#waterpipe" },
				"north": { "uv": [ 6.25, 9.375, 5.75, 10 ], "texture": "#waterpipe" },
				"south": { "uv": [ 5.75, 10, 6.25, 10.625 ], "texture": "#waterpipe" },
				"west": { "uv": [ 6.25, 12.375, 6.625, 13 ], "texture": "#waterpipe" },
				"east": { "uv": [ 6.625, 10, 6.25, 10.625 ], "texture": "#waterpipe" }
			}
		},
		{
			"__comment": "Voxels",
			"from": [ 7, 9.5, -1 ],
			"to": [ 9, 12, 4 ],
			"rotation": { "origin": [ 6, 10, 5.5 ], "axis": "x", "angle": -45 },
			"faces": {
				"down": { "uv": [ 4.25, 14.125, 4.75, 15.375 ], "texture": "#waterpipe" },
				"up": { "uv": [ 2.5, 11, 3, 9.75 ], "texture": "#waterpipe" },
				"north": { "uv": [ 7.125, 12.625, 6.625, 13.25 ], "texture": "#waterpipe" },
				"south": { "uv": [ 7.125, 12.625, 7.625, 13.25 ], "texture": "#waterpipe" },
				"west": { "uv": [ 2.5, 14.75, 3.75, 15.375 ], "texture": "#waterpipe" },
				"east": { "uv": [ 3.75, 15.375, 2.5, 16 ], "texture": "#waterpipe" }
			}
		},
		{
			"__comment": "Voxels",
			"from": [ 7, 9.5, 4 ],
			"to": [ 8.5, 12, 4.5 ],
			"rotation": { "origin": [ 6, 10, 5.5 ], "axis": "x", "angle": -45 },
			"faces": {
				"down": { "uv": [ 15, 11.125, 15.375, 11.25 ], "texture": "#waterpipe" },
				"up": { "uv": [ 15.625, 12.5, 16, 12.375 ], "texture": "#waterpipe" },
				"south": { "uv": [ 7.625, 8.375, 8, 9 ], "texture": "#waterpipe" },
				"west": { "uv": [ 11.25, 10.125, 11.375, 10.75 ], "texture": "#waterpipe" },
				"east": { "uv": [ 11.375, 9.5, 11.25, 10.125 ], "texture": "#waterpipe" }
			}
		},
		{
			"__comment": "Voxels",
			"from": [ 7, 9.5, 6 ],
			"to": [ 9, 10, 6.5 ],
			"rotation": { "origin": [ 6, 10, 5.5 ], "axis": "x", "angle": -45 },
			"faces": {
				"down": { "uv": [ 13.125, 12.25, 13.625, 12.375 ], "texture": "#waterpipe" },
				"south": { "uv": [ 12.125, 12.25, 12.625, 12.375 ], "texture": "#waterpipe" },
				"west": { "uv": [ 15.375, 8.75, 15.5, 8.875 ], "texture": "#waterpipe" },
				"east": { "uv": [ 15.375, 8.75, 15.25, 8.875 ], "texture": "#waterpipe" }
			}
		},
		{
			"__comment": "Voxels",
			"from": [ 7, 9.5, 6.5 ],
			"to": [ 7.5, 10.5, 7.5 ],
			"rotation": { "origin": [ 6, 10, 5.5 ], "axis": "x", "angle": -45 },
			"faces": {
				"down": { "uv": [ 13.75, 8.375, 13.875, 8.625 ], "texture": "#waterpipe" },
				"north": { "uv": [ 13.875, 8.875, 13.75, 9.125 ], "texture": "#waterpipe" },
				"south": { "uv": [ 13.75, 9.125, 13.875, 9.375 ], "texture": "#waterpipe" },
				"west": { "uv": [ 11.375, 8.75, 11.625, 9 ], "texture": "#waterpipe" },
				"east": { "uv": [ 11.625, 9, 11.375, 9.25 ], "texture": "#waterpipe" }
			}
		},
		{
			"__comment": "Voxels",
			"from": [ 7, 9.5, 7.5 ],
			"to": [ 7.5, 10, 9 ],
			"rotation": { "origin": [ 6, 10, 5.5 ], "axis": "x", "angle": -45 },
			"faces": {
				"down": { "uv": [ 12.875, 9.875, 13, 10.25 ], "texture": "#waterpipe" },
				"west": { "uv": [ 14.25, 11.125, 14.625, 11.25 ], "texture": "#waterpipe" },
				"east": { "uv": [ 7.625, 12.125, 7.25, 12.25 ], "texture": "#waterpipe" }
			}
		},
		{
			"__comment": "Voxels",
			"from": [ 7, 9.5, 9.5 ],
			"to": [ 9, 10, 11 ],
			"faces": {
				"west": { "uv": [ 15, 11.25, 15.375, 11.375 ], "texture": "#waterpipe" },
				"east": { "uv": [ 16, 12.25, 15.625, 12.375 ], "texture": "#waterpipe" }
			}
		},
		{
			"__comment": "Voxels",
			"from": [ 7, 9.5, 12.5 ],
			"to": [ 9, 10, 13.5 ],
			"faces": {
				"up": { "uv": [ 10, 13.5, 10.5, 13.25 ], "texture": "#waterpipe" },
				"west": { "uv": [ 13.125, 9.25, 13.375, 9.375 ], "texture": "#waterpipe" },
				"east": { "uv": [ 13.375, 9.375, 13.125, 9.5 ], "texture": "#waterpipe" }
			}
		},
		{
			"__comment": "Voxels",
			"from": [ 7, 9.5, 18.5 ],
			"to": [ 9, 10, 28.5 ],
			"faces": {
				"down": { "uv": [ 0, 13.5, 0.5, 16 ], "texture": "#waterpipe" },
				"up": { "uv": [ 0, 13.5, 0.5, 11 ], "texture": "#waterpipe" },
				"west": { "uv": [ 10.375, 15.75, 12.875, 15.875 ], "texture": "#waterpipe" },
				"east": { "uv": [ 12.875, 15.875, 10.375, 16 ], "texture": "#waterpipe" }
			}
		},
		{
			"__comment": "Voxels",
			"from": [ 7, 10, -6.5 ],
			"to": [ 9, 12, -6 ],
			"rotation": { "origin": [ 6, 10, 5.5 ], "axis": "x", "angle": -45 },
			"faces": {
				"down": { "uv": [ 4.25, 8, 4.75, 8.125 ], "texture": "#waterpipe" },
				"up": { "uv": [ 3.75, 8.125, 4.25, 8 ], "texture": "#waterpipe" },
				"north": { "uv": [ 8.125, 11.25, 7.625, 11.75 ], "texture": "#waterpipe" },
				"west": { "uv": [ 12.5, 9.875, 12.625, 10.375 ], "texture": "#waterpipe" },
				"east": { "uv": [ 12.625, 10.375, 12.5, 10.875 ], "texture": "#waterpipe" }
			}
		},
		{
			"__comment": "Voxels",
			"from": [ 7, 10, -4.5 ],
			"to": [ 9, 12, -1 ],
			"rotation": { "origin": [ 6, 10, 5.5 ], "axis": "x", "angle": -45 },
			"faces": {
				"down": { "uv": [ 3.25, 11, 3.75, 11.875 ], "texture": "#waterpipe" },
				"up": { "uv": [ 5, 13.5, 5.5, 12.625 ], "texture": "#waterpipe" },
				"west": { "uv": [ 5.75, 15.5, 6.625, 16 ], "texture": "#waterpipe" },
				"east": { "uv": [ 6.625, 15, 5.75, 15.5 ], "texture": "#waterpipe" }
			}
		},
		{
			"__comment": "Voxels",
			"from": [ 7, 10, 4.5 ],
			"to": [ 9, 12, 5 ],
			"rotation": { "origin": [ 6, 10, 5.5 ], "axis": "x", "angle": -45 },
			"faces": {
				"down": { "uv": [ 12.5, 11.375, 13, 11.5 ], "texture": "#waterpipe" },
				"up": { "uv": [ 12, 8.125, 12.5, 8 ], "texture": "#waterpipe" },
				"north": { "uv": [ 8.125, 10.25, 7.625, 10.75 ], "texture": "#waterpipe" },
				"south": { "uv": [ 7.625, 10.75, 8.125, 11.25 ], "texture": "#waterpipe" },
				"west": { "uv": [ 12.375, 9.5, 12.5, 10 ], "texture": "#waterpipe" },
				"east": { "uv": [ 12.375, 9.5, 12.25, 10 ], "texture": "#waterpipe" }
			}
		},
		{
			"__comment": "Voxels",
			"from": [ 7, 10, 5 ],
			"to": [ 9, 10.5, 5.5 ],
			"rotation": { "origin": [ 6, 10, 5.5 ], "axis": "x", "angle": -45 },
			"faces": {
				"down": { "uv": [ 12, 9, 12.5, 9.125 ], "texture": "#waterpipe" },
				"west": { "uv": [ 14.5, 9.25, 14.625, 9.375 ], "texture": "#waterpipe" },
				"east": { "uv": [ 16, 9.375, 15.875, 9.5 ], "texture": "#waterpipe" }
			}
		},
		{
			"__comment": "Voxels",
			"from": [ 7, 10, 13.5 ],
			"to": [ 8, 12.5, 14 ],
			"faces": {
				"up": { "uv": [ 15.5, 9.875, 15.75, 9.75 ], "texture": "#waterpipe" },
				"north": { "uv": [ 9, 9.625, 8.75, 10.25 ], "texture": "#waterpipe" },
				"south": { "uv": [ 5.5, 8.25, 5.75, 8.875 ], "texture": "#waterpipe" },
				"west": { "uv": [ 11.25, 11.375, 11.375, 12 ], "texture": "#waterpipe" },
				"east": { "uv": [ 11.375, 10.75, 11.25, 11.375 ], "texture": "#waterpipe" }
			}
		},
		{
			"__comment": "Voxels",
			"from": [ 7, 10, 14 ],
			"to": [ 8, 12, 15 ],
			"faces": {
				"up": { "uv": [ 11.75, 11.5, 12, 11.25 ], "texture": "#waterpipe" },
				"south": { "uv": [ 9.375, 8.625, 9.625, 9.125 ], "texture": "#waterpipe" },
				"west": { "uv": [ 6.375, 8.375, 6.625, 8.875 ], "texture": "#waterpipe" },
				"east": { "uv": [ 6.625, 8.875, 6.375, 9.375 ], "texture": "#waterpipe" }
			}
		},
		{
			"__comment": "Voxels",
			"from": [ 7, 10, 15 ],
			"to": [ 8, 11.5, 15.5 ],
			"faces": {
				"up": { "uv": [ 5.5, 9, 5.75, 8.875 ], "texture": "#waterpipe" },
				"south": { "uv": [ 10.25, 8, 10.5, 8.375 ], "texture": "#waterpipe" },
				"west": { "uv": [ 8.625, 10.625, 8.75, 11 ], "texture": "#waterpipe" },
				"east": { "uv": [ 8.75, 10.25, 8.625, 10.625 ], "texture": "#waterpipe" }
			}
		},
		{
			"__comment": "Voxels",
			"from": [ 7, 10, 15.5 ],
			"to": [ 8, 11, 16 ],
			"faces": {
				"up": { "uv": [ 15.75, 11.25, 16, 11.125 ], "texture": "#waterpipe" },
				"south": { "uv": [ 15.75, 14.625, 16, 14.875 ], "texture": "#waterpipe" },
				"west": { "uv": [ 10.375, 9.75, 10.5, 10 ], "texture": "#waterpipe" },
				"east": { "uv": [ 10.5, 9.5, 10.375, 9.75 ], "texture": "#waterpipe" }
			}
		},
		{
			"__comment": "Voxels",
			"from": [ 7, 10.5001, -12 ],
			"to": [ 9, 11.0001, -11.5 ],
			"rotation": { "origin": [ 6, 10, 5.5 ], "axis": "x", "angle": -45 },
			"faces": {
				"down": { "uv": [ 13.625, 12.25, 14.125, 12.375 ], "texture": "#waterpipe" },
				"up": { "uv": [ 14.125, 12.375, 14.625, 12.25 ], "texture": "#waterpipe" },
				"north": { "uv": [ 12.5, 8.5, 12, 8.625 ], "texture": "#waterpipe" },
				"south": { "uv": [ 12, 8.375, 12.5, 8.5 ], "texture": "#waterpipe" },
				"west": { "uv": [ 11.125, 8.375, 11.25, 8.5 ], "texture": "#waterpipe" },
				"east": { "uv": [ 16, 10.5, 15.875, 10.625 ], "texture": "#waterpipe" }
			}
		},
		{
			"__comment": "Voxels",
			"from": [ 7, 10.5001, -10 ],
			"to": [ 9, 12.0001, -6.5 ],
			"rotation": { "origin": [ 6, 10, 5.5 ], "axis": "x", "angle": -45 },
			"faces": {
				"down": { "uv": [ 5, 10.875, 5.5, 11.75 ], "texture": "#waterpipe" },
				"up": { "uv": [ 5, 12.625, 5.5, 11.75 ], "texture": "#waterpipe" },
				"north": { "uv": [ 8.625, 9.125, 8.125, 9.5 ], "texture": "#waterpipe" },
				"west": { "uv": [ 5.75, 10.625, 6.625, 11 ], "texture": "#waterpipe" },
				"east": { "uv": [ 6.625, 11, 5.75, 11.375 ], "texture": "#waterpipe" }
			}
		},
		{
			"__comment": "Voxels",
			"from": [ 7, 11.0001, -12 ],
			"to": [ 7.5, 12.0001, -10 ],
			"rotation": { "origin": [ 6, 10, 5.5 ], "axis": "x", "angle": -45 },
			"faces": {
				"down": { "uv": [ 11.625, 8.75, 11.75, 9.25 ], "texture": "#waterpipe" },
				"up": { "uv": [ 11.625, 8.75, 11.75, 8.25 ], "texture": "#waterpipe" },
				"north": { "uv": [ 14.125, 8.25, 14, 8.5 ], "texture": "#waterpipe" },
				"west": { "uv": [ 13.25, 14, 13.75, 14.25 ], "texture": "#waterpipe" },
				"east": { "uv": [ 14.25, 14, 13.75, 14.25 ], "texture": "#waterpipe" }
			}
		},
		{
			"__comment": "Voxels",
			"from": [ 7, 11.5, 13 ],
			"to": [ 9, 13, 13.5 ],
			"faces": {
				"up": { "uv": [ 12, 11.375, 12.5, 11.25 ], "texture": "#waterpipe" },
				"north": { "uv": [ 8.625, 11.75, 8.125, 12.125 ], "texture": "#waterpipe" },
				"south": { "uv": [ 8.125, 12.125, 8.625, 12.5 ], "texture": "#waterpipe" },
				"west": { "uv": [ 8.625, 8, 8.75, 8.375 ], "texture": "#waterpipe" },
				"east": { "uv": [ 12.75, 10, 12.625, 10.375 ], "texture": "#waterpipe" }
			}
		},
		{
			"__comment": "Voxels",
			"from": [ 7, 12.0001, -11 ],
			"to": [ 9, 12.5001, -10.5 ],
			"rotation": { "origin": [ 6, 10, 5.5 ], "axis": "x", "angle": -45 },
			"faces": {
				"down": { "uv": [ 12, 11.125, 12.5, 11.25 ], "texture": "#waterpipe" },
				"up": { "uv": [ 12, 11.125, 12.5, 11 ], "texture": "#waterpipe" },
				"north": { "uv": [ 12.5, 10.875, 12, 11 ], "texture": "#waterpipe" },
				"south": { "uv": [ 12, 10.75, 12.5, 10.875 ], "texture": "#waterpipe" },
				"west": { "uv": [ 14.5, 8.625, 14.625, 8.75 ], "texture": "#waterpipe" },
				"east": { "uv": [ 14.625, 8.5, 14.5, 8.625 ], "texture": "#waterpipe" }
			}
		},
		{
			"__comment": "Voxels",
			"from": [ 7, 12.0001, -5 ],
			"to": [ 9, 13.0001, -4.5 ],
			"rotation": { "origin": [ 6, 10, 5.5 ], "axis": "x", "angle": -45 },
			"faces": {
				"up": { "uv": [ 12, 10.375, 12.5, 10.25 ], "texture": "#waterpipe" },
				"north": { "uv": [ 15.75, 14, 15.25, 14.25 ], "texture": "#waterpipe" },
				"south": { "uv": [ 9.75, 13.75, 10.25, 14 ], "texture": "#waterpipe" },
				"west": { "uv": [ 10.375, 12.5, 10.5, 12.75 ], "texture": "#waterpipe" },
				"east": { "uv": [ 10.5, 12.25, 10.375, 12.5 ], "texture": "#waterpipe" }
			}
		},
		{
			"__comment": "Voxels",
			"from": [ 7, 12, -0.5 ],
			"to": [ 9, 13, 0 ],
			"rotation": { "origin": [ 6, 10, 5.5 ], "axis": "x", "angle": -45 },
			"faces": {
				"up": { "uv": [ 12, 9.375, 12.5, 9.25 ], "texture": "#waterpipe" },
				"north": { "uv": [ 12, 13.5, 11.5, 13.75 ], "texture": "#waterpipe" },
				"south": { "uv": [ 12, 13.5, 12.5, 13.75 ], "texture": "#waterpipe" },
				"west": { "uv": [ 10.375, 12, 10.5, 12.25 ], "texture": "#waterpipe" },
				"east": { "uv": [ 10.5, 11.75, 10.375, 12 ], "texture": "#waterpipe" }
			}
		},
		{
			"__comment": "Voxels",
			"from": [ 7, 12, 3 ],
			"to": [ 9, 13, 3.5 ],
			"rotation": { "origin": [ 6, 10, 5.5 ], "axis": "x", "angle": -45 },
			"faces": {
				"up": { "uv": [ 12, 8.75, 12.5, 8.625 ], "texture": "#waterpipe" },
				"north": { "uv": [ 10.75, 13.75, 10.25, 14 ], "texture": "#waterpipe" },
				"south": { "uv": [ 10.75, 13.75, 11.25, 14 ], "texture": "#waterpipe" },
				"west": { "uv": [ 10.375, 11.5, 10.5, 11.75 ], "texture": "#waterpipe" },
				"east": { "uv": [ 10.5, 11.25, 10.375, 11.5 ], "texture": "#waterpipe" }
			}
		},
		{
			"__comment": "Voxels",
			"from": [ 7, 12, 12.5 ],
			"to": [ 9, 13, 13 ],
			"faces": {
				"up": { "uv": [ 12, 8.25, 12.5, 8.125 ], "texture": "#waterpipe" },
				"north": { "uv": [ 13.75, 13.75, 13.25, 14 ], "texture": "#waterpipe" },
				"west": { "uv": [ 10.375, 10.25, 10.5, 10.5 ], "texture": "#waterpipe" },
				"east": { "uv": [ 10.5, 10, 10.375, 10.25 ], "texture": "#waterpipe" }
			}
		},
		{
			"__comment": "Voxels",
			"from": [ 7, 12.5, 5 ],
			"to": [ 9, 13, 5.5 ],
			"rotation": { "origin": [ 6, 10, 5.5 ], "axis": "x", "angle": -45 },
			"faces": {
				"up": { "uv": [ 14, 11.5, 14.5, 11.375 ], "texture": "#waterpipe" },
				"north": { "uv": [ 15, 11.375, 14.5, 11.5 ], "texture": "#waterpipe" },
				"west": { "uv": [ 14.5, 8.375, 14.625, 8.5 ], "texture": "#waterpipe" },
				"east": { "uv": [ 14.625, 8.25, 14.5, 8.375 ], "texture": "#waterpipe" }
			}
		},
		{
			"__comment": "Voxels",
			"from": [ 7, 12.5, 6.5 ],
			"to": [ 9, 13, 9.5 ],
			"rotation": { "origin": [ 6, 10, 5.5 ], "axis": "x", "angle": -45 },
			"faces": {
				"down": { "uv": [ 5, 8.875, 5.5, 9.625 ], "texture": "#waterpipe" },
				"up": { "uv": [ 5, 8.875, 5.5, 8.125 ], "texture": "#waterpipe" },
				"west": { "uv": [ 10.5, 11, 11.25, 11.125 ], "texture": "#waterpipe" },
				"east": { "uv": [ 11.25, 10.875, 10.5, 11 ], "texture": "#waterpipe" }
			}
		},
		{
			"__comment": "Voxels",
			"from": [ 7, 12.5, 9 ],
			"to": [ 10, 13, 9.5 ],
			"faces": {
				"down": { "uv": [ 10.5, 13.25, 11.25, 13.375 ], "texture": "#waterpipe" },
				"up": { "uv": [ 11.25, 13.375, 12, 13.25 ], "texture": "#waterpipe" },
				"south": { "uv": [ 12.75, 13.25, 13.5, 13.375 ], "texture": "#waterpipe" },
				"east": { "uv": [ 14.625, 8, 14.5, 8.125 ], "texture": "#waterpipe" }
			}
		},
		{
			"__comment": "Voxels",
			"from": [ 7, 12.5, 10 ],
			"to": [ 9, 13, 11 ],
			"faces": {
				"down": { "uv": [ 11, 13.5, 11.5, 13.75 ], "texture": "#waterpipe" },
				"up": { "uv": [ 14, 14.625, 14.5, 14.375 ], "texture": "#waterpipe" },
				"west": { "uv": [ 15.75, 10.875, 16, 11 ], "texture": "#waterpipe" },
				"east": { "uv": [ 13.375, 10.75, 13.125, 10.875 ], "texture": "#waterpipe" }
			}
		},
		{
			"__comment": "Voxels",
			"from": [ 7, 12.5, 11.5 ],
			"to": [ 10, 13, 12.5 ],
			"faces": {
				"down": { "uv": [ 11.375, 15.5, 12.125, 15.75 ], "texture": "#waterpipe" },
				"up": { "uv": [ 9.125, 15.75, 9.875, 15.5 ], "texture": "#waterpipe" },
				"north": { "uv": [ 14.25, 13.25, 13.5, 13.375 ], "texture": "#waterpipe" },
				"south": { "uv": [ 14.25, 13.25, 15, 13.375 ], "texture": "#waterpipe" },
				"east": { "uv": [ 13.875, 10.75, 13.625, 10.875 ], "texture": "#waterpipe" }
			}
		},
		{
			"__comment": "Voxels",
			"from": [ 7.5, 2.5, 25 ],
			"to": [ 8.5, 3, 25.5 ],
			"faces": {
				"down": { "uv": [ 13.875, 10.75, 14.125, 10.875 ], "texture": "#waterpipe" },
				"south": { "uv": [ 14.625, 10.75, 14.875, 10.875 ], "texture": "#waterpipe" },
				"west": { "uv": [ 14.625, 9.25, 14.75, 9.375 ], "texture": "#waterpipe" },
				"east": { "uv": [ 15.125, 9.25, 15, 9.375 ], "texture": "#waterpipe" }
			}
		},
		{
			"__comment": "Voxels",
			"from": [ 7.5, 4, 18.5 ],
			"to": [ 8.5, 4.5, 19 ],
			"faces": {
				"down": { "uv": [ 15.125, 10.75, 15.375, 10.875 ], "texture": "#waterpipe" },
				"north": { "uv": [ 13.375, 8.25, 13.125, 8.375 ], "texture": "#waterpipe" },
				"west": { "uv": [ 15.375, 9.25, 15.5, 9.375 ], "texture": "#waterpipe" },
				"east": { "uv": [ 15.875, 9.25, 15.75, 9.375 ], "texture": "#waterpipe" }
			}
		},
		{
			"__comment": "Voxels",
			"from": [ 7.5, 5, 17 ],
			"to": [ 8.5, 5.5, 17.5 ],
			"faces": {
				"down": { "uv": [ 13.125, 10.625, 13.375, 10.75 ], "texture": "#waterpipe" },
				"north": { "uv": [ 13.875, 10.625, 13.625, 10.75 ], "texture": "#waterpipe" },
				"west": { "uv": [ 14.625, 8.75, 14.75, 8.875 ], "texture": "#waterpipe" },
				"east": { "uv": [ 14.75, 8.625, 14.625, 8.75 ], "texture": "#waterpipe" }
			}
		},
		{
			"__comment": "Voxels",
			"from": [ 7.5, 5.5, 16.5 ],
			"to": [ 8.5, 6, 17 ],
			"faces": {
				"down": { "uv": [ 14.625, 10.625, 14.875, 10.75 ], "texture": "#waterpipe" },
				"north": { "uv": [ 15.375, 10.625, 15.125, 10.75 ], "texture": "#waterpipe" },
				"west": { "uv": [ 14.625, 8.375, 14.75, 8.5 ], "texture": "#waterpipe" },
				"east": { "uv": [ 14.75, 8.25, 14.625, 8.375 ], "texture": "#waterpipe" }
			}
		},
		{
			"__comment": "Voxels",
			"from": [ 7.5, 6, 16 ],
			"to": [ 8.5, 6.5, 16.5 ],
			"faces": {
				"down": { "uv": [ 13.125, 10.375, 13.375, 10.5 ], "texture": "#waterpipe" },
				"north": { "uv": [ 13.375, 10.125, 13.125, 10.25 ], "texture": "#waterpipe" },
				"west": { "uv": [ 15.25, 9, 15.375, 9.125 ], "texture": "#waterpipe" },
				"east": { "uv": [ 15.5, 9, 15.375, 9.125 ], "texture": "#waterpipe" }
			}
		},
		{
			"__comment": "Voxels",
			"from": [ 7.5, 6.5, 11 ],
			"to": [ 8.5, 8, 11.5 ],
			"faces": {
				"down": { "uv": [ 13.125, 9.625, 13.375, 9.75 ], "texture": "#waterpipe" },
				"up": { "uv": [ 13.125, 9.625, 13.375, 9.5 ], "texture": "#waterpipe" },
				"north": { "uv": [ 7.625, 10, 7.375, 10.375 ], "texture": "#waterpipe" },
				"south": { "uv": [ 9.75, 10.375, 10, 10.75 ], "texture": "#waterpipe" },
				"west": { "uv": [ 12.625, 8.875, 12.75, 9.25 ], "texture": "#waterpipe" },
				"east": { "uv": [ 8.75, 9.875, 8.625, 10.25 ], "texture": "#waterpipe" }
			}
		},
		{
			"__comment": "Voxels",
			"from": [ 7.5, 6.5, 11.5 ],
			"to": [ 8.5, 7.5, 14 ],
			"faces": {
				"down": { "uv": [ 5.5, 9, 5.75, 9.625 ], "texture": "#waterpipe" },
				"up": { "uv": [ 5.5, 10.875, 5.75, 10.25 ], "texture": "#waterpipe" },
				"south": { "uv": [ 15.5, 12, 15.75, 12.25 ], "texture": "#waterpipe" },
				"west": { "uv": [ 12.375, 14.375, 13, 14.625 ], "texture": "#waterpipe" },
				"east": { "uv": [ 12.375, 14.375, 11.75, 14.625 ], "texture": "#waterpipe" }
			}
		},
		{
			"__comment": "Voxels",
			"from": [ 7.5, 6.5, 15.5 ],
			"to": [ 8.5, 7, 16 ],
			"faces": {
				"down": { "uv": [ 13.125, 9.125, 13.375, 9.25 ], "texture": "#waterpipe" },
				"north": { "uv": [ 13.375, 8.875, 13.125, 9 ], "texture": "#waterpipe" },
				"west": { "uv": [ 15.5, 9, 15.625, 9.125 ], "texture": "#waterpipe" },
				"east": { "uv": [ 15.875, 9, 15.75, 9.125 ], "texture": "#waterpipe" }
			}
		},
		{
			"__comment": "Voxels",
			"from": [ 7.5, 7, 10.5 ],
			"to": [ 8.5, 9, 11 ],
			"faces": {
				"down": { "uv": [ 13.125, 8.5, 13.375, 8.625 ], "texture": "#waterpipe" },
				"north": { "uv": [ 10, 10.75, 9.75, 11.25 ], "texture": "#waterpipe" },
				"south": { "uv": [ 9.75, 11.25, 10, 11.75 ], "texture": "#waterpipe" },
				"west": { "uv": [ 11.625, 10.75, 11.75, 11.25 ], "texture": "#waterpipe" },
				"east": { "uv": [ 11.75, 10.25, 11.625, 10.75 ], "texture": "#waterpipe" }
			}
		},
		{
			"__comment": "Voxels",
			"from": [ 7.5, 7, 14 ],
			"to": [ 8.5, 8, 14.5 ],
			"faces": {
				"down": { "uv": [ 13.125, 8.125, 13.375, 8.25 ], "texture": "#waterpipe" },
				"north": { "uv": [ 12, 8.75, 11.75, 9 ], "texture": "#waterpipe" },
				"south": { "uv": [ 11.75, 8.5, 12, 8.75 ], "texture": "#waterpipe" },
				"west": { "uv": [ 13, 10.25, 13.125, 10.5 ], "texture": "#waterpipe" },
				"east": { "uv": [ 13.125, 10, 13, 10.25 ], "texture": "#waterpipe" }
			}
		},
		{
			"__comment": "Voxels",
			"from": [ 7.5, 7, 15 ],
			"to": [ 8.5, 7.5, 15.5 ],
			"faces": {
				"down": { "uv": [ 13.375, 10.5, 13.625, 10.625 ], "texture": "#waterpipe" },
				"north": { "uv": [ 14.125, 10.5, 13.875, 10.625 ], "texture": "#waterpipe" },
				"west": { "uv": [ 15.875, 9, 16, 9.125 ], "texture": "#waterpipe" },
				"east": { "uv": [ 15, 8.125, 14.875, 8.25 ], "texture": "#waterpipe" }
			}
		},
		{
			"__comment": "Voxels",
			"from": [ 7.5, 7.5, 10 ],
			"to": [ 8.5, 9, 10.5 ],
			"faces": {
				"down": { "uv": [ 14.625, 10.5, 14.875, 10.625 ], "texture": "#waterpipe" },
				"north": { "uv": [ 10, 10, 9.75, 10.375 ], "texture": "#waterpipe" },
				"west": { "uv": [ 12.75, 9.625, 12.875, 10 ], "texture": "#waterpipe" },
				"east": { "uv": [ 12.875, 9.25, 12.75, 9.625 ], "texture": "#waterpipe" }
			}
		},
		{
			"__comment": "Voxels",
			"from": [ 7.5, 7.5, 13 ],
			"to": [ 8.5, 8, 14 ],
			"faces": {
				"up": { "uv": [ 12.875, 11.375, 13.125, 11.125 ], "texture": "#waterpipe" },
				"north": { "uv": [ 15.875, 10.5, 15.625, 10.625 ], "texture": "#waterpipe" },
				"west": { "uv": [ 13.625, 10.375, 13.875, 10.5 ], "texture": "#waterpipe" },
				"east": { "uv": [ 14.125, 10.375, 13.875, 10.5 ], "texture": "#waterpipe" }
			}
		},
		{
			"__comment": "Voxels",
			"from": [ 7.5, 7.5, 14.5 ],
			"to": [ 9, 8, 15 ],
			"faces": {
				"down": { "uv": [ 15.375, 11.25, 15.75, 11.375 ], "texture": "#waterpipe" },
				"north": { "uv": [ 13.25, 11, 12.875, 11.125 ], "texture": "#waterpipe" },
				"west": { "uv": [ 14.875, 9.125, 15, 9.25 ], "texture": "#waterpipe" },
				"east": { "uv": [ 15.375, 8.875, 15.25, 9 ], "texture": "#waterpipe" }
			}
		},
		{
			"__comment": "Voxels",
			"from": [ 7.5, 8, 12.5 ],
			"to": [ 8.5, 8.5, 13 ],
			"faces": {
				"down": { "uv": [ 15.375, 10.25, 15.625, 10.375 ], "texture": "#waterpipe" },
				"up": { "uv": [ 15.625, 10.375, 15.875, 10.25 ], "texture": "#waterpipe" },
				"north": { "uv": [ 14.125, 10, 13.875, 10.125 ], "texture": "#waterpipe" },
				"south": { "uv": [ 14.625, 10, 14.875, 10.125 ], "texture": "#waterpipe" },
				"west": { "uv": [ 15.625, 8.875, 15.75, 9 ], "texture": "#waterpipe" },
				"east": { "uv": [ 15.875, 8.875, 15.75, 9 ], "texture": "#waterpipe" }
			}
		},
		{
			"__comment": "Voxels",
			"from": [ 7.5, 8, 13.5 ],
			"to": [ 8.5, 8.5, 14 ],
			"faces": {
				"north": { "uv": [ 15.25, 9.5, 15, 9.625 ], "texture": "#waterpipe" },
				"west": { "uv": [ 15.875, 8.875, 16, 9 ], "texture": "#waterpipe" },
				"east": { "uv": [ 15.125, 8.75, 15, 8.875 ], "texture": "#waterpipe" }
			}
		},
		{
			"__comment": "Voxels",
			"from": [ 7.5, 8.5, 9.5 ],
			"to": [ 8.5, 9, 10 ],
			"faces": {
				"down": { "uv": [ 15.75, 14.25, 16, 14.375 ], "texture": "#waterpipe" },
				"north": { "uv": [ 16, 13.25, 15.75, 13.375 ], "texture": "#waterpipe" },
				"west": { "uv": [ 15, 8.625, 15.125, 8.75 ], "texture": "#waterpipe" },
				"east": { "uv": [ 15.5, 8.875, 15.375, 9 ], "texture": "#waterpipe" }
			}
		},
		{
			"__comment": "Voxels",
			"from": [ 7.5, 8.5, 11 ],
			"to": [ 8.5, 9, 11.5 ],
			"faces": {
				"down": { "uv": [ 14.75, 9.5, 15, 9.625 ], "texture": "#waterpipe" },
				"south": { "uv": [ 5.5, 10.125, 5.75, 10.25 ], "texture": "#waterpipe" },
				"west": { "uv": [ 14.75, 9.125, 14.875, 9.25 ], "texture": "#waterpipe" },
				"east": { "uv": [ 14.5, 8.375, 14.375, 8.5 ], "texture": "#waterpipe" }
			}
		},
		{
			"__comment": "Voxels",
			"from": [ 7.5, 8.5, 13 ],
			"to": [ 8.5, 9, 13.5 ],
			"faces": {
				"down": { "uv": [ 15.375, 10, 15.625, 10.125 ], "texture": "#waterpipe" },
				"north": { "uv": [ 15.125, 10, 14.875, 10.125 ], "texture": "#waterpipe" },
				"west": { "uv": [ 14.875, 8.5, 15, 8.625 ], "texture": "#waterpipe" },
				"east": { "uv": [ 13.25, 13.75, 13.125, 13.875 ], "texture": "#waterpipe" }
			}
		},
		{
			"__comment": "Voxels",
			"from": [ 7.5, 9.5001, -6.5 ],
			"to": [ 8.5, 10.0001, -6 ],
			"rotation": { "origin": [ 6, 10, 5.5 ], "axis": "x", "angle": -45 },
			"faces": {
				"down": { "uv": [ 13.125, 9.75, 13.375, 9.875 ], "texture": "#waterpipe" },
				"north": { "uv": [ 14.375, 10, 14.125, 10.125 ], "texture": "#waterpipe" },
				"west": { "uv": [ 15.75, 8.75, 15.875, 8.875 ], "texture": "#waterpipe" },
				"east": { "uv": [ 9.75, 9.625, 9.625, 9.75 ], "texture": "#waterpipe" }
			}
		},
		{
			"__comment": "Voxels",
			"from": [ 7.5, 9.5, -4.5 ],
			"to": [ 9, 10, -1 ],
			"rotation": { "origin": [ 6, 10, 5.5 ], "axis": "x", "angle": -45 },
			"faces": {
				"down": { "uv": [ 6.125, 11.375, 6.5, 12.25 ], "texture": "#waterpipe" },
				"west": { "uv": [ 12.25, 13.375, 13.125, 13.5 ], "texture": "#waterpipe" },
				"east": { "uv": [ 12.25, 13.375, 11.375, 13.5 ], "texture": "#waterpipe" }
			}
		},
		{
			"__comment": "Voxels",
			"from": [ 7.5, 9.5, 4.5 ],
			"to": [ 8.5, 10, 5.5 ],
			"rotation": { "origin": [ 6, 10, 5.5 ], "axis": "x", "angle": -45 },
			"faces": {
				"down": { "uv": [ 11.375, 9.5, 11.625, 9.75 ], "texture": "#waterpipe" },
				"up": { "uv": [ 11.375, 9.5, 11.625, 9.25 ], "texture": "#waterpipe" },
				"west": { "uv": [ 13.125, 9.875, 13.375, 10 ], "texture": "#waterpipe" },
				"east": { "uv": [ 14.625, 10.5, 14.375, 10.625 ], "texture": "#waterpipe" }
			}
		},
		{
			"__comment": "Voxels",
			"from": [ 7.5, 9.5, 7.5 ],
			"to": [ 9, 10, 8 ],
			"faces": {
				"down": { "uv": [ 6.25, 12.25, 6.625, 12.375 ], "texture": "#waterpipe" },
				"north": { "uv": [ 14.625, 11.25, 14.25, 11.375 ], "texture": "#waterpipe" },
				"east": { "uv": [ 11.25, 8.5, 11.125, 8.625 ], "texture": "#waterpipe" }
			}
		},
		{
			"__comment": "Voxels",
			"from": [ 7.5, 10, 17.5 ],
			"to": [ 8.5, 10.5, 18 ],
			"faces": {
				"up": { "uv": [ 13.375, 8.625, 13.625, 8.5 ], "texture": "#waterpipe" },
				"south": { "uv": [ 13.625, 10.125, 13.875, 10.25 ], "texture": "#waterpipe" },
				"west": { "uv": [ 14.875, 8.875, 15, 9 ], "texture": "#waterpipe" },
				"east": { "uv": [ 15, 8.75, 14.875, 8.875 ], "texture": "#waterpipe" }
			}
		},
		{
			"__comment": "Voxels",
			"from": [ 7.5, 10, 18.5 ],
			"to": [ 8.5, 10.5, 27.5 ],
			"faces": {
				"up": { "uv": [ 4.75, 16, 5, 13.75 ], "texture": "#waterpipe" },
				"north": { "uv": [ 14.375, 10.125, 14.125, 10.25 ], "texture": "#waterpipe" },
				"south": { "uv": [ 14.875, 10.125, 15.125, 10.25 ], "texture": "#waterpipe" },
				"west": { "uv": [ 12.875, 15.75, 15.125, 15.875 ], "texture": "#waterpipe" },
				"east": { "uv": [ 15.125, 15.875, 12.875, 16 ], "texture": "#waterpipe" }
			}
		},
		{
			"__comment": "Voxels",
			"from": [ 7.5, 10.5001, -11.5 ],
			"to": [ 9, 12.0001, -10 ],
			"rotation": { "origin": [ 6, 10, 5.5 ], "axis": "x", "angle": -45 },
			"faces": {
				"down": { "uv": [ 9.375, 11.75, 9.75, 12.125 ], "texture": "#waterpipe" },
				"up": { "uv": [ 9.375, 12.5, 9.75, 12.125 ], "texture": "#waterpipe" },
				"north": { "uv": [ 9.75, 13.625, 9.375, 14 ], "texture": "#waterpipe" },
				"west": { "uv": [ 8.75, 8, 9.125, 8.375 ], "texture": "#waterpipe" },
				"east": { "uv": [ 7.625, 10.5, 7.25, 10.875 ], "texture": "#waterpipe" }
			}
		},
		{
			"__comment": "Voxels",
			"from": [ 7.5, 10.5, 16 ],
			"to": [ 9, 11, 16.5 ],
			"faces": {
				"up": { "uv": [ 14.75, 11.125, 15.125, 11 ], "texture": "#waterpipe" },
				"north": { "uv": [ 15.5, 11, 15.125, 11.125 ], "texture": "#waterpipe" },
				"south": { "uv": [ 15.5, 11, 15.875, 11.125 ], "texture": "#waterpipe" },
				"west": { "uv": [ 14.5, 9.125, 14.625, 9.25 ], "texture": "#waterpipe" },
				"east": { "uv": [ 14.625, 9, 14.5, 9.125 ], "texture": "#waterpipe" }
			}
		},
		{
			"__comment": "Voxels",
			"from": [ 7.5, 11, 15.5 ],
			"to": [ 8.5, 11.5, 16 ],
			"faces": {
				"down": { "uv": [ 15, 9.875, 15.25, 10 ], "texture": "#waterpipe" },
				"up": { "uv": [ 15.75, 10, 16, 9.875 ], "texture": "#waterpipe" },
				"north": { "uv": [ 14.25, 9.75, 14, 9.875 ], "texture": "#waterpipe" },
				"south": { "uv": [ 14.25, 9, 14.5, 9.125 ], "texture": "#waterpipe" },
				"west": { "uv": [ 15.125, 9.25, 15.25, 9.375 ], "texture": "#waterpipe" },
				"east": { "uv": [ 15.375, 9.25, 15.25, 9.375 ], "texture": "#waterpipe" }
			}
		},
		{
			"__comment": "Voxels",
			"from": [ 7.5, 11.5001, -12 ],
			"to": [ 9, 12.0001, -11.5 ],
			"rotation": { "origin": [ 6, 10, 5.5 ], "axis": "x", "angle": -45 },
			"faces": {
				"down": { "uv": [ 13, 10.875, 13.375, 11 ], "texture": "#waterpipe" },
				"up": { "uv": [ 13.375, 11, 13.75, 10.875 ], "texture": "#waterpipe" },
				"north": { "uv": [ 14.125, 10.875, 13.75, 11 ], "texture": "#waterpipe" },
				"east": { "uv": [ 16, 8.75, 15.875, 8.875 ], "texture": "#waterpipe" }
			}
		},
		{
			"__comment": "Voxels",
			"from": [ 7.5, 11.5, 15 ],
			"to": [ 8.5, 12, 15.5 ],
			"faces": {
				"down": { "uv": [ 14.75, 9.75, 15, 9.875 ], "texture": "#waterpipe" },
				"up": { "uv": [ 15, 9.875, 15.25, 9.75 ], "texture": "#waterpipe" },
				"north": { "uv": [ 15.5, 9.75, 15.25, 9.875 ], "texture": "#waterpipe" },
				"south": { "uv": [ 14.625, 9.625, 14.875, 9.75 ], "texture": "#waterpipe" },
				"west": { "uv": [ 15.625, 9, 15.75, 9.125 ], "texture": "#waterpipe" },
				"east": { "uv": [ 15.625, 8.875, 15.5, 9 ], "texture": "#waterpipe" }
			}
		},
		{
			"__comment": "Voxels",
			"from": [ 7.5, 12.0001, -12 ],
			"to": [ 8.5, 12.5001, -11 ],
			"rotation": { "origin": [ 6, 10, 5.5 ], "axis": "x", "angle": -45 },
			"faces": {
				"down": { "uv": [ 11.375, 8, 11.625, 8.25 ], "texture": "#waterpipe" },
				"up": { "uv": [ 11.75, 12.25, 12, 12 ], "texture": "#waterpipe" },
				"north": { "uv": [ 16, 13, 15.75, 13.125 ], "texture": "#waterpipe" },
				"west": { "uv": [ 15.75, 12.75, 16, 12.875 ], "texture": "#waterpipe" },
				"east": { "uv": [ 15.5, 10.875, 15.25, 11 ], "texture": "#waterpipe" }
			}
		},
		{
			"__comment": "Voxels",
			"from": [ 7.5, 12.0001, -10.5 ],
			"to": [ 8.5, 13.0001, -5 ],
			"rotation": { "origin": [ 6, 10, 5.5 ], "axis": "x", "angle": -45 },
			"faces": {
				"down": { "uv": [ 2.25, 11.25, 2.5, 12.625 ], "texture": "#waterpipe" },
				"up": { "uv": [ 2.25, 11.25, 2.5, 9.875 ], "texture": "#waterpipe" },
				"north": { "uv": [ 12.75, 12, 12.5, 12.25 ], "texture": "#waterpipe" },
				"west": { "uv": [ 7.625, 15.75, 9, 16 ], "texture": "#waterpipe" },
				"east": { "uv": [ 10.375, 15.75, 9, 16 ], "texture": "#waterpipe" }
			}
		},
		{
			"__comment": "Voxels",
			"from": [ 7.5, 12, -4.5 ],
			"to": [ 8.5, 13, -0.5 ],
			"rotation": { "origin": [ 6, 10, 5.5 ], "axis": "x", "angle": -45 },
			"faces": {
				"down": { "uv": [ 7.875, 13.75, 8.125, 14.75 ], "texture": "#waterpipe" },
				"up": { "uv": [ 7.625, 14.75, 7.875, 13.75 ], "texture": "#waterpipe" },
				"west": { "uv": [ 8.125, 15.5, 9.125, 15.75 ], "texture": "#waterpipe" },
				"east": { "uv": [ 7.625, 8.125, 6.625, 8.375 ], "texture": "#waterpipe" }
			}
		},
		{
			"__comment": "Voxels",
			"from": [ 7.5, 12, 0 ],
			"to": [ 8.5, 13, 3 ],
			"rotation": { "origin": [ 6, 10, 5.5 ], "axis": "x", "angle": -45 },
			"faces": {
				"up": { "uv": [ 3.5, 14.75, 3.75, 14 ], "texture": "#waterpipe" },
				"west": { "uv": [ 13.625, 15.5, 14.375, 15.75 ], "texture": "#waterpipe" },
				"east": { "uv": [ 15.125, 15.5, 14.375, 15.75 ], "texture": "#waterpipe" }
			}
		},
		{
			"__comment": "Voxels",
			"from": [ 7.5, 12, 3.5 ],
			"to": [ 8.5, 13, 5 ],
			"rotation": { "origin": [ 6, 10, 5.5 ], "axis": "x", "angle": -45 },
			"faces": {
				"down": { "uv": [ 9.75, 9.25, 10, 9.625 ], "texture": "#waterpipe" },
				"up": { "uv": [ 9.75, 9.25, 10, 8.875 ], "texture": "#waterpipe" },
				"south": { "uv": [ 11.75, 11.5, 12, 11.75 ], "texture": "#waterpipe" },
				"west": { "uv": [ 10, 11.5, 10.375, 11.75 ], "texture": "#waterpipe" },
				"east": { "uv": [ 10.375, 11.25, 10, 11.5 ], "texture": "#waterpipe" }
			}
		},
		{
			"__comment": "Voxels",
			"from": [ 7.5, 12, 9 ],
			"to": [ 8.5, 12.5, 9.5 ],
			"faces": {
				"west": { "uv": [ 11.125, 8.25, 11.25, 8.375 ], "texture": "#waterpipe" },
				"east": { "uv": [ 16, 10.625, 15.875, 10.75 ], "texture": "#waterpipe" }
			}
		},
		{
			"__comment": "Voxels",
			"from": [ 7.5, 12, 11.5 ],
			"to": [ 8.5, 12.5, 12.5 ],
			"faces": {
				"west": { "uv": [ 15.125, 10.375, 15.375, 10.5 ], "texture": "#waterpipe" },
				"east": { "uv": [ 15.625, 10.375, 15.375, 10.5 ], "texture": "#waterpipe" }
			}
		},
		{
			"__comment": "Voxels",
			"from": [ 7.5, 12, 14 ],
			"to": [ 8.5, 12.5, 15 ],
			"faces": {
				"down": { "uv": [ 11.75, 9.75, 12, 10 ], "texture": "#waterpipe" },
				"up": { "uv": [ 11.75, 9.75, 12, 9.5 ], "texture": "#waterpipe" },
				"north": { "uv": [ 13.625, 10.25, 13.375, 10.375 ], "texture": "#waterpipe" },
				"south": { "uv": [ 13.375, 10.125, 13.625, 10.25 ], "texture": "#waterpipe" },
				"west": { "uv": [ 13.375, 10, 13.625, 10.125 ], "texture": "#waterpipe" },
				"east": { "uv": [ 13.625, 9.875, 13.375, 10 ], "texture": "#waterpipe" }
			}
		},
		{
			"__comment": "Voxels",
			"from": [ 7.5, 12.5, -11 ],
			"to": [ 8.5, 13.5, -10.5 ],
			"rotation": { "origin": [ 6, 10, 5.5 ], "axis": "x", "angle": -45 },
			"faces": {
				"up": { "uv": [ 13.375, 9.75, 13.625, 9.625 ], "texture": "#waterpipe" },
				"north": { "uv": [ 12, 9.25, 11.75, 9.5 ], "texture": "#waterpipe" },
				"south": { "uv": [ 11.75, 9, 12, 9.25 ], "texture": "#waterpipe" },
				"west": { "uv": [ 13, 9, 13.125, 9.25 ], "texture": "#waterpipe" },
				"east": { "uv": [ 13.125, 8.75, 13, 9 ], "texture": "#waterpipe" }
			}
		},
		{
			"__comment": "Voxels",
			"from": [ 7.5, 12.5, 13.5 ],
			"to": [ 8.5, 13, 14 ],
			"faces": {
				"down": { "uv": [ 13.375, 9.25, 13.625, 9.375 ], "texture": "#waterpipe" },
				"up": { "uv": [ 13.375, 9.25, 13.625, 9.125 ], "texture": "#waterpipe" },
				"south": { "uv": [ 13.375, 8.875, 13.625, 9 ], "texture": "#waterpipe" },
				"west": { "uv": [ 14.5, 8.875, 14.625, 9 ], "texture": "#waterpipe" },
				"east": { "uv": [ 14.625, 8.75, 14.5, 8.875 ], "texture": "#waterpipe" }
			}
		},
		{
			"__comment": "Voxels",
			"from": [ 7.5, 13, 6 ],
			"to": [ 8.5, 13.5, 9.5 ],
			"rotation": { "origin": [ 6, 10, 5.5 ], "axis": "x", "angle": -45 },
			"faces": {
				"down": { "uv": [ 4.75, 8, 5, 8.875 ], "texture": "#waterpipe" },
				"up": { "uv": [ 5.5, 13.5, 5.75, 12.625 ], "texture": "#waterpipe" },
				"west": { "uv": [ 10.5, 13.375, 11.375, 13.5 ], "texture": "#waterpipe" },
				"east": { "uv": [ 13.125, 13.75, 12.25, 13.875 ], "texture": "#waterpipe" }
			}
		},
		{
			"__comment": "Voxels",
			"from": [ 7.5, 13, 9.5 ],
			"to": [ 8.5, 13.5, 10 ],
			"faces": {
				"up": { "uv": [ 13.375, 8.25, 13.625, 8.125 ], "texture": "#waterpipe" },
				"south": { "uv": [ 13.625, 10.25, 13.875, 10.375 ], "texture": "#waterpipe" },
				"west": { "uv": [ 15.875, 9.25, 16, 9.375 ], "texture": "#waterpipe" },
				"east": { "uv": [ 14.75, 8.875, 14.625, 9 ], "texture": "#waterpipe" }
			}
		},
		{
			"__comment": "Voxels",
			"from": [ 7.5, 13, 11 ],
			"to": [ 8.5, 13.5, 11.5 ],
			"faces": {
				"up": { "uv": [ 14.125, 10.375, 14.375, 10.25 ], "texture": "#waterpipe" },
				"north": { "uv": [ 14.625, 10.25, 14.375, 10.375 ], "texture": "#waterpipe" },
				"west": { "uv": [ 14.625, 8.125, 14.75, 8.25 ], "texture": "#waterpipe" },
				"east": { "uv": [ 14.75, 8, 14.625, 8.125 ], "texture": "#waterpipe" }
			}
		},
		{
			"__comment": "Voxels",
			"from": [ 8, 10.0001, -12 ],
			"to": [ 8.5, 10.5001, -11.5 ],
			"rotation": { "origin": [ 6, 10, 5.5 ], "axis": "x", "angle": -45 },
			"faces": {
				"down": { "uv": [ 15, 9.125, 15.125, 9.25 ], "texture": "#waterpipe" },
				"north": { "uv": [ 14.875, 8.75, 14.75, 8.875 ], "texture": "#waterpipe" },
				"south": { "uv": [ 14.75, 8.625, 14.875, 8.75 ], "texture": "#waterpipe" },
				"west": { "uv": [ 14.75, 8.5, 14.875, 8.625 ], "texture": "#waterpipe" },
				"east": { "uv": [ 14.875, 8.375, 14.75, 8.5 ], "texture": "#waterpipe" }
			}
		},
		{
			"__comment": "Voxels",
			"from": [ 8, 10.5, 13.5 ],
			"to": [ 9, 12.5, 14 ],
			"faces": {
				"down": { "uv": [ 14.875, 10.25, 15.125, 10.375 ], "texture": "#waterpipe" },
				"up": { "uv": [ 15.125, 10.375, 15.375, 10.25 ], "texture": "#waterpipe" },
				"north": { "uv": [ 10, 12.75, 9.75, 13.25 ], "texture": "#waterpipe" },
				"south": { "uv": [ 9.75, 13.25, 10, 13.75 ], "texture": "#waterpipe" },
				"east": { "uv": [ 11.75, 9.25, 11.625, 9.75 ], "texture": "#waterpipe" }
			}
		},
		{
			"__comment": "Voxels",
			"from": [ 8, 10.5, 14 ],
			"to": [ 9, 12, 15 ],
			"faces": {
				"down": { "uv": [ 11.75, 8.25, 12, 8.5 ], "texture": "#waterpipe" },
				"up": { "uv": [ 11.75, 8.25, 12, 8 ], "texture": "#waterpipe" },
				"south": { "uv": [ 9.75, 8.125, 10, 8.5 ], "texture": "#waterpipe" },
				"east": { "uv": [ 10.5, 9.125, 10.25, 9.5 ], "texture": "#waterpipe" }
			}
		},
		{
			"__comment": "Voxels",
			"from": [ 8, 10.5, 15 ],
			"to": [ 9, 11.5, 15.5 ],
			"faces": {
				"down": { "uv": [ 14.375, 10.125, 14.625, 10.25 ], "texture": "#waterpipe" },
				"up": { "uv": [ 14.625, 10.25, 14.875, 10.125 ], "texture": "#waterpipe" },
				"south": { "uv": [ 12.25, 10.5, 12.5, 10.75 ], "texture": "#waterpipe" },
				"east": { "uv": [ 13.75, 9.625, 13.625, 9.875 ], "texture": "#waterpipe" }
			}
		},
		{
			"__comment": "Voxels",
			"from": [ 8, 10.5, 15.5 ],
			"to": [ 9, 11, 16 ],
			"faces": {
				"down": { "uv": [ 15.125, 10.125, 15.375, 10.25 ], "texture": "#waterpipe" },
				"up": { "uv": [ 15.375, 10.25, 15.625, 10.125 ], "texture": "#waterpipe" },
				"east": { "uv": [ 11.25, 10.375, 11.125, 10.5 ], "texture": "#waterpipe" }
			}
		},
		{
			"__comment": "Voxels",
			"from": [ 8, 10.5, 16.5 ],
			"to": [ 8.5, 11, 17 ],
			"faces": {
				"up": { "uv": [ 11.125, 9.625, 11.25, 9.5 ], "texture": "#waterpipe" },
				"south": { "uv": [ 11.125, 9.25, 11.25, 9.375 ], "texture": "#waterpipe" },
				"west": { "uv": [ 11.125, 9.125, 11.25, 9.25 ], "texture": "#waterpipe" },
				"east": { "uv": [ 11.25, 9, 11.125, 9.125 ], "texture": "#waterpipe" }
			}
		},
		{
			"__comment": "Voxels",
			"from": [ 8.5, 4.5, 18.5 ],
			"to": [ 9, 5.5, 19 ],
			"faces": {
				"down": { "uv": [ 11.125, 8.875, 11.25, 9 ], "texture": "#waterpipe" },
				"north": { "uv": [ 13.75, 9.125, 13.625, 9.375 ], "texture": "#waterpipe" },
				"south": { "uv": [ 13.625, 8.875, 13.75, 9.125 ], "texture": "#waterpipe" },
				"east": { "uv": [ 13.75, 8.375, 13.625, 8.625 ], "texture": "#waterpipe" }
			}
		},
		{
			"__comment": "Voxels",
			"from": [ 8.5, 5, 18 ],
			"to": [ 9, 5.5, 18.5 ],
			"faces": {
				"down": { "uv": [ 11.125, 8.125, 11.25, 8.25 ], "texture": "#waterpipe" },
				"north": { "uv": [ 16, 12.5, 15.875, 12.625 ], "texture": "#waterpipe" },
				"east": { "uv": [ 12.875, 8, 12.75, 8.125 ], "texture": "#waterpipe" }
			}
		},
		{
			"__comment": "Voxels",
			"from": [ 8.5, 5.5, 17.5 ],
			"to": [ 9, 6.5, 18 ],
			"faces": {
				"down": { "uv": [ 15.875, 11, 16, 11.125 ], "texture": "#waterpipe" },
				"east": { "uv": [ 13.875, 9.375, 13.75, 9.625 ], "texture": "#waterpipe" }
			}
		},
		{
			"__comment": "Voxels",
			"from": [ 7, 9.5, 5.5 ],
			"to": [ 9.5, 10, 8 ],
			"faces": {
				"down": { "uv": [ 12, 9.5, 12.125, 10 ], "texture": "#waterpipe" },
				"up": { "uv": [ 12.125, 10, 12.25, 9.5 ], "texture": "#waterpipe" },
				"west": { "uv": [ 12, 8.875, 12.5, 9 ], "texture": "#waterpipe" },
				"east": { "uv": [ 13.5, 11.375, 13, 11.5 ], "texture": "#waterpipe" }
			}
		},
		{
			"__comment": "Voxels",
			"from": [ 8.5, 10, 13.5 ],
			"to": [ 9, 10.5, 16 ],
			"faces": {
				"down": { "uv": [ 11.25, 12, 11.375, 12.625 ], "texture": "#waterpipe" },
				"up": { "uv": [ 11.125, 10.25, 11.25, 9.625 ], "texture": "#waterpipe" },
				"west": { "uv": [ 11.25, 12.625, 11.875, 12.75 ], "texture": "#waterpipe" },
				"east": { "uv": [ 11.125, 8, 10.5, 8.125 ], "texture": "#waterpipe" }
			}
		},
		{
			"__comment": "Voxels",
			"from": [ 8.5, 10, 23.5 ],
			"to": [ 9, 10.5, 24 ],
			"faces": {
				"up": { "uv": [ 14.375, 8.375, 14.5, 8.25 ], "texture": "#waterpipe" },
				"north": { "uv": [ 14.375, 8.125, 14.25, 8.25 ], "texture": "#waterpipe" },
				"south": { "uv": [ 14.375, 8.125, 14.5, 8.25 ], "texture": "#waterpipe" },
				"east": { "uv": [ 14.5, 8, 14.375, 8.125 ], "texture": "#waterpipe" }
			}
		},
		{
			"__comment": "Voxels",
			"from": [ 8.5, 11.0001, -12 ],
			"to": [ 9, 11.5001, -11.5 ],
			"rotation": { "origin": [ 6, 10, 5.5 ], "axis": "x", "angle": -45 },
			"faces": {
				"north": { "uv": [ 14.875, 9.375, 14.75, 9.5 ], "texture": "#waterpipe" },
				"west": { "uv": [ 15, 9.375, 15.125, 9.5 ], "texture": "#waterpipe" },
				"east": { "uv": [ 15.25, 9.375, 15.125, 9.5 ], "texture": "#waterpipe" }
			}
		},
		{
			"__comment": "Voxels",
			"from": [ 8.5, 12, 10 ],
			"to": [ 9.5, 12.5, 11 ],
			"faces": {
				"down": { "uv": [ 13.625, 11.125, 13.875, 11.375 ], "texture": "#waterpipe" },
				"up": { "uv": [ 15.75, 14.25, 16, 14 ], "texture": "#waterpipe" },
				"east": { "uv": [ 14.75, 9.875, 14.5, 10 ], "texture": "#waterpipe" }
			}
		},
		{
			"__comment": "Voxels",
			"from": [ 9, 4, 21 ],
			"to": [ 9.5, 9.5, 23 ],
			"faces": {
				"down": { "uv": [ 6.5, 13.5, 6.625, 14 ], "texture": "#waterpipe" },
				"up": { "uv": [ 6.5, 13.5, 6.625, 13 ], "texture": "#waterpipe" },
				"north": { "uv": [ 9.125, 12.75, 9, 14.125 ], "texture": "#waterpipe" },
				"south": { "uv": [ 8.875, 12.75, 9, 14.125 ], "texture": "#waterpipe" },
				"west": { "uv": [ 1.75, 11.25, 2.25, 12.625 ], "texture": "#waterpipe" },
				"east": { "uv": [ 2.25, 9.875, 1.75, 11.25 ], "texture": "#waterpipe" }
			}
		},
		{
			"__comment": "Voxels",
			"from": [ 9, 4.5, 20 ],
			"to": [ 9.5, 9.5, 21 ],
			"faces": {
				"down": { "uv": [ 13.875, 9.5, 14, 9.75 ], "texture": "#waterpipe" },
				"up": { "uv": [ 13.875, 9.5, 14, 9.25 ], "texture": "#waterpipe" },
				"north": { "uv": [ 9.125, 8.375, 9, 9.625 ], "texture": "#waterpipe" },
				"west": { "uv": [ 3.5, 9.75, 3.75, 11 ], "texture": "#waterpipe" },
				"east": { "uv": [ 2.5, 8.625, 2.25, 9.875 ], "texture": "#waterpipe" }
			}
		},
		{
			"__comment": "Voxels",
			"from": [ 9, 4.5, 23 ],
			"to": [ 9.5, 9.5, 23.5 ],
			"faces": {
				"down": { "uv": [ 14.75, 9.25, 14.875, 9.375 ], "texture": "#waterpipe" },
				"up": { "uv": [ 14.875, 9.375, 15, 9.25 ], "texture": "#waterpipe" },
				"south": { "uv": [ 9.125, 10.25, 9.25, 11.5 ], "texture": "#waterpipe" },
				"east": { "uv": [ 9.125, 10.25, 9, 11.5 ], "texture": "#waterpipe" }
			}
		},
		{
			"__comment": "Voxels",
			"from": [ 9, 5, 19.5 ],
			"to": [ 9.5, 9.5, 20 ],
			"faces": {
				"down": { "uv": [ 15.5, 9.25, 15.625, 9.375 ], "texture": "#waterpipe" },
				"up": { "uv": [ 15.625, 9.375, 15.75, 9.25 ], "texture": "#waterpipe" },
				"north": { "uv": [ 9.375, 12.125, 9.25, 13.25 ], "texture": "#waterpipe" },
				"east": { "uv": [ 9.375, 8.75, 9.25, 9.875 ], "texture": "#waterpipe" }
			}
		},
		{
			"__comment": "Voxels",
			"from": [ 9, 5, 23.5 ],
			"to": [ 9.5, 10, 24.5 ],
			"faces": {
				"down": { "uv": [ 13.875, 8, 14, 8.25 ], "texture": "#waterpipe" },
				"up": { "uv": [ 14, 9.75, 14.125, 9.5 ], "texture": "#waterpipe" },
				"north": { "uv": [ 9, 10.25, 8.875, 11.5 ], "texture": "#waterpipe" },
				"south": { "uv": [ 8.75, 10.25, 8.875, 11.5 ], "texture": "#waterpipe" },
				"west": { "uv": [ 3.5, 8.5, 3.75, 9.75 ], "texture": "#waterpipe" },
				"east": { "uv": [ 5, 11.25, 4.75, 12.5 ], "texture": "#waterpipe" }
			}
		},
		{
			"__comment": "Voxels",
			"from": [ 9, 5, 24.5 ],
			"to": [ 9.5, 9.5, 25.5 ],
			"faces": {
				"down": { "uv": [ 14, 8.75, 14.125, 9 ], "texture": "#waterpipe" },
				"up": { "uv": [ 14, 8.75, 14.125, 8.5 ], "texture": "#waterpipe" },
				"west": { "uv": [ 4.75, 8.875, 5, 10 ], "texture": "#waterpipe" },
				"east": { "uv": [ 6.875, 8.875, 6.625, 10 ], "texture": "#waterpipe" }
			}
		},
		{
			"__comment": "Voxels",
			"from": [ 9, 5.5, 26 ],
			"to": [ 9.5, 6, 26.5 ],
			"faces": {
				"down": { "uv": [ 15.25, 9.125, 15.375, 9.25 ], "texture": "#waterpipe" },
				"south": { "uv": [ 15.625, 9.125, 15.75, 9.25 ], "texture": "#waterpipe" },
				"east": { "uv": [ 16, 9.125, 15.875, 9.25 ], "texture": "#waterpipe" }
			}
		},
		{
			"__comment": "Voxels",
			"from": [ 9, 6.5, 19 ],
			"to": [ 9.5, 9.5, 19.5 ],
			"faces": {
				"down": { "uv": [ 14.75, 9, 14.875, 9.125 ], "texture": "#waterpipe" },
				"up": { "uv": [ 14.75, 9, 14.875, 8.875 ], "texture": "#waterpipe" },
				"north": { "uv": [ 10.125, 8.375, 10, 9.125 ], "texture": "#waterpipe" },
				"east": { "uv": [ 10.5, 8.375, 10.375, 9.125 ], "texture": "#waterpipe" }
			}
		},
		{
			"__comment": "Voxels",
			"from": [ 9, 8.5, 28 ],
			"to": [ 9.5, 9, 28.5 ],
			"faces": {
				"down": { "uv": [ 14.75, 8.25, 14.875, 8.375 ], "texture": "#waterpipe" },
				"up": { "uv": [ 14.75, 8.25, 14.875, 8.125 ], "texture": "#waterpipe" },
				"south": { "uv": [ 14.875, 9, 15, 9.125 ], "texture": "#waterpipe" },
				"east": { "uv": [ 15.25, 9, 15.125, 9.125 ], "texture": "#waterpipe" }
			}
		},
		{
			"__comment": "Voxels",
			"from": [ 9, 11.5, 9 ],
			"to": [ 10, 12.5, 9.5 ],
			"faces": {
				"south": { "uv": [ 11.375, 10.25, 11.625, 10.5 ], "texture": "#waterpipe" },
				"west": { "uv": [ 14.125, 9.375, 14.25, 9.625 ], "texture": "#waterpipe" },
				"east": { "uv": [ 14.25, 9.125, 14.125, 9.375 ], "texture": "#waterpipe" }
			}
		},
		{
			"__comment": "Voxels",
			"from": [ 9, 11.5, 9.5 ],
			"to": [ 10, 12, 10 ],
			"faces": {
				"up": { "uv": [ 15.125, 9.75, 15.375, 9.625 ], "texture": "#waterpipe" },
				"south": { "uv": [ 15.625, 9.625, 15.875, 9.75 ], "texture": "#waterpipe" },
				"west": { "uv": [ 14.875, 8.375, 15, 8.5 ], "texture": "#waterpipe" },
				"east": { "uv": [ 15, 8.25, 14.875, 8.375 ], "texture": "#waterpipe" }
			}
		},
		{
			"__comment": "Voxels",
			"from": [ 9, 11.5, 10 ],
			"to": [ 9.5, 12, 12.5 ],
			"faces": {
				"down": { "uv": [ 10.75, 9.625, 10.875, 10.25 ], "texture": "#waterpipe" },
				"up": { "uv": [ 8, 10.25, 8.125, 9.625 ], "texture": "#waterpipe" },
				"south": { "uv": [ 15.125, 8.875, 15.25, 9 ], "texture": "#waterpipe" },
				"west": { "uv": [ 10.5, 10.25, 11.125, 10.375 ], "texture": "#waterpipe" },
				"east": { "uv": [ 12.5, 12.625, 11.875, 12.75 ], "texture": "#waterpipe" }
			}
		},
		{
			"__comment": "Voxels",
			"from": [ 9, 12, 11.5 ],
			"to": [ 10, 12.5, 12.5 ],
			"faces": {
				"down": { "uv": [ 11.375, 10, 11.625, 10.25 ], "texture": "#waterpipe" },
				"north": { "uv": [ 15.5, 9.5, 15.25, 9.625 ], "texture": "#waterpipe" },
				"south": { "uv": [ 15.5, 9.5, 15.75, 9.625 ], "texture": "#waterpipe" },
				"west": { "uv": [ 15.75, 9.5, 16, 9.625 ], "texture": "#waterpipe" },
				"east": { "uv": [ 14.5, 9.375, 14.25, 9.5 ], "texture": "#waterpipe" }
			}
		},
		{
			"__comment": "Voxels",
			"from": [ 9.5, 10.5, 9.5 ],
			"to": [ 10, 11, 10 ],
			"faces": {
				"down": { "uv": [ 15, 8.5, 15.125, 8.625 ], "texture": "#waterpipe" },
				"south": { "uv": [ 15, 8.125, 15.125, 8.25 ], "texture": "#waterpipe" },
				"east": { "uv": [ 15.25, 8.75, 15.125, 8.875 ], "texture": "#waterpipe" }
			}
		},
		{
			"__comment": "Voxels",
			"from": [ 9.5, 11.5, 11 ],
			"to": [ 10, 12, 12.5 ],
			"faces": {
				"down": { "uv": [ 12.875, 8, 13, 8.375 ], "texture": "#waterpipe" },
				"up": { "uv": [ 13, 10.875, 13.125, 10.5 ], "texture": "#waterpipe" },
				"north": { "uv": [ 15.625, 8.75, 15.5, 8.875 ], "texture": "#waterpipe" },
				"south": { "uv": [ 15.625, 8.75, 15.75, 8.875 ], "texture": "#waterpipe" },
				"east": { "uv": [ 14.875, 10.875, 14.5, 11 ], "texture": "#waterpipe" }
			}
		}
	],
	"display": {
		"thirdperson_righthand": {
			"translation":  [ 0, 0, -2.086 ],
			"scale":  [ 0.4, 0.4, 0.4 ]
		},
		"firstperson_righthand": {
			"translation":  [ 3.4782, -1.391, -9.739 ]
		},
		"gui": {
			"rotation":  [ 44, 128, -9 ],
			"translation":  [ -0.695, 0, 15.304 ],
			"scale":  [ 0.5, 0.5, 0.5 ]
		},
		"head": {
			"scale":  [ 0.0001, 0.0001, 0.0001 ]
		},
		"ground": {
			"scale":  [ 0.0001, 0.0001, 0.0001 ]
		}
	}
}