{
 "parent": "item/generated",
 "gui_light": "front",
 "textures": {
 "layer0": "minecraft:item/barrier"
 },
 
 "overrides": [
 {"predicate": {"custom_model_data":1}, "model": "devast/blocks/tool_cupboard"},
 {"predicate": {"custom_model_data":2}, "model": "devast/blocks/furnace"},
 {"predicate": {"custom_model_data":3}, "model": "devast/blocks/research_bench"},
 {"predicate": {"custom_model_data":4}, "model": "devast/blocks/small_box"},
 {"predicate": {"custom_model_data":5}, "model": "devast/blocks/large_box"},
 {"predicate": {"custom_model_data":6}, "model": "devast/blocks/shelf_normal"},
 {"predicate": {"custom_model_data":7}, "model": "devast/blocks/shelf_super"},
 {"predicate": {"custom_model_data":8}, "model": "devast/blocks/recycler"},
 {"predicate": {"custom_model_data":9}, "model": "devast/blocks/supply_drop"},
 {"predicate": {"custom_model_data":10}, "model": "devast/blocks/parachute"},
 {"predicate": {"custom_model_data":11}, "model": "devast/items/buildhammer"},
 {"predicate": {"custom_model_data":12}, "model": "devast/blocks/sleepingbag"},
 {"predicate": {"custom_model_data":13}, "model": "devast/blocks/level1"},
 {"predicate": {"custom_model_data":14}, "model": "devast/blocks/level2"},
 {"predicate": {"custom_model_data":15}, "model": "devast/blocks/level3"},
 {"predicate": {"custom_model_data":16}, "model": "devast/items/satchel"},
 {"predicate": {"custom_model_data":17}, "model": "devast/items/animated_satchel"},
 {"predicate": {"custom_model_data":18}, "model": "devast/food/apple"},
 {"predicate": {"custom_model_data":19}, "model": "devast/food/pumpkin"},
 {"predicate": {"custom_model_data":20}, "model": "devast/locks/code_unlocked"},
 {"predicate": {"custom_model_data":21}, "model": "devast/locks/code_locked"}
 ]
}