{
	"__comment": "Designed by DevastMc",
	"textures": {
		"metaloreitem": "blocks/metaloreitem"
	},
	"elements": [ 	 
		{
			"__comment": "Voxels",
			"from": [ 5.5, 7, 7.5 ],
			"to": [ 10.25, 9, 8.25 ],
			"faces": {
				"down": { "uv": [ 0, 9.125, 2.375, 9.5 ], "texture": "#metaloreitem" },
				"up": { "uv": [ 0, 10.25, 2.375, 9.875 ], "texture": "#metaloreitem" },
				"north": { "uv": [ 2.375, 15, 0, 16 ], "texture": "#metaloreitem" },
				"south": { "uv": [ 0, 14, 2.375, 15 ], "texture": "#metaloreitem" },
				"west": { "uv": [ 2.375, 9.25, 2.75, 10.25 ], "texture": "#metaloreitem" },
				"east": { "uv": [ 2.75, 8.25, 2.375, 9.25 ], "texture": "#metaloreitem" }
			}
		},
		{
			"__comment": "Voxels",
			"from": [ 5.5, 7, 8.25 ],
			"to": [ 10.5, 8.75, 8.5 ],
			"faces": {
				"down": { "uv": [ 4.875, 15.875, 7.375, 16 ], "texture": "#metaloreitem" },
				"up": { "uv": [ 4.875, 15.875, 7.375, 15.75 ], "texture": "#metaloreitem" },
				"north": { "uv": [ 4.875, 15.125, 2.375, 16 ], "texture": "#metaloreitem" },
				"south": { "uv": [ 2.375, 14.25, 4.875, 15.125 ], "texture": "#metaloreitem" },
				"west": { "uv": [ 4.625, 8.125, 4.75, 9 ], "texture": "#metaloreitem" },
				"east": { "uv": [ 4.875, 8.125, 4.75, 9 ], "texture": "#metaloreitem" }
			}
		},
		{
			"__comment": "Voxels",
			"from": [ 5.5, 7.25, 7 ],
			"to": [ 9.5, 8.5, 7.5 ],
			"faces": {
				"down": { "uv": [ 2.375, 11.5, 4.375, 11.75 ], "texture": "#metaloreitem" },
				"up": { "uv": [ 2.375, 11.5, 4.375, 11.25 ], "texture": "#metaloreitem" },
				"north": { "uv": [ 2, 12.75, 0, 13.375 ], "texture": "#metaloreitem" },
				"west": { "uv": [ 1.5, 10.25, 1.75, 10.875 ], "texture": "#metaloreitem" },
				"east": { "uv": [ 2, 10.25, 1.75, 10.875 ], "texture": "#metaloreitem" }
			}
		},
		{
			"__comment": "Voxels",
			"from": [ 5.5, 7.25, 8.5 ],
			"to": [ 10.5, 8.75, 8.75 ],
			"faces": {
				"down": { "uv": [ 4.875, 15.625, 7.375, 15.75 ], "texture": "#metaloreitem" },
				"up": { "uv": [ 4.875, 15.625, 7.375, 15.5 ], "texture": "#metaloreitem" },
				"south": { "uv": [ 2.375, 12.75, 4.875, 13.5 ], "texture": "#metaloreitem" },
				"west": { "uv": [ 1.875, 8, 2, 8.75 ], "texture": "#metaloreitem" },
				"east": { "uv": [ 2.125, 8, 2, 8.75 ], "texture": "#metaloreitem" }
			}
		},
		{
			"__comment": "Voxels",
			"from": [ 5.5, 7.5, 6.75 ],
			"to": [ 8.5, 8.75, 7 ],
			"faces": {
				"down": { "uv": [ 4.875, 8.875, 6.375, 9 ], "texture": "#metaloreitem" },
				"up": { "uv": [ 4.875, 8.125, 6.375, 8 ], "texture": "#metaloreitem" },
				"north": { "uv": [ 1.5, 10.875, 0, 11.5 ], "texture": "#metaloreitem" },
				"south": { "uv": [ 0, 10.25, 1.5, 10.875 ], "texture": "#metaloreitem" },
				"west": { "uv": [ 6.875, 8.375, 7, 9 ], "texture": "#metaloreitem" },
				"east": { "uv": [ 7.125, 8.375, 7, 9 ], "texture": "#metaloreitem" }
			}
		},
		{
			"__comment": "Voxels",
			"from": [ 5.5, 7.5, 8.75 ],
			"to": [ 10.5, 8.5, 9 ],
			"faces": {
				"down": { "uv": [ 4.875, 15.375, 7.375, 15.5 ], "texture": "#metaloreitem" },
				"up": { "uv": [ 4.875, 15.375, 7.375, 15.25 ], "texture": "#metaloreitem" },
				"south": { "uv": [ 2.375, 11.75, 4.875, 12.25 ], "texture": "#metaloreitem" },
				"west": { "uv": [ 2.25, 10.375, 2.375, 10.875 ], "texture": "#metaloreitem" },
				"east": { "uv": [ 7.5, 13.875, 7.375, 14.375 ], "texture": "#metaloreitem" }
			}
		},
		{
			"__comment": "Voxels",
			"from": [ 5.5, 8, 6.5 ],
			"to": [ 8.25, 8.5, 6.75 ],
			"faces": {
				"down": { "uv": [ 7.375, 15.625, 8.75, 15.75 ], "texture": "#metaloreitem" },
				"up": { "uv": [ 11.5, 15.875, 12.875, 15.75 ], "texture": "#metaloreitem" },
				"north": { "uv": [ 4.125, 9.5, 2.75, 9.75 ], "texture": "#metaloreitem" },
				"west": { "uv": [ 2.625, 8, 2.75, 8.25 ], "texture": "#metaloreitem" },
				"east": { "uv": [ 7.5, 13.625, 7.375, 13.875 ], "texture": "#metaloreitem" }
			}
		},
		{
			"__comment": "Voxels",
			"from": [ 5.5, 8.5, 7 ],
			"to": [ 9, 9, 7.5 ],
			"faces": {
				"up": { "uv": [ 2.375, 11, 4.125, 10.75 ], "texture": "#metaloreitem" },
				"north": { "uv": [ 4.125, 10.5, 2.375, 10.75 ], "texture": "#metaloreitem" },
				"west": { "uv": [ 2.125, 11.5, 2.375, 11.75 ], "texture": "#metaloreitem" },
				"east": { "uv": [ 2.375, 12.125, 2.125, 12.375 ], "texture": "#metaloreitem" }
			}
		},
		{
			"__comment": "Voxels",
			"from": [ 5.75, 7, 7.25 ],
			"to": [ 9.5, 7.25, 7.5 ],
			"faces": {
				"down": { "uv": [ 4.875, 10, 6.75, 10.125 ], "texture": "#metaloreitem" },
				"north": { "uv": [ 6.75, 10.125, 4.875, 10.25 ], "texture": "#metaloreitem" },
				"west": { "uv": [ 7.375, 12.875, 7.5, 13 ], "texture": "#metaloreitem" },
				"east": { "uv": [ 8.5, 13, 8.375, 13.125 ], "texture": "#metaloreitem" }
			}
		},
		{
			"__comment": "Voxels",
			"from": [ 5.75, 7, 8.5 ],
			"to": [ 10.5, 7.25, 8.75 ],
			"faces": {
				"down": { "uv": [ 4.875, 13.375, 7.25, 13.5 ], "texture": "#metaloreitem" },
				"south": { "uv": [ 4.875, 13.875, 7.25, 14 ], "texture": "#metaloreitem" },
				"west": { "uv": [ 8.25, 13, 8.375, 13.125 ], "texture": "#metaloreitem" },
				"east": { "uv": [ 8, 13, 7.875, 13.125 ], "texture": "#metaloreitem" }
			}
		},
		{
			"__comment": "Voxels",
			"from": [ 5.75, 7.25, 6.75 ],
			"to": [ 8.5, 7.5, 7 ],
			"faces": {
				"down": { "uv": [ 7.375, 15.875, 8.75, 16 ], "texture": "#metaloreitem" },
				"north": { "uv": [ 11.5, 15.75, 10.125, 15.875 ], "texture": "#metaloreitem" },
				"west": { "uv": [ 7.75, 13, 7.875, 13.125 ], "texture": "#metaloreitem" },
				"east": { "uv": [ 7.75, 13, 7.625, 13.125 ], "texture": "#metaloreitem" }
			}
		},
		{
			"__comment": "Voxels",
			"from": [ 5.75, 7.25, 8.75 ],
			"to": [ 10.5, 7.5, 9 ],
			"faces": {
				"down": { "uv": [ 4.875, 15.125, 7.25, 15.25 ], "texture": "#metaloreitem" },
				"south": { "uv": [ 4.875, 14.625, 7.25, 14.75 ], "texture": "#metaloreitem" },
				"west": { "uv": [ 7.5, 13, 7.625, 13.125 ], "texture": "#metaloreitem" },
				"east": { "uv": [ 8.125, 13.125, 8, 13.25 ], "texture": "#metaloreitem" }
			}
		},
		{
			"__comment": "Voxels",
			"from": [ 5.75, 7.75, 9 ],
			"to": [ 10.5, 8.5, 9.25 ],
			"faces": {
				"down": { "uv": [ 4.875, 14.25, 7.25, 14.375 ], "texture": "#metaloreitem" },
				"up": { "uv": [ 4.875, 14.25, 7.25, 14.125 ], "texture": "#metaloreitem" },
				"south": { "uv": [ 0, 8.75, 2.375, 9.125 ], "texture": "#metaloreitem" },
				"west": { "uv": [ 6.875, 8, 7, 8.375 ], "texture": "#metaloreitem" },
				"east": { "uv": [ 7.125, 8, 7, 8.375 ], "texture": "#metaloreitem" }
			}
		},
		{
			"__comment": "Voxels",
			"from": [ 5.75, 8.5, 8.75 ],
			"to": [ 10.5, 8.75, 9 ],
			"faces": {
				"up": { "uv": [ 4.875, 14.625, 7.25, 14.5 ], "texture": "#metaloreitem" },
				"south": { "uv": [ 4.875, 13.75, 7.25, 13.875 ], "texture": "#metaloreitem" },
				"west": { "uv": [ 7.875, 13.125, 8, 13.25 ], "texture": "#metaloreitem" },
				"east": { "uv": [ 7.625, 13.375, 7.5, 13.5 ], "texture": "#metaloreitem" }
			}
		},
		{
			"__comment": "Voxels",
			"from": [ 5.75, 8.75, 8.25 ],
			"to": [ 10.5, 9, 8.5 ],
			"faces": {
				"up": { "uv": [ 4.875, 14.125, 7.25, 14 ], "texture": "#metaloreitem" },
				"north": { "uv": [ 7.25, 13, 4.875, 13.125 ], "texture": "#metaloreitem" },
				"south": { "uv": [ 4.875, 13.5, 7.25, 13.625 ], "texture": "#metaloreitem" },
				"west": { "uv": [ 7.375, 13.375, 7.5, 13.5 ], "texture": "#metaloreitem" },
				"east": { "uv": [ 8.5, 13.5, 8.375, 13.625 ], "texture": "#metaloreitem" }
			}
		},
		{
			"__comment": "Voxels",
			"from": [ 6, 7, 7 ],
			"to": [ 9, 7.25, 7.25 ],
			"faces": {
				"down": { "uv": [ 4.875, 8.5, 6.375, 8.625 ], "texture": "#metaloreitem" },
				"north": { "uv": [ 6.375, 8.375, 4.875, 8.5 ], "texture": "#metaloreitem" },
				"west": { "uv": [ 8.25, 13.5, 8.375, 13.625 ], "texture": "#metaloreitem" },
				"east": { "uv": [ 8, 13.5, 7.875, 13.625 ], "texture": "#metaloreitem" }
			}
		},
		{
			"__comment": "Voxels",
			"from": [ 6, 7, 8.75 ],
			"to": [ 10.25, 7.25, 9 ],
			"faces": {
				"down": { "uv": [ 4.875, 11.875, 7, 12 ], "texture": "#metaloreitem" },
				"south": { "uv": [ 4.875, 11.625, 7, 11.75 ], "texture": "#metaloreitem" },
				"west": { "uv": [ 7.75, 13.5, 7.875, 13.625 ], "texture": "#metaloreitem" },
				"east": { "uv": [ 6.625, 8, 6.5, 8.125 ], "texture": "#metaloreitem" }
			}
		},
		{
			"__comment": "Voxels",
			"from": [ 6, 7.5, 6.5 ],
			"to": [ 7.75, 8, 6.75 ],
			"faces": {
				"down": { "uv": [ 1.5, 10.875, 2.375, 11 ], "texture": "#metaloreitem" },
				"north": { "uv": [ 2.375, 11.25, 1.5, 11.5 ], "texture": "#metaloreitem" },
				"west": { "uv": [ 7.5, 13.625, 7.625, 13.875 ], "texture": "#metaloreitem" },
				"east": { "uv": [ 7.75, 13.625, 7.625, 13.875 ], "texture": "#metaloreitem" }
			}
		},
		{
			"__comment": "Voxels",
			"from": [ 6, 7.5, 9 ],
			"to": [ 10.5, 7.75, 9.25 ],
			"faces": {
				"down": { "uv": [ 4.875, 12.75, 7.125, 12.875 ], "texture": "#metaloreitem" },
				"south": { "uv": [ 4.875, 12.625, 7.125, 12.75 ], "texture": "#metaloreitem" },
				"west": { "uv": [ 7.625, 13.5, 7.75, 13.625 ], "texture": "#metaloreitem" },
				"east": { "uv": [ 7.625, 13.5, 7.5, 13.625 ], "texture": "#metaloreitem" }
			}
		},
		{
			"__comment": "Voxels",
			"from": [ 6, 8.75, 6.75 ],
			"to": [ 8.25, 9, 7 ],
			"faces": {
				"up": { "uv": [ 11, 15.5, 12.125, 15.375 ], "texture": "#metaloreitem" },
				"north": { "uv": [ 13.25, 15.375, 12.125, 15.5 ], "texture": "#metaloreitem" },
				"west": { "uv": [ 7.375, 13.5, 7.5, 13.625 ], "texture": "#metaloreitem" },
				"east": { "uv": [ 8.5, 13.875, 8.375, 14 ], "texture": "#metaloreitem" }
			}
		},
		{
			"__comment": "Voxels",
			"from": [ 6, 8.75, 8.5 ],
			"to": [ 10.25, 9, 8.75 ],
			"faces": {
				"up": { "uv": [ 4.875, 12.375, 7, 12.25 ], "texture": "#metaloreitem" },
				"south": { "uv": [ 4.875, 12, 7, 12.125 ], "texture": "#metaloreitem" },
				"west": { "uv": [ 8.25, 13.875, 8.375, 14 ], "texture": "#metaloreitem" },
				"east": { "uv": [ 8.25, 13.875, 8.125, 14 ], "texture": "#metaloreitem" }
			}
		},
		{
			"__comment": "Voxels",
			"from": [ 6.25, 6.75, 7.5 ],
			"to": [ 9.5, 7, 8.75 ],
			"faces": {
				"down": { "uv": [ 0, 12.125, 1.625, 12.75 ], "texture": "#metaloreitem" },
				"up": { "uv": [ 0, 12.125, 1.625, 11.5 ], "texture": "#metaloreitem" },
				"north": { "uv": [ 6.5, 9.25, 4.875, 9.375 ], "texture": "#metaloreitem" },
				"south": { "uv": [ 4.875, 9.125, 6.5, 9.25 ], "texture": "#metaloreitem" },
				"west": { "uv": [ 4.25, 10, 4.875, 10.125 ], "texture": "#metaloreitem" },
				"east": { "uv": [ 4.875, 9.875, 4.25, 10 ], "texture": "#metaloreitem" }
			}
		},
		{
			"__comment": "Voxels",
			"from": [ 6.25, 7.25, 6.5 ],
			"to": [ 7.5, 7.5, 6.75 ],
			"faces": {
				"down": { "uv": [ 4.25, 9.75, 4.875, 9.875 ], "texture": "#metaloreitem" },
				"north": { "uv": [ 7.375, 10.75, 6.75, 10.875 ], "texture": "#metaloreitem" },
				"west": { "uv": [ 8.25, 14.375, 8.375, 14.5 ], "texture": "#metaloreitem" },
				"east": { "uv": [ 8.25, 14.375, 8.125, 14.5 ], "texture": "#metaloreitem" }
			}
		},
		{
			"__comment": "Voxels",
			"from": [ 6.25, 7.25, 9 ],
			"to": [ 10.25, 7.5, 9.25 ],
			"faces": {
				"down": { "uv": [ 4.875, 11.125, 6.875, 11.25 ], "texture": "#metaloreitem" },
				"south": { "uv": [ 4.875, 11, 6.875, 11.125 ], "texture": "#metaloreitem" },
				"west": { "uv": [ 8.375, 14.75, 8.5, 14.875 ], "texture": "#metaloreitem" },
				"east": { "uv": [ 8.5, 14.875, 8.375, 15 ], "texture": "#metaloreitem" }
			}
		},
		{
			"__comment": "Voxels",
			"from": [ 6.25, 8.75, 8.75 ],
			"to": [ 10, 9, 9 ],
			"faces": {
				"up": { "uv": [ 4.875, 9.875, 6.75, 9.75 ], "texture": "#metaloreitem" },
				"south": { "uv": [ 4.875, 10.75, 6.75, 10.875 ], "texture": "#metaloreitem" },
				"west": { "uv": [ 8.375, 15, 8.5, 15.125 ], "texture": "#metaloreitem" },
				"east": { "uv": [ 16, 15.625, 15.875, 15.75 ], "texture": "#metaloreitem" }
			}
		},
		{
			"__comment": "Voxels",
			"from": [ 6.5, 6.75, 7.25 ],
			"to": [ 9.25, 7, 7.5 ],
			"faces": {
				"down": { "uv": [ 8.75, 15.875, 10.125, 16 ], "texture": "#metaloreitem" },
				"north": { "uv": [ 12.875, 15.875, 11.5, 16 ], "texture": "#metaloreitem" },
				"west": { "uv": [ 6.75, 8, 6.875, 8.125 ], "texture": "#metaloreitem" },
				"east": { "uv": [ 6.75, 8, 6.625, 8.125 ], "texture": "#metaloreitem" }
			}
		},
		{
			"__comment": "Voxels",
			"from": [ 6.5, 7.5, 9.25 ],
			"to": [ 9.75, 8.25, 9.5 ],
			"faces": {
				"down": { "uv": [ 4.875, 9.375, 6.5, 9.5 ], "texture": "#metaloreitem" },
				"up": { "uv": [ 4.875, 9.125, 6.5, 9 ], "texture": "#metaloreitem" },
				"north": { "uv": [ 1.625, 8.375, 0, 8.75 ], "texture": "#metaloreitem" },
				"south": { "uv": [ 0, 8, 1.625, 8.375 ], "texture": "#metaloreitem" },
				"west": { "uv": [ 8, 14, 8.125, 14.375 ], "texture": "#metaloreitem" },
				"east": { "uv": [ 8.375, 14, 8.25, 14.375 ], "texture": "#metaloreitem" }
			}
		},
		{
			"__comment": "Voxels",
			"from": [ 6.5, 8.5, 9 ],
			"to": [ 10.25, 8.75, 9.25 ],
			"faces": {
				"up": { "uv": [ 4.875, 9.625, 6.75, 9.5 ], "texture": "#metaloreitem" },
				"south": { "uv": [ 4.875, 10.25, 6.75, 10.375 ], "texture": "#metaloreitem" },
				"west": { "uv": [ 8.25, 13.125, 8.375, 13.25 ], "texture": "#metaloreitem" },
				"east": { "uv": [ 8.25, 13.125, 8.125, 13.25 ], "texture": "#metaloreitem" }
			}
		},
		{
			"__comment": "Voxels",
			"from": [ 6.5, 9, 7.25 ],
			"to": [ 8.75, 9.25, 7.75 ],
			"faces": {
				"down": { "uv": [ 2.75, 8.75, 3.875, 9 ], "texture": "#metaloreitem" },
				"up": { "uv": [ 2.75, 9.25, 3.875, 9 ], "texture": "#metaloreitem" },
				"north": { "uv": [ 3.875, 8, 2.75, 8.125 ], "texture": "#metaloreitem" },
				"south": { "uv": [ 14.875, 15.5, 16, 15.625 ], "texture": "#metaloreitem" },
				"west": { "uv": [ 7.125, 12.875, 7.375, 13 ], "texture": "#metaloreitem" },
				"east": { "uv": [ 7.375, 12.75, 7.125, 12.875 ], "texture": "#metaloreitem" }
			}
		},
		{
			"__comment": "Voxels",
			"from": [ 6.75, 6.75, 8.75 ],
			"to": [ 9.25, 7, 9 ],
			"faces": {
				"down": { "uv": [ 10.125, 15.625, 11.375, 15.75 ], "texture": "#metaloreitem" },
				"south": { "uv": [ 13.875, 15.625, 15.125, 15.75 ], "texture": "#metaloreitem" },
				"west": { "uv": [ 7.25, 14.875, 7.375, 15 ], "texture": "#metaloreitem" },
				"east": { "uv": [ 7.375, 14.25, 7.25, 14.375 ], "texture": "#metaloreitem" }
			}
		},
		{
			"__comment": "Voxels",
			"from": [ 6.75, 7, 6.75 ],
			"to": [ 8.25, 7.25, 7 ],
			"faces": {
				"down": { "uv": [ 4.125, 9.625, 4.875, 9.75 ], "texture": "#metaloreitem" },
				"north": { "uv": [ 4.875, 10.5, 4.125, 10.625 ], "texture": "#metaloreitem" },
				"west": { "uv": [ 7.25, 10.625, 7.375, 10.75 ], "texture": "#metaloreitem" },
				"east": { "uv": [ 7.375, 10.5, 7.25, 10.625 ], "texture": "#metaloreitem" }
			}
		},
		{
			"__comment": "Voxels",
			"from": [ 6.75, 7, 9 ],
			"to": [ 9.25, 7.25, 9.25 ],
			"faces": {
				"down": { "uv": [ 7.375, 15.5, 8.625, 15.625 ], "texture": "#metaloreitem" },
				"south": { "uv": [ 11.125, 15.5, 12.375, 15.625 ], "texture": "#metaloreitem" },
				"west": { "uv": [ 7.5, 13.125, 7.625, 13.25 ], "texture": "#metaloreitem" },
				"east": { "uv": [ 7.5, 13.125, 7.375, 13.25 ], "texture": "#metaloreitem" }
			}
		},
		{
			"__comment": "Voxels",
			"from": [ 6.75, 9, 7 ],
			"to": [ 8.25, 9.25, 7.25 ],
			"faces": {
				"up": { "uv": [ 7.375, 14.75, 8.125, 14.625 ], "texture": "#metaloreitem" },
				"north": { "uv": [ 4.875, 11, 4.125, 11.125 ], "texture": "#metaloreitem" },
				"west": { "uv": [ 6.375, 8, 6.5, 8.125 ], "texture": "#metaloreitem" },
				"east": { "uv": [ 7.375, 10.375, 7.25, 10.5 ], "texture": "#metaloreitem" }
			}
		},
		{
			"__comment": "Voxels",
			"from": [ 6.75, 9, 7.75 ],
			"to": [ 9.75, 9.25, 8.25 ],
			"faces": {
				"up": { "uv": [ 2.75, 10, 4.25, 9.75 ], "texture": "#metaloreitem" },
				"north": { "uv": [ 6.375, 8.25, 4.875, 8.375 ], "texture": "#metaloreitem" },
				"south": { "uv": [ 4.875, 8.125, 6.375, 8.25 ], "texture": "#metaloreitem" },
				"west": { "uv": [ 4.625, 9, 4.875, 9.125 ], "texture": "#metaloreitem" },
				"east": { "uv": [ 4.875, 8, 4.625, 8.125 ], "texture": "#metaloreitem" }
			}
		},
		{
			"__comment": "Voxels",
			"from": [ 7, 6.5, 7.75 ],
			"to": [ 8, 6.75, 8.5 ],
			"faces": {
				"down": { "uv": [ 1.625, 11.75, 2.125, 12.125 ], "texture": "#metaloreitem" },
				"north": { "uv": [ 7.25, 10.5, 6.75, 10.625 ], "texture": "#metaloreitem" },
				"south": { "uv": [ 6.75, 10.375, 7.25, 10.5 ], "texture": "#metaloreitem" },
				"west": { "uv": [ 6.75, 9.75, 7.125, 9.875 ], "texture": "#metaloreitem" },
				"east": { "uv": [ 7.375, 12.25, 7, 12.375 ], "texture": "#metaloreitem" }
			}
		},
		{
			"__comment": "Voxels",
			"from": [ 7, 6.75, 7 ],
			"to": [ 8.5, 7, 7.25 ],
			"faces": {
				"down": { "uv": [ 4.125, 9.5, 4.875, 9.625 ], "texture": "#metaloreitem" },
				"north": { "uv": [ 4.875, 9.25, 4.125, 9.375 ], "texture": "#metaloreitem" },
				"west": { "uv": [ 7.25, 13, 7.375, 13.125 ], "texture": "#metaloreitem" },
				"east": { "uv": [ 7.375, 13.875, 7.25, 14 ], "texture": "#metaloreitem" }
			}
		},
		{
			"__comment": "Voxels",
			"from": [ 7, 7.25, 9.25 ],
			"to": [ 8.5, 7.5, 9.5 ],
			"faces": {
				"down": { "uv": [ 6.5, 9.375, 7.25, 9.5 ], "texture": "#metaloreitem" },
				"south": { "uv": [ 6.5, 9.125, 7.25, 9.25 ], "texture": "#metaloreitem" },
				"west": { "uv": [ 7.25, 14, 7.375, 14.125 ], "texture": "#metaloreitem" },
				"east": { "uv": [ 7.375, 14.125, 7.25, 14.25 ], "texture": "#metaloreitem" }
			}
		},
		{
			"__comment": "Voxels",
			"from": [ 7, 8.25, 9.25 ],
			"to": [ 9.75, 8.5, 9.5 ],
			"faces": {
				"up": { "uv": [ 7.375, 15.875, 8.75, 15.75 ], "texture": "#metaloreitem" },
				"south": { "uv": [ 14.25, 15.75, 15.625, 15.875 ], "texture": "#metaloreitem" },
				"west": { "uv": [ 7.25, 15.125, 7.375, 15.25 ], "texture": "#metaloreitem" },
				"east": { "uv": [ 4.875, 9.125, 4.75, 9.25 ], "texture": "#metaloreitem" }
			}
		},
		{
			"__comment": "Voxels",
			"from": [ 7, 9, 8.25 ],
			"to": [ 9.5, 9.25, 8.5 ],
			"faces": {
				"up": { "uv": [ 13.625, 15.625, 14.875, 15.5 ], "texture": "#metaloreitem" },
				"south": { "uv": [ 8.625, 15.375, 9.875, 15.5 ], "texture": "#metaloreitem" },
				"west": { "uv": [ 8.375, 13.25, 8.5, 13.375 ], "texture": "#metaloreitem" },
				"east": { "uv": [ 8.375, 13.25, 8.25, 13.375 ], "texture": "#metaloreitem" }
			}
		},
		{
			"__comment": "Voxels",
			"from": [ 7.25, 6.5, 7.5 ],
			"to": [ 8, 6.75, 7.75 ],
			"faces": {
				"down": { "uv": [ 7, 12.125, 7.375, 12.25 ], "texture": "#metaloreitem" },
				"north": { "uv": [ 7.375, 11.875, 7, 12 ], "texture": "#metaloreitem" },
				"west": { "uv": [ 7.25, 14.75, 7.375, 14.875 ], "texture": "#metaloreitem" },
				"east": { "uv": [ 7.375, 15, 7.25, 15.125 ], "texture": "#metaloreitem" }
			}
		},
		{
			"__comment": "Voxels",
			"from": [ 7.25, 8.5, 9.25 ],
			"to": [ 9.5, 8.75, 9.5 ],
			"faces": {
				"up": { "uv": [ 7.375, 15.25, 8.5, 15.125 ], "texture": "#metaloreitem" },
				"south": { "uv": [ 14.375, 15.375, 15.5, 15.5 ], "texture": "#metaloreitem" },
				"west": { "uv": [ 8, 13.5, 8.125, 13.625 ], "texture": "#metaloreitem" },
				"east": { "uv": [ 8.125, 13.875, 8, 14 ], "texture": "#metaloreitem" }
			}
		},
		{
			"__comment": "Voxels",
			"from": [ 7.25, 8.75, 9 ],
			"to": [ 9.5, 9, 9.25 ],
			"faces": {
				"up": { "uv": [ 2.75, 8.25, 3.875, 8.125 ], "texture": "#metaloreitem" },
				"south": { "uv": [ 2.75, 8.375, 3.875, 8.5 ], "texture": "#metaloreitem" },
				"west": { "uv": [ 7.25, 14.5, 7.375, 14.625 ], "texture": "#metaloreitem" },
				"east": { "uv": [ 7.375, 14.625, 7.25, 14.75 ], "texture": "#metaloreitem" }
			}
		},
		{
			"__comment": "Voxels",
			"from": [ 7.5, 9, 8.5 ],
			"to": [ 9, 9.25, 8.75 ],
			"faces": {
				"up": { "uv": [ 15.125, 15.75, 15.875, 15.625 ], "texture": "#metaloreitem" },
				"south": { "uv": [ 4.125, 10.375, 4.875, 10.5 ], "texture": "#metaloreitem" },
				"west": { "uv": [ 7.25, 14.375, 7.375, 14.5 ], "texture": "#metaloreitem" },
				"east": { "uv": [ 8.5, 14.375, 8.375, 14.5 ], "texture": "#metaloreitem" }
			}
		},
		{
			"__comment": "Voxels",
			"from": [ 7.5, 9.25, 7.5 ],
			"to": [ 8.5, 9.5, 8 ],
			"faces": {
				"down": { "uv": [ 1.625, 12.125, 2.125, 12.375 ], "texture": "#metaloreitem" },
				"up": { "uv": [ 1.625, 11.75, 2.125, 11.5 ], "texture": "#metaloreitem" },
				"north": { "uv": [ 4.875, 11.25, 4.375, 11.375 ], "texture": "#metaloreitem" },
				"south": { "uv": [ 4.375, 11.375, 4.875, 11.5 ], "texture": "#metaloreitem" },
				"west": { "uv": [ 7.125, 12.625, 7.375, 12.75 ], "texture": "#metaloreitem" },
				"east": { "uv": [ 7.375, 12.5, 7.125, 12.625 ], "texture": "#metaloreitem" }
			}
		},
		{
			"__comment": "Voxels",
			"from": [ 7.75, 7.75, 6.5 ],
			"to": [ 8.25, 8, 6.75 ],
			"faces": {
				"down": { "uv": [ 7.125, 9.875, 7.375, 10 ], "texture": "#metaloreitem" },
				"north": { "uv": [ 7.375, 9.625, 7.125, 9.75 ], "texture": "#metaloreitem" },
				"east": { "uv": [ 8.5, 13.375, 8.375, 13.5 ], "texture": "#metaloreitem" }
			}
		},
		{
			"__comment": "Voxels",
			"from": [ 7.75, 9.25, 8 ],
			"to": [ 8.75, 9.5, 8.25 ],
			"faces": {
				"up": { "uv": [ 4.375, 11.75, 4.875, 11.625 ], "texture": "#metaloreitem" },
				"north": { "uv": [ 7.25, 10.125, 6.75, 10.25 ], "texture": "#metaloreitem" },
				"south": { "uv": [ 6.75, 10.25, 7.25, 10.375 ], "texture": "#metaloreitem" },
				"west": { "uv": [ 7.625, 13.125, 7.75, 13.25 ], "texture": "#metaloreitem" },
				"east": { "uv": [ 7.875, 13.125, 7.75, 13.25 ], "texture": "#metaloreitem" }
			}
		},
		{
			"__comment": "Voxels",
			"from": [ 8, 6.5, 8 ],
			"to": [ 8.5, 6.75, 8.5 ],
			"faces": {
				"down": { "uv": [ 2.375, 8, 2.625, 8.25 ], "texture": "#metaloreitem" },
				"north": { "uv": [ 7.25, 9.5, 7, 9.625 ], "texture": "#metaloreitem" },
				"south": { "uv": [ 8.125, 14.5, 8.375, 14.625 ], "texture": "#metaloreitem" },
				"east": { "uv": [ 15.875, 15.75, 15.625, 15.875 ], "texture": "#metaloreitem" }
			}
		},
		{
			"__comment": "Voxels",
			"from": [ 8.5, 7.75, 6.75 ],
			"to": [ 9, 8.5, 7 ],
			"faces": {
				"down": { "uv": [ 15.5, 15.375, 15.75, 15.5 ], "texture": "#metaloreitem" },
				"up": { "uv": [ 15.75, 15.5, 16, 15.375 ], "texture": "#metaloreitem" },
				"north": { "uv": [ 2.375, 8, 2.125, 8.375 ], "texture": "#metaloreitem" },
				"east": { "uv": [ 8.5, 14, 8.375, 14.375 ], "texture": "#metaloreitem" }
			}
		},
		{
			"__comment": "Voxels",
			"from": [ 8.5, 9.25, 7.75 ],
			"to": [ 8.75, 9.5, 8 ],
			"faces": {
				"up": { "uv": [ 7.25, 13.75, 7.375, 13.625 ], "texture": "#metaloreitem" },
				"north": { "uv": [ 7.375, 13.5, 7.25, 13.625 ], "texture": "#metaloreitem" },
				"east": { "uv": [ 7.375, 13.125, 7.25, 13.25 ], "texture": "#metaloreitem" }
			}
		},
		{
			"__comment": "Voxels",
			"from": [ 8.75, 9, 7.5 ],
			"to": [ 9.5, 9.25, 7.75 ],
			"faces": {
				"up": { "uv": [ 7, 11.625, 7.375, 11.5 ], "texture": "#metaloreitem" },
				"north": { "uv": [ 7.125, 9.875, 6.75, 10 ], "texture": "#metaloreitem" },
				"east": { "uv": [ 7.375, 10.125, 7.25, 10.25 ], "texture": "#metaloreitem" }
			}
		},
		{
			"__comment": "Voxels",
			"from": [ 9, 8, 6.75 ],
			"to": [ 9.25, 8.25, 7 ],
			"faces": {
				"down": { "uv": [ 7.25, 10, 7.375, 10.125 ], "texture": "#metaloreitem" },
				"up": { "uv": [ 7.25, 9.625, 7.375, 9.5 ], "texture": "#metaloreitem" },
				"north": { "uv": [ 7.375, 9.375, 7.25, 9.5 ], "texture": "#metaloreitem" },
				"east": { "uv": [ 7.375, 9, 7.25, 9.125 ], "texture": "#metaloreitem" }
			}
		},
		{
			"__comment": "Voxels",
			"from": [ 9, 8.5, 7.25 ],
			"to": [ 10.5, 8.75, 7.5 ],
			"faces": {
				"down": { "uv": [ 4.125, 10.75, 4.875, 10.875 ], "texture": "#metaloreitem" },
				"up": { "uv": [ 4.125, 11.25, 4.875, 11.125 ], "texture": "#metaloreitem" },
				"north": { "uv": [ 8.125, 14.375, 7.375, 14.5 ], "texture": "#metaloreitem" },
				"south": { "uv": [ 6.5, 9, 7.25, 9.125 ], "texture": "#metaloreitem" },
				"east": { "uv": [ 16, 15.75, 15.875, 15.875 ], "texture": "#metaloreitem" }
			}
		},
		{
			"__comment": "Voxels",
			"from": [ 9, 8.75, 7.25 ],
			"to": [ 10, 9, 7.5 ],
			"faces": {
				"up": { "uv": [ 6.875, 11.5, 7.375, 11.375 ], "texture": "#metaloreitem" },
				"north": { "uv": [ 7.375, 11.25, 6.875, 11.375 ], "texture": "#metaloreitem" },
				"east": { "uv": [ 8.5, 14.5, 8.375, 14.625 ], "texture": "#metaloreitem" }
			}
		},
		{
			"__comment": "Voxels",
			"from": [ 9.5, 6.75, 7.75 ],
			"to": [ 10, 7, 8.75 ],
			"faces": {
				"down": { "uv": [ 1.625, 8.25, 1.875, 8.75 ], "texture": "#metaloreitem" },
				"up": { "uv": [ 2, 10.875, 2.25, 10.375 ], "texture": "#metaloreitem" },
				"north": { "uv": [ 8.375, 15, 8.125, 15.125 ], "texture": "#metaloreitem" },
				"south": { "uv": [ 8.125, 14.875, 8.375, 15 ], "texture": "#metaloreitem" },
				"east": { "uv": [ 7.25, 10, 6.75, 10.125 ], "texture": "#metaloreitem" }
			}
		},
		{
			"__comment": "Voxels",
			"from": [ 9.5, 7.25, 7.25 ],
			"to": [ 10.25, 8.5, 7.5 ],
			"faces": {
				"down": { "uv": [ 7, 12.375, 7.375, 12.5 ], "texture": "#metaloreitem" },
				"north": { "uv": [ 2.375, 13.375, 2, 14 ], "texture": "#metaloreitem" },
				"east": { "uv": [ 7.25, 8.375, 7.125, 9 ], "texture": "#metaloreitem" }
			}
		},
		{
			"__comment": "Voxels",
			"from": [ 9.5, 7.5, 7 ],
			"to": [ 10, 8.25, 7.25 ],
			"faces": {
				"down": { "uv": [ 8.125, 14.75, 8.375, 14.875 ], "texture": "#metaloreitem" },
				"up": { "uv": [ 8.125, 14.75, 8.375, 14.625 ], "texture": "#metaloreitem" },
				"north": { "uv": [ 2.375, 11.75, 2.125, 12.125 ], "texture": "#metaloreitem" },
				"east": { "uv": [ 7.25, 8, 7.125, 8.375 ], "texture": "#metaloreitem" }
			}
		},
		{
			"__comment": "Voxels",
			"from": [ 9.5, 8.25, 7 ],
			"to": [ 9.75, 8.5, 7.25 ],
			"faces": {
				"up": { "uv": [ 7.75, 13.5, 7.875, 13.375 ], "texture": "#metaloreitem" },
				"north": { "uv": [ 8, 13.375, 7.875, 13.5 ], "texture": "#metaloreitem" },
				"east": { "uv": [ 8.375, 13.375, 8.25, 13.5 ], "texture": "#metaloreitem" }
			}
		},
		{
			"__comment": "Voxels",
			"from": [ 9.75, 9, 8 ],
			"to": [ 10, 9.25, 8.25 ],
			"faces": {
				"up": { "uv": [ 7.375, 13.375, 7.5, 13.25 ], "texture": "#metaloreitem" },
				"north": { "uv": [ 7.625, 13.25, 7.5, 13.375 ], "texture": "#metaloreitem" },
				"south": { "uv": [ 7.625, 13.25, 7.75, 13.375 ], "texture": "#metaloreitem" },
				"east": { "uv": [ 8, 13.25, 7.875, 13.375 ], "texture": "#metaloreitem" }
			}
		},
		{
			"__comment": "Voxels",
			"from": [ 10, 7.75, 7 ],
			"to": [ 10.25, 8.25, 7.25 ],
			"faces": {
				"down": { "uv": [ 8, 13.25, 8.125, 13.375 ], "texture": "#metaloreitem" },
				"up": { "uv": [ 8.125, 13.375, 8.25, 13.25 ], "texture": "#metaloreitem" },
				"north": { "uv": [ 7.875, 13.625, 7.75, 13.875 ], "texture": "#metaloreitem" },
				"east": { "uv": [ 8.25, 13.625, 8.125, 13.875 ], "texture": "#metaloreitem" }
			}
		},
		{
			"__comment": "Voxels",
			"from": [ 10.25, 7, 7.75 ],
			"to": [ 10.5, 9, 8.25 ],
			"faces": {
				"down": { "uv": [ 8.25, 13.625, 8.375, 13.875 ], "texture": "#metaloreitem" },
				"up": { "uv": [ 8.375, 13.875, 8.5, 13.625 ], "texture": "#metaloreitem" },
				"north": { "uv": [ 4.625, 8, 4.5, 9 ], "texture": "#metaloreitem" },
				"south": { "uv": [ 4.375, 8, 4.5, 9 ], "texture": "#metaloreitem" },
				"east": { "uv": [ 4.375, 8, 4.125, 9 ], "texture": "#metaloreitem" }
			}
		},
		{
			"__comment": "Voxels",
			"from": [ 10.25, 7.25, 7.5 ],
			"to": [ 10.5, 9, 7.75 ],
			"faces": {
				"down": { "uv": [ 8.375, 13.125, 8.5, 13.25 ], "texture": "#metaloreitem" },
				"up": { "uv": [ 7.375, 13.125, 7.5, 13 ], "texture": "#metaloreitem" },
				"north": { "uv": [ 6.875, 8.125, 6.75, 9 ], "texture": "#metaloreitem" },
				"east": { "uv": [ 6.5, 8.125, 6.375, 9 ], "texture": "#metaloreitem" }
			}
		},
		{
			"__comment": "Voxels",
			"from": [ 10.25, 7.5, 7.25 ],
			"to": [ 10.5, 8.5, 7.5 ],
			"faces": {
				"down": { "uv": [ 8, 13, 8.125, 13.125 ], "texture": "#metaloreitem" },
				"north": { "uv": [ 7.875, 13.875, 7.75, 14.375 ], "texture": "#metaloreitem" },
				"east": { "uv": [ 8, 13.875, 7.875, 14.375 ], "texture": "#metaloreitem" }
			}
		}
	],
	"display": {
		"thirdperson_righthand": {
			"rotation":  [ 0, 91, 0 ]
		},
		"firstperson_righthand": {
			"rotation":  [ 0, 169, 0 ],
			"translation":  [ 0, 0.6956, 0 ]
		},
		"gui": {
			"rotation":  [ 39, -41, 0 ],
			"scale":  [ 2, 2, 2 ]
		},
		"ground": {
			"rotation":  [ -74, 66, 53 ]
		}
	}
}