{
	"__comment": "Designed by DevastMc",
	"gui_light": "front",
	"textures": {
		"voxels_atlas": "blocks/stone_axe"
	},
	"elements": [ 	 
		{
			"__comment": "Voxels",
			"from": [ 7, 9.75, 8 ],
			"to": [ 7.5, 10, 8.25 ],
			"faces": {
				"down": { "uv": [ 9, 15.75, 9.5, 16 ], "texture": "#voxels_atlas" },
				"up": { "uv": [ 11.25, 15.5, 11.75, 15.25 ], "texture": "#voxels_atlas" },
				"north": { "uv": [ 12.25, 15.25, 11.75, 15.5 ], "texture": "#voxels_atlas" },
				"south": { "uv": [ 13.25, 15.25, 13.75, 15.5 ], "texture": "#voxels_atlas" },
				"west": { "uv": [ 2, 8, 2.25, 8.25 ], "texture": "#voxels_atlas" },
				"east": { "uv": [ 2, 8, 1.75, 8.25 ], "texture": "#voxels_atlas" }
			}
		},
		{
			"__comment": "Voxels",
			"from": [ 7.25, 5.25, 7.75 ],
			"to": [ 8, 5.5, 8.25 ],
			"faces": {
				"down": { "uv": [ 0, 8, 0.75, 8.5 ], "texture": "#voxels_atlas" },
				"up": { "uv": [ 4.25, 9, 5, 8.5 ], "texture": "#voxels_atlas" },
				"north": { "uv": [ 8, 11.75, 7.25, 12 ], "texture": "#voxels_atlas" },
				"south": { "uv": [ 7.25, 11.5, 8, 11.75 ], "texture": "#voxels_atlas" },
				"west": { "uv": [ 13.75, 15.25, 14.25, 15.5 ], "texture": "#voxels_atlas" },
				"east": { "uv": [ 15.75, 15.25, 15.25, 15.5 ], "texture": "#voxels_atlas" }
			}
		},
		{
			"__comment": "Voxels",
			"from": [ 7.25, 5.5, 7.75 ],
			"to": [ 7.5, 10.75, 8 ],
			"faces": {
				"up": { "uv": [ 8.75, 8.5, 9, 8.25 ], "texture": "#voxels_atlas" },
				"north": { "uv": [ 1.5, 10.75, 1.25, 16 ], "texture": "#voxels_atlas" },
				"south": { "uv": [ 1.5, 10.75, 1.75, 16 ], "texture": "#voxels_atlas" },
				"west": { "uv": [ 1.75, 10.75, 2, 16 ], "texture": "#voxels_atlas" },
				"east": { "uv": [ 2.25, 10.75, 2, 16 ], "texture": "#voxels_atlas" }
			}
		},
		{
			"__comment": "Voxels",
			"from": [ 7.25, 5.5, 8 ],
			"to": [ 8, 8.75, 8.25 ],
			"faces": {
				"up": { "uv": [ 7.25, 9.25, 8, 9 ], "texture": "#voxels_atlas" },
				"north": { "uv": [ 0.75, 12.75, 0, 16 ], "texture": "#voxels_atlas" },
				"south": { "uv": [ 0, 9.5, 0.75, 12.75 ], "texture": "#voxels_atlas" },
				"west": { "uv": [ 3, 12.75, 3.25, 16 ], "texture": "#voxels_atlas" },
				"east": { "uv": [ 3.25, 9.5, 3, 12.75 ], "texture": "#voxels_atlas" }
			}
		},
		{
			"__comment": "Voxels",
			"from": [ 7.25, 6.25, 7.5 ],
			"to": [ 8, 6.5, 7.75 ],
			"faces": {
				"down": { "uv": [ 7.25, 8.25, 8, 8.5 ], "texture": "#voxels_atlas" },
				"up": { "uv": [ 7.25, 8.25, 8, 8 ], "texture": "#voxels_atlas" },
				"north": { "uv": [ 6, 13.75, 5.25, 14 ], "texture": "#voxels_atlas" },
				"south": { "uv": [ 6.5, 11.25, 7.25, 11.5 ], "texture": "#voxels_atlas" },
				"west": { "uv": [ 8.75, 8.5, 9, 8.75 ], "texture": "#voxels_atlas" },
				"east": { "uv": [ 9, 8.75, 8.75, 9 ], "texture": "#voxels_atlas" }
			}
		},
		{
			"__comment": "Voxels",
			"from": [ 7.25, 8.75, 8 ],
			"to": [ 7.5, 9.75, 8.5 ],
			"faces": {
				"down": { "uv": [ 7, 12, 7.25, 12.5 ], "texture": "#voxels_atlas" },
				"up": { "uv": [ 8, 9.75, 8.25, 9.25 ], "texture": "#voxels_atlas" },
				"south": { "uv": [ 4.75, 10.75, 5, 11.75 ], "texture": "#voxels_atlas" },
				"west": { "uv": [ 3.75, 9.5, 4.25, 10.5 ], "texture": "#voxels_atlas" },
				"east": { "uv": [ 4.75, 12.75, 4.25, 13.75 ], "texture": "#voxels_atlas" }
			}
		},
		{
			"__comment": "Voxels",
			"from": [ 7.25, 9.25, 7 ],
			"to": [ 8, 9.5, 7.75 ],
			"faces": {
				"down": { "uv": [ 4.25, 13.75, 5, 14.5 ], "texture": "#voxels_atlas" },
				"up": { "uv": [ 4.25, 15.25, 5, 14.5 ], "texture": "#voxels_atlas" },
				"north": { "uv": [ 6.75, 9.5, 6, 9.75 ], "texture": "#voxels_atlas" },
				"south": { "uv": [ 7.25, 9.25, 8, 9.5 ], "texture": "#voxels_atlas" },
				"west": { "uv": [ 6, 9, 6.75, 9.25 ], "texture": "#voxels_atlas" },
				"east": { "uv": [ 8, 15.25, 7.25, 15.5 ], "texture": "#voxels_atlas" }
			}
		},
		{
			"__comment": "Voxels",
			"from": [ 7.25, 9.5, 6.5 ],
			"to": [ 8, 10.25, 6.75 ],
			"faces": {
				"down": { "uv": [ 7.25, 15, 8, 15.25 ], "texture": "#voxels_atlas" },
				"up": { "uv": [ 7.25, 15, 8, 14.75 ], "texture": "#voxels_atlas" },
				"north": { "uv": [ 4, 8.5, 3.25, 9.25 ], "texture": "#voxels_atlas" },
				"south": { "uv": [ 4.25, 15.25, 5, 16 ], "texture": "#voxels_atlas" },
				"west": { "uv": [ 6.75, 10.25, 7, 11 ], "texture": "#voxels_atlas" },
				"east": { "uv": [ 7.25, 10.25, 7, 11 ], "texture": "#voxels_atlas" }
			}
		},
		{
			"__comment": "Voxels",
			"from": [ 7.25, 9.5, 6.75 ],
			"to": [ 8.25, 9.75, 7 ],
			"faces": {
				"down": { "uv": [ 6, 13.5, 7, 13.75 ], "texture": "#voxels_atlas" },
				"up": { "uv": [ 6, 15.5, 7, 15.25 ], "texture": "#voxels_atlas" },
				"north": { "uv": [ 7, 15, 6, 15.25 ], "texture": "#voxels_atlas" },
				"south": { "uv": [ 6, 14.75, 7, 15 ], "texture": "#voxels_atlas" },
				"west": { "uv": [ 8.75, 10, 9, 10.25 ], "texture": "#voxels_atlas" },
				"east": { "uv": [ 9, 10.25, 8.75, 10.5 ], "texture": "#voxels_atlas" }
			}
		},
		{
			"__comment": "Voxels",
			"from": [ 7.25, 9.5, 7 ],
			"to": [ 7.5, 10.5, 7.75 ],
			"faces": {
				"up": { "uv": [ 7.5, 14.75, 7.75, 14 ], "texture": "#voxels_atlas" },
				"north": { "uv": [ 4.25, 10.5, 4, 11.5 ], "texture": "#voxels_atlas" },
				"west": { "uv": [ 3.25, 10.5, 4, 11.5 ], "texture": "#voxels_atlas" },
				"east": { "uv": [ 0.75, 8.5, 0, 9.5 ], "texture": "#voxels_atlas" }
			}
		},
		{
			"__comment": "Voxels",
			"from": [ 7.25, 9.5, 8.5 ],
			"to": [ 8.25, 10, 8.75 ],
			"faces": {
				"down": { "uv": [ 6, 11.5, 7, 11.75 ], "texture": "#voxels_atlas" },
				"up": { "uv": [ 6, 12, 7, 11.75 ], "texture": "#voxels_atlas" },
				"north": { "uv": [ 6, 15.5, 5, 16 ], "texture": "#voxels_atlas" },
				"south": { "uv": [ 3.25, 8, 4.25, 8.5 ], "texture": "#voxels_atlas" },
				"west": { "uv": [ 8, 8.75, 8.25, 9.25 ], "texture": "#voxels_atlas" },
				"east": { "uv": [ 8.25, 8.25, 8, 8.75 ], "texture": "#voxels_atlas" }
			}
		},
		{
			"__comment": "Voxels",
			"from": [ 7.25, 9.5, 8.75 ],
			"to": [ 8, 10, 9 ],
			"faces": {
				"down": { "uv": [ 7.25, 13.75, 8, 14 ], "texture": "#voxels_atlas" },
				"up": { "uv": [ 7.25, 13.75, 8, 13.5 ], "texture": "#voxels_atlas" },
				"south": { "uv": [ 5, 12.75, 5.75, 13.25 ], "texture": "#voxels_atlas" },
				"west": { "uv": [ 8.25, 13.25, 8.5, 13.75 ], "texture": "#voxels_atlas" },
				"east": { "uv": [ 8.75, 13.25, 8.5, 13.75 ], "texture": "#voxels_atlas" }
			}
		},
		{
			"__comment": "Voxels",
			"from": [ 7.25, 9.75, 6.25 ],
			"to": [ 8, 10, 6.5 ],
			"faces": {
				"down": { "uv": [ 7.25, 13.25, 8, 13.5 ], "texture": "#voxels_atlas" },
				"up": { "uv": [ 7.25, 12.75, 8, 12.5 ], "texture": "#voxels_atlas" },
				"north": { "uv": [ 8, 12.25, 7.25, 12.5 ], "texture": "#voxels_atlas" },
				"west": { "uv": [ 8.75, 10.5, 9, 10.75 ], "texture": "#voxels_atlas" },
				"east": { "uv": [ 9, 10.75, 8.75, 11 ], "texture": "#voxels_atlas" }
			}
		},
		{
			"__comment": "Voxels",
			"from": [ 7.25, 9.75, 6.75 ],
			"to": [ 7.5, 10.5, 7 ],
			"faces": {
				"up": { "uv": [ 11, 15.25, 11.25, 15 ], "texture": "#voxels_atlas" },
				"north": { "uv": [ 7.75, 10.75, 7.5, 11.5 ], "texture": "#voxels_atlas" },
				"west": { "uv": [ 7.25, 9.5, 7.5, 10.25 ], "texture": "#voxels_atlas" },
				"east": { "uv": [ 7.75, 9.5, 7.5, 10.25 ], "texture": "#voxels_atlas" }
			}
		},
		{
			"__comment": "Voxels",
			"from": [ 7.25, 9.75, 8.25 ],
			"to": [ 8.25, 10.5, 8.5 ],
			"faces": {
				"down": { "uv": [ 6, 12.75, 7, 13 ], "texture": "#voxels_atlas" },
				"up": { "uv": [ 6, 12.75, 7, 12.5 ], "texture": "#voxels_atlas" },
				"north": { "uv": [ 4.25, 11.5, 3.25, 12.25 ], "texture": "#voxels_atlas" },
				"south": { "uv": [ 3.25, 15.25, 4.25, 16 ], "texture": "#voxels_atlas" },
				"west": { "uv": [ 7.75, 9.5, 8, 10.25 ], "texture": "#voxels_atlas" },
				"east": { "uv": [ 8.25, 15.25, 8, 16 ], "texture": "#voxels_atlas" }
			}
		},
		{
			"__comment": "Voxels",
			"from": [ 7.25, 10, 8 ],
			"to": [ 7.5, 10.75, 8.25 ],
			"faces": {
				"up": { "uv": [ 10, 15.25, 10.25, 15 ], "texture": "#voxels_atlas" },
				"south": { "uv": [ 6, 10.25, 6.25, 11 ], "texture": "#voxels_atlas" },
				"west": { "uv": [ 6.25, 10.25, 6.5, 11 ], "texture": "#voxels_atlas" },
				"east": { "uv": [ 6.75, 10.25, 6.5, 11 ], "texture": "#voxels_atlas" }
			}
		},
		{
			"__comment": "Voxels",
			"from": [ 7.25, 10, 8.5 ],
			"to": [ 8, 10.5, 8.75 ],
			"faces": {
				"up": { "uv": [ 6, 10.25, 6.75, 10 ], "texture": "#voxels_atlas" },
				"south": { "uv": [ 5.25, 14, 6, 14.5 ], "texture": "#voxels_atlas" },
				"west": { "uv": [ 8.25, 11.75, 8.5, 12.25 ], "texture": "#voxels_atlas" },
				"east": { "uv": [ 8.75, 11.75, 8.5, 12.25 ], "texture": "#voxels_atlas" }
			}
		},
		{
			"__comment": "Voxels",
			"from": [ 7.25, 10.5, 8.25 ],
			"to": [ 8, 10.75, 8.5 ],
			"faces": {
				"up": { "uv": [ 6, 8.75, 6.75, 8.5 ], "texture": "#voxels_atlas" },
				"north": { "uv": [ 6.75, 8.25, 6, 8.5 ], "texture": "#voxels_atlas" },
				"south": { "uv": [ 6, 8, 6.75, 8.25 ], "texture": "#voxels_atlas" },
				"west": { "uv": [ 9.75, 15, 10, 15.25 ], "texture": "#voxels_atlas" },
				"east": { "uv": [ 16, 15.25, 15.75, 15.5 ], "texture": "#voxels_atlas" }
			}
		},
		{
			"__comment": "Voxels",
			"from": [ 7.5, 5, 7.75 ],
			"to": [ 8, 5.25, 8 ],
			"faces": {
				"down": { "uv": [ 8.25, 11.5, 8.75, 11.75 ], "texture": "#voxels_atlas" },
				"north": { "uv": [ 8.75, 10, 8.25, 10.25 ], "texture": "#voxels_atlas" },
				"south": { "uv": [ 8.25, 9.75, 8.75, 10 ], "texture": "#voxels_atlas" },
				"west": { "uv": [ 15.75, 15.5, 16, 15.75 ], "texture": "#voxels_atlas" },
				"east": { "uv": [ 8.25, 8, 8, 8.25 ], "texture": "#voxels_atlas" }
			}
		},
		{
			"__comment": "Voxels",
			"from": [ 7.5, 5, 8 ],
			"to": [ 7.75, 5.25, 8.25 ],
			"faces": {
				"down": { "uv": [ 7, 12.5, 7.25, 12.75 ], "texture": "#voxels_atlas" },
				"south": { "uv": [ 8.75, 13.75, 9, 14 ], "texture": "#voxels_atlas" },
				"west": { "uv": [ 14.25, 15, 14.5, 15.25 ], "texture": "#voxels_atlas" },
				"east": { "uv": [ 14.25, 15, 14, 15.25 ], "texture": "#voxels_atlas" }
			}
		},
		{
			"__comment": "Voxels",
			"from": [ 7.5, 5.25, 7.5 ],
			"to": [ 8, 6.25, 7.75 ],
			"faces": {
				"down": { "uv": [ 8.25, 9.5, 8.75, 9.75 ], "texture": "#voxels_atlas" },
				"north": { "uv": [ 4.75, 11.75, 4.25, 12.75 ], "texture": "#voxels_atlas" },
				"south": { "uv": [ 4.25, 10.75, 4.75, 11.75 ], "texture": "#voxels_atlas" },
				"west": { "uv": [ 4.75, 12.75, 5, 13.75 ], "texture": "#voxels_atlas" },
				"east": { "uv": [ 6, 8.5, 5.75, 9.5 ], "texture": "#voxels_atlas" }
			}
		},
		{
			"__comment": "Voxels",
			"from": [ 7.5, 6, 8.25 ],
			"to": [ 8, 6.25, 8.5 ],
			"faces": {
				"down": { "uv": [ 8.25, 8, 8.75, 8.25 ], "texture": "#voxels_atlas" },
				"up": { "uv": [ 8.75, 15.25, 9.25, 15 ], "texture": "#voxels_atlas" },
				"south": { "uv": [ 5.5, 9.5, 6, 9.75 ], "texture": "#voxels_atlas" },
				"west": { "uv": [ 12.25, 15, 12.5, 15.25 ], "texture": "#voxels_atlas" },
				"east": { "uv": [ 12.25, 15, 12, 15.25 ], "texture": "#voxels_atlas" }
			}
		},
		{
			"__comment": "Voxels",
			"from": [ 7.5, 6.25, 8.25 ],
			"to": [ 7.75, 9.75, 8.5 ],
			"faces": {
				"north": { "uv": [ 3, 9, 2.75, 12.5 ], "texture": "#voxels_atlas" },
				"south": { "uv": [ 2.25, 10, 2.5, 13.5 ], "texture": "#voxels_atlas" },
				"west": { "uv": [ 2.75, 12.5, 3, 16 ], "texture": "#voxels_atlas" },
				"east": { "uv": [ 2.75, 10, 2.5, 13.5 ], "texture": "#voxels_atlas" }
			}
		},
		{
			"__comment": "Voxels",
			"from": [ 7.5, 6.5, 7.5 ],
			"to": [ 8, 9.25, 7.75 ],
			"faces": {
				"north": { "uv": [ 1.25, 10.5, 0.75, 13.25 ], "texture": "#voxels_atlas" },
				"south": { "uv": [ 0.75, 13.25, 1.25, 16 ], "texture": "#voxels_atlas" },
				"west": { "uv": [ 1.5, 8, 1.75, 10.75 ], "texture": "#voxels_atlas" },
				"east": { "uv": [ 1.5, 8, 1.25, 10.75 ], "texture": "#voxels_atlas" }
			}
		},
		{
			"__comment": "Voxels",
			"from": [ 7.5, 7.25, 7.75 ],
			"to": [ 8, 9.75, 8 ],
			"faces": {
				"down": { "uv": [ 6.75, 9.5, 7.25, 9.75 ], "texture": "#voxels_atlas" },
				"up": { "uv": [ 6.75, 9.5, 7.25, 9.25 ], "texture": "#voxels_atlas" },
				"north": { "uv": [ 2.75, 13.5, 2.25, 16 ], "texture": "#voxels_atlas" },
				"south": { "uv": [ 0.75, 8, 1.25, 10.5 ], "texture": "#voxels_atlas" },
				"east": { "uv": [ 2.25, 8.25, 2, 10.75 ], "texture": "#voxels_atlas" }
			}
		},
		{
			"__comment": "Voxels",
			"from": [ 7.5, 9.25, 6.5 ],
			"to": [ 8, 9.5, 7 ],
			"faces": {
				"down": { "uv": [ 6.5, 12, 7, 12.5 ], "texture": "#voxels_atlas" },
				"up": { "uv": [ 5.5, 10.25, 6, 9.75 ], "texture": "#voxels_atlas" },
				"north": { "uv": [ 7.25, 9, 6.75, 9.25 ], "texture": "#voxels_atlas" },
				"west": { "uv": [ 6.75, 8.5, 7.25, 8.75 ], "texture": "#voxels_atlas" },
				"east": { "uv": [ 7.25, 8.25, 6.75, 8.5 ], "texture": "#voxels_atlas" }
			}
		},
		{
			"__comment": "Voxels",
			"from": [ 7.5, 9.25, 8.5 ],
			"to": [ 8, 9.5, 9 ],
			"faces": {
				"down": { "uv": [ 6.5, 14.25, 7, 14.75 ], "texture": "#voxels_atlas" },
				"up": { "uv": [ 6, 14.25, 6.5, 13.75 ], "texture": "#voxels_atlas" },
				"north": { "uv": [ 7.25, 8, 6.75, 8.25 ], "texture": "#voxels_atlas" },
				"south": { "uv": [ 8.25, 12.5, 8.75, 12.75 ], "texture": "#voxels_atlas" },
				"west": { "uv": [ 9.5, 15.75, 10, 16 ], "texture": "#voxels_atlas" },
				"east": { "uv": [ 10.5, 15.75, 10, 16 ], "texture": "#voxels_atlas" }
			}
		},
		{
			"__comment": "Voxels",
			"from": [ 7.5, 9.5, 6.25 ],
			"to": [ 8, 9.75, 6.5 ],
			"faces": {
				"down": { "uv": [ 10.5, 15.75, 11, 16 ], "texture": "#voxels_atlas" },
				"north": { "uv": [ 12, 15.75, 11.5, 16 ], "texture": "#voxels_atlas" },
				"west": { "uv": [ 7, 15.25, 7.25, 15.5 ], "texture": "#voxels_atlas" },
				"east": { "uv": [ 7.25, 15, 7, 15.25 ], "texture": "#voxels_atlas" }
			}
		},
		{
			"__comment": "Voxels",
			"from": [ 7.5, 9.5, 9 ],
			"to": [ 8, 10.25, 9.25 ],
			"faces": {
				"down": { "uv": [ 12.5, 15.75, 13, 16 ], "texture": "#voxels_atlas" },
				"up": { "uv": [ 13, 16, 13.5, 15.75 ], "texture": "#voxels_atlas" },
				"north": { "uv": [ 2.75, 8, 2.25, 8.75 ], "texture": "#voxels_atlas" },
				"south": { "uv": [ 5, 12, 5.5, 12.75 ], "texture": "#voxels_atlas" },
				"west": { "uv": [ 7.25, 10.75, 7.5, 11.5 ], "texture": "#voxels_atlas" },
				"east": { "uv": [ 8, 14, 7.75, 14.75 ], "texture": "#voxels_atlas" }
			}
		},
		{
			"__comment": "Voxels",
			"from": [ 7.5, 9.75, 6 ],
			"to": [ 7.75, 10, 6.25 ],
			"faces": {
				"down": { "uv": [ 12.5, 15, 12.75, 15.25 ], "texture": "#voxels_atlas" },
				"up": { "uv": [ 12.75, 15.25, 13, 15 ], "texture": "#voxels_atlas" },
				"north": { "uv": [ 9, 13.25, 8.75, 13.5 ], "texture": "#voxels_atlas" },
				"west": { "uv": [ 9.5, 14.75, 9.75, 15 ], "texture": "#voxels_atlas" },
				"east": { "uv": [ 10, 14.75, 9.75, 15 ], "texture": "#voxels_atlas" }
			}
		},
		{
			"__comment": "Voxels",
			"from": [ 7.5, 9.75, 9.25 ],
			"to": [ 8, 10, 9.5 ],
			"faces": {
				"down": { "uv": [ 13.5, 15.75, 14, 16 ], "texture": "#voxels_atlas" },
				"up": { "uv": [ 14, 16, 14.5, 15.75 ], "texture": "#voxels_atlas" },
				"south": { "uv": [ 15, 15.75, 15.5, 16 ], "texture": "#voxels_atlas" },
				"west": { "uv": [ 10.5, 15, 10.75, 15.25 ], "texture": "#voxels_atlas" },
				"east": { "uv": [ 11, 15, 10.75, 15.25 ], "texture": "#voxels_atlas" }
			}
		},
		{
			"__comment": "Voxels",
			"from": [ 7.5, 10, 6.25 ],
			"to": [ 8, 10.25, 6.5 ],
			"faces": {
				"up": { "uv": [ 8.25, 15.75, 8.75, 15.5 ], "texture": "#voxels_atlas" },
				"north": { "uv": [ 9.25, 15.5, 8.75, 15.75 ], "texture": "#voxels_atlas" },
				"west": { "uv": [ 13, 15, 13.25, 15.25 ], "texture": "#voxels_atlas" },
				"east": { "uv": [ 13.5, 15, 13.25, 15.25 ], "texture": "#voxels_atlas" }
			}
		},
		{
			"__comment": "Voxels",
			"from": [ 7.5, 10, 7.75 ],
			"to": [ 8.25, 10.5, 8 ],
			"faces": {
				"down": { "uv": [ 7.25, 12.75, 8, 13 ], "texture": "#voxels_atlas" },
				"up": { "uv": [ 7.25, 13.25, 8, 13 ], "texture": "#voxels_atlas" },
				"north": { "uv": [ 5.75, 11, 5, 11.5 ], "texture": "#voxels_atlas" },
				"south": { "uv": [ 5, 11.5, 5.75, 12 ], "texture": "#voxels_atlas" },
				"east": { "uv": [ 6, 12.75, 5.75, 13.25 ], "texture": "#voxels_atlas" }
			}
		},
		{
			"__comment": "Voxels",
			"from": [ 7.5, 10, 8.75 ],
			"to": [ 8, 10.25, 9 ],
			"faces": {
				"up": { "uv": [ 10.25, 15.75, 10.75, 15.5 ], "texture": "#voxels_atlas" },
				"west": { "uv": [ 7, 14.75, 7.25, 15 ], "texture": "#voxels_atlas" },
				"east": { "uv": [ 7.25, 13.5, 7, 13.75 ], "texture": "#voxels_atlas" }
			}
		},
		{
			"__comment": "Voxels",
			"from": [ 7.5, 10.25, 6.5 ],
			"to": [ 8, 10.5, 7.75 ],
			"faces": {
				"down": { "uv": [ 2.25, 8.75, 2.75, 10 ], "texture": "#voxels_atlas" },
				"up": { "uv": [ 3.25, 10.5, 3.75, 9.25 ], "texture": "#voxels_atlas" },
				"north": { "uv": [ 12.25, 15.5, 11.75, 15.75 ], "texture": "#voxels_atlas" },
				"west": { "uv": [ 6, 15.75, 7.25, 16 ], "texture": "#voxels_atlas" },
				"east": { "uv": [ 7.25, 15.5, 6, 15.75 ], "texture": "#voxels_atlas" }
			}
		},
		{
			"__comment": "Voxels",
			"from": [ 7.5, 10.25, 8 ],
			"to": [ 8.25, 10.75, 8.25 ],
			"faces": {
				"down": { "uv": [ 7.25, 15.5, 8, 15.75 ], "texture": "#voxels_atlas" },
				"up": { "uv": [ 7.25, 16, 8, 15.75 ], "texture": "#voxels_atlas" },
				"north": { "uv": [ 6, 15, 5.25, 15.5 ], "texture": "#voxels_atlas" },
				"south": { "uv": [ 4.25, 8, 5, 8.5 ], "texture": "#voxels_atlas" },
				"east": { "uv": [ 6, 11, 5.75, 11.5 ], "texture": "#voxels_atlas" }
			}
		},
		{
			"__comment": "Voxels",
			"from": [ 7.5, 10.5, 7 ],
			"to": [ 8, 10.75, 7.5 ],
			"faces": {
				"up": { "uv": [ 6.5, 14.25, 7, 13.75 ], "texture": "#voxels_atlas" },
				"north": { "uv": [ 13.25, 15.5, 12.75, 15.75 ], "texture": "#voxels_atlas" },
				"south": { "uv": [ 13.25, 15.5, 13.75, 15.75 ], "texture": "#voxels_atlas" },
				"west": { "uv": [ 13.75, 15.5, 14.25, 15.75 ], "texture": "#voxels_atlas" },
				"east": { "uv": [ 14.75, 15.5, 14.25, 15.75 ], "texture": "#voxels_atlas" }
			}
		},
		{
			"__comment": "Voxels",
			"from": [ 7.5, 10.5, 7.5 ],
			"to": [ 7.75, 10.75, 8 ],
			"faces": {
				"down": { "uv": [ 5.75, 8, 6, 8.5 ], "texture": "#voxels_atlas" },
				"up": { "uv": [ 7, 14.75, 7.25, 14.25 ], "texture": "#voxels_atlas" },
				"west": { "uv": [ 14.75, 15.5, 15.25, 15.75 ], "texture": "#voxels_atlas" },
				"east": { "uv": [ 15.75, 15.5, 15.25, 15.75 ], "texture": "#voxels_atlas" }
			}
		},
		{
			"__comment": "Voxels",
			"from": [ 7.5, 10.75, 8 ],
			"to": [ 8, 11, 8.25 ],
			"faces": {
				"up": { "uv": [ 8.75, 15.5, 9.25, 15.25 ], "texture": "#voxels_atlas" },
				"north": { "uv": [ 9.75, 15.25, 9.25, 15.5 ], "texture": "#voxels_atlas" },
				"south": { "uv": [ 9.75, 15.25, 10.25, 15.5 ], "texture": "#voxels_atlas" },
				"west": { "uv": [ 8.75, 12.25, 9, 12.5 ], "texture": "#voxels_atlas" },
				"east": { "uv": [ 9, 12, 8.75, 12.25 ], "texture": "#voxels_atlas" }
			}
		},
		{
			"__comment": "Voxels",
			"from": [ 7.75, 5.5, 7.75 ],
			"to": [ 8, 7.25, 8 ],
			"faces": {
				"north": { "uv": [ 4.75, 9, 4.5, 10.75 ], "texture": "#voxels_atlas" },
				"west": { "uv": [ 4.25, 9, 4.5, 10.75 ], "texture": "#voxels_atlas" },
				"east": { "uv": [ 5, 9, 4.75, 10.75 ], "texture": "#voxels_atlas" }
			}
		},
		{
			"__comment": "Voxels",
			"from": [ 7.75, 6.75, 8.25 ],
			"to": [ 8, 9.75, 8.5 ],
			"faces": {
				"down": { "uv": [ 8.75, 9.25, 9, 9.5 ], "texture": "#voxels_atlas" },
				"north": { "uv": [ 4.25, 12.25, 4, 15.25 ], "texture": "#voxels_atlas" },
				"south": { "uv": [ 3.75, 12.25, 4, 15.25 ], "texture": "#voxels_atlas" },
				"east": { "uv": [ 3.5, 12.25, 3.25, 15.25 ], "texture": "#voxels_atlas" }
			}
		},
		{
			"__comment": "Voxels",
			"from": [ 7.75, 8.75, 8 ],
			"to": [ 8.25, 9.25, 8.25 ],
			"faces": {
				"down": { "uv": [ 10.25, 15.25, 10.75, 15.5 ], "texture": "#voxels_atlas" },
				"up": { "uv": [ 10.75, 15.5, 11.25, 15.25 ], "texture": "#voxels_atlas" },
				"north": { "uv": [ 6.5, 11, 6, 11.5 ], "texture": "#voxels_atlas" },
				"south": { "uv": [ 6, 14.25, 6.5, 14.75 ], "texture": "#voxels_atlas" },
				"west": { "uv": [ 7, 13.75, 7.25, 14.25 ], "texture": "#voxels_atlas" },
				"east": { "uv": [ 7.25, 13, 7, 13.5 ], "texture": "#voxels_atlas" }
			}
		},
		{
			"__comment": "Voxels",
			"from": [ 7.75, 9.5, 7 ],
			"to": [ 8.25, 9.75, 7.75 ],
			"faces": {
				"down": { "uv": [ 5.5, 12, 6, 12.75 ], "texture": "#voxels_atlas" },
				"up": { "uv": [ 5, 11, 5.5, 10.25 ], "texture": "#voxels_atlas" },
				"south": { "uv": [ 12.75, 15.25, 13.25, 15.5 ], "texture": "#voxels_atlas" },
				"west": { "uv": [ 7.25, 10.5, 8, 10.75 ], "texture": "#voxels_atlas" },
				"east": { "uv": [ 8, 10.25, 7.25, 10.5 ], "texture": "#voxels_atlas" }
			}
		},
		{
			"__comment": "Voxels",
			"from": [ 7.75, 9.75, 6.75 ],
			"to": [ 8.25, 10.25, 7 ],
			"faces": {
				"up": { "uv": [ 14.75, 15.5, 15.25, 15.25 ], "texture": "#voxels_atlas" },
				"north": { "uv": [ 7, 13, 6.5, 13.5 ], "texture": "#voxels_atlas" },
				"south": { "uv": [ 6, 12, 6.5, 12.5 ], "texture": "#voxels_atlas" },
				"west": { "uv": [ 8, 10.25, 8.25, 10.75 ], "texture": "#voxels_atlas" },
				"east": { "uv": [ 8.25, 9.75, 8, 10.25 ], "texture": "#voxels_atlas" }
			}
		},
		{
			"__comment": "Voxels",
			"from": [ 7.75, 9.75, 7.75 ],
			"to": [ 8.25, 10, 8 ],
			"faces": {
				"down": { "uv": [ 8.25, 15, 8.75, 15.25 ], "texture": "#voxels_atlas" },
				"north": { "uv": [ 8.75, 14.5, 8.25, 14.75 ], "texture": "#voxels_atlas" },
				"south": { "uv": [ 8.25, 14.25, 8.75, 14.5 ], "texture": "#voxels_atlas" },
				"west": { "uv": [ 11.5, 15, 11.75, 15.25 ], "texture": "#voxels_atlas" },
				"east": { "uv": [ 12, 15, 11.75, 15.25 ], "texture": "#voxels_atlas" }
			}
		},
		{
			"__comment": "Voxels",
			"from": [ 7.75, 10, 7 ],
			"to": [ 8.25, 10.25, 7.75 ],
			"faces": {
				"down": { "uv": [ 5.5, 10.25, 6, 11 ], "texture": "#voxels_atlas" },
				"up": { "uv": [ 5, 10.25, 5.5, 9.5 ], "texture": "#voxels_atlas" },
				"west": { "uv": [ 7.25, 8.75, 8, 9 ], "texture": "#voxels_atlas" },
				"east": { "uv": [ 8, 8.5, 7.25, 8.75 ], "texture": "#voxels_atlas" }
			}
		},
		{
			"__comment": "Voxels",
			"from": [ 7.75, 10, 8 ],
			"to": [ 8.25, 10.25, 8.25 ],
			"faces": {
				"down": { "uv": [ 8.25, 13, 8.75, 13.25 ], "texture": "#voxels_atlas" },
				"west": { "uv": [ 14.5, 15, 14.75, 15.25 ], "texture": "#voxels_atlas" },
				"east": { "uv": [ 15, 15, 14.75, 15.25 ], "texture": "#voxels_atlas" }
			}
		},
		{
			"__comment": "Voxels",
			"from": [ 7.75, 10.5, 7.75 ],
			"to": [ 8, 10.75, 8 ],
			"faces": {
				"up": { "uv": [ 15.25, 15.25, 15.5, 15 ], "texture": "#voxels_atlas" },
				"north": { "uv": [ 15.75, 15, 15.5, 15.25 ], "texture": "#voxels_atlas" },
				"east": { "uv": [ 9, 14.5, 8.75, 14.75 ], "texture": "#voxels_atlas" }
			}
		},
		{
			"__comment": "Voxels",
			"from": [ 8, 8.25, 7.75 ],
			"to": [ 8.25, 9.75, 8 ],
			"faces": {
				"down": { "uv": [ 8.75, 14.25, 9, 14.5 ], "texture": "#voxels_atlas" },
				"north": { "uv": [ 5.25, 8, 5, 9.5 ], "texture": "#voxels_atlas" },
				"south": { "uv": [ 5.25, 8, 5.5, 9.5 ], "texture": "#voxels_atlas" },
				"east": { "uv": [ 3.25, 8, 3, 9.5 ], "texture": "#voxels_atlas" }
			}
		},
		{
			"__comment": "Voxels",
			"from": [ 8, 8.25, 8 ],
			"to": [ 8.25, 8.75, 8.25 ],
			"faces": {
				"down": { "uv": [ 8.75, 12.75, 9, 13 ], "texture": "#voxels_atlas" },
				"south": { "uv": [ 8.5, 11, 8.75, 11.5 ], "texture": "#voxels_atlas" },
				"east": { "uv": [ 8.75, 10.5, 8.5, 11 ], "texture": "#voxels_atlas" }
			}
		},
		{
			"__comment": "Voxels",
			"from": [ 8, 9.25, 8 ],
			"to": [ 8.25, 10, 8.25 ],
			"faces": {
				"north": { "uv": [ 8.25, 14.5, 8, 15.25 ], "texture": "#voxels_atlas" },
				"south": { "uv": [ 8, 13.75, 8.25, 14.5 ], "texture": "#voxels_atlas" },
				"west": { "uv": [ 8, 13, 8.25, 13.75 ], "texture": "#voxels_atlas" },
				"east": { "uv": [ 8.25, 12.25, 8, 13 ], "texture": "#voxels_atlas" }
			}
		},
		{
			"__comment": "Voxels",
			"from": [ 8, 9.25, 8.25 ],
			"to": [ 8.25, 9.75, 8.5 ],
			"faces": {
				"down": { "uv": [ 8.75, 9.75, 9, 10 ], "texture": "#voxels_atlas" },
				"south": { "uv": [ 8.5, 9, 8.75, 9.5 ], "texture": "#voxels_atlas" },
				"east": { "uv": [ 8.75, 8.5, 8.5, 9 ], "texture": "#voxels_atlas" }
			}
		},
		{
			"__comment": "Voxels",
			"from": [ 8, 9.75, 7 ],
			"to": [ 8.25, 10, 7.75 ],
			"faces": {
				"west": { "uv": [ 8.25, 15.75, 9, 16 ], "texture": "#voxels_atlas" },
				"east": { "uv": [ 6.75, 9.25, 6, 9.5 ], "texture": "#voxels_atlas" }
			}
		}
	],
	"display": {
		"thirdperson_righthand": {
			"scale":  [ 1.5, 1.5, 1.5 ]
		},
		"firstperson_righthand": {
			"rotation":  [ 0, 10, 0 ],
			"translation":  [ -4.5, 4.8695, 4 ],
			"scale":  [ 1.5, 1.5, 1.5 ]
		},
		"gui": {
			"rotation":  [ 31, -69, 39 ],
			"scale":  [ 2, 2, 2 ]
		},
		"ground": {
			"rotation":  [ 50, 0, 0 ]
		}
	}
}