{
	"__comment": "Designed by DevastMc",
	"textures": {
		"sulferore": "blocks/sulfer_ore_item"
	},
	"elements": [ 	 
		{
			"__comment": "Voxels",
			"from": [ 4.75, 8.25, 7.25 ],
			"to": [ 10.5, 8.5, 7.5 ],
			"faces": {
				"down": { "uv": [ 8.25, 15.875, 11.125, 16 ], "texture": "#sulferore" },
				"up": { "uv": [ 5.375, 16, 8.25, 15.875 ], "texture": "#sulferore" },
				"north": { "uv": [ 8.25, 15.75, 5.375, 15.875 ], "texture": "#sulferore" },
				"south": { "uv": [ 11.125, 15.875, 14, 16 ], "texture": "#sulferore" },
				"west": { "uv": [ 8, 13.75, 8.125, 13.875 ], "texture": "#sulferore" },
				"east": { "uv": [ 8.125, 13.625, 8, 13.75 ], "texture": "#sulferore" }
			}
		},
		{
			"__comment": "Voxels",
			"from": [ 5, 8, 7.25 ],
			"to": [ 10.5, 8.25, 7.5 ],
			"faces": {
				"down": { "uv": [ 5.375, 15.5, 8.125, 15.625 ], "texture": "#sulferore" },
				"north": { "uv": [ 5.375, 8.125, 2.625, 8.25 ], "texture": "#sulferore" },
				"south": { "uv": [ 11, 15.75, 13.75, 15.875 ], "texture": "#sulferore" },
				"west": { "uv": [ 8, 13.25, 8.125, 13.375 ], "texture": "#sulferore" },
				"east": { "uv": [ 8.125, 13.125, 8, 13.25 ], "texture": "#sulferore" }
			}
		},
		{
			"__comment": "Voxels",
			"from": [ 5, 8, 8.25 ],
			"to": [ 10.5, 8.75, 8.5 ],
			"faces": {
				"down": { "uv": [ 8.25, 15.75, 11, 15.875 ], "texture": "#sulferore" },
				"up": { "uv": [ 2.625, 8.125, 5.375, 8 ], "texture": "#sulferore" },
				"north": { "uv": [ 5.375, 15.625, 2.625, 16 ], "texture": "#sulferore" },
				"south": { "uv": [ 2.625, 15.25, 5.375, 15.625 ], "texture": "#sulferore" },
				"west": { "uv": [ 2.5, 13.625, 2.625, 14 ], "texture": "#sulferore" },
				"east": { "uv": [ 2.625, 13, 2.5, 13.375 ], "texture": "#sulferore" }
			}
		},
		{
			"__comment": "Voxels",
			"from": [ 5, 8, 8.5 ],
			"to": [ 10.5, 8.5, 8.75 ],
			"faces": {
				"down": { "uv": [ 2.625, 8.25, 5.375, 8.375 ], "texture": "#sulferore" },
				"up": { "uv": [ 2.625, 8.5, 5.375, 8.375 ], "texture": "#sulferore" },
				"south": { "uv": [ 2.625, 14.75, 5.375, 15 ], "texture": "#sulferore" },
				"west": { "uv": [ 2.5, 12.125, 2.625, 12.375 ], "texture": "#sulferore" },
				"east": { "uv": [ 5.375, 14.5, 5.25, 14.75 ], "texture": "#sulferore" }
			}
		},
		{
			"__comment": "Voxels",
			"from": [ 5, 8.25, 6.75 ],
			"to": [ 9, 8.5, 7.25 ],
			"faces": {
				"down": { "uv": [ 2.625, 10.25, 4.625, 10.5 ], "texture": "#sulferore" },
				"up": { "uv": [ 2.625, 10.75, 4.625, 10.5 ], "texture": "#sulferore" },
				"north": { "uv": [ 14.125, 15, 12.125, 15.125 ], "texture": "#sulferore" },
				"west": { "uv": [ 2.375, 8.5, 2.625, 8.625 ], "texture": "#sulferore" },
				"east": { "uv": [ 8.125, 12.375, 7.875, 12.5 ], "texture": "#sulferore" }
			}
		},
		{
			"__comment": "Voxels",
			"from": [ 5, 8.25, 7.5 ],
			"to": [ 10.5, 8.5, 7.75 ],
			"faces": {
				"down": { "uv": [ 2.625, 9.125, 5.375, 9.25 ], "texture": "#sulferore" },
				"up": { "uv": [ 2.625, 9.375, 5.375, 9.25 ], "texture": "#sulferore" },
				"south": { "uv": [ 2.625, 9.375, 5.375, 9.5 ], "texture": "#sulferore" },
				"west": { "uv": [ 8, 13, 8.125, 13.125 ], "texture": "#sulferore" },
				"east": { "uv": [ 8.125, 12.875, 8, 13 ], "texture": "#sulferore" }
			}
		},
		{
			"__comment": "Voxels",
			"from": [ 5, 8.5, 7 ],
			"to": [ 9, 8.75, 7.5 ],
			"faces": {
				"down": { "uv": [ 2.625, 11.75, 4.625, 12 ], "texture": "#sulferore" },
				"up": { "uv": [ 2.625, 11.75, 4.625, 11.5 ], "texture": "#sulferore" },
				"north": { "uv": [ 14.125, 14.875, 12.125, 15 ], "texture": "#sulferore" },
				"south": { "uv": [ 12.125, 15.25, 14.125, 15.375 ], "texture": "#sulferore" },
				"west": { "uv": [ 7.875, 12.25, 8.125, 12.375 ], "texture": "#sulferore" },
				"east": { "uv": [ 8.125, 12.125, 7.875, 12.25 ], "texture": "#sulferore" }
			}
		},
		{
			"__comment": "Voxels",
			"from": [ 5, 8.5, 8 ],
			"to": [ 10.5, 8.75, 8.25 ],
			"faces": {
				"down": { "uv": [ 2.625, 8.875, 5.375, 9 ], "texture": "#sulferore" },
				"up": { "uv": [ 2.625, 8.875, 5.375, 8.75 ], "texture": "#sulferore" },
				"north": { "uv": [ 5.375, 8.625, 2.625, 8.75 ], "texture": "#sulferore" },
				"west": { "uv": [ 8, 12.5, 8.125, 12.625 ], "texture": "#sulferore" },
				"east": { "uv": [ 7.625, 8, 7.5, 8.125 ], "texture": "#sulferore" }
			}
		},
		{
			"__comment": "Voxels",
			"from": [ 5.25, 7.25, 7.5 ],
			"to": [ 10.5, 8.25, 8.25 ],
			"faces": {
				"down": { "uv": [ 0, 11.125, 2.625, 11.5 ], "texture": "#sulferore" },
				"up": { "uv": [ 0, 10.375, 2.625, 10 ], "texture": "#sulferore" },
				"north": { "uv": [ 2.625, 15, 0, 15.5 ], "texture": "#sulferore" },
				"south": { "uv": [ 0, 15.5, 2.625, 16 ], "texture": "#sulferore" },
				"west": { "uv": [ 1.625, 12.25, 2, 12.75 ], "texture": "#sulferore" },
				"east": { "uv": [ 2.5, 11.625, 2.125, 12.125 ], "texture": "#sulferore" }
			}
		},
		{
			"__comment": "Voxels",
			"from": [ 5.25, 7.25, 8.25 ],
			"to": [ 10.5, 8, 8.5 ],
			"faces": {
				"down": { "uv": [ 5.375, 12.625, 8, 12.75 ], "texture": "#sulferore" },
				"south": { "uv": [ 0, 10.75, 2.625, 11.125 ], "texture": "#sulferore" },
				"west": { "uv": [ 2.5, 12.375, 2.625, 12.75 ], "texture": "#sulferore" },
				"east": { "uv": [ 2.625, 11.75, 2.5, 12.125 ], "texture": "#sulferore" }
			}
		},
		{
			"__comment": "Voxels",
			"from": [ 5.25, 7.5, 7 ],
			"to": [ 10, 8.25, 7.25 ],
			"faces": {
				"down": { "uv": [ 5.375, 8.5, 7.75, 8.625 ], "texture": "#sulferore" },
				"up": { "uv": [ 5.375, 8.75, 7.75, 8.625 ], "texture": "#sulferore" },
				"north": { "uv": [ 2.375, 9.625, 0, 10 ], "texture": "#sulferore" },
				"south": { "uv": [ 0, 9.25, 2.375, 9.625 ], "texture": "#sulferore" },
				"west": { "uv": [ 9.75, 12.375, 9.875, 12.75 ], "texture": "#sulferore" },
				"east": { "uv": [ 10, 12.375, 9.875, 12.75 ], "texture": "#sulferore" }
			}
		},
		{
			"__comment": "Voxels",
			"from": [ 5.25, 7.5, 7.25 ],
			"to": [ 10.5, 8, 7.5 ],
			"faces": {
				"down": { "uv": [ 5.375, 14.875, 8, 15 ], "texture": "#sulferore" },
				"north": { "uv": [ 5.25, 13.5, 2.625, 13.75 ], "texture": "#sulferore" },
				"west": { "uv": [ 5.25, 14.25, 5.375, 14.5 ], "texture": "#sulferore" },
				"east": { "uv": [ 5.375, 14, 5.25, 14.25 ], "texture": "#sulferore" }
			}
		},
		{
			"__comment": "Voxels",
			"from": [ 5.25, 7.5, 8.5 ],
			"to": [ 10.5, 8, 8.75 ],
			"faces": {
				"down": { "uv": [ 5.375, 14.625, 8, 14.75 ], "texture": "#sulferore" },
				"south": { "uv": [ 0, 8.25, 2.625, 8.5 ], "texture": "#sulferore" },
				"west": { "uv": [ 5.25, 13.75, 5.375, 14 ], "texture": "#sulferore" },
				"east": { "uv": [ 5.375, 13.5, 5.25, 13.75 ], "texture": "#sulferore" }
			}
		},
		{
			"__comment": "Voxels",
			"from": [ 5.25, 7.75, 6.75 ],
			"to": [ 9, 8.25, 7 ],
			"faces": {
				"down": { "uv": [ 14.125, 15, 16, 15.125 ], "texture": "#sulferore" },
				"north": { "uv": [ 4.5, 9.75, 2.625, 10 ], "texture": "#sulferore" },
				"west": { "uv": [ 5.25, 13.25, 5.375, 13.5 ], "texture": "#sulferore" },
				"east": { "uv": [ 9.875, 9.875, 9.75, 10.125 ], "texture": "#sulferore" }
			}
		},
		{
			"__comment": "Voxels",
			"from": [ 5.25, 7.75, 8.75 ],
			"to": [ 10.5, 8.25, 9 ],
			"faces": {
				"down": { "uv": [ 5.375, 14.375, 8, 14.5 ], "texture": "#sulferore" },
				"up": { "uv": [ 5.375, 14.375, 8, 14.25 ], "texture": "#sulferore" },
				"north": { "uv": [ 5.25, 14.5, 2.625, 14.75 ], "texture": "#sulferore" },
				"south": { "uv": [ 0, 8, 2.625, 8.25 ], "texture": "#sulferore" },
				"west": { "uv": [ 9.875, 9.875, 10, 10.125 ], "texture": "#sulferore" },
				"east": { "uv": [ 9.875, 9.625, 9.75, 9.875 ], "texture": "#sulferore" }
			}
		},
		{
			"__comment": "Voxels",
			"from": [ 5.25, 8.25, 7.75 ],
			"to": [ 10.5, 8.75, 8 ],
			"faces": {
				"up": { "uv": [ 5.375, 14.125, 8, 14 ], "texture": "#sulferore" },
				"north": { "uv": [ 5.25, 14, 2.625, 14.25 ], "texture": "#sulferore" },
				"south": { "uv": [ 2.625, 14.25, 5.25, 14.5 ], "texture": "#sulferore" },
				"west": { "uv": [ 9.875, 9.625, 10, 9.875 ], "texture": "#sulferore" },
				"east": { "uv": [ 9.875, 9.375, 9.75, 9.625 ], "texture": "#sulferore" }
			}
		},
		{
			"__comment": "Voxels",
			"from": [ 5.25, 8.25, 8 ],
			"to": [ 10.5, 8.5, 8.25 ],
			"faces": {
				"west": { "uv": [ 15.875, 14.375, 16, 14.5 ], "texture": "#sulferore" },
				"east": { "uv": [ 9.75, 13.625, 9.625, 13.75 ], "texture": "#sulferore" }
			}
		},
		{
			"__comment": "Voxels",
			"from": [ 5.25, 8.5, 6.75 ],
			"to": [ 9, 8.75, 7 ],
			"faces": {
				"up": { "uv": [ 14.125, 15, 16, 14.875 ], "texture": "#sulferore" },
				"north": { "uv": [ 11.875, 14.5, 10, 14.625 ], "texture": "#sulferore" },
				"west": { "uv": [ 8.75, 8, 8.875, 8.125 ], "texture": "#sulferore" },
				"east": { "uv": [ 16, 14.125, 15.875, 14.25 ], "texture": "#sulferore" }
			}
		},
		{
			"__comment": "Voxels",
			"from": [ 5.25, 8.5, 7.5 ],
			"to": [ 10.5, 8.75, 7.75 ],
			"faces": {
				"up": { "uv": [ 5.375, 13.375, 8, 13.25 ], "texture": "#sulferore" },
				"north": { "uv": [ 8, 13.125, 5.375, 13.25 ], "texture": "#sulferore" },
				"west": { "uv": [ 10, 11.375, 10.125, 11.5 ], "texture": "#sulferore" },
				"east": { "uv": [ 10.125, 11.25, 10, 11.375 ], "texture": "#sulferore" }
			}
		},
		{
			"__comment": "Voxels",
			"from": [ 5.25, 8.75, 8.25 ],
			"to": [ 10.5, 9, 8.5 ],
			"faces": {
				"up": { "uv": [ 5.375, 12.875, 8, 12.75 ], "texture": "#sulferore" },
				"north": { "uv": [ 8, 15.125, 5.375, 15.25 ], "texture": "#sulferore" },
				"south": { "uv": [ 5.375, 15, 8, 15.125 ], "texture": "#sulferore" },
				"west": { "uv": [ 10, 10.875, 10.125, 11 ], "texture": "#sulferore" },
				"east": { "uv": [ 10.125, 10.75, 10, 10.875 ], "texture": "#sulferore" }
			}
		},
		{
			"__comment": "Voxels",
			"from": [ 5.25, 8.75, 8.5 ],
			"to": [ 10.25, 9, 8.75 ],
			"faces": {
				"down": { "uv": [ 5.375, 10.875, 7.875, 11 ], "texture": "#sulferore" },
				"up": { "uv": [ 5.375, 11.5, 7.875, 11.375 ], "texture": "#sulferore" },
				"south": { "uv": [ 5.375, 10.625, 7.875, 10.75 ], "texture": "#sulferore" },
				"west": { "uv": [ 10, 10.375, 10.125, 10.5 ], "texture": "#sulferore" },
				"east": { "uv": [ 10.125, 10.25, 10, 10.375 ], "texture": "#sulferore" }
			}
		},
		{
			"__comment": "Voxels",
			"from": [ 5.25, 9, 8.25 ],
			"to": [ 5.75, 9.25, 8.5 ],
			"faces": {
				"up": { "uv": [ 11.125, 13.75, 11.375, 13.625 ], "texture": "#sulferore" },
				"north": { "uv": [ 16, 13.75, 15.75, 13.875 ], "texture": "#sulferore" },
				"south": { "uv": [ 15.5, 13.75, 15.75, 13.875 ], "texture": "#sulferore" },
				"west": { "uv": [ 10, 10.125, 10.125, 10.25 ], "texture": "#sulferore" },
				"east": { "uv": [ 10.125, 10, 10, 10.125 ], "texture": "#sulferore" }
			}
		},
		{
			"__comment": "Voxels",
			"from": [ 5.5, 7, 7.5 ],
			"to": [ 10.25, 7.25, 8.5 ],
			"faces": {
				"down": { "uv": [ 0, 14.5, 2.375, 15 ], "texture": "#sulferore" },
				"up": { "uv": [ 0, 14.5, 2.375, 14 ], "texture": "#sulferore" },
				"north": { "uv": [ 7.75, 9.625, 5.375, 9.75 ], "texture": "#sulferore" },
				"south": { "uv": [ 5.375, 9.75, 7.75, 9.875 ], "texture": "#sulferore" },
				"west": { "uv": [ 7.625, 8.375, 8.125, 8.5 ], "texture": "#sulferore" },
				"east": { "uv": [ 9.75, 9.25, 9.25, 9.375 ], "texture": "#sulferore" }
			}
		},
		{
			"__comment": "Voxels",
			"from": [ 5.5, 7.25, 7 ],
			"to": [ 9.5, 7.5, 7.5 ],
			"faces": {
				"down": { "uv": [ 2.625, 10.75, 4.625, 11 ], "texture": "#sulferore" },
				"up": { "uv": [ 2.625, 10.25, 4.625, 10 ], "texture": "#sulferore" },
				"north": { "uv": [ 10.125, 15.125, 8.125, 15.25 ], "texture": "#sulferore" },
				"west": { "uv": [ 12.75, 13.75, 13, 13.875 ], "texture": "#sulferore" },
				"east": { "uv": [ 12.75, 13.75, 12.5, 13.875 ], "texture": "#sulferore" }
			}
		},
		{
			"__comment": "Voxels",
			"from": [ 5.5, 7.25, 8.5 ],
			"to": [ 10.5, 7.5, 9 ],
			"faces": {
				"down": { "uv": [ 2.625, 12.75, 5.125, 13 ], "texture": "#sulferore" },
				"up": { "uv": [ 2.625, 13.25, 5.125, 13 ], "texture": "#sulferore" },
				"south": { "uv": [ 5.375, 11.5, 7.875, 11.625 ], "texture": "#sulferore" },
				"west": { "uv": [ 12.25, 13.75, 12.5, 13.875 ], "texture": "#sulferore" },
				"east": { "uv": [ 12.25, 13.75, 12, 13.875 ], "texture": "#sulferore" }
			}
		},
		{
			"__comment": "Voxels",
			"from": [ 5.5, 7.5, 6.75 ],
			"to": [ 8.5, 7.75, 7 ],
			"faces": {
				"down": { "uv": [ 8.125, 13.375, 9.625, 13.5 ], "texture": "#sulferore" },
				"north": { "uv": [ 9.625, 13.125, 8.125, 13.25 ], "texture": "#sulferore" },
				"west": { "uv": [ 10, 9.875, 10.125, 10 ], "texture": "#sulferore" },
				"east": { "uv": [ 10.125, 9.75, 10, 9.875 ], "texture": "#sulferore" }
			}
		},
		{
			"__comment": "Voxels",
			"from": [ 5.5, 7.5, 8.75 ],
			"to": [ 10.5, 7.75, 9 ],
			"faces": {
				"south": { "uv": [ 5.375, 11.875, 7.875, 12 ], "texture": "#sulferore" },
				"west": { "uv": [ 15.375, 13.625, 15.5, 13.75 ], "texture": "#sulferore" },
				"east": { "uv": [ 15.625, 13.625, 15.5, 13.75 ], "texture": "#sulferore" }
			}
		},
		{
			"__comment": "Voxels",
			"from": [ 5.5, 7.5, 9 ],
			"to": [ 5.75, 7.75, 9.25 ],
			"faces": {
				"down": { "uv": [ 15.625, 13.625, 15.75, 13.75 ], "texture": "#sulferore" },
				"up": { "uv": [ 15.75, 13.75, 15.875, 13.625 ], "texture": "#sulferore" },
				"south": { "uv": [ 10.125, 13.25, 10.25, 13.375 ], "texture": "#sulferore" },
				"west": { "uv": [ 10.125, 13.125, 10.25, 13.25 ], "texture": "#sulferore" },
				"east": { "uv": [ 10.25, 13, 10.125, 13.125 ], "texture": "#sulferore" }
			}
		},
		{
			"__comment": "Voxels",
			"from": [ 5.5, 8, 6.5 ],
			"to": [ 8.25, 8.5, 6.75 ],
			"faces": {
				"down": { "uv": [ 8.125, 11.75, 9.5, 11.875 ], "texture": "#sulferore" },
				"up": { "uv": [ 8.125, 11.75, 9.5, 11.625 ], "texture": "#sulferore" },
				"north": { "uv": [ 6.75, 15.25, 5.375, 15.5 ], "texture": "#sulferore" },
				"south": { "uv": [ 6.75, 15.25, 8.125, 15.5 ], "texture": "#sulferore" },
				"west": { "uv": [ 10, 13.5, 10.125, 13.75 ], "texture": "#sulferore" },
				"east": { "uv": [ 10, 8.875, 9.875, 9.125 ], "texture": "#sulferore" }
			}
		},
		{
			"__comment": "Voxels",
			"from": [ 5.5, 8.25, 8.75 ],
			"to": [ 10.5, 8.5, 9 ],
			"faces": {
				"up": { "uv": [ 5.375, 11.75, 7.875, 11.625 ], "texture": "#sulferore" },
				"south": { "uv": [ 5.375, 12, 7.875, 12.125 ], "texture": "#sulferore" },
				"west": { "uv": [ 10.125, 11.125, 10.25, 11.25 ], "texture": "#sulferore" },
				"east": { "uv": [ 10.25, 11, 10.125, 11.125 ], "texture": "#sulferore" }
			}
		},
		{
			"__comment": "Voxels",
			"from": [ 5.5, 8.5, 8.5 ],
			"to": [ 10.5, 8.75, 8.75 ],
			"faces": {
				"up": { "uv": [ 5.375, 12.25, 7.875, 12.125 ], "texture": "#sulferore" },
				"south": { "uv": [ 5.375, 10.25, 7.875, 10.375 ], "texture": "#sulferore" },
				"west": { "uv": [ 10.125, 10.875, 10.25, 11 ], "texture": "#sulferore" },
				"east": { "uv": [ 10.25, 10.75, 10.125, 10.875 ], "texture": "#sulferore" }
			}
		},
		{
			"__comment": "Voxels",
			"from": [ 5.5, 8.75, 7 ],
			"to": [ 9, 9, 8.25 ],
			"faces": {
				"down": { "uv": [ 0, 13.375, 1.75, 14 ], "texture": "#sulferore" },
				"up": { "uv": [ 0, 13.375, 1.75, 12.75 ], "texture": "#sulferore" },
				"north": { "uv": [ 11.625, 14.375, 9.875, 14.5 ], "texture": "#sulferore" },
				"west": { "uv": [ 9.75, 14.125, 10.375, 14.25 ], "texture": "#sulferore" },
				"east": { "uv": [ 12.875, 14.125, 12.25, 14.25 ], "texture": "#sulferore" }
			}
		},
		{
			"__comment": "Voxels",
			"from": [ 5.5, 9, 7 ],
			"to": [ 5.75, 9.25, 7.25 ],
			"faces": {
				"up": { "uv": [ 10.125, 10.375, 10.25, 10.25 ], "texture": "#sulferore" },
				"north": { "uv": [ 10.25, 10.125, 10.125, 10.25 ], "texture": "#sulferore" },
				"south": { "uv": [ 10.125, 10, 10.25, 10.125 ], "texture": "#sulferore" },
				"west": { "uv": [ 10.125, 9.625, 10.25, 9.75 ], "texture": "#sulferore" },
				"east": { "uv": [ 10.25, 9.5, 10.125, 9.625 ], "texture": "#sulferore" }
			}
		},
		{
			"__comment": "Voxels",
			"from": [ 5.5, 9, 8 ],
			"to": [ 5.75, 9.25, 8.25 ],
			"faces": {
				"up": { "uv": [ 10.125, 9.375, 10.25, 9.25 ], "texture": "#sulferore" },
				"north": { "uv": [ 10.25, 9, 10.125, 9.125 ], "texture": "#sulferore" },
				"west": { "uv": [ 10.25, 12.875, 10.375, 13 ], "texture": "#sulferore" },
				"east": { "uv": [ 10.375, 12.75, 10.25, 12.875 ], "texture": "#sulferore" }
			}
		},
		{
			"__comment": "Voxels",
			"from": [ 5.75, 7, 7.25 ],
			"to": [ 9.5, 7.25, 7.5 ],
			"faces": {
				"down": { "uv": [ 14.125, 15.125, 16, 15.25 ], "texture": "#sulferore" },
				"north": { "uv": [ 10, 14.5, 8.125, 14.625 ], "texture": "#sulferore" },
				"west": { "uv": [ 10.25, 12.625, 10.375, 12.75 ], "texture": "#sulferore" },
				"east": { "uv": [ 10.375, 11.5, 10.25, 11.625 ], "texture": "#sulferore" }
			}
		},
		{
			"__comment": "Voxels",
			"from": [ 5.75, 7, 8.5 ],
			"to": [ 10.5, 7.25, 8.75 ],
			"faces": {
				"down": { "uv": [ 5.375, 8.875, 7.75, 9 ], "texture": "#sulferore" },
				"north": { "uv": [ 7.75, 8.75, 5.375, 8.875 ], "texture": "#sulferore" },
				"south": { "uv": [ 5.375, 9.375, 7.75, 9.5 ], "texture": "#sulferore" },
				"west": { "uv": [ 10.25, 11.375, 10.375, 11.5 ], "texture": "#sulferore" },
				"east": { "uv": [ 10.375, 11.25, 10.25, 11.375 ], "texture": "#sulferore" }
			}
		},
		{
			"__comment": "Voxels",
			"from": [ 5.75, 7.25, 6.75 ],
			"to": [ 8.5, 7.5, 7 ],
			"faces": {
				"down": { "uv": [ 8.125, 11.5, 9.5, 11.625 ], "texture": "#sulferore" },
				"north": { "uv": [ 9.5, 11.25, 8.125, 11.375 ], "texture": "#sulferore" },
				"west": { "uv": [ 10.25, 11.125, 10.375, 11.25 ], "texture": "#sulferore" },
				"east": { "uv": [ 10.375, 10.75, 10.25, 10.875 ], "texture": "#sulferore" }
			}
		},
		{
			"__comment": "Voxels",
			"from": [ 5.75, 7.25, 9 ],
			"to": [ 6, 7.5, 9.25 ],
			"faces": {
				"down": { "uv": [ 10.25, 10.625, 10.375, 10.75 ], "texture": "#sulferore" },
				"up": { "uv": [ 10.25, 10.625, 10.375, 10.5 ], "texture": "#sulferore" },
				"south": { "uv": [ 10.25, 10, 10.375, 10.125 ], "texture": "#sulferore" },
				"west": { "uv": [ 10.25, 9.875, 10.375, 10 ], "texture": "#sulferore" },
				"east": { "uv": [ 10.375, 9.75, 10.25, 9.875 ], "texture": "#sulferore" }
			}
		},
		{
			"__comment": "Voxels",
			"from": [ 5.75, 7.75, 9 ],
			"to": [ 10.5, 8.5, 9.25 ],
			"faces": {
				"down": { "uv": [ 5.375, 10.125, 7.75, 10.25 ], "texture": "#sulferore" },
				"up": { "uv": [ 5.375, 10.125, 7.75, 10 ], "texture": "#sulferore" },
				"north": { "uv": [ 2.375, 8.5, 0, 8.875 ], "texture": "#sulferore" },
				"south": { "uv": [ 0, 8.875, 2.375, 9.25 ], "texture": "#sulferore" },
				"west": { "uv": [ 9.75, 10.875, 9.875, 11.25 ], "texture": "#sulferore" },
				"east": { "uv": [ 10, 10.875, 9.875, 11.25 ], "texture": "#sulferore" }
			}
		},
		{
			"__comment": "Voxels",
			"from": [ 5.75, 8, 9.25 ],
			"to": [ 6.25, 8.25, 9.5 ],
			"faces": {
				"down": { "uv": [ 7.875, 10.75, 8.125, 10.875 ], "texture": "#sulferore" },
				"up": { "uv": [ 7.875, 11, 8.125, 10.875 ], "texture": "#sulferore" },
				"south": { "uv": [ 7.875, 11.125, 8.125, 11.25 ], "texture": "#sulferore" },
				"west": { "uv": [ 10.25, 9.625, 10.375, 9.75 ], "texture": "#sulferore" },
				"east": { "uv": [ 10.375, 9.25, 10.25, 9.375 ], "texture": "#sulferore" }
			}
		},
		{
			"__comment": "Voxels",
			"from": [ 5.75, 8.25, 9.25 ],
			"to": [ 6, 8.5, 9.5 ],
			"faces": {
				"up": { "uv": [ 10.25, 9.125, 10.375, 9 ], "texture": "#sulferore" },
				"south": { "uv": [ 10.25, 8.5, 10.375, 8.625 ], "texture": "#sulferore" },
				"west": { "uv": [ 10.25, 8.375, 10.375, 8.5 ], "texture": "#sulferore" },
				"east": { "uv": [ 10.375, 8.25, 10.25, 8.375 ], "texture": "#sulferore" }
			}
		},
		{
			"__comment": "Voxels",
			"from": [ 5.75, 8.5, 8.75 ],
			"to": [ 10.5, 8.75, 9 ],
			"faces": {
				"up": { "uv": [ 5.375, 10, 7.75, 9.875 ], "texture": "#sulferore" },
				"south": { "uv": [ 5.375, 9, 7.75, 9.125 ], "texture": "#sulferore" },
				"west": { "uv": [ 10.25, 8.125, 10.375, 8.25 ], "texture": "#sulferore" },
				"east": { "uv": [ 11.375, 13.5, 11.25, 13.625 ], "texture": "#sulferore" }
			}
		},
		{
			"__comment": "Voxels",
			"from": [ 5.75, 9, 7.25 ],
			"to": [ 6, 9.25, 8 ],
			"faces": {
				"up": { "uv": [ 9.875, 10.5, 10, 10.125 ], "texture": "#sulferore" },
				"north": { "uv": [ 11.5, 13.5, 11.375, 13.625 ], "texture": "#sulferore" },
				"south": { "uv": [ 11.5, 13.5, 11.625, 13.625 ], "texture": "#sulferore" },
				"west": { "uv": [ 15.25, 14, 15.625, 14.125 ], "texture": "#sulferore" },
				"east": { "uv": [ 16, 14, 15.625, 14.125 ], "texture": "#sulferore" }
			}
		},
		{
			"__comment": "Voxels",
			"from": [ 6, 7, 7 ],
			"to": [ 9, 7.25, 7.25 ],
			"faces": {
				"down": { "uv": [ 8.125, 13, 9.625, 13.125 ], "texture": "#sulferore" },
				"north": { "uv": [ 9.625, 13.625, 8.125, 13.75 ], "texture": "#sulferore" },
				"west": { "uv": [ 11.625, 13.5, 11.75, 13.625 ], "texture": "#sulferore" },
				"east": { "uv": [ 11.875, 13.5, 11.75, 13.625 ], "texture": "#sulferore" }
			}
		},
		{
			"__comment": "Voxels",
			"from": [ 6, 7, 8.75 ],
			"to": [ 10.25, 7.25, 9 ],
			"faces": {
				"down": { "uv": [ 12.375, 15.625, 14.5, 15.75 ], "texture": "#sulferore" },
				"south": { "uv": [ 8.125, 15.5, 10.25, 15.625 ], "texture": "#sulferore" },
				"west": { "uv": [ 11.875, 13.5, 12, 13.625 ], "texture": "#sulferore" },
				"east": { "uv": [ 13.625, 13.5, 13.5, 13.625 ], "texture": "#sulferore" }
			}
		},
		{
			"__comment": "Voxels",
			"from": [ 6, 7.5, 6.5 ],
			"to": [ 7.75, 8, 6.75 ],
			"faces": {
				"down": { "uv": [ 4.5, 9.875, 5.375, 10 ], "texture": "#sulferore" },
				"north": { "uv": [ 2.625, 13.375, 1.75, 13.625 ], "texture": "#sulferore" },
				"south": { "uv": [ 1.75, 12.75, 2.625, 13 ], "texture": "#sulferore" },
				"west": { "uv": [ 9.75, 9.125, 9.875, 9.375 ], "texture": "#sulferore" },
				"east": { "uv": [ 10, 9.375, 9.875, 9.625 ], "texture": "#sulferore" }
			}
		},
		{
			"__comment": "Voxels",
			"from": [ 6, 7.5, 9 ],
			"to": [ 10.5, 7.75, 9.25 ],
			"faces": {
				"down": { "uv": [ 5.375, 8.25, 7.625, 8.375 ], "texture": "#sulferore" },
				"south": { "uv": [ 5.375, 8.125, 7.625, 8.25 ], "texture": "#sulferore" },
				"west": { "uv": [ 13.625, 13.5, 13.75, 13.625 ], "texture": "#sulferore" },
				"east": { "uv": [ 13.875, 13.5, 13.75, 13.625 ], "texture": "#sulferore" }
			}
		},
		{
			"__comment": "Voxels",
			"from": [ 6, 7.75, 9.25 ],
			"to": [ 6.25, 8, 9.5 ],
			"faces": {
				"down": { "uv": [ 13.875, 13.5, 14, 13.625 ], "texture": "#sulferore" },
				"south": { "uv": [ 14.5, 13.5, 14.625, 13.625 ], "texture": "#sulferore" },
				"west": { "uv": [ 14.625, 13.5, 14.75, 13.625 ], "texture": "#sulferore" },
				"east": { "uv": [ 15.875, 13.5, 15.75, 13.625 ], "texture": "#sulferore" }
			}
		},
		{
			"__comment": "Voxels",
			"from": [ 6, 8.75, 6.75 ],
			"to": [ 8.75, 9, 7 ],
			"faces": {
				"up": { "uv": [ 8.125, 10.25, 9.5, 10.125 ], "texture": "#sulferore" },
				"north": { "uv": [ 9.5, 10, 8.125, 10.125 ], "texture": "#sulferore" },
				"west": { "uv": [ 15.875, 13.5, 16, 13.625 ], "texture": "#sulferore" },
				"east": { "uv": [ 10.5, 13.375, 10.375, 13.5 ], "texture": "#sulferore" }
			}
		},
		{
			"__comment": "Voxels",
			"from": [ 6, 9, 7.5 ],
			"to": [ 10.25, 9.25, 7.75 ],
			"faces": {
				"down": { "uv": [ 8.125, 15.375, 10.25, 15.5 ], "texture": "#sulferore" },
				"up": { "uv": [ 10.25, 15.75, 12.375, 15.625 ], "texture": "#sulferore" },
				"north": { "uv": [ 7.5, 8, 5.375, 8.125 ], "texture": "#sulferore" },
				"south": { "uv": [ 8.125, 15.625, 10.25, 15.75 ], "texture": "#sulferore" },
				"east": { "uv": [ 10.5, 10.625, 10.375, 10.75 ], "texture": "#sulferore" }
			}
		},
		{
			"__comment": "Voxels",
			"from": [ 6, 9, 7.75 ],
			"to": [ 10, 9.25, 8.25 ],
			"faces": {
				"down": { "uv": [ 2.625, 11, 4.625, 11.25 ], "texture": "#sulferore" },
				"up": { "uv": [ 2.625, 11.5, 4.625, 11.25 ], "texture": "#sulferore" },
				"south": { "uv": [ 10.25, 15.375, 12.25, 15.5 ], "texture": "#sulferore" },
				"west": { "uv": [ 13.875, 13.625, 14.125, 13.75 ], "texture": "#sulferore" },
				"east": { "uv": [ 13.875, 13.625, 13.625, 13.75 ], "texture": "#sulferore" }
			}
		},
		{
			"__comment": "Voxels",
			"from": [ 6, 9, 8.25 ],
			"to": [ 9.5, 9.25, 8.5 ],
			"faces": {
				"up": { "uv": [ 14.25, 15.5, 16, 15.375 ], "texture": "#sulferore" },
				"south": { "uv": [ 8.125, 14.375, 9.875, 14.5 ], "texture": "#sulferore" },
				"west": { "uv": [ 10.375, 10.5, 10.5, 10.625 ], "texture": "#sulferore" },
				"east": { "uv": [ 10.5, 10.375, 10.375, 10.5 ], "texture": "#sulferore" }
			}
		},
		{
			"__comment": "Voxels",
			"from": [ 6, 9.25, 7.5 ],
			"to": [ 6.5, 9.5, 7.75 ],
			"faces": {
				"up": { "uv": [ 11.75, 13.875, 12, 13.75 ], "texture": "#sulferore" },
				"north": { "uv": [ 11.75, 13.75, 11.5, 13.875 ], "texture": "#sulferore" },
				"south": { "uv": [ 7.875, 11.25, 8.125, 11.375 ], "texture": "#sulferore" },
				"west": { "uv": [ 10.375, 10.25, 10.5, 10.375 ], "texture": "#sulferore" },
				"east": { "uv": [ 10.5, 9.875, 10.375, 10 ], "texture": "#sulferore" }
			}
		},
		{
			"__comment": "Voxels",
			"from": [ 6, 9.25, 7.75 ],
			"to": [ 6.25, 9.5, 8 ],
			"faces": {
				"up": { "uv": [ 10.375, 9.5, 10.5, 9.375 ], "texture": "#sulferore" },
				"south": { "uv": [ 10.375, 9.125, 10.5, 9.25 ], "texture": "#sulferore" },
				"west": { "uv": [ 10.375, 9, 10.5, 9.125 ], "texture": "#sulferore" },
				"east": { "uv": [ 10.5, 8.875, 10.375, 9 ], "texture": "#sulferore" }
			}
		},
		{
			"__comment": "Voxels",
			"from": [ 6.25, 6.75, 7.5 ],
			"to": [ 9.5, 7, 8.75 ],
			"faces": {
				"down": { "uv": [ 0, 12.125, 1.625, 12.75 ], "texture": "#sulferore" },
				"up": { "uv": [ 0, 12.125, 1.625, 11.5 ], "texture": "#sulferore" },
				"north": { "uv": [ 9.75, 14.25, 8.125, 14.375 ], "texture": "#sulferore" },
				"south": { "uv": [ 9.75, 14.25, 11.375, 14.375 ], "texture": "#sulferore" },
				"west": { "uv": [ 8.125, 8.25, 8.75, 8.375 ], "texture": "#sulferore" },
				"east": { "uv": [ 8.75, 8.125, 8.125, 8.25 ], "texture": "#sulferore" }
			}
		},
		{
			"__comment": "Voxels",
			"from": [ 6.25, 7.25, 6.5 ],
			"to": [ 7.5, 7.5, 6.75 ],
			"faces": {
				"down": { "uv": [ 8.125, 8, 8.75, 8.125 ], "texture": "#sulferore" },
				"north": { "uv": [ 9.5, 8.625, 8.875, 8.75 ], "texture": "#sulferore" },
				"west": { "uv": [ 10.375, 8.75, 10.5, 8.875 ], "texture": "#sulferore" },
				"east": { "uv": [ 10.5, 8.625, 10.375, 8.75 ], "texture": "#sulferore" }
			}
		},
		{
			"__comment": "Voxels",
			"from": [ 6.25, 7.25, 9 ],
			"to": [ 10.25, 7.5, 9.25 ],
			"faces": {
				"down": { "uv": [ 8.125, 15, 10.125, 15.125 ], "texture": "#sulferore" },
				"south": { "uv": [ 10.125, 15, 12.125, 15.125 ], "texture": "#sulferore" },
				"west": { "uv": [ 10.375, 8.5, 10.5, 8.625 ], "texture": "#sulferore" },
				"east": { "uv": [ 10.5, 8.375, 10.375, 8.5 ], "texture": "#sulferore" }
			}
		},
		{
			"__comment": "Voxels",
			"from": [ 6.25, 8.5, 9 ],
			"to": [ 10.25, 8.75, 9.25 ],
			"faces": {
				"up": { "uv": [ 10.125, 15.375, 12.125, 15.25 ], "texture": "#sulferore" },
				"south": { "uv": [ 14, 15.875, 16, 16 ], "texture": "#sulferore" },
				"west": { "uv": [ 10.375, 8.25, 10.5, 8.375 ], "texture": "#sulferore" },
				"east": { "uv": [ 10.5, 8.125, 10.375, 8.25 ], "texture": "#sulferore" }
			}
		},
		{
			"__comment": "Voxels",
			"from": [ 6.25, 8.75, 8.75 ],
			"to": [ 10, 9, 9 ],
			"faces": {
				"up": { "uv": [ 13.875, 14.875, 15.75, 14.75 ], "texture": "#sulferore" },
				"south": { "uv": [ 10.125, 14.75, 12, 14.875 ], "texture": "#sulferore" },
				"west": { "uv": [ 10.375, 8, 10.5, 8.125 ], "texture": "#sulferore" },
				"east": { "uv": [ 10.875, 13.375, 10.75, 13.5 ], "texture": "#sulferore" }
			}
		},
		{
			"__comment": "Voxels",
			"from": [ 6.25, 8.75, 9 ],
			"to": [ 9.5, 9, 9.25 ],
			"faces": {
				"up": { "uv": [ 8.125, 14.25, 9.75, 14.125 ], "texture": "#sulferore" },
				"south": { "uv": [ 11.375, 14.25, 13, 14.375 ], "texture": "#sulferore" },
				"west": { "uv": [ 10.875, 13.375, 11, 13.5 ], "texture": "#sulferore" },
				"east": { "uv": [ 11.125, 13.375, 11, 13.5 ], "texture": "#sulferore" }
			}
		},
		{
			"__comment": "Voxels",
			"from": [ 6.25, 9, 7 ],
			"to": [ 6.5, 9.25, 7.25 ],
			"faces": {
				"up": { "uv": [ 12.25, 13.5, 12.375, 13.375 ], "texture": "#sulferore" },
				"north": { "uv": [ 12.5, 13.375, 12.375, 13.5 ], "texture": "#sulferore" },
				"south": { "uv": [ 12.5, 13.375, 12.625, 13.5 ], "texture": "#sulferore" },
				"west": { "uv": [ 12.625, 13.375, 12.75, 13.5 ], "texture": "#sulferore" },
				"east": { "uv": [ 13.125, 13.375, 13, 13.5 ], "texture": "#sulferore" }
			}
		},
		{
			"__comment": "Voxels",
			"from": [ 6.25, 9, 9 ],
			"to": [ 6.75, 9.25, 9.25 ],
			"faces": {
				"up": { "uv": [ 10, 13.875, 10.25, 13.75 ], "texture": "#sulferore" },
				"north": { "uv": [ 16, 13.875, 15.75, 14 ], "texture": "#sulferore" },
				"south": { "uv": [ 15.5, 13.875, 15.75, 14 ], "texture": "#sulferore" },
				"west": { "uv": [ 13.125, 13.375, 13.25, 13.5 ], "texture": "#sulferore" },
				"east": { "uv": [ 13.375, 13.375, 13.25, 13.5 ], "texture": "#sulferore" }
			}
		},
		{
			"__comment": "Voxels",
			"from": [ 6.25, 9.25, 8 ],
			"to": [ 6.75, 9.5, 8.5 ],
			"faces": {
				"down": { "uv": [ 5.125, 12.75, 5.375, 13 ], "texture": "#sulferore" },
				"up": { "uv": [ 9.5, 8.25, 9.75, 8 ], "texture": "#sulferore" },
				"north": { "uv": [ 9.75, 10.5, 9.5, 10.625 ], "texture": "#sulferore" },
				"south": { "uv": [ 9.5, 10.625, 9.75, 10.75 ], "texture": "#sulferore" },
				"west": { "uv": [ 9.5, 10.75, 9.75, 10.875 ], "texture": "#sulferore" },
				"east": { "uv": [ 9.75, 10.875, 9.5, 11 ], "texture": "#sulferore" }
			}
		},
		{
			"__comment": "Voxels",
			"from": [ 6.5, 6.75, 7.25 ],
			"to": [ 9.25, 7, 7.5 ],
			"faces": {
				"down": { "uv": [ 8.125, 12.25, 9.5, 12.375 ], "texture": "#sulferore" },
				"north": { "uv": [ 9.5, 12, 8.125, 12.125 ], "texture": "#sulferore" },
				"west": { "uv": [ 13.375, 13.375, 13.5, 13.5 ], "texture": "#sulferore" },
				"east": { "uv": [ 13.875, 13.375, 13.75, 13.5 ], "texture": "#sulferore" }
			}
		},
		{
			"__comment": "Voxels",
			"from": [ 6.5, 6.75, 8.75 ],
			"to": [ 9.25, 7, 9 ],
			"faces": {
				"down": { "uv": [ 8.125, 10.75, 9.5, 10.875 ], "texture": "#sulferore" },
				"south": { "uv": [ 8.125, 10.375, 9.5, 10.5 ], "texture": "#sulferore" },
				"west": { "uv": [ 13.875, 13.375, 14, 13.5 ], "texture": "#sulferore" },
				"east": { "uv": [ 14.125, 13.375, 14, 13.5 ], "texture": "#sulferore" }
			}
		},
		{
			"__comment": "Voxels",
			"from": [ 6.5, 7, 9 ],
			"to": [ 9.25, 7.25, 9.25 ],
			"faces": {
				"down": { "uv": [ 8.125, 12.75, 9.5, 12.875 ], "texture": "#sulferore" },
				"south": { "uv": [ 8.125, 12.375, 9.5, 12.5 ], "texture": "#sulferore" },
				"west": { "uv": [ 14.125, 13.375, 14.25, 13.5 ], "texture": "#sulferore" },
				"east": { "uv": [ 14.375, 13.375, 14.25, 13.5 ], "texture": "#sulferore" }
			}
		},
		{
			"__comment": "Voxels",
			"from": [ 6.5, 7, 9.25 ],
			"to": [ 7, 7.25, 9.5 ],
			"faces": {
				"down": { "uv": [ 9.5, 11.25, 9.75, 11.375 ], "texture": "#sulferore" },
				"up": { "uv": [ 9.5, 11.5, 9.75, 11.375 ], "texture": "#sulferore" },
				"south": { "uv": [ 10.5, 13.75, 10.75, 13.875 ], "texture": "#sulferore" },
				"west": { "uv": [ 10.375, 9.5, 10.5, 9.625 ], "texture": "#sulferore" },
				"east": { "uv": [ 10.5, 9.625, 10.375, 9.75 ], "texture": "#sulferore" }
			}
		},
		{
			"__comment": "Voxels",
			"from": [ 6.5, 7.5, 9.25 ],
			"to": [ 9.75, 8.25, 9.5 ],
			"faces": {
				"down": { "uv": [ 8.125, 13.875, 9.75, 14 ], "texture": "#sulferore" },
				"up": { "uv": [ 8.125, 13.875, 9.75, 13.75 ], "texture": "#sulferore" },
				"north": { "uv": [ 4.25, 12.375, 2.625, 12.75 ], "texture": "#sulferore" },
				"south": { "uv": [ 2.625, 12, 4.25, 12.375 ], "texture": "#sulferore" },
				"west": { "uv": [ 9.875, 10.5, 10, 10.875 ], "texture": "#sulferore" },
				"east": { "uv": [ 9.875, 10.5, 9.75, 10.875 ], "texture": "#sulferore" }
			}
		},
		{
			"__comment": "Voxels",
			"from": [ 6.5, 7.75, 6.25 ],
			"to": [ 7.25, 8.25, 6.5 ],
			"faces": {
				"down": { "uv": [ 11.5, 13.875, 11.875, 14 ], "texture": "#sulferore" },
				"up": { "uv": [ 7.75, 9.75, 8.125, 9.625 ], "texture": "#sulferore" },
				"north": { "uv": [ 5.375, 12.5, 5, 12.75 ], "texture": "#sulferore" },
				"south": { "uv": [ 5, 12.125, 5.375, 12.375 ], "texture": "#sulferore" },
				"west": { "uv": [ 9.75, 8.875, 9.875, 9.125 ], "texture": "#sulferore" },
				"east": { "uv": [ 10, 9.125, 9.875, 9.375 ], "texture": "#sulferore" }
			}
		},
		{
			"__comment": "Voxels",
			"from": [ 6.5, 8.25, 9.25 ],
			"to": [ 6.75, 9, 9.5 ],
			"faces": {
				"up": { "uv": [ 14.5, 13.5, 14.625, 13.375 ], "texture": "#sulferore" },
				"north": { "uv": [ 9.875, 11.625, 9.75, 12 ], "texture": "#sulferore" },
				"south": { "uv": [ 9.875, 11.625, 10, 12 ], "texture": "#sulferore" },
				"west": { "uv": [ 9.75, 11.25, 9.875, 11.625 ], "texture": "#sulferore" },
				"east": { "uv": [ 10, 11.25, 9.875, 11.625 ], "texture": "#sulferore" }
			}
		},
		{
			"__comment": "Voxels",
			"from": [ 6.5, 9, 7.25 ],
			"to": [ 8.75, 9.25, 7.5 ],
			"faces": {
				"up": { "uv": [ 8.125, 9, 9.25, 8.875 ], "texture": "#sulferore" },
				"north": { "uv": [ 9.25, 9.25, 8.125, 9.375 ], "texture": "#sulferore" },
				"west": { "uv": [ 14.625, 13.375, 14.75, 13.5 ], "texture": "#sulferore" },
				"east": { "uv": [ 14.875, 13.375, 14.75, 13.5 ], "texture": "#sulferore" }
			}
		},
		{
			"__comment": "Voxels",
			"from": [ 6.75, 6.75, 9 ],
			"to": [ 7, 7, 9.25 ],
			"faces": {
				"down": { "uv": [ 14.875, 13.375, 15, 13.5 ], "texture": "#sulferore" },
				"south": { "uv": [ 15.25, 13.375, 15.375, 13.5 ], "texture": "#sulferore" },
				"west": { "uv": [ 15.375, 13.375, 15.5, 13.5 ], "texture": "#sulferore" },
				"east": { "uv": [ 15.625, 13.375, 15.5, 13.5 ], "texture": "#sulferore" }
			}
		},
		{
			"__comment": "Voxels",
			"from": [ 6.75, 7, 6.75 ],
			"to": [ 8.25, 7.25, 7 ],
			"faces": {
				"down": { "uv": [ 4.625, 10.625, 5.375, 10.75 ], "texture": "#sulferore" },
				"north": { "uv": [ 5.375, 10.375, 4.625, 10.5 ], "texture": "#sulferore" },
				"west": { "uv": [ 15.625, 13.375, 15.75, 13.5 ], "texture": "#sulferore" },
				"east": { "uv": [ 10.625, 13.25, 10.5, 13.375 ], "texture": "#sulferore" }
			}
		},
		{
			"__comment": "Voxels",
			"from": [ 6.75, 7.5, 6.25 ],
			"to": [ 7.25, 7.75, 6.5 ],
			"faces": {
				"down": { "uv": [ 14.875, 13.625, 15.125, 13.75 ], "texture": "#sulferore" },
				"north": { "uv": [ 14.625, 13.625, 14.375, 13.75 ], "texture": "#sulferore" },
				"west": { "uv": [ 10.5, 13.125, 10.625, 13.25 ], "texture": "#sulferore" },
				"east": { "uv": [ 8.125, 13.875, 8, 14 ], "texture": "#sulferore" }
			}
		},
		{
			"__comment": "Voxels",
			"from": [ 6.75, 7.75, 9.5 ],
			"to": [ 7.5, 8, 9.75 ],
			"faces": {
				"down": { "uv": [ 10, 13.875, 10.375, 14 ], "texture": "#sulferore" },
				"up": { "uv": [ 10.375, 14, 10.75, 13.875 ], "texture": "#sulferore" },
				"south": { "uv": [ 11.125, 13.875, 11.5, 14 ], "texture": "#sulferore" },
				"west": { "uv": [ 10.5, 13, 10.625, 13.125 ], "texture": "#sulferore" },
				"east": { "uv": [ 10.625, 12.875, 10.5, 13 ], "texture": "#sulferore" }
			}
		},
		{
			"__comment": "Voxels",
			"from": [ 6.75, 8, 9.5 ],
			"to": [ 7.25, 8.25, 9.75 ],
			"faces": {
				"up": { "uv": [ 2.375, 9.75, 2.625, 9.625 ], "texture": "#sulferore" },
				"south": { "uv": [ 2.375, 8.875, 2.625, 9 ], "texture": "#sulferore" },
				"west": { "uv": [ 10.5, 12.25, 10.625, 12.375 ], "texture": "#sulferore" },
				"east": { "uv": [ 10.625, 12.125, 10.5, 12.25 ], "texture": "#sulferore" }
			}
		},
		{
			"__comment": "Voxels",
			"from": [ 6.75, 8.25, 6.25 ],
			"to": [ 7.25, 8.5, 6.5 ],
			"faces": {
				"up": { "uv": [ 7.875, 12, 8.125, 11.875 ], "texture": "#sulferore" },
				"north": { "uv": [ 12.625, 13.625, 12.375, 13.75 ], "texture": "#sulferore" },
				"west": { "uv": [ 10.5, 12, 10.625, 12.125 ], "texture": "#sulferore" },
				"east": { "uv": [ 10.625, 11.875, 10.5, 12 ], "texture": "#sulferore" }
			}
		},
		{
			"__comment": "Voxels",
			"from": [ 6.75, 8.5, 6.5 ],
			"to": [ 7.5, 8.75, 6.75 ],
			"faces": {
				"up": { "uv": [ 9.375, 9.5, 9.75, 9.375 ], "texture": "#sulferore" },
				"north": { "uv": [ 14.125, 14, 13.75, 14.125 ], "texture": "#sulferore" },
				"west": { "uv": [ 10.5, 11.75, 10.625, 11.875 ], "texture": "#sulferore" },
				"east": { "uv": [ 10.625, 11.625, 10.5, 11.75 ], "texture": "#sulferore" }
			}
		},
		{
			"__comment": "Voxels",
			"from": [ 6.75, 9, 6.75 ],
			"to": [ 7.75, 9.25, 7.25 ],
			"faces": {
				"down": { "uv": [ 2, 12.125, 2.5, 12.375 ], "texture": "#sulferore" },
				"up": { "uv": [ 1.625, 11.75, 2.125, 11.5 ], "texture": "#sulferore" },
				"north": { "uv": [ 8.125, 8.25, 7.625, 8.375 ], "texture": "#sulferore" },
				"west": { "uv": [ 11.25, 13.75, 11.5, 13.875 ], "texture": "#sulferore" },
				"east": { "uv": [ 11.25, 13.75, 11, 13.875 ], "texture": "#sulferore" }
			}
		},
		{
			"__comment": "Voxels",
			"from": [ 6.75, 9, 8.5 ],
			"to": [ 7.25, 9.25, 8.75 ],
			"faces": {
				"up": { "uv": [ 9.5, 10.5, 9.75, 10.375 ], "texture": "#sulferore" },
				"south": { "uv": [ 9.5, 11.125, 9.75, 11.25 ], "texture": "#sulferore" },
				"west": { "uv": [ 10.5, 11.25, 10.625, 11.375 ], "texture": "#sulferore" },
				"east": { "uv": [ 2.625, 11.625, 2.5, 11.75 ], "texture": "#sulferore" }
			}
		},
		{
			"__comment": "Voxels",
			"from": [ 6.75, 9.25, 7.5 ],
			"to": [ 7.25, 9.75, 8 ],
			"faces": {
				"down": { "uv": [ 9.75, 13.5, 10, 13.75 ], "texture": "#sulferore" },
				"up": { "uv": [ 9.75, 13.5, 10, 13.25 ], "texture": "#sulferore" },
				"north": { "uv": [ 10, 13, 9.75, 13.25 ], "texture": "#sulferore" },
				"south": { "uv": [ 9.75, 12.75, 10, 13 ], "texture": "#sulferore" },
				"west": { "uv": [ 2.375, 9.375, 2.625, 9.625 ], "texture": "#sulferore" },
				"east": { "uv": [ 2.625, 9.75, 2.375, 10 ], "texture": "#sulferore" }
			}
		},
		{
			"__comment": "Voxels",
			"from": [ 7, 6.5, 7.75 ],
			"to": [ 8, 6.75, 8.5 ],
			"faces": {
				"down": { "uv": [ 1.625, 11.75, 2.125, 12.125 ], "texture": "#sulferore" },
				"north": { "uv": [ 10.75, 14, 10.25, 14.125 ], "texture": "#sulferore" },
				"south": { "uv": [ 2.125, 11.5, 2.625, 11.625 ], "texture": "#sulferore" },
				"west": { "uv": [ 14.5, 14, 14.875, 14.125 ], "texture": "#sulferore" },
				"east": { "uv": [ 15.25, 14, 14.875, 14.125 ], "texture": "#sulferore" }
			}
		},
		{
			"__comment": "Voxels",
			"from": [ 7, 6.75, 7 ],
			"to": [ 8.5, 7, 7.25 ],
			"faces": {
				"down": { "uv": [ 8.125, 8.5, 8.875, 8.625 ], "texture": "#sulferore" },
				"north": { "uv": [ 5.375, 11.625, 4.625, 11.75 ], "texture": "#sulferore" },
				"west": { "uv": [ 5.25, 9.625, 5.375, 9.75 ], "texture": "#sulferore" },
				"east": { "uv": [ 5.375, 9.5, 5.25, 9.625 ], "texture": "#sulferore" }
			}
		},
		{
			"__comment": "Voxels",
			"from": [ 7, 7.25, 9.25 ],
			"to": [ 8.5, 7.5, 9.5 ],
			"faces": {
				"down": { "uv": [ 4.625, 11.25, 5.375, 11.375 ], "texture": "#sulferore" },
				"south": { "uv": [ 4.5, 9.5, 5.25, 9.625 ], "texture": "#sulferore" },
				"west": { "uv": [ 8, 15.125, 8.125, 15.25 ], "texture": "#sulferore" },
				"east": { "uv": [ 8.125, 15, 8, 15.125 ], "texture": "#sulferore" }
			}
		},
		{
			"__comment": "Voxels",
			"from": [ 7, 7.5, 9.5 ],
			"to": [ 7.25, 7.75, 9.75 ],
			"faces": {
				"down": { "uv": [ 8, 14.875, 8.125, 15 ], "texture": "#sulferore" },
				"south": { "uv": [ 8, 14.5, 8.125, 14.625 ], "texture": "#sulferore" },
				"west": { "uv": [ 8, 14.375, 8.125, 14.5 ], "texture": "#sulferore" },
				"east": { "uv": [ 8.125, 14.25, 8, 14.375 ], "texture": "#sulferore" }
			}
		},
		{
			"__comment": "Voxels",
			"from": [ 7, 8.25, 9.25 ],
			"to": [ 9.75, 8.5, 9.5 ],
			"faces": {
				"up": { "uv": [ 8.125, 11, 9.5, 10.875 ], "texture": "#sulferore" },
				"south": { "uv": [ 8.125, 12.875, 9.5, 13 ], "texture": "#sulferore" },
				"west": { "uv": [ 8, 14.125, 8.125, 14.25 ], "texture": "#sulferore" },
				"east": { "uv": [ 8.125, 14, 8, 14.125 ], "texture": "#sulferore" }
			}
		},
		{
			"__comment": "Voxels",
			"from": [ 7, 8.5, 9.25 ],
			"to": [ 9.5, 8.75, 9.5 ],
			"faces": {
				"up": { "uv": [ 8.125, 9.875, 9.375, 9.75 ], "texture": "#sulferore" },
				"south": { "uv": [ 8.125, 9.5, 9.375, 9.625 ], "texture": "#sulferore" },
				"west": { "uv": [ 8, 13.5, 8.125, 13.625 ], "texture": "#sulferore" },
				"east": { "uv": [ 8.125, 13.375, 8, 13.5 ], "texture": "#sulferore" }
			}
		},
		{
			"__comment": "Voxels",
			"from": [ 7, 8.75, 6.5 ],
			"to": [ 7.5, 9, 6.75 ],
			"faces": {
				"up": { "uv": [ 13.25, 13.875, 13.5, 13.75 ], "texture": "#sulferore" },
				"north": { "uv": [ 14.5, 13.75, 14.25, 13.875 ], "texture": "#sulferore" },
				"west": { "uv": [ 8, 12.75, 8.125, 12.875 ], "texture": "#sulferore" },
				"east": { "uv": [ 8.125, 12.625, 8, 12.75 ], "texture": "#sulferore" }
			}
		},
		{
			"__comment": "Voxels",
			"from": [ 7, 8.75, 9.25 ],
			"to": [ 7.5, 9, 9.5 ],
			"faces": {
				"up": { "uv": [ 13.125, 13.75, 13.375, 13.625 ], "texture": "#sulferore" },
				"south": { "uv": [ 9.5, 9.875, 9.75, 10 ], "texture": "#sulferore" },
				"west": { "uv": [ 9.625, 13.5, 9.75, 13.625 ], "texture": "#sulferore" },
				"east": { "uv": [ 9.75, 13.375, 9.625, 13.5 ], "texture": "#sulferore" }
			}
		},
		{
			"__comment": "Voxels",
			"from": [ 7, 9, 6.5 ],
			"to": [ 7.25, 9.25, 6.75 ],
			"faces": {
				"up": { "uv": [ 9.625, 13.25, 9.75, 13.125 ], "texture": "#sulferore" },
				"north": { "uv": [ 9.75, 13, 9.625, 13.125 ], "texture": "#sulferore" },
				"west": { "uv": [ 8.75, 8.25, 8.875, 8.375 ], "texture": "#sulferore" },
				"east": { "uv": [ 8.875, 8.125, 8.75, 8.25 ], "texture": "#sulferore" }
			}
		},
		{
			"__comment": "Voxels",
			"from": [ 7, 9, 9 ],
			"to": [ 7.75, 9.25, 9.25 ],
			"faces": {
				"up": { "uv": [ 12.625, 14, 13, 13.875 ], "texture": "#sulferore" },
				"north": { "uv": [ 13.375, 13.875, 13, 14 ], "texture": "#sulferore" },
				"south": { "uv": [ 13.375, 13.875, 13.75, 14 ], "texture": "#sulferore" },
				"west": { "uv": [ 10, 11.125, 10.125, 11.25 ], "texture": "#sulferore" },
				"east": { "uv": [ 10.125, 11, 10, 11.125 ], "texture": "#sulferore" }
			}
		},
		{
			"__comment": "Voxels",
			"from": [ 7, 9.25, 8.25 ],
			"to": [ 7.25, 9.5, 8.75 ],
			"faces": {
				"down": { "uv": [ 10, 12.75, 10.125, 13 ], "texture": "#sulferore" },
				"up": { "uv": [ 10, 12.75, 10.125, 12.5 ], "texture": "#sulferore" },
				"north": { "uv": [ 10.125, 10.625, 10, 10.75 ], "texture": "#sulferore" },
				"south": { "uv": [ 10, 10.5, 10.125, 10.625 ], "texture": "#sulferore" },
				"west": { "uv": [ 13.75, 13.75, 14, 13.875 ], "texture": "#sulferore" },
				"east": { "uv": [ 14.25, 13.75, 14, 13.875 ], "texture": "#sulferore" }
			}
		},
		{
			"__comment": "Voxels",
			"from": [ 7.25, 6.5, 7.5 ],
			"to": [ 8, 6.75, 7.75 ],
			"faces": {
				"down": { "uv": [ 13.75, 13.875, 14.125, 14 ], "texture": "#sulferore" },
				"north": { "uv": [ 14.875, 13.875, 14.5, 14 ], "texture": "#sulferore" },
				"west": { "uv": [ 10, 9.625, 10.125, 9.75 ], "texture": "#sulferore" },
				"east": { "uv": [ 10.125, 9.5, 10, 9.625 ], "texture": "#sulferore" }
			}
		},
		{
			"__comment": "Voxels",
			"from": [ 7.25, 9, 8.75 ],
			"to": [ 7.5, 9.25, 9 ],
			"faces": {
				"up": { "uv": [ 10, 9.375, 10.125, 9.25 ], "texture": "#sulferore" },
				"north": { "uv": [ 10.125, 9.125, 10, 9.25 ], "texture": "#sulferore" },
				"west": { "uv": [ 10, 8.875, 10.125, 9 ], "texture": "#sulferore" },
				"east": { "uv": [ 10.125, 8.75, 10, 8.875 ], "texture": "#sulferore" }
			}
		},
		{
			"__comment": "Voxels",
			"from": [ 7.25, 9, 9.25 ],
			"to": [ 7.5, 9.25, 9.5 ],
			"faces": {
				"up": { "uv": [ 10, 8.625, 10.125, 8.5 ], "texture": "#sulferore" },
				"south": { "uv": [ 10, 8.25, 10.125, 8.375 ], "texture": "#sulferore" },
				"west": { "uv": [ 10, 8.125, 10.125, 8.25 ], "texture": "#sulferore" },
				"east": { "uv": [ 10.125, 8, 10, 8.125 ], "texture": "#sulferore" }
			}
		},
		{
			"__comment": "Voxels",
			"from": [ 7.25, 9.25, 7 ],
			"to": [ 8.5, 9.5, 7.25 ],
			"faces": {
				"down": { "uv": [ 11, 14.125, 11.625, 14.25 ], "texture": "#sulferore" },
				"up": { "uv": [ 8.125, 8.5, 8.75, 8.375 ], "texture": "#sulferore" },
				"north": { "uv": [ 12.25, 14.125, 11.625, 14.25 ], "texture": "#sulferore" },
				"south": { "uv": [ 10.375, 14.125, 11, 14.25 ], "texture": "#sulferore" },
				"west": { "uv": [ 15.875, 13.625, 16, 13.75 ], "texture": "#sulferore" },
				"east": { "uv": [ 10.25, 13.5, 10.125, 13.625 ], "texture": "#sulferore" }
			}
		},
		{
			"__comment": "Voxels",
			"from": [ 7.25, 9.25, 7.75 ],
			"to": [ 8.75, 9.5, 8 ],
			"faces": {
				"up": { "uv": [ 4.625, 10.875, 5.375, 10.75 ], "texture": "#sulferore" },
				"north": { "uv": [ 5.375, 11, 4.625, 11.125 ], "texture": "#sulferore" },
				"south": { "uv": [ 4.625, 10, 5.375, 10.125 ], "texture": "#sulferore" },
				"east": { "uv": [ 10.25, 12.75, 10.125, 12.875 ], "texture": "#sulferore" }
			}
		},
		{
			"__comment": "Voxels",
			"from": [ 7.25, 9.25, 9 ],
			"to": [ 7.5, 9.5, 9.25 ],
			"faces": {
				"up": { "uv": [ 10.125, 12.625, 10.25, 12.5 ], "texture": "#sulferore" },
				"north": { "uv": [ 10.25, 12.375, 10.125, 12.5 ], "texture": "#sulferore" },
				"south": { "uv": [ 10.125, 12.25, 10.25, 12.375 ], "texture": "#sulferore" },
				"west": { "uv": [ 10.125, 12.125, 10.25, 12.25 ], "texture": "#sulferore" },
				"east": { "uv": [ 10.25, 12, 10.125, 12.125 ], "texture": "#sulferore" }
			}
		},
		{
			"__comment": "Voxels",
			"from": [ 7.25, 9.5, 7.75 ],
			"to": [ 7.5, 9.75, 8 ],
			"faces": {
				"up": { "uv": [ 10.125, 11.875, 10.25, 11.75 ], "texture": "#sulferore" },
				"north": { "uv": [ 10.25, 11.625, 10.125, 11.75 ], "texture": "#sulferore" },
				"south": { "uv": [ 10.125, 11.5, 10.25, 11.625 ], "texture": "#sulferore" },
				"east": { "uv": [ 10.25, 11.25, 10.125, 11.375 ], "texture": "#sulferore" }
			}
		},
		{
			"__comment": "Voxels",
			"from": [ 7.5, 7.5, 9.5 ],
			"to": [ 8, 7.75, 9.75 ],
			"faces": {
				"down": { "uv": [ 7.875, 11.75, 8.125, 11.875 ], "texture": "#sulferore" },
				"up": { "uv": [ 7.875, 11.75, 8.125, 11.625 ], "texture": "#sulferore" },
				"south": { "uv": [ 7.875, 11.375, 8.125, 11.5 ], "texture": "#sulferore" },
				"west": { "uv": [ 10.125, 10.625, 10.25, 10.75 ], "texture": "#sulferore" },
				"east": { "uv": [ 10.25, 10.5, 10.125, 10.625 ], "texture": "#sulferore" }
			}
		},
		{
			"__comment": "Voxels",
			"from": [ 7.5, 9, 8.5 ],
			"to": [ 9, 9.25, 8.75 ],
			"faces": {
				"up": { "uv": [ 4.5, 9.75, 5.25, 9.625 ], "texture": "#sulferore" },
				"south": { "uv": [ 8.125, 8.625, 8.875, 8.75 ], "texture": "#sulferore" },
				"west": { "uv": [ 10.125, 9.875, 10.25, 10 ], "texture": "#sulferore" },
				"east": { "uv": [ 10.25, 9.75, 10.125, 9.875 ], "texture": "#sulferore" }
			}
		},
		{
			"__comment": "Voxels",
			"from": [ 7.5, 9.25, 7.5 ],
			"to": [ 8.5, 9.5, 7.75 ],
			"faces": {
				"up": { "uv": [ 15.5, 14.625, 16, 14.5 ], "texture": "#sulferore" },
				"north": { "uv": [ 12.75, 14, 12.25, 14.125 ], "texture": "#sulferore" },
				"west": { "uv": [ 10.125, 9.125, 10.25, 9.25 ], "texture": "#sulferore" },
				"east": { "uv": [ 10.5, 13, 10.375, 13.125 ], "texture": "#sulferore" }
			}
		},
		{
			"__comment": "Voxels",
			"from": [ 7.5, 9.25, 8.5 ],
			"to": [ 7.75, 9.5, 8.75 ],
			"faces": {
				"up": { "uv": [ 10.125, 8.875, 10.25, 8.75 ], "texture": "#sulferore" },
				"north": { "uv": [ 10.25, 8.625, 10.125, 8.75 ], "texture": "#sulferore" },
				"south": { "uv": [ 10.125, 8.5, 10.25, 8.625 ], "texture": "#sulferore" },
				"west": { "uv": [ 10.125, 8.375, 10.25, 8.5 ], "texture": "#sulferore" },
				"east": { "uv": [ 10.25, 8.25, 10.125, 8.375 ], "texture": "#sulferore" }
			}
		},
		{
			"__comment": "Voxels",
			"from": [ 7.75, 6.75, 9 ],
			"to": [ 8, 7, 9.25 ],
			"faces": {
				"down": { "uv": [ 10.125, 8.125, 10.25, 8.25 ], "texture": "#sulferore" },
				"south": { "uv": [ 10.25, 13.375, 10.375, 13.5 ], "texture": "#sulferore" },
				"west": { "uv": [ 10.25, 13.25, 10.375, 13.375 ], "texture": "#sulferore" },
				"east": { "uv": [ 10.375, 13.125, 10.25, 13.25 ], "texture": "#sulferore" }
			}
		},
		{
			"__comment": "Voxels",
			"from": [ 7.75, 7, 9.25 ],
			"to": [ 8.25, 7.25, 9.5 ],
			"faces": {
				"down": { "uv": [ 7.875, 10.5, 8.125, 10.625 ], "texture": "#sulferore" },
				"south": { "uv": [ 15.75, 14.75, 16, 14.875 ], "texture": "#sulferore" },
				"west": { "uv": [ 10.25, 12.5, 10.375, 12.625 ], "texture": "#sulferore" },
				"east": { "uv": [ 10.375, 12.375, 10.25, 12.5 ], "texture": "#sulferore" }
			}
		},
		{
			"__comment": "Voxels",
			"from": [ 7.75, 7.25, 9.5 ],
			"to": [ 8, 7.5, 9.75 ],
			"faces": {
				"down": { "uv": [ 10.25, 12.25, 10.375, 12.375 ], "texture": "#sulferore" },
				"south": { "uv": [ 10.25, 11.875, 10.375, 12 ], "texture": "#sulferore" },
				"west": { "uv": [ 10.25, 11.75, 10.375, 11.875 ], "texture": "#sulferore" },
				"east": { "uv": [ 10.375, 11.625, 10.25, 11.75 ], "texture": "#sulferore" }
			}
		},
		{
			"__comment": "Voxels",
			"from": [ 7.75, 7.75, 6.5 ],
			"to": [ 8.25, 8, 6.75 ],
			"faces": {
				"down": { "uv": [ 9.5, 12.875, 9.75, 13 ], "texture": "#sulferore" },
				"north": { "uv": [ 9.75, 12.625, 9.5, 12.75 ], "texture": "#sulferore" },
				"east": { "uv": [ 10.375, 10.875, 10.25, 11 ], "texture": "#sulferore" }
			}
		},
		{
			"__comment": "Voxels",
			"from": [ 7.75, 7.75, 9.5 ],
			"to": [ 8.25, 8, 9.75 ],
			"faces": {
				"down": { "uv": [ 9.5, 12.375, 9.75, 12.5 ], "texture": "#sulferore" },
				"up": { "uv": [ 9.5, 12.375, 9.75, 12.25 ], "texture": "#sulferore" },
				"south": { "uv": [ 9.5, 12, 9.75, 12.125 ], "texture": "#sulferore" },
				"west": { "uv": [ 10.25, 10.25, 10.375, 10.375 ], "texture": "#sulferore" },
				"east": { "uv": [ 10.375, 10.125, 10.25, 10.25 ], "texture": "#sulferore" }
			}
		},
		{
			"__comment": "Voxels",
			"from": [ 7.75, 8.25, 9.5 ],
			"to": [ 8.25, 8.5, 9.75 ],
			"faces": {
				"down": { "uv": [ 9.5, 11.875, 9.75, 12 ], "texture": "#sulferore" },
				"up": { "uv": [ 9.5, 11.875, 9.75, 11.75 ], "texture": "#sulferore" },
				"south": { "uv": [ 9.5, 11.5, 9.75, 11.625 ], "texture": "#sulferore" },
				"west": { "uv": [ 10.25, 9.5, 10.375, 9.625 ], "texture": "#sulferore" },
				"east": { "uv": [ 10.375, 9.375, 10.25, 9.5 ], "texture": "#sulferore" }
			}
		},
		{
			"__comment": "Voxels",
			"from": [ 7.75, 9, 7 ],
			"to": [ 8.75, 9.25, 7.25 ],
			"faces": {
				"up": { "uv": [ 10.75, 14.125, 11.25, 14 ], "texture": "#sulferore" },
				"north": { "uv": [ 10.25, 14, 9.75, 14.125 ], "texture": "#sulferore" },
				"east": { "uv": [ 10.375, 8.625, 10.25, 8.75 ], "texture": "#sulferore" }
			}
		},
		{
			"__comment": "Voxels",
			"from": [ 7.75, 9.25, 8 ],
			"to": [ 8.75, 9.5, 8.25 ],
			"faces": {
				"up": { "uv": [ 14.375, 14.25, 14.875, 14.125 ], "texture": "#sulferore" },
				"south": { "uv": [ 13.375, 14.125, 13.875, 14.25 ], "texture": "#sulferore" },
				"west": { "uv": [ 10.25, 8, 10.375, 8.125 ], "texture": "#sulferore" },
				"east": { "uv": [ 10.5, 13.5, 10.375, 13.625 ], "texture": "#sulferore" }
			}
		},
		{
			"__comment": "Voxels",
			"from": [ 7.75, 9.5, 7.75 ],
			"to": [ 8, 9.75, 8 ],
			"faces": {
				"up": { "uv": [ 10.625, 13.625, 10.75, 13.5 ], "texture": "#sulferore" },
				"north": { "uv": [ 10.875, 13.5, 10.75, 13.625 ], "texture": "#sulferore" },
				"south": { "uv": [ 10.875, 13.5, 11, 13.625 ], "texture": "#sulferore" },
				"west": { "uv": [ 11, 13.5, 11.125, 13.625 ], "texture": "#sulferore" },
				"east": { "uv": [ 11.25, 13.5, 11.125, 13.625 ], "texture": "#sulferore" }
			}
		},
		{
			"__comment": "Voxels",
			"from": [ 8, 6.5, 8 ],
			"to": [ 8.5, 6.75, 8.5 ],
			"faces": {
				"down": { "uv": [ 5.125, 13, 5.375, 13.25 ], "texture": "#sulferore" },
				"north": { "uv": [ 9.75, 10.125, 9.5, 10.25 ], "texture": "#sulferore" },
				"south": { "uv": [ 9.5, 10, 9.75, 10.125 ], "texture": "#sulferore" },
				"east": { "uv": [ 9.75, 8.75, 9.5, 8.875 ], "texture": "#sulferore" }
			}
		},
		{
			"__comment": "Voxels",
			"from": [ 8, 8.5, 9.5 ],
			"to": [ 8.25, 8.75, 9.75 ],
			"faces": {
				"up": { "uv": [ 12.125, 13.625, 12.25, 13.5 ], "texture": "#sulferore" },
				"south": { "uv": [ 12.375, 13.5, 12.5, 13.625 ], "texture": "#sulferore" },
				"west": { "uv": [ 12.5, 13.5, 12.625, 13.625 ], "texture": "#sulferore" },
				"east": { "uv": [ 12.75, 13.5, 12.625, 13.625 ], "texture": "#sulferore" }
			}
		},
		{
			"__comment": "Voxels",
			"from": [ 8, 9, 6.75 ],
			"to": [ 8.25, 9.25, 7 ],
			"faces": {
				"up": { "uv": [ 12.875, 13.625, 13, 13.5 ], "texture": "#sulferore" },
				"north": { "uv": [ 13.125, 13.5, 13, 13.625 ], "texture": "#sulferore" },
				"west": { "uv": [ 13.25, 13.5, 13.375, 13.625 ], "texture": "#sulferore" },
				"east": { "uv": [ 13.5, 13.5, 13.375, 13.625 ], "texture": "#sulferore" }
			}
		},
		{
			"__comment": "Voxels",
			"from": [ 8, 9, 9 ],
			"to": [ 8.5, 9.25, 9.25 ],
			"faces": {
				"up": { "uv": [ 9.5, 8.625, 9.75, 8.5 ], "texture": "#sulferore" },
				"north": { "uv": [ 9.75, 8.375, 9.5, 8.5 ], "texture": "#sulferore" },
				"south": { "uv": [ 9.5, 8.25, 9.75, 8.375 ], "texture": "#sulferore" },
				"west": { "uv": [ 14, 13.5, 14.125, 13.625 ], "texture": "#sulferore" },
				"east": { "uv": [ 14.25, 13.5, 14.125, 13.625 ], "texture": "#sulferore" }
			}
		},
		{
			"__comment": "Voxels",
			"from": [ 8, 9.25, 7.25 ],
			"to": [ 8.5, 9.5, 7.5 ],
			"faces": {
				"up": { "uv": [ 9.75, 8.75, 10, 8.625 ], "texture": "#sulferore" },
				"west": { "uv": [ 14.75, 13.5, 14.875, 13.625 ], "texture": "#sulferore" },
				"east": { "uv": [ 15, 13.5, 14.875, 13.625 ], "texture": "#sulferore" }
			}
		},
		{
			"__comment": "Voxels",
			"from": [ 8, 9.25, 8.25 ],
			"to": [ 8.25, 9.5, 8.5 ],
			"faces": {
				"up": { "uv": [ 15.125, 13.625, 15.25, 13.5 ], "texture": "#sulferore" },
				"south": { "uv": [ 15.375, 13.5, 15.5, 13.625 ], "texture": "#sulferore" },
				"west": { "uv": [ 15.5, 13.5, 15.625, 13.625 ], "texture": "#sulferore" },
				"east": { "uv": [ 15.75, 13.5, 15.625, 13.625 ], "texture": "#sulferore" }
			}
		},
		{
			"__comment": "Voxels",
			"from": [ 8.25, 8.75, 9.25 ],
			"to": [ 8.75, 9, 9.5 ],
			"faces": {
				"up": { "uv": [ 9.75, 8.25, 10, 8.125 ], "texture": "#sulferore" },
				"south": { "uv": [ 15.25, 13.875, 15.5, 14 ], "texture": "#sulferore" },
				"west": { "uv": [ 10.375, 13.125, 10.5, 13.25 ], "texture": "#sulferore" },
				"east": { "uv": [ 10.625, 11.125, 10.5, 11.25 ], "texture": "#sulferore" }
			}
		},
		{
			"__comment": "Voxels",
			"from": [ 8.25, 9, 8.75 ],
			"to": [ 8.5, 9.25, 9 ],
			"faces": {
				"up": { "uv": [ 10.375, 12.875, 10.5, 12.75 ], "texture": "#sulferore" },
				"west": { "uv": [ 10.375, 12.375, 10.5, 12.5 ], "texture": "#sulferore" },
				"east": { "uv": [ 10.5, 12.25, 10.375, 12.375 ], "texture": "#sulferore" }
			}
		},
		{
			"__comment": "Voxels",
			"from": [ 8.25, 9.25, 8.5 ],
			"to": [ 8.5, 9.5, 8.75 ],
			"faces": {
				"up": { "uv": [ 10.375, 12.125, 10.5, 12 ], "texture": "#sulferore" },
				"north": { "uv": [ 10.5, 11.875, 10.375, 12 ], "texture": "#sulferore" },
				"south": { "uv": [ 10.375, 11.75, 10.5, 11.875 ], "texture": "#sulferore" },
				"west": { "uv": [ 10.375, 11.625, 10.5, 11.75 ], "texture": "#sulferore" },
				"east": { "uv": [ 10.5, 11.5, 10.375, 11.625 ], "texture": "#sulferore" }
			}
		},
		{
			"__comment": "Voxels",
			"from": [ 9, 8, 6.75 ],
			"to": [ 9.25, 8.25, 7 ],
			"faces": {
				"down": { "uv": [ 10.375, 11.375, 10.5, 11.5 ], "texture": "#sulferore" },
				"up": { "uv": [ 10.375, 11.375, 10.5, 11.25 ], "texture": "#sulferore" },
				"north": { "uv": [ 10.5, 11.125, 10.375, 11.25 ], "texture": "#sulferore" },
				"east": { "uv": [ 10.5, 10.75, 10.375, 10.875 ], "texture": "#sulferore" }
			}
		},
		{
			"__comment": "Voxels",
			"from": [ 9, 8.25, 7 ],
			"to": [ 10.25, 8.5, 7.25 ],
			"faces": {
				"down": { "uv": [ 8.875, 8, 9.5, 8.125 ], "texture": "#sulferore" },
				"up": { "uv": [ 8.875, 8.25, 9.5, 8.125 ], "texture": "#sulferore" },
				"north": { "uv": [ 9.5, 8.25, 8.875, 8.375 ], "texture": "#sulferore" },
				"east": { "uv": [ 10.5, 10, 10.375, 10.125 ], "texture": "#sulferore" }
			}
		},
		{
			"__comment": "Voxels",
			"from": [ 9, 8.5, 7.25 ],
			"to": [ 10.5, 9, 7.5 ],
			"faces": {
				"up": { "uv": [ 8.125, 8.875, 8.875, 8.75 ], "texture": "#sulferore" },
				"north": { "uv": [ 5, 12.5, 4.25, 12.75 ], "texture": "#sulferore" },
				"south": { "uv": [ 4.25, 12.125, 5, 12.375 ], "texture": "#sulferore" },
				"west": { "uv": [ 10, 13.25, 10.125, 13.5 ], "texture": "#sulferore" },
				"east": { "uv": [ 10.125, 13, 10, 13.25 ], "texture": "#sulferore" }
			}
		},
		{
			"__comment": "Voxels",
			"from": [ 9, 8.75, 7.5 ],
			"to": [ 10.5, 9, 8.25 ],
			"faces": {
				"down": { "uv": [ 1.75, 13.625, 2.5, 14 ], "texture": "#sulferore" },
				"up": { "uv": [ 1.75, 13.375, 2.5, 13 ], "texture": "#sulferore" },
				"east": { "uv": [ 8.125, 10.125, 7.75, 10.25 ], "texture": "#sulferore" }
			}
		},
		{
			"__comment": "Voxels",
			"from": [ 9, 9, 7.25 ],
			"to": [ 10, 9.25, 7.5 ],
			"faces": {
				"up": { "uv": [ 9.25, 9, 9.75, 8.875 ], "texture": "#sulferore" },
				"north": { "uv": [ 9.75, 9, 9.25, 9.125 ], "texture": "#sulferore" },
				"west": { "uv": [ 10.5, 13.375, 10.625, 13.5 ], "texture": "#sulferore" },
				"east": { "uv": [ 10.75, 13.375, 10.625, 13.5 ], "texture": "#sulferore" }
			}
		},
		{
			"__comment": "Voxels",
			"from": [ 9, 9.25, 7.25 ],
			"to": [ 9.75, 9.5, 7.5 ],
			"faces": {
				"up": { "uv": [ 7.75, 10, 8.125, 9.875 ], "texture": "#sulferore" },
				"north": { "uv": [ 8.125, 9.75, 7.75, 9.875 ], "texture": "#sulferore" },
				"south": { "uv": [ 5, 12.375, 5.375, 12.5 ], "texture": "#sulferore" },
				"west": { "uv": [ 11.25, 13.375, 11.375, 13.5 ], "texture": "#sulferore" },
				"east": { "uv": [ 11.5, 13.375, 11.375, 13.5 ], "texture": "#sulferore" }
			}
		},
		{
			"__comment": "Voxels",
			"from": [ 9, 9.25, 8 ],
			"to": [ 9.25, 9.5, 8.25 ],
			"faces": {
				"up": { "uv": [ 11.625, 13.5, 11.75, 13.375 ], "texture": "#sulferore" },
				"north": { "uv": [ 11.875, 13.375, 11.75, 13.5 ], "texture": "#sulferore" },
				"south": { "uv": [ 11.875, 13.375, 12, 13.5 ], "texture": "#sulferore" },
				"west": { "uv": [ 12, 13.375, 12.125, 13.5 ], "texture": "#sulferore" },
				"east": { "uv": [ 12.25, 13.375, 12.125, 13.5 ], "texture": "#sulferore" }
			}
		},
		{
			"__comment": "Voxels",
			"from": [ 9.25, 8.75, 7 ],
			"to": [ 10, 9, 7.25 ],
			"faces": {
				"down": { "uv": [ 7.75, 9.5, 8.125, 9.625 ], "texture": "#sulferore" },
				"up": { "uv": [ 7.75, 9.5, 8.125, 9.375 ], "texture": "#sulferore" },
				"north": { "uv": [ 8.125, 9.25, 7.75, 9.375 ], "texture": "#sulferore" },
				"west": { "uv": [ 12.75, 13.375, 12.875, 13.5 ], "texture": "#sulferore" },
				"east": { "uv": [ 13, 13.375, 12.875, 13.5 ], "texture": "#sulferore" }
			}
		},
		{
			"__comment": "Voxels",
			"from": [ 9.25, 9, 7 ],
			"to": [ 9.75, 9.25, 7.25 ],
			"faces": {
				"up": { "uv": [ 14.75, 13.875, 15, 13.75 ], "texture": "#sulferore" },
				"north": { "uv": [ 15.25, 13.75, 15, 13.875 ], "texture": "#sulferore" },
				"west": { "uv": [ 13.5, 13.375, 13.625, 13.5 ], "texture": "#sulferore" },
				"east": { "uv": [ 13.75, 13.375, 13.625, 13.5 ], "texture": "#sulferore" }
			}
		},
		{
			"__comment": "Voxels",
			"from": [ 9.25, 9.25, 7.5 ],
			"to": [ 9.75, 9.5, 8 ],
			"faces": {
				"down": { "uv": [ 2.375, 9, 2.625, 9.25 ], "texture": "#sulferore" },
				"up": { "uv": [ 9.75, 14, 10, 13.75 ], "texture": "#sulferore" },
				"south": { "uv": [ 10.375, 13.625, 10.625, 13.75 ], "texture": "#sulferore" },
				"west": { "uv": [ 10.625, 13.625, 10.875, 13.75 ], "texture": "#sulferore" },
				"east": { "uv": [ 11.125, 13.625, 10.875, 13.75 ], "texture": "#sulferore" }
			}
		},
		{
			"__comment": "Voxels",
			"from": [ 9.5, 6.75, 7.75 ],
			"to": [ 10, 7, 8.75 ],
			"faces": {
				"down": { "uv": [ 2.375, 14, 2.625, 14.5 ], "texture": "#sulferore" },
				"up": { "uv": [ 2.375, 15, 2.625, 14.5 ], "texture": "#sulferore" },
				"north": { "uv": [ 11.875, 13.625, 11.625, 13.75 ], "texture": "#sulferore" },
				"south": { "uv": [ 11.875, 13.625, 12.125, 13.75 ], "texture": "#sulferore" },
				"east": { "uv": [ 13.75, 14, 13.25, 14.125 ], "texture": "#sulferore" }
			}
		},
		{
			"__comment": "Voxels",
			"from": [ 9.5, 7.25, 7.25 ],
			"to": [ 10.25, 7.5, 7.5 ],
			"faces": {
				"down": { "uv": [ 7.75, 9, 8.125, 9.125 ], "texture": "#sulferore" },
				"north": { "uv": [ 8.125, 8.75, 7.75, 8.875 ], "texture": "#sulferore" },
				"east": { "uv": [ 16, 13.375, 15.875, 13.5 ], "texture": "#sulferore" }
			}
		},
		{
			"__comment": "Voxels",
			"from": [ 9.5, 8.5, 7 ],
			"to": [ 10.25, 8.75, 7.25 ],
			"faces": {
				"up": { "uv": [ 15.625, 14.75, 16, 14.625 ], "texture": "#sulferore" },
				"north": { "uv": [ 9.75, 9.75, 9.375, 9.875 ], "texture": "#sulferore" },
				"west": { "uv": [ 10.5, 12.75, 10.625, 12.875 ], "texture": "#sulferore" },
				"east": { "uv": [ 10.625, 12.625, 10.5, 12.75 ], "texture": "#sulferore" }
			}
		},
		{
			"__comment": "Voxels",
			"from": [ 10, 7.75, 7 ],
			"to": [ 10.25, 8.25, 7.25 ],
			"faces": {
				"down": { "uv": [ 10.5, 12.5, 10.625, 12.625 ], "texture": "#sulferore" },
				"north": { "uv": [ 10.125, 12.25, 10, 12.5 ], "texture": "#sulferore" },
				"south": { "uv": [ 10, 12, 10.125, 12.25 ], "texture": "#sulferore" },
				"east": { "uv": [ 10.125, 11.5, 10, 11.75 ], "texture": "#sulferore" }
			}
		},
		{
			"__comment": "Voxels",
			"from": [ 10.25, 7, 7.75 ],
			"to": [ 10.5, 7.25, 8.5 ],
			"faces": {
				"down": { "uv": [ 9.75, 12, 9.875, 12.375 ], "texture": "#sulferore" },
				"up": { "uv": [ 9.875, 12.375, 10, 12 ], "texture": "#sulferore" },
				"north": { "uv": [ 10.625, 11.5, 10.5, 11.625 ], "texture": "#sulferore" },
				"east": { "uv": [ 2, 12.125, 1.625, 12.25 ], "texture": "#sulferore" }
			}
		}
	],
	"display": {
		"thirdperson_righthand": {
			"rotation":  [ 0, 91, 0 ]
		},
		"firstperson_righthand": {
			"rotation":  [ 0, 169, 0 ],
			"translation":  [ 0, 0.6956, 0 ]
		},
		"gui": {
			"rotation":  [ 39, -41, 0 ],
			"scale":  [ 2, 2, 2 ]
		},
		"ground": {
			"rotation":  [ -74, 66, 53 ]
		}
	}
}