{
	"__comment": "Designed by DevastMc",
	"gui_light": "front",
	"textures": {
		"ice_pickaxe": "blocks/ice_pickaxe"
	},
	"elements": [ 	 
		{
			"__comment": "Voxels",
			"from": [ 7.25, 3.5, 8.75 ],
			"to": [ 8.5, 7, 9 ],
			"faces": {
				"down": { "uv": [ 9, 11.75, 10.25, 12 ], "texture": "#ice_pickaxe" },
				"up": { "uv": [ 10.25, 12.5, 11.5, 12.25 ], "texture": "#ice_pickaxe" },
				"north": { "uv": [ 1.25, 12.5, 0, 16 ], "texture": "#ice_pickaxe" },
				"south": { "uv": [ 0, 9, 1.25, 12.5 ], "texture": "#ice_pickaxe" },
				"west": { "uv": [ 2, 6, 2.25, 9.5 ], "texture": "#ice_pickaxe" },
				"east": { "uv": [ 2.25, 9.5, 2, 13 ], "texture": "#ice_pickaxe" }
			}
		},
		{
			"__comment": "Voxels",
			"from": [ 7.25, 4.25, 8.5 ],
			"to": [ 8.5, 5.5, 8.75 ],
			"faces": {
				"down": { "uv": [ 4, 12, 5.25, 12.25 ], "texture": "#ice_pickaxe" },
				"up": { "uv": [ 5.25, 12.25, 6.5, 12 ], "texture": "#ice_pickaxe" },
				"north": { "uv": [ 5, 14.75, 3.75, 16 ], "texture": "#ice_pickaxe" },
				"west": { "uv": [ 3.25, 6.5, 3.5, 7.75 ], "texture": "#ice_pickaxe" },
				"east": { "uv": [ 3.75, 6.5, 3.5, 7.75 ], "texture": "#ice_pickaxe" }
			}
		},
		{
			"__comment": "Voxels",
			"from": [ 7.25, 4.5, 9 ],
			"to": [ 8.5, 5, 9.25 ],
			"faces": {
				"down": { "uv": [ 6.5, 12, 7.75, 12.25 ], "texture": "#ice_pickaxe" },
				"up": { "uv": [ 7.75, 12.25, 9, 12 ], "texture": "#ice_pickaxe" },
				"south": { "uv": [ 13.75, 14.5, 15, 15 ], "texture": "#ice_pickaxe" },
				"west": { "uv": [ 5, 3.25, 5.25, 3.75 ], "texture": "#ice_pickaxe" },
				"east": { "uv": [ 5.5, 8, 5.25, 8.5 ], "texture": "#ice_pickaxe" }
			}
		},
		{
			"__comment": "Voxels",
			"from": [ 7.25, 5.75, 8.5 ],
			"to": [ 8.5, 6.5, 8.75 ],
			"faces": {
				"down": { "uv": [ 9, 12, 10.25, 12.25 ], "texture": "#ice_pickaxe" },
				"up": { "uv": [ 10.25, 12.25, 11.5, 12 ], "texture": "#ice_pickaxe" },
				"north": { "uv": [ 1.25, 0, 0, 0.75 ], "texture": "#ice_pickaxe" },
				"west": { "uv": [ 4, 0, 4.25, 0.75 ], "texture": "#ice_pickaxe" },
				"east": { "uv": [ 4.5, 5.75, 4.25, 6.5 ], "texture": "#ice_pickaxe" }
			}
		},
		{
			"__comment": "Voxels",
			"from": [ 7.25, 6.75, 8.5 ],
			"to": [ 8.5, 7, 8.75 ],
			"faces": {
				"down": { "uv": [ 12.75, 12, 14, 12.25 ], "texture": "#ice_pickaxe" },
				"up": { "uv": [ 14, 12.25, 15.25, 12 ], "texture": "#ice_pickaxe" },
				"north": { "uv": [ 5.25, 11.75, 4, 12 ], "texture": "#ice_pickaxe" },
				"west": { "uv": [ 6.75, 10, 7, 10.25 ], "texture": "#ice_pickaxe" },
				"east": { "uv": [ 7.75, 10, 7.5, 10.25 ], "texture": "#ice_pickaxe" }
			}
		},
		{
			"__comment": "Voxels",
			"from": [ 7.25, 8, 8.5 ],
			"to": [ 8.5, 8.25, 9 ],
			"faces": {
				"down": { "uv": [ 13.75, 14, 15, 14.5 ], "texture": "#ice_pickaxe" },
				"up": { "uv": [ 3.75, 12.75, 5, 12.25 ], "texture": "#ice_pickaxe" },
				"north": { "uv": [ 7.75, 11.75, 6.5, 12 ], "texture": "#ice_pickaxe" },
				"south": { "uv": [ 7.75, 11.75, 9, 12 ], "texture": "#ice_pickaxe" },
				"west": { "uv": [ 7.75, 10.5, 8.25, 10.75 ], "texture": "#ice_pickaxe" },
				"east": { "uv": [ 8.75, 10.5, 8.25, 10.75 ], "texture": "#ice_pickaxe" }
			}
		},
		{
			"__comment": "Voxels",
			"from": [ 7.25, 10.5, 8.5 ],
			"to": [ 8.5, 11, 9 ],
			"faces": {
				"down": { "uv": [ 13.75, 15.5, 15, 16 ], "texture": "#ice_pickaxe" },
				"up": { "uv": [ 3.75, 13.5, 5, 13 ], "texture": "#ice_pickaxe" },
				"north": { "uv": [ 6.25, 12.25, 5, 12.75 ], "texture": "#ice_pickaxe" },
				"south": { "uv": [ 13.75, 13, 15, 13.5 ], "texture": "#ice_pickaxe" },
				"west": { "uv": [ 3.25, 1.75, 3.75, 2.25 ], "texture": "#ice_pickaxe" },
				"east": { "uv": [ 4.75, 9.5, 4.25, 10 ], "texture": "#ice_pickaxe" }
			}
		},
		{
			"__comment": "Voxels",
			"from": [ 7.25, 12.25, 8.75 ],
			"to": [ 8.5, 12.75, 9 ],
			"faces": {
				"down": { "uv": [ 10.25, 11.75, 11.5, 12 ], "texture": "#ice_pickaxe" },
				"up": { "uv": [ 11.5, 12, 12.75, 11.75 ], "texture": "#ice_pickaxe" },
				"north": { "uv": [ 15, 13.5, 13.75, 14 ], "texture": "#ice_pickaxe" },
				"south": { "uv": [ 2.5, 12.25, 3.75, 12.75 ], "texture": "#ice_pickaxe" },
				"west": { "uv": [ 15.75, 12.25, 16, 12.75 ], "texture": "#ice_pickaxe" },
				"east": { "uv": [ 4, 2.25, 3.75, 2.75 ], "texture": "#ice_pickaxe" }
			}
		},
		{
			"__comment": "Voxels",
			"from": [ 7.5, 2.75, 8.5 ],
			"to": [ 8.25, 4.25, 8.75 ],
			"faces": {
				"down": { "uv": [ 6.5, 10.75, 7.25, 11 ], "texture": "#ice_pickaxe" },
				"north": { "uv": [ 7.25, 14.5, 6.5, 16 ], "texture": "#ice_pickaxe" },
				"south": { "uv": [ 1.25, 0, 2, 1.5 ], "texture": "#ice_pickaxe" },
				"west": { "uv": [ 2.75, 3.5, 3, 5 ], "texture": "#ice_pickaxe" },
				"east": { "uv": [ 3.25, 3.5, 3, 5 ], "texture": "#ice_pickaxe" }
			}
		},
		{
			"__comment": "Voxels",
			"from": [ 7.5, 2.75, 8.75 ],
			"to": [ 7.75, 3.5, 9.25 ],
			"faces": {
				"down": { "uv": [ 3.75, 1.75, 4, 2.25 ], "texture": "#ice_pickaxe" },
				"up": { "uv": [ 3.75, 0.75, 4, 0.25 ], "texture": "#ice_pickaxe" },
				"south": { "uv": [ 4.5, 4.25, 4.75, 5 ], "texture": "#ice_pickaxe" },
				"west": { "uv": [ 2.75, 2.75, 3.25, 3.5 ], "texture": "#ice_pickaxe" },
				"east": { "uv": [ 3.25, 2, 2.75, 2.75 ], "texture": "#ice_pickaxe" }
			}
		},
		{
			"__comment": "Voxels",
			"from": [ 7.5, 3.25, 8.25 ],
			"to": [ 8.25, 8.5, 8.5 ],
			"faces": {
				"down": { "uv": [ 10, 11, 10.75, 11.25 ], "texture": "#ice_pickaxe" },
				"up": { "uv": [ 14, 11.5, 14.75, 11.25 ], "texture": "#ice_pickaxe" },
				"north": { "uv": [ 0.75, 3.75, 0, 9 ], "texture": "#ice_pickaxe" },
				"south": { "uv": [ 1.25, 10.75, 2, 16 ], "texture": "#ice_pickaxe" },
				"west": { "uv": [ 1, 3.75, 1.25, 9 ], "texture": "#ice_pickaxe" },
				"east": { "uv": [ 1, 3.75, 0.75, 9 ], "texture": "#ice_pickaxe" }
			}
		},
		{
			"__comment": "Voxels",
			"from": [ 7.5, 3.5, 9 ],
			"to": [ 8.5, 4.5, 9.25 ],
			"faces": {
				"down": { "uv": [ 10.75, 11.25, 11.75, 11.5 ], "texture": "#ice_pickaxe" },
				"south": { "uv": [ 9.25, 13, 10.25, 14 ], "texture": "#ice_pickaxe" },
				"west": { "uv": [ 4, 2.75, 4.25, 3.75 ], "texture": "#ice_pickaxe" },
				"east": { "uv": [ 4.25, 3.75, 4, 4.75 ], "texture": "#ice_pickaxe" }
			}
		},
		{
			"__comment": "Voxels",
			"from": [ 7.5, 4.75, 9.25 ],
			"to": [ 8.25, 5, 9.5 ],
			"faces": {
				"down": { "uv": [ 8.5, 11, 9.25, 11.25 ], "texture": "#ice_pickaxe" },
				"up": { "uv": [ 5.75, 11, 6.5, 10.75 ], "texture": "#ice_pickaxe" },
				"south": { "uv": [ 7, 11, 7.75, 11.25 ], "texture": "#ice_pickaxe" },
				"west": { "uv": [ 7.75, 10, 8, 10.25 ], "texture": "#ice_pickaxe" },
				"east": { "uv": [ 8.25, 10, 8, 10.25 ], "texture": "#ice_pickaxe" }
			}
		},
		{
			"__comment": "Voxels",
			"from": [ 7.5, 5, 9 ],
			"to": [ 8.5, 8, 9.25 ],
			"faces": {
				"up": { "uv": [ 6.75, 11.5, 7.75, 11.25 ], "texture": "#ice_pickaxe" },
				"north": { "uv": [ 1, 0.75, 0, 3.75 ], "texture": "#ice_pickaxe" },
				"south": { "uv": [ 2, 13, 3, 16 ], "texture": "#ice_pickaxe" },
				"west": { "uv": [ 13, 13, 13.25, 16 ], "texture": "#ice_pickaxe" },
				"east": { "uv": [ 1.25, 0.75, 1, 3.75 ], "texture": "#ice_pickaxe" }
			}
		},
		{
			"__comment": "Voxels",
			"from": [ 7.5, 5.5, 8.5 ],
			"to": [ 8.5, 5.75, 8.75 ],
			"faces": {
				"north": { "uv": [ 15.25, 11.5, 14.25, 11.75 ], "texture": "#ice_pickaxe" },
				"west": { "uv": [ 11.25, 10, 11.5, 10.25 ], "texture": "#ice_pickaxe" },
				"east": { "uv": [ 12.25, 10, 12, 10.25 ], "texture": "#ice_pickaxe" }
			}
		},
		{
			"__comment": "Voxels",
			"from": [ 7.5, 6.5, 8.5 ],
			"to": [ 8.5, 6.75, 8.75 ],
			"faces": {
				"north": { "uv": [ 7.25, 11.5, 6.25, 11.75 ], "texture": "#ice_pickaxe" },
				"west": { "uv": [ 12.75, 10, 13, 10.25 ], "texture": "#ice_pickaxe" },
				"east": { "uv": [ 13.75, 10, 13.5, 10.25 ], "texture": "#ice_pickaxe" }
			}
		},
		{
			"__comment": "Voxels",
			"from": [ 7.5, 7, 8.5 ],
			"to": [ 8.5, 8, 9 ],
			"faces": {
				"down": { "uv": [ 15, 15, 16, 15.5 ], "texture": "#ice_pickaxe" },
				"north": { "uv": [ 10.25, 15, 9.25, 16 ], "texture": "#ice_pickaxe" },
				"west": { "uv": [ 11.75, 13.25, 12.25, 14.25 ], "texture": "#ice_pickaxe" },
				"east": { "uv": [ 15.5, 13, 15, 14 ], "texture": "#ice_pickaxe" }
			}
		},
		{
			"__comment": "Voxels",
			"from": [ 7.5, 7, 9.25 ],
			"to": [ 8.25, 8, 9.75 ],
			"faces": {
				"down": { "uv": [ 12, 12.25, 12.75, 12.75 ], "texture": "#ice_pickaxe" },
				"up": { "uv": [ 12.75, 12.75, 13.5, 12.25 ], "texture": "#ice_pickaxe" },
				"south": { "uv": [ 5, 13, 5.75, 14 ], "texture": "#ice_pickaxe" },
				"west": { "uv": [ 2.75, 11.25, 3.25, 12.25 ], "texture": "#ice_pickaxe" },
				"east": { "uv": [ 16, 13, 15.5, 14 ], "texture": "#ice_pickaxe" }
			}
		},
		{
			"__comment": "Voxels",
			"from": [ 7.5, 7.25, 9.75 ],
			"to": [ 7.75, 7.75, 10 ],
			"faces": {
				"down": { "uv": [ 13.75, 10, 14, 10.25 ], "texture": "#ice_pickaxe" },
				"up": { "uv": [ 14, 10.25, 14.25, 10 ], "texture": "#ice_pickaxe" },
				"south": { "uv": [ 4.75, 1.75, 5, 2.25 ], "texture": "#ice_pickaxe" },
				"west": { "uv": [ 5, 7.25, 5.25, 7.75 ], "texture": "#ice_pickaxe" },
				"east": { "uv": [ 5.25, 6.75, 5, 7.25 ], "texture": "#ice_pickaxe" }
			}
		},
		{
			"__comment": "Voxels",
			"from": [ 7.5, 8, 9 ],
			"to": [ 8.25, 11.5, 9.25 ],
			"faces": {
				"up": { "uv": [ 14.75, 11.5, 15.5, 11.25 ], "texture": "#ice_pickaxe" },
				"north": { "uv": [ 2, 7.25, 1.25, 10.75 ], "texture": "#ice_pickaxe" },
				"south": { "uv": [ 1.25, 3.75, 2, 7.25 ], "texture": "#ice_pickaxe" },
				"west": { "uv": [ 2.25, 9.5, 2.5, 13 ], "texture": "#ice_pickaxe" },
				"east": { "uv": [ 2.25, 2.5, 2, 6 ], "texture": "#ice_pickaxe" }
			}
		},
		{
			"__comment": "Voxels",
			"from": [ 7.5, 8.25, 8.5 ],
			"to": [ 8.5, 8.5, 9 ],
			"faces": {
				"up": { "uv": [ 15, 14.5, 16, 14 ], "texture": "#ice_pickaxe" },
				"north": { "uv": [ 9.75, 11.25, 8.75, 11.5 ], "texture": "#ice_pickaxe" },
				"south": { "uv": [ 10.25, 11.5, 11.25, 11.75 ], "texture": "#ice_pickaxe" },
				"west": { "uv": [ 15, 10.75, 15.5, 11 ], "texture": "#ice_pickaxe" },
				"east": { "uv": [ 16, 10.75, 15.5, 11 ], "texture": "#ice_pickaxe" }
			}
		},
		{
			"__comment": "Voxels",
			"from": [ 7.5, 8.5, 8.5 ],
			"to": [ 8.25, 10.5, 9 ],
			"faces": {
				"north": { "uv": [ 5.75, 14, 5, 16 ], "texture": "#ice_pickaxe" },
				"west": { "uv": [ 8.25, 13, 8.75, 15 ], "texture": "#ice_pickaxe" },
				"east": { "uv": [ 9.25, 13, 8.75, 15 ], "texture": "#ice_pickaxe" }
			}
		},
		{
			"__comment": "Voxels",
			"from": [ 7.5, 10.75, 8.25 ],
			"to": [ 8.25, 11.25, 8.5 ],
			"faces": {
				"down": { "uv": [ 7.25, 10.75, 8, 11 ], "texture": "#ice_pickaxe" },
				"up": { "uv": [ 7.75, 11.25, 8.5, 11 ], "texture": "#ice_pickaxe" },
				"north": { "uv": [ 15.75, 12.25, 15, 12.75 ], "texture": "#ice_pickaxe" },
				"south": { "uv": [ 3.25, 11.75, 4, 12.25 ], "texture": "#ice_pickaxe" },
				"west": { "uv": [ 5, 4.25, 5.25, 4.75 ], "texture": "#ice_pickaxe" },
				"east": { "uv": [ 5.25, 3.75, 5, 4.25 ], "texture": "#ice_pickaxe" }
			}
		},
		{
			"__comment": "Voxels",
			"from": [ 7.5, 11, 8.5 ],
			"to": [ 8.25, 13.25, 8.75 ],
			"faces": {
				"up": { "uv": [ 14.5, 11.25, 15.25, 11 ], "texture": "#ice_pickaxe" },
				"north": { "uv": [ 3.75, 13.75, 3, 16 ], "texture": "#ice_pickaxe" },
				"south": { "uv": [ 1.25, 1.5, 2, 3.75 ], "texture": "#ice_pickaxe" },
				"west": { "uv": [ 2.25, 2.5, 2.5, 4.75 ], "texture": "#ice_pickaxe" },
				"east": { "uv": [ 2.75, 7.75, 2.5, 10 ], "texture": "#ice_pickaxe" }
			}
		},
		{
			"__comment": "Voxels",
			"from": [ 7.5, 11, 8.75 ],
			"to": [ 8.25, 12.25, 9 ],
			"faces": {
				"south": { "uv": [ 10.25, 14.75, 11, 16 ], "texture": "#ice_pickaxe" },
				"west": { "uv": [ 3.75, 6.5, 4, 7.75 ], "texture": "#ice_pickaxe" },
				"east": { "uv": [ 3.5, 5.25, 3.25, 6.5 ], "texture": "#ice_pickaxe" }
			}
		},
		{
			"__comment": "Voxels",
			"from": [ 7.5, 11.5, 8.25 ],
			"to": [ 8.25, 12.5, 8.5 ],
			"faces": {
				"down": { "uv": [ 6.5, 13, 7.25, 13.25 ], "texture": "#ice_pickaxe" },
				"up": { "uv": [ 11, 13.25, 11.75, 13 ], "texture": "#ice_pickaxe" },
				"north": { "uv": [ 11.75, 13.25, 11, 14.25 ], "texture": "#ice_pickaxe" },
				"west": { "uv": [ 3.75, 3, 4, 4 ], "texture": "#ice_pickaxe" },
				"east": { "uv": [ 3.75, 3, 3.5, 4 ], "texture": "#ice_pickaxe" }
			}
		},
		{
			"__comment": "Voxels",
			"from": [ 7.5, 11.75, 9 ],
			"to": [ 8.25, 12.75, 9.25 ],
			"faces": {
				"down": { "uv": [ 9.25, 11, 10, 11.25 ], "texture": "#ice_pickaxe" },
				"up": { "uv": [ 15.25, 12.25, 16, 12 ], "texture": "#ice_pickaxe" },
				"north": { "uv": [ 13, 15, 12.25, 16 ], "texture": "#ice_pickaxe" },
				"south": { "uv": [ 10.25, 13.75, 11, 14.75 ], "texture": "#ice_pickaxe" },
				"west": { "uv": [ 3.5, 0.75, 3.75, 1.75 ], "texture": "#ice_pickaxe" },
				"east": { "uv": [ 3.5, 0.75, 3.25, 1.75 ], "texture": "#ice_pickaxe" }
			}
		},
		{
			"__comment": "Voxels",
			"from": [ 7.5, 12.75, 8.75 ],
			"to": [ 8.5, 13, 9 ],
			"faces": {
				"up": { "uv": [ 9.25, 11.75, 10.25, 11.5 ], "texture": "#ice_pickaxe" },
				"north": { "uv": [ 12.25, 11.5, 11.25, 11.75 ], "texture": "#ice_pickaxe" },
				"south": { "uv": [ 12.25, 11.5, 13.25, 11.75 ], "texture": "#ice_pickaxe" },
				"west": { "uv": [ 13.25, 13, 13.5, 13.25 ], "texture": "#ice_pickaxe" },
				"east": { "uv": [ 13.75, 13, 13.5, 13.25 ], "texture": "#ice_pickaxe" }
			}
		},
		{
			"__comment": "Voxels",
			"from": [ 7.5, 13, 8.75 ],
			"to": [ 8.25, 13.25, 9 ],
			"faces": {
				"up": { "uv": [ 11.75, 11.5, 12.5, 11.25 ], "texture": "#ice_pickaxe" },
				"south": { "uv": [ 13.25, 11.25, 14, 11.5 ], "texture": "#ice_pickaxe" },
				"west": { "uv": [ 5, 0, 5.25, 0.25 ], "texture": "#ice_pickaxe" },
				"east": { "uv": [ 11, 10.5, 10.75, 10.75 ], "texture": "#ice_pickaxe" }
			}
		},
		{
			"__comment": "Voxels",
			"from": [ 7.75, 2.75, 9 ],
			"to": [ 8.25, 3.5, 9.25 ],
			"faces": {
				"down": { "uv": [ 9.75, 10.5, 10.25, 10.75 ], "texture": "#ice_pickaxe" },
				"north": { "uv": [ 3.25, 1.25, 2.75, 2 ], "texture": "#ice_pickaxe" },
				"south": { "uv": [ 2.75, 0.5, 3.25, 1.25 ], "texture": "#ice_pickaxe" },
				"east": { "uv": [ 4.5, 5, 4.25, 5.75 ], "texture": "#ice_pickaxe" }
			}
		},
		{
			"__comment": "Voxels",
			"from": [ 7.75, 3, 8.25 ],
			"to": [ 8, 3.25, 8.5 ],
			"faces": {
				"down": { "uv": [ 12, 10.5, 12.25, 10.75 ], "texture": "#ice_pickaxe" },
				"north": { "uv": [ 13.75, 10.5, 13.5, 10.75 ], "texture": "#ice_pickaxe" },
				"west": { "uv": [ 14.5, 10.5, 14.75, 10.75 ], "texture": "#ice_pickaxe" },
				"east": { "uv": [ 6.5, 10, 6.25, 10.25 ], "texture": "#ice_pickaxe" }
			}
		},
		{
			"__comment": "Voxels",
			"from": [ 7.75, 3, 8.75 ],
			"to": [ 8.5, 3.5, 9 ],
			"faces": {
				"down": { "uv": [ 4.75, 11, 5.5, 11.25 ], "texture": "#ice_pickaxe" },
				"north": { "uv": [ 4, 11.25, 3.25, 11.75 ], "texture": "#ice_pickaxe" },
				"south": { "uv": [ 3.25, 10.75, 4, 11.25 ], "texture": "#ice_pickaxe" },
				"east": { "uv": [ 5.25, 5.75, 5, 6.25 ], "texture": "#ice_pickaxe" }
			}
		},
		{
			"__comment": "Voxels",
			"from": [ 7.75, 3.25, 9.25 ],
			"to": [ 8, 4.75, 9.5 ],
			"faces": {
				"down": { "uv": [ 14.75, 10.5, 15, 10.75 ], "texture": "#ice_pickaxe" },
				"north": { "uv": [ 3.5, 9.25, 3.25, 10.75 ], "texture": "#ice_pickaxe" },
				"south": { "uv": [ 3.5, 9.25, 3.75, 10.75 ], "texture": "#ice_pickaxe" },
				"west": { "uv": [ 3.75, 9.25, 4, 10.75 ], "texture": "#ice_pickaxe" },
				"east": { "uv": [ 3.5, 7.75, 3.25, 9.25 ], "texture": "#ice_pickaxe" }
			}
		},
		{
			"__comment": "Voxels",
			"from": [ 7.75, 5, 9.25 ],
			"to": [ 8.25, 5.25, 9.5 ],
			"faces": {
				"up": { "uv": [ 6.25, 10.75, 6.75, 10.5 ], "texture": "#ice_pickaxe" },
				"south": { "uv": [ 7.25, 10.5, 7.75, 10.75 ], "texture": "#ice_pickaxe" },
				"west": { "uv": [ 5.25, 2.5, 5.5, 2.75 ], "texture": "#ice_pickaxe" },
				"east": { "uv": [ 5.5, 1, 5.25, 1.25 ], "texture": "#ice_pickaxe" }
			}
		},
		{
			"__comment": "Voxels",
			"from": [ 7.75, 5.25, 9.25 ],
			"to": [ 8, 5.5, 9.5 ],
			"faces": {
				"up": { "uv": [ 8.75, 10.5, 9, 10.25 ], "texture": "#ice_pickaxe" },
				"south": { "uv": [ 13.25, 10.25, 13.5, 10.5 ], "texture": "#ice_pickaxe" },
				"west": { "uv": [ 13.5, 10.25, 13.75, 10.5 ], "texture": "#ice_pickaxe" },
				"east": { "uv": [ 14, 10.25, 13.75, 10.5 ], "texture": "#ice_pickaxe" }
			}
		},
		{
			"__comment": "Voxels",
			"from": [ 7.75, 6, 9.25 ],
			"to": [ 8.25, 6.5, 9.5 ],
			"faces": {
				"down": { "uv": [ 8, 10.75, 8.5, 11 ], "texture": "#ice_pickaxe" },
				"up": { "uv": [ 8.5, 11, 9, 10.75 ], "texture": "#ice_pickaxe" },
				"south": { "uv": [ 3.25, 0.25, 3.75, 0.75 ], "texture": "#ice_pickaxe" },
				"west": { "uv": [ 4.75, 2.75, 5, 3.25 ], "texture": "#ice_pickaxe" },
				"east": { "uv": [ 5.5, 7.5, 5.25, 8 ], "texture": "#ice_pickaxe" }
			}
		},
		{
			"__comment": "Voxels",
			"from": [ 7.75, 7, 9.75 ],
			"to": [ 8, 7.25, 10 ],
			"faces": {
				"down": { "uv": [ 14, 10.25, 14.25, 10.5 ], "texture": "#ice_pickaxe" },
				"up": { "uv": [ 14.25, 10.5, 14.5, 10.25 ], "texture": "#ice_pickaxe" },
				"south": { "uv": [ 14.75, 10.25, 15, 10.5 ], "texture": "#ice_pickaxe" },
				"west": { "uv": [ 15, 10.25, 15.25, 10.5 ], "texture": "#ice_pickaxe" },
				"east": { "uv": [ 5.75, 8.75, 5.5, 9 ], "texture": "#ice_pickaxe" }
			}
		},
		{
			"__comment": "Voxels",
			"from": [ 7.75, 8.5, 8.25 ],
			"to": [ 8.25, 10.75, 8.5 ],
			"faces": {
				"north": { "uv": [ 8.25, 13.75, 7.75, 16 ], "texture": "#ice_pickaxe" },
				"south": { "uv": [ 7.25, 13.75, 7.75, 16 ], "texture": "#ice_pickaxe" },
				"west": { "uv": [ 2.25, 4.75, 2.5, 7 ], "texture": "#ice_pickaxe" },
				"east": { "uv": [ 2.75, 5.5, 2.5, 7.75 ], "texture": "#ice_pickaxe" }
			}
		},
		{
			"__comment": "Voxels",
			"from": [ 7.75, 11.25, 4.5 ],
			"to": [ 8, 11.5, 6.25 ],
			"faces": {
				"down": { "uv": [ 2.75, 8.5, 3, 10.25 ], "texture": "#ice_pickaxe" },
				"up": { "uv": [ 3, 10.25, 3.25, 8.5 ], "texture": "#ice_pickaxe" },
				"north": { "uv": [ 5.75, 8.5, 5.5, 8.75 ], "texture": "#ice_pickaxe" },
				"south": { "uv": [ 5.5, 8.25, 5.75, 8.5 ], "texture": "#ice_pickaxe" },
				"west": { "uv": [ 6.25, 12.25, 8, 12.5 ], "texture": "#ice_pickaxe" },
				"east": { "uv": [ 10.25, 12.5, 8.5, 12.75 ], "texture": "#ice_pickaxe" }
			}
		},
		{
			"__comment": "Voxels",
			"from": [ 7.75, 11.25, 8.25 ],
			"to": [ 8.25, 11.5, 8.5 ],
			"faces": {
				"north": { "uv": [ 9.75, 10.5, 9.25, 10.75 ], "texture": "#ice_pickaxe" },
				"west": { "uv": [ 5.5, 8, 5.75, 8.25 ], "texture": "#ice_pickaxe" },
				"east": { "uv": [ 5.75, 1.25, 5.5, 1.5 ], "texture": "#ice_pickaxe" }
			}
		},
		{
			"__comment": "Voxels",
			"from": [ 7.75, 11.5, 4.75 ],
			"to": [ 8, 11.75, 7 ],
			"faces": {
				"down": { "uv": [ 2.5, 10, 2.75, 12.25 ], "texture": "#ice_pickaxe" },
				"up": { "uv": [ 2.25, 2.5, 2.5, 0.25 ], "texture": "#ice_pickaxe" },
				"north": { "uv": [ 5.75, 0.25, 5.5, 0.5 ], "texture": "#ice_pickaxe" },
				"south": { "uv": [ 5.5, 0, 5.75, 0.25 ], "texture": "#ice_pickaxe" },
				"west": { "uv": [ 13, 12.75, 15.25, 13 ], "texture": "#ice_pickaxe" },
				"east": { "uv": [ 8.5, 12.5, 6.25, 12.75 ], "texture": "#ice_pickaxe" }
			}
		},
		{
			"__comment": "Voxels",
			"from": [ 7.75, 11.5, 7.75 ],
			"to": [ 8, 13.5, 8 ],
			"faces": {
				"down": { "uv": [ 5.5, 1, 5.75, 1.25 ], "texture": "#ice_pickaxe" },
				"up": { "uv": [ 6.5, 10.25, 6.75, 10 ], "texture": "#ice_pickaxe" },
				"north": { "uv": [ 13, 13, 12.75, 15 ], "texture": "#ice_pickaxe" },
				"south": { "uv": [ 12.5, 13, 12.75, 15 ], "texture": "#ice_pickaxe" },
				"west": { "uv": [ 2.5, 3.5, 2.75, 5.5 ], "texture": "#ice_pickaxe" },
				"east": { "uv": [ 12.5, 13, 12.25, 15 ], "texture": "#ice_pickaxe" }
			}
		},
		{
			"__comment": "Voxels",
			"from": [ 7.75, 11.5, 8 ],
			"to": [ 8, 13.25, 8.25 ],
			"faces": {
				"down": { "uv": [ 10.75, 10, 11, 10.25 ], "texture": "#ice_pickaxe" },
				"up": { "uv": [ 11, 10.25, 11.25, 10 ], "texture": "#ice_pickaxe" },
				"south": { "uv": [ 2.75, 6.75, 3, 8.5 ], "texture": "#ice_pickaxe" },
				"west": { "uv": [ 2.5, 1.75, 2.75, 3.5 ], "texture": "#ice_pickaxe" },
				"east": { "uv": [ 3.25, 5, 3, 6.75 ], "texture": "#ice_pickaxe" }
			}
		},
		{
			"__comment": "Voxels",
			"from": [ 7.75, 11.5, 9 ],
			"to": [ 8.25, 11.75, 9.25 ],
			"faces": {
				"south": { "uv": [ 4.25, 0, 4.75, 0.25 ], "texture": "#ice_pickaxe" },
				"west": { "uv": [ 2.25, 0, 2.5, 0.25 ], "texture": "#ice_pickaxe" },
				"east": { "uv": [ 5, 0, 4.75, 0.25 ], "texture": "#ice_pickaxe" }
			}
		},
		{
			"__comment": "Voxels",
			"from": [ 7.75, 11.75, 5 ],
			"to": [ 8, 12, 7.75 ],
			"faces": {
				"down": { "uv": [ 13.5, 13.25, 13.75, 16 ], "texture": "#ice_pickaxe" },
				"up": { "uv": [ 13.25, 16, 13.5, 13.25 ], "texture": "#ice_pickaxe" },
				"north": { "uv": [ 11.75, 10.5, 11.5, 10.75 ], "texture": "#ice_pickaxe" },
				"west": { "uv": [ 2.5, 12.75, 5.25, 13 ], "texture": "#ice_pickaxe" },
				"east": { "uv": [ 8, 12.75, 5.25, 13 ], "texture": "#ice_pickaxe" }
			}
		},
		{
			"__comment": "Voxels",
			"from": [ 7.75, 11.75, 9.25 ],
			"to": [ 8, 13, 9.5 ],
			"faces": {
				"down": { "uv": [ 12.5, 10.5, 12.75, 10.75 ], "texture": "#ice_pickaxe" },
				"up": { "uv": [ 12.75, 10.75, 13, 10.5 ], "texture": "#ice_pickaxe" },
				"north": { "uv": [ 3.75, 4, 3.5, 5.25 ], "texture": "#ice_pickaxe" },
				"south": { "uv": [ 3.25, 2.75, 3.5, 4 ], "texture": "#ice_pickaxe" },
				"west": { "uv": [ 3.75, 4, 4, 5.25 ], "texture": "#ice_pickaxe" },
				"east": { "uv": [ 3.5, 4, 3.25, 5.25 ], "texture": "#ice_pickaxe" }
			}
		},
		{
			"__comment": "Voxels",
			"from": [ 7.75, 11.75, 9.5 ],
			"to": [ 8, 12.75, 9.75 ],
			"faces": {
				"down": { "uv": [ 5.25, 3.25, 5.5, 3.5 ], "texture": "#ice_pickaxe" },
				"up": { "uv": [ 5.25, 3.25, 5.5, 3 ], "texture": "#ice_pickaxe" },
				"south": { "uv": [ 4, 0.75, 4.25, 1.75 ], "texture": "#ice_pickaxe" },
				"west": { "uv": [ 4.25, 8.5, 4.5, 9.5 ], "texture": "#ice_pickaxe" },
				"east": { "uv": [ 4.75, 8.5, 4.5, 9.5 ], "texture": "#ice_pickaxe" }
			}
		},
		{
			"__comment": "Voxels",
			"from": [ 7.75, 11.75, 10 ],
			"to": [ 8, 12.75, 10.25 ],
			"faces": {
				"down": { "uv": [ 8.25, 10.25, 8.5, 10.5 ], "texture": "#ice_pickaxe" },
				"up": { "uv": [ 8.5, 10.5, 8.75, 10.25 ], "texture": "#ice_pickaxe" },
				"north": { "uv": [ 4.5, 7.5, 4.25, 8.5 ], "texture": "#ice_pickaxe" },
				"south": { "uv": [ 4.5, 7.5, 4.75, 8.5 ], "texture": "#ice_pickaxe" },
				"west": { "uv": [ 4.25, 6.5, 4.5, 7.5 ], "texture": "#ice_pickaxe" },
				"east": { "uv": [ 4.75, 6.5, 4.5, 7.5 ], "texture": "#ice_pickaxe" }
			}
		},
		{
			"__comment": "Voxels",
			"from": [ 7.75, 11.75, 10.25 ],
			"to": [ 8, 12.5, 11 ],
			"faces": {
				"down": { "uv": [ 4.25, 4.25, 4.5, 5 ], "texture": "#ice_pickaxe" },
				"up": { "uv": [ 4.5, 1.25, 4.75, 0.5 ], "texture": "#ice_pickaxe" },
				"south": { "uv": [ 4.5, 5, 4.75, 5.75 ], "texture": "#ice_pickaxe" },
				"west": { "uv": [ 10.25, 13, 11, 13.75 ], "texture": "#ice_pickaxe" },
				"east": { "uv": [ 3.75, 13, 3, 13.75 ], "texture": "#ice_pickaxe" }
			}
		},
		{
			"__comment": "Voxels",
			"from": [ 7.75, 11.75, 11 ],
			"to": [ 8, 12.25, 11.25 ],
			"faces": {
				"down": { "uv": [ 15.25, 10.25, 15.5, 10.5 ], "texture": "#ice_pickaxe" },
				"up": { "uv": [ 5.5, 9.25, 5.75, 9 ], "texture": "#ice_pickaxe" },
				"south": { "uv": [ 5.25, 9.5, 5.5, 10 ], "texture": "#ice_pickaxe" },
				"west": { "uv": [ 5.25, 9, 5.5, 9.5 ], "texture": "#ice_pickaxe" },
				"east": { "uv": [ 5.5, 8.5, 5.25, 9 ], "texture": "#ice_pickaxe" }
			}
		},
		{
			"__comment": "Voxels",
			"from": [ 7.75, 11.75, 11.25 ],
			"to": [ 8, 12, 11.5 ],
			"faces": {
				"down": { "uv": [ 5.5, 7.75, 5.75, 8 ], "texture": "#ice_pickaxe" },
				"up": { "uv": [ 5.5, 4.25, 5.75, 4 ], "texture": "#ice_pickaxe" },
				"south": { "uv": [ 5.5, 3.5, 5.75, 3.75 ], "texture": "#ice_pickaxe" },
				"west": { "uv": [ 5.5, 3.25, 5.75, 3.5 ], "texture": "#ice_pickaxe" },
				"east": { "uv": [ 5.75, 1.5, 5.5, 1.75 ], "texture": "#ice_pickaxe" }
			}
		},
		{
			"__comment": "Voxels",
			"from": [ 7.75, 12, 5.25 ],
			"to": [ 8, 12.25, 7.75 ],
			"faces": {
				"up": { "uv": [ 2.25, 9.5, 2.5, 7 ], "texture": "#ice_pickaxe" },
				"north": { "uv": [ 5.75, 0.75, 5.5, 1 ], "texture": "#ice_pickaxe" },
				"west": { "uv": [ 10.5, 12.75, 13, 13 ], "texture": "#ice_pickaxe" },
				"east": { "uv": [ 10.5, 12.75, 8, 13 ], "texture": "#ice_pickaxe" }
			}
		},
		{
			"__comment": "Voxels",
			"from": [ 7.75, 12, 9.75 ],
			"to": [ 8, 12.75, 10 ],
			"faces": {
				"down": { "uv": [ 5.75, 10, 6, 10.25 ], "texture": "#ice_pickaxe" },
				"up": { "uv": [ 6, 10.25, 6.25, 10 ], "texture": "#ice_pickaxe" },
				"west": { "uv": [ 4.25, 1.25, 4.5, 2 ], "texture": "#ice_pickaxe" },
				"east": { "uv": [ 4.75, 1.25, 4.5, 2 ], "texture": "#ice_pickaxe" }
			}
		},
		{
			"__comment": "Voxels",
			"from": [ 7.75, 12.25, 6 ],
			"to": [ 8, 12.5, 7.75 ],
			"faces": {
				"up": { "uv": [ 2.5, 1.75, 2.75, 0 ], "texture": "#ice_pickaxe" },
				"north": { "uv": [ 8.5, 10, 8.25, 10.25 ], "texture": "#ice_pickaxe" },
				"west": { "uv": [ 8.5, 12.25, 10.25, 12.5 ], "texture": "#ice_pickaxe" },
				"east": { "uv": [ 12, 12.5, 10.25, 12.75 ], "texture": "#ice_pickaxe" }
			}
		},
		{
			"__comment": "Voxels",
			"from": [ 7.75, 12.5, 6.5 ],
			"to": [ 8, 12.75, 7.75 ],
			"faces": {
				"up": { "uv": [ 3.5, 6.5, 3.75, 5.25 ], "texture": "#ice_pickaxe" },
				"north": { "uv": [ 12.5, 10, 12.25, 10.25 ], "texture": "#ice_pickaxe" },
				"west": { "uv": [ 11.5, 12, 12.75, 12.25 ], "texture": "#ice_pickaxe" },
				"east": { "uv": [ 14, 11.75, 12.75, 12 ], "texture": "#ice_pickaxe" }
			}
		},
		{
			"__comment": "Voxels",
			"from": [ 7.75, 12.5, 8.25 ],
			"to": [ 8.25, 13, 8.5 ],
			"faces": {
				"up": { "uv": [ 4.25, 0.5, 4.75, 0.25 ], "texture": "#ice_pickaxe" },
				"north": { "uv": [ 3.25, 0, 2.75, 0.5 ], "texture": "#ice_pickaxe" },
				"west": { "uv": [ 4.75, 3.75, 5, 4.25 ], "texture": "#ice_pickaxe" },
				"east": { "uv": [ 5, 3.25, 4.75, 3.75 ], "texture": "#ice_pickaxe" }
			}
		},
		{
			"__comment": "Voxels",
			"from": [ 7.75, 12.75, 6.75 ],
			"to": [ 8, 13, 7.75 ],
			"faces": {
				"up": { "uv": [ 4, 11.75, 4.25, 10.75 ], "texture": "#ice_pickaxe" },
				"north": { "uv": [ 11.25, 10.5, 11, 10.75 ], "texture": "#ice_pickaxe" },
				"west": { "uv": [ 14, 11.75, 15, 12 ], "texture": "#ice_pickaxe" },
				"east": { "uv": [ 16, 11.75, 15, 12 ], "texture": "#ice_pickaxe" }
			}
		},
		{
			"__comment": "Voxels",
			"from": [ 7.75, 12.75, 9 ],
			"to": [ 8.5, 13, 9.25 ],
			"faces": {
				"down": { "uv": [ 10.75, 11, 11.5, 11.25 ], "texture": "#ice_pickaxe" },
				"up": { "uv": [ 11.5, 11.25, 12.25, 11 ], "texture": "#ice_pickaxe" },
				"south": { "uv": [ 13, 11, 13.75, 11.25 ], "texture": "#ice_pickaxe" },
				"west": { "uv": [ 13, 10.5, 13.25, 10.75 ], "texture": "#ice_pickaxe" },
				"east": { "uv": [ 13.5, 10.5, 13.25, 10.75 ], "texture": "#ice_pickaxe" }
			}
		},
		{
			"__comment": "Voxels",
			"from": [ 7.75, 13, 7.25 ],
			"to": [ 8, 13.25, 7.75 ],
			"faces": {
				"up": { "uv": [ 4.75, 1.25, 5, 0.75 ], "texture": "#ice_pickaxe" },
				"north": { "uv": [ 14.25, 10.5, 14, 10.75 ], "texture": "#ice_pickaxe" },
				"west": { "uv": [ 10, 10.75, 10.5, 11 ], "texture": "#ice_pickaxe" },
				"east": { "uv": [ 11, 10.75, 10.5, 11 ], "texture": "#ice_pickaxe" }
			}
		},
		{
			"__comment": "Voxels",
			"from": [ 7.75, 13, 8.25 ],
			"to": [ 8, 13.25, 8.5 ],
			"faces": {
				"up": { "uv": [ 15.25, 10.75, 15.5, 10.5 ], "texture": "#ice_pickaxe" },
				"west": { "uv": [ 5.25, 3.75, 5.5, 4 ], "texture": "#ice_pickaxe" },
				"east": { "uv": [ 5.5, 3.5, 5.25, 3.75 ], "texture": "#ice_pickaxe" }
			}
		},
		{
			"__comment": "Voxels",
			"from": [ 7.75, 13, 9 ],
			"to": [ 8.25, 13.25, 9.25 ],
			"faces": {
				"up": { "uv": [ 11.5, 11, 12, 10.75 ], "texture": "#ice_pickaxe" },
				"south": { "uv": [ 12.5, 10.75, 13, 11 ], "texture": "#ice_pickaxe" },
				"west": { "uv": [ 5.25, 2.25, 5.5, 2.5 ], "texture": "#ice_pickaxe" },
				"east": { "uv": [ 5.5, 2, 5.25, 2.25 ], "texture": "#ice_pickaxe" }
			}
		},
		{
			"__comment": "Voxels",
			"from": [ 7.75, 13.25, 7.5 ],
			"to": [ 8, 13.5, 7.75 ],
			"faces": {
				"up": { "uv": [ 5.25, 1.75, 5.5, 1.5 ], "texture": "#ice_pickaxe" },
				"north": { "uv": [ 5.5, 1.25, 5.25, 1.5 ], "texture": "#ice_pickaxe" },
				"west": { "uv": [ 5.25, 0.75, 5.5, 1 ], "texture": "#ice_pickaxe" },
				"east": { "uv": [ 5.5, 0.5, 5.25, 0.75 ], "texture": "#ice_pickaxe" }
			}
		},
		{
			"__comment": "Voxels",
			"from": [ 8, 2.5, 8.5 ],
			"to": [ 8.25, 2.75, 8.75 ],
			"faces": {
				"down": { "uv": [ 5.25, 0.25, 5.5, 0.5 ], "texture": "#ice_pickaxe" },
				"north": { "uv": [ 5.75, 10.25, 5.5, 10.5 ], "texture": "#ice_pickaxe" },
				"south": { "uv": [ 5.75, 10.25, 6, 10.5 ], "texture": "#ice_pickaxe" },
				"west": { "uv": [ 6, 10.25, 6.25, 10.5 ], "texture": "#ice_pickaxe" },
				"east": { "uv": [ 6.5, 10.25, 6.25, 10.5 ], "texture": "#ice_pickaxe" }
			}
		},
		{
			"__comment": "Voxels",
			"from": [ 8, 2.5, 9 ],
			"to": [ 8.25, 2.75, 9.25 ],
			"faces": {
				"down": { "uv": [ 6.5, 10.25, 6.75, 10.5 ], "texture": "#ice_pickaxe" },
				"north": { "uv": [ 7.25, 10.25, 7, 10.5 ], "texture": "#ice_pickaxe" },
				"south": { "uv": [ 7.25, 10.25, 7.5, 10.5 ], "texture": "#ice_pickaxe" },
				"west": { "uv": [ 7.5, 10.25, 7.75, 10.5 ], "texture": "#ice_pickaxe" },
				"east": { "uv": [ 8, 10.25, 7.75, 10.5 ], "texture": "#ice_pickaxe" }
			}
		},
		{
			"__comment": "Voxels",
			"from": [ 8, 2.75, 8.75 ],
			"to": [ 8.5, 3, 9 ],
			"faces": {
				"down": { "uv": [ 13, 10.75, 13.5, 11 ], "texture": "#ice_pickaxe" },
				"north": { "uv": [ 14.5, 10.75, 14, 11 ], "texture": "#ice_pickaxe" },
				"south": { "uv": [ 14.5, 10.75, 15, 11 ], "texture": "#ice_pickaxe" },
				"west": { "uv": [ 9, 10.25, 9.25, 10.5 ], "texture": "#ice_pickaxe" },
				"east": { "uv": [ 9.5, 10.25, 9.25, 10.5 ], "texture": "#ice_pickaxe" }
			}
		},
		{
			"__comment": "Voxels",
			"from": [ 8, 4, 9.25 ],
			"to": [ 8.25, 4.25, 9.5 ],
			"faces": {
				"down": { "uv": [ 9.5, 10.25, 9.75, 10.5 ], "texture": "#ice_pickaxe" },
				"up": { "uv": [ 9.75, 10.5, 10, 10.25 ], "texture": "#ice_pickaxe" },
				"south": { "uv": [ 10.25, 10.25, 10.5, 10.5 ], "texture": "#ice_pickaxe" },
				"east": { "uv": [ 11, 10.25, 10.75, 10.5 ], "texture": "#ice_pickaxe" }
			}
		},
		{
			"__comment": "Voxels",
			"from": [ 8, 4.5, 9.25 ],
			"to": [ 8.25, 4.75, 9.5 ],
			"faces": {
				"down": { "uv": [ 11, 10.25, 11.25, 10.5 ], "texture": "#ice_pickaxe" },
				"south": { "uv": [ 11.75, 10.25, 12, 10.5 ], "texture": "#ice_pickaxe" },
				"east": { "uv": [ 12.5, 10.25, 12.25, 10.5 ], "texture": "#ice_pickaxe" }
			}
		},
		{
			"__comment": "Voxels",
			"from": [ 8, 7.25, 9.75 ],
			"to": [ 8.25, 7.75, 10 ],
			"faces": {
				"down": { "uv": [ 12.5, 10.25, 12.75, 10.5 ], "texture": "#ice_pickaxe" },
				"up": { "uv": [ 12.75, 10.5, 13, 10.25 ], "texture": "#ice_pickaxe" },
				"south": { "uv": [ 5, 9.75, 5.25, 10.25 ], "texture": "#ice_pickaxe" },
				"west": { "uv": [ 5, 9.25, 5.25, 9.75 ], "texture": "#ice_pickaxe" },
				"east": { "uv": [ 5.25, 8.75, 5, 9.25 ], "texture": "#ice_pickaxe" }
			}
		},
		{
			"__comment": "Voxels",
			"from": [ 8, 11.75, 7.75 ],
			"to": [ 8.25, 12.5, 8.25 ],
			"faces": {
				"down": { "uv": [ 5, 8.25, 5.25, 8.75 ], "texture": "#ice_pickaxe" },
				"up": { "uv": [ 5, 8.25, 5.25, 7.75 ], "texture": "#ice_pickaxe" },
				"north": { "uv": [ 4.5, 3.5, 4.25, 4.25 ], "texture": "#ice_pickaxe" },
				"west": { "uv": [ 3.5, 8.5, 4, 9.25 ], "texture": "#ice_pickaxe" },
				"east": { "uv": [ 4, 7.75, 3.5, 8.5 ], "texture": "#ice_pickaxe" }
			}
		},
		{
			"__comment": "Voxels",
			"from": [ 8, 12, 7.5 ],
			"to": [ 8.25, 12.25, 7.75 ],
			"faces": {
				"down": { "uv": [ 15.5, 10.25, 15.75, 10.5 ], "texture": "#ice_pickaxe" },
				"up": { "uv": [ 15.75, 10.5, 16, 10.25 ], "texture": "#ice_pickaxe" },
				"north": { "uv": [ 5.75, 10, 5.5, 10.25 ], "texture": "#ice_pickaxe" },
				"east": { "uv": [ 5.75, 9.25, 5.5, 9.5 ], "texture": "#ice_pickaxe" }
			}
		},
		{
			"__comment": "Voxels",
			"from": [ 8, 12, 9.25 ],
			"to": [ 8.25, 12.75, 9.75 ],
			"faces": {
				"down": { "uv": [ 5, 5.25, 5.25, 5.75 ], "texture": "#ice_pickaxe" },
				"up": { "uv": [ 5, 5.25, 5.25, 4.75 ], "texture": "#ice_pickaxe" },
				"south": { "uv": [ 4.5, 2.75, 4.75, 3.5 ], "texture": "#ice_pickaxe" },
				"west": { "uv": [ 7.25, 13, 7.75, 13.75 ], "texture": "#ice_pickaxe" },
				"east": { "uv": [ 8.25, 13, 7.75, 13.75 ], "texture": "#ice_pickaxe" }
			}
		},
		{
			"__comment": "Voxels",
			"from": [ 8, 12.25, 9.75 ],
			"to": [ 8.25, 12.5, 10 ],
			"faces": {
				"down": { "uv": [ 5.5, 7.5, 5.75, 7.75 ], "texture": "#ice_pickaxe" },
				"up": { "uv": [ 5.5, 7.5, 5.75, 7.25 ], "texture": "#ice_pickaxe" },
				"south": { "uv": [ 5.5, 6.75, 5.75, 7 ], "texture": "#ice_pickaxe" },
				"east": { "uv": [ 5.75, 6.25, 5.5, 6.5 ], "texture": "#ice_pickaxe" }
			}
		},
		{
			"__comment": "Voxels",
			"from": [ 8, 13.25, 8.75 ],
			"to": [ 8.25, 13.5, 9 ],
			"faces": {
				"up": { "uv": [ 5.5, 6, 5.75, 5.75 ], "texture": "#ice_pickaxe" },
				"north": { "uv": [ 5.75, 5.5, 5.5, 5.75 ], "texture": "#ice_pickaxe" },
				"south": { "uv": [ 5.5, 5.25, 5.75, 5.5 ], "texture": "#ice_pickaxe" },
				"west": { "uv": [ 5.5, 5, 5.75, 5.25 ], "texture": "#ice_pickaxe" },
				"east": { "uv": [ 5.75, 4.75, 5.5, 5 ], "texture": "#ice_pickaxe" }
			}
		},
		{
			"__comment": "Voxels",
			"from": [ 8.25, 3.25, 8.5 ],
			"to": [ 8.5, 4.25, 8.75 ],
			"faces": {
				"down": { "uv": [ 5.5, 4.5, 5.75, 4.75 ], "texture": "#ice_pickaxe" },
				"north": { "uv": [ 4.25, 9.75, 4, 10.75 ], "texture": "#ice_pickaxe" },
				"south": { "uv": [ 4, 8.75, 4.25, 9.75 ], "texture": "#ice_pickaxe" },
				"east": { "uv": [ 4.25, 6.75, 4, 7.75 ], "texture": "#ice_pickaxe" }
			}
		},
		{
			"__comment": "Voxels",
			"from": [ 8.25, 3.25, 9 ],
			"to": [ 8.5, 3.5, 9.25 ],
			"faces": {
				"down": { "uv": [ 5.5, 3, 5.75, 3.25 ], "texture": "#ice_pickaxe" },
				"south": { "uv": [ 5.5, 2.25, 5.75, 2.5 ], "texture": "#ice_pickaxe" },
				"east": { "uv": [ 5.75, 1.75, 5.5, 2 ], "texture": "#ice_pickaxe" }
			}
		},
		{
			"__comment": "Voxels",
			"from": [ 8.25, 7.25, 9.25 ],
			"to": [ 8.5, 7.75, 9.75 ],
			"faces": {
				"down": { "uv": [ 5, 2.75, 5.25, 3.25 ], "texture": "#ice_pickaxe" },
				"up": { "uv": [ 5, 2.75, 5.25, 2.25 ], "texture": "#ice_pickaxe" },
				"south": { "uv": [ 5, 1.25, 5.25, 1.75 ], "texture": "#ice_pickaxe" },
				"east": { "uv": [ 4.75, 10.5, 4.25, 11 ], "texture": "#ice_pickaxe" }
			}
		},
		{
			"__comment": "Voxels",
			"from": [ 8.25, 9.5, 8.5 ],
			"to": [ 8.5, 10.5, 9 ],
			"faces": {
				"down": { "uv": [ 5, 0.25, 5.25, 0.75 ], "texture": "#ice_pickaxe" },
				"north": { "uv": [ 4.25, 5.75, 4, 6.75 ], "texture": "#ice_pickaxe" },
				"south": { "uv": [ 4, 4.75, 4.25, 5.75 ], "texture": "#ice_pickaxe" },
				"east": { "uv": [ 3.25, 10.25, 2.75, 11.25 ], "texture": "#ice_pickaxe" }
			}
		},
		{
			"__comment": "Voxels",
			"from": [ 8.25, 10.25, 9 ],
			"to": [ 8.5, 11, 9.25 ],
			"faces": {
				"down": { "uv": [ 7, 10, 7.25, 10.25 ], "texture": "#ice_pickaxe" },
				"up": { "uv": [ 7.25, 10.25, 7.5, 10 ], "texture": "#ice_pickaxe" },
				"north": { "uv": [ 5, 9.5, 4.75, 10.25 ], "texture": "#ice_pickaxe" },
				"south": { "uv": [ 4.75, 8.75, 5, 9.5 ], "texture": "#ice_pickaxe" },
				"east": { "uv": [ 5, 7.25, 4.75, 8 ], "texture": "#ice_pickaxe" }
			}
		},
		{
			"__comment": "Voxels",
			"from": [ 8.25, 11.75, 8.75 ],
			"to": [ 8.5, 12, 9 ],
			"faces": {
				"down": { "uv": [ 8.5, 10, 8.75, 10.25 ], "texture": "#ice_pickaxe" },
				"up": { "uv": [ 8.75, 10.25, 9, 10 ], "texture": "#ice_pickaxe" },
				"north": { "uv": [ 9.25, 10, 9, 10.25 ], "texture": "#ice_pickaxe" },
				"south": { "uv": [ 9.25, 10, 9.5, 10.25 ], "texture": "#ice_pickaxe" },
				"east": { "uv": [ 10, 10, 9.75, 10.25 ], "texture": "#ice_pickaxe" }
			}
		},
		{
			"__comment": "Voxels",
			"from": [ 8.25, 12.25, 8.5 ],
			"to": [ 8.5, 13, 8.75 ],
			"faces": {
				"down": { "uv": [ 10, 10, 10.25, 10.25 ], "texture": "#ice_pickaxe" },
				"up": { "uv": [ 10.25, 10.25, 10.5, 10 ], "texture": "#ice_pickaxe" },
				"north": { "uv": [ 5, 6.5, 4.75, 7.25 ], "texture": "#ice_pickaxe" },
				"south": { "uv": [ 4.75, 5.75, 5, 6.5 ], "texture": "#ice_pickaxe" },
				"east": { "uv": [ 5, 4.25, 4.75, 5 ], "texture": "#ice_pickaxe" }
			}
		},
		{
			"__comment": "Voxels",
			"from": [ 8.25, 12.25, 9 ],
			"to": [ 8.5, 12.75, 9.25 ],
			"faces": {
				"down": { "uv": [ 11.5, 10, 11.75, 10.25 ], "texture": "#ice_pickaxe" },
				"south": { "uv": [ 5.25, 6.5, 5.5, 7 ], "texture": "#ice_pickaxe" },
				"east": { "uv": [ 5.5, 5.5, 5.25, 6 ], "texture": "#ice_pickaxe" }
			}
		},
		{
			"__comment": "Voxels",
			"from": [ 8.5, 10.5, 8.75 ],
			"to": [ 8.75, 11, 9 ],
			"faces": {
				"down": { "uv": [ 13, 10, 13.25, 10.25 ], "texture": "#ice_pickaxe" },
				"up": { "uv": [ 13.25, 10.25, 13.5, 10 ], "texture": "#ice_pickaxe" },
				"north": { "uv": [ 5.5, 5, 5.25, 5.5 ], "texture": "#ice_pickaxe" },
				"south": { "uv": [ 5.25, 4.5, 5.5, 5 ], "texture": "#ice_pickaxe" },
				"east": { "uv": [ 5, 0.25, 4.75, 0.75 ], "texture": "#ice_pickaxe" }
			}
		}
	],
	"display": {
		"thirdperson_lefthand": {
			"scale":  [ 0.0001, 0.0001, 0.0001 ]
		},
		"firstperson_righthand": {
			"translation":  [ 0, 4.1739, 0 ]
		},
		"firstperson_lefthand": {
			"scale":  [ 0.0001, 0.0001, 0.0001 ]
		},
		"gui": {
			"rotation":  [ 79, -90, 124 ],
			"scale":  [ 1.5, 1.5, 1.5 ]
		}
	}
}