{
 "parent": "item/generated",
 "textures": {
 "layer0": "minecraft:item/acacia_boat"
 },
 
 "overrides": [
 {"predicate": {"custom_model_data":1}, "model": "comps/fuses"},
 {"predicate": {"custom_model_data":2}, "model": "comps/gears"},
 {"predicate": {"custom_model_data":3}, "model": "comps/metal_blade"},
 {"predicate": {"custom_model_data":4}, "model": "comps/metal_pipe"},
 {"predicate": {"custom_model_data":5}, "model": "comps/propane_tank"},
 {"predicate": {"custom_model_data":6}, "model": "comps/rifle_body"},
 {"predicate": {"custom_model_data":7}, "model": "comps/road_signs"},
 {"predicate": {"custom_model_data":8}, "model": "comps/rope"},
 {"predicate": {"custom_model_data":9}, "model": "comps/scrap"},
 {"predicate": {"custom_model_data":10}, "model": "comps/sewing_kit"},
 {"predicate": {"custom_model_data":11}, "model": "comps/smg_body"},
 {"predicate": {"custom_model_data":12}, "model": "comps/springs"},
 {"predicate": {"custom_model_data":13}, "model": "comps/tarp"},
 {"predicate": {"custom_model_data":14}, "model": "comps/tech_trash"},
 {"predicate": {"custom_model_data":15}, "model": "comps/sar_body"}
 ]
}