{
	"__comment": "Designed by DevastMc",
	"textures": {
		"stones": "blocks/rock"
	},
	"elements": [ 	 
		{
			"__comment": "Voxels",
			"from": [ 4.5, 7.75, 7 ],
			"to": [ 10.25, 8.25, 8 ],
			"faces": {
				"down": { "uv": [ 0, 14.5, 2.875, 15 ], "texture": "#stones" },
				"up": { "uv": [ 0, 14.5, 2.875, 14 ], "texture": "#stones" },
				"north": { "uv": [ 6, 12.5, 3.125, 12.75 ], "texture": "#stones" },
				"south": { "uv": [ 3.125, 12.75, 6, 13 ], "texture": "#stones" },
				"west": { "uv": [ 6, 12.5, 6.5, 12.75 ], "texture": "#stones" },
				"east": { "uv": [ 3, 9.25, 2.5, 9.5 ], "texture": "#stones" }
			}
		},
		{
			"__comment": "Voxels",
			"from": [ 4.5, 8, 6.75 ],
			"to": [ 9.25, 8.25, 7 ],
			"faces": {
				"down": { "uv": [ 6.5, 11.875, 8.875, 12 ], "texture": "#stones" },
				"up": { "uv": [ 6.5, 11.875, 8.875, 11.75 ], "texture": "#stones" },
				"north": { "uv": [ 8.875, 11.625, 6.5, 11.75 ], "texture": "#stones" },
				"west": { "uv": [ 15.5, 13.25, 15.625, 13.375 ], "texture": "#stones" },
				"east": { "uv": [ 15.75, 13.25, 15.625, 13.375 ], "texture": "#stones" }
			}
		},
		{
			"__comment": "Voxels",
			"from": [ 4.5, 8, 8 ],
			"to": [ 11.5, 8.25, 8.25 ],
			"faces": {
				"down": { "uv": [ 10, 15.875, 13.5, 16 ], "texture": "#stones" },
				"up": { "uv": [ 6.5, 16, 10, 15.875 ], "texture": "#stones" },
				"north": { "uv": [ 13.5, 15.75, 10, 15.875 ], "texture": "#stones" },
				"south": { "uv": [ 6.5, 15.75, 10, 15.875 ], "texture": "#stones" },
				"west": { "uv": [ 15.75, 13.25, 15.875, 13.375 ], "texture": "#stones" },
				"east": { "uv": [ 16, 13.25, 15.875, 13.375 ], "texture": "#stones" }
			}
		},
		{
			"__comment": "Voxels",
			"from": [ 4.5, 8.25, 7 ],
			"to": [ 9.75, 8.5, 8 ],
			"faces": {
				"up": { "uv": [ 0, 14, 2.625, 13.5 ], "texture": "#stones" },
				"north": { "uv": [ 9.125, 13, 6.5, 13.125 ], "texture": "#stones" },
				"south": { "uv": [ 6.5, 13.125, 9.125, 13.25 ], "texture": "#stones" },
				"west": { "uv": [ 10, 8.75, 10.5, 8.875 ], "texture": "#stones" },
				"east": { "uv": [ 10.5, 8.625, 10, 8.75 ], "texture": "#stones" }
			}
		},
		{
			"__comment": "Voxels",
			"from": [ 4.5, 8.5, 7.25 ],
			"to": [ 10.5, 8.75, 7.75 ],
			"faces": {
				"down": { "uv": [ 3.125, 13.25, 6.125, 13.5 ], "texture": "#stones" },
				"up": { "uv": [ 3.125, 13.25, 6.125, 13 ], "texture": "#stones" },
				"north": { "uv": [ 12.5, 15.125, 9.5, 15.25 ], "texture": "#stones" },
				"south": { "uv": [ 12.5, 15.125, 15.5, 15.25 ], "texture": "#stones" },
				"west": { "uv": [ 6.25, 8.75, 6.5, 8.875 ], "texture": "#stones" },
				"east": { "uv": [ 6.5, 8.625, 6.25, 8.75 ], "texture": "#stones" }
			}
		},
		{
			"__comment": "Voxels",
			"from": [ 4.75, 7.5, 7.5 ],
			"to": [ 11, 7.75, 8.5 ],
			"faces": {
				"down": { "uv": [ 0, 15.5, 3.125, 16 ], "texture": "#stones" },
				"up": { "uv": [ 0, 15.5, 3.125, 15 ], "texture": "#stones" },
				"north": { "uv": [ 6.25, 8.625, 3.125, 8.75 ], "texture": "#stones" },
				"south": { "uv": [ 3.125, 8.5, 6.25, 8.625 ], "texture": "#stones" },
				"west": { "uv": [ 10, 8.5, 10.5, 8.625 ], "texture": "#stones" },
				"east": { "uv": [ 16, 15.625, 15.5, 15.75 ], "texture": "#stones" }
			}
		},
		{
			"__comment": "Voxels",
			"from": [ 4.75, 7.75, 8 ],
			"to": [ 11.5, 8, 8.75 ],
			"faces": {
				"down": { "uv": [ 3.125, 15.625, 6.5, 16 ], "texture": "#stones" },
				"up": { "uv": [ 3.125, 15.625, 6.5, 15.25 ], "texture": "#stones" },
				"north": { "uv": [ 6.5, 11.875, 3.125, 12 ], "texture": "#stones" },
				"south": { "uv": [ 3.125, 11.75, 6.5, 11.875 ], "texture": "#stones" },
				"west": { "uv": [ 8.875, 10.625, 9.25, 10.75 ], "texture": "#stones" },
				"east": { "uv": [ 9.25, 11.25, 8.875, 11.375 ], "texture": "#stones" }
			}
		},
		{
			"__comment": "Voxels",
			"from": [ 4.75, 8, 8.25 ],
			"to": [ 11.5, 8.25, 8.75 ],
			"faces": {
				"up": { "uv": [ 3.125, 14.25, 6.5, 14 ], "texture": "#stones" },
				"south": { "uv": [ 3.125, 11.5, 6.5, 11.625 ], "texture": "#stones" },
				"west": { "uv": [ 6.25, 8.5, 6.5, 8.625 ], "texture": "#stones" },
				"east": { "uv": [ 6.5, 8.375, 6.25, 8.5 ], "texture": "#stones" }
			}
		},
		{
			"__comment": "Voxels",
			"from": [ 4.75, 8.25, 6.75 ],
			"to": [ 9, 8.5, 7 ],
			"faces": {
				"up": { "uv": [ 9.25, 14.75, 11.375, 14.625 ], "texture": "#stones" },
				"north": { "uv": [ 8.625, 9.25, 6.5, 9.375 ], "texture": "#stones" },
				"west": { "uv": [ 10.75, 12.5, 10.875, 12.625 ], "texture": "#stones" },
				"east": { "uv": [ 10.875, 12.375, 10.75, 12.5 ], "texture": "#stones" }
			}
		},
		{
			"__comment": "Voxels",
			"from": [ 4.75, 8.25, 8 ],
			"to": [ 11.5, 8.5, 8.25 ],
			"faces": {
				"up": { "uv": [ 3.125, 11.375, 6.5, 11.25 ], "texture": "#stones" },
				"north": { "uv": [ 6.5, 11.125, 3.125, 11.25 ], "texture": "#stones" },
				"south": { "uv": [ 3.125, 11, 6.5, 11.125 ], "texture": "#stones" },
				"west": { "uv": [ 10.75, 12.25, 10.875, 12.375 ], "texture": "#stones" },
				"east": { "uv": [ 10.875, 12.125, 10.75, 12.25 ], "texture": "#stones" }
			}
		},
		{
			"__comment": "Voxels",
			"from": [ 4.75, 8.5, 7 ],
			"to": [ 9, 8.75, 7.25 ],
			"faces": {
				"up": { "uv": [ 6.5, 8.75, 8.625, 8.625 ], "texture": "#stones" },
				"north": { "uv": [ 8.625, 8.5, 6.5, 8.625 ], "texture": "#stones" },
				"west": { "uv": [ 10.75, 11.75, 10.875, 11.875 ], "texture": "#stones" },
				"east": { "uv": [ 10.875, 11.625, 10.75, 11.75 ], "texture": "#stones" }
			}
		},
		{
			"__comment": "Voxels",
			"from": [ 4.75, 8.5, 7.75 ],
			"to": [ 11, 8.75, 8 ],
			"faces": {
				"down": { "uv": [ 3.125, 8, 6.25, 8.125 ], "texture": "#stones" },
				"up": { "uv": [ 3.125, 8.5, 6.25, 8.375 ], "texture": "#stones" },
				"north": { "uv": [ 6.25, 8.25, 3.125, 8.375 ], "texture": "#stones" },
				"south": { "uv": [ 3.125, 8.125, 6.25, 8.25 ], "texture": "#stones" },
				"west": { "uv": [ 10.75, 11.5, 10.875, 11.625 ], "texture": "#stones" },
				"east": { "uv": [ 10.875, 11.125, 10.75, 11.25 ], "texture": "#stones" }
			}
		},
		{
			"__comment": "Voxels",
			"from": [ 5, 7.25, 7.75 ],
			"to": [ 11, 7.5, 8.5 ],
			"faces": {
				"down": { "uv": [ 0, 11.625, 3, 12 ], "texture": "#stones" },
				"north": { "uv": [ 15.5, 15.375, 12.5, 15.5 ], "texture": "#stones" },
				"south": { "uv": [ 6.5, 15.25, 9.5, 15.375 ], "texture": "#stones" },
				"west": { "uv": [ 11.375, 13.25, 11.75, 13.375 ], "texture": "#stones" },
				"east": { "uv": [ 9.25, 11.625, 8.875, 11.75 ], "texture": "#stones" }
			}
		},
		{
			"__comment": "Voxels",
			"from": [ 5, 7.5, 7.25 ],
			"to": [ 10.75, 7.75, 7.5 ],
			"faces": {
				"down": { "uv": [ 12.375, 15, 15.25, 15.125 ], "texture": "#stones" },
				"up": { "uv": [ 6.5, 15, 9.375, 14.875 ], "texture": "#stones" },
				"north": { "uv": [ 12.25, 14.875, 9.375, 15 ], "texture": "#stones" },
				"west": { "uv": [ 10.75, 11, 10.875, 11.125 ], "texture": "#stones" },
				"east": { "uv": [ 10.875, 10.875, 10.75, 11 ], "texture": "#stones" }
			}
		},
		{
			"__comment": "Voxels",
			"from": [ 5, 7.5, 8.5 ],
			"to": [ 11.5, 7.75, 8.75 ],
			"faces": {
				"down": { "uv": [ 3.125, 10.375, 6.375, 10.5 ], "texture": "#stones" },
				"north": { "uv": [ 6.375, 10.625, 3.125, 10.75 ], "texture": "#stones" },
				"south": { "uv": [ 3.125, 10.75, 6.375, 10.875 ], "texture": "#stones" },
				"west": { "uv": [ 10.75, 10.75, 10.875, 10.875 ], "texture": "#stones" },
				"east": { "uv": [ 10.875, 10.625, 10.75, 10.75 ], "texture": "#stones" }
			}
		},
		{
			"__comment": "Voxels",
			"from": [ 5, 7.75, 6.75 ],
			"to": [ 9, 8, 7 ],
			"faces": {
				"down": { "uv": [ 9.25, 14.25, 11.25, 14.375 ], "texture": "#stones" },
				"north": { "uv": [ 15.25, 14.25, 13.25, 14.375 ], "texture": "#stones" },
				"west": { "uv": [ 10.75, 10.5, 10.875, 10.625 ], "texture": "#stones" },
				"east": { "uv": [ 10.875, 9.625, 10.75, 9.75 ], "texture": "#stones" }
			}
		},
		{
			"__comment": "Voxels",
			"from": [ 5, 7.75, 8.75 ],
			"to": [ 11.25, 8.25, 9 ],
			"faces": {
				"down": { "uv": [ 3.125, 8.75, 6.25, 8.875 ], "texture": "#stones" },
				"up": { "uv": [ 3.125, 9.5, 6.25, 9.375 ], "texture": "#stones" },
				"north": { "uv": [ 6.25, 13.5, 3.125, 13.75 ], "texture": "#stones" },
				"south": { "uv": [ 3.125, 13.75, 6.25, 14 ], "texture": "#stones" },
				"west": { "uv": [ 9, 8.375, 9.125, 8.625 ], "texture": "#stones" },
				"east": { "uv": [ 3.125, 9, 3, 9.25 ], "texture": "#stones" }
			}
		},
		{
			"__comment": "Voxels",
			"from": [ 5, 8.25, 8.25 ],
			"to": [ 11.5, 8.5, 8.5 ],
			"faces": {
				"up": { "uv": [ 3.125, 10.375, 6.375, 10.25 ], "texture": "#stones" },
				"south": { "uv": [ 3.125, 10, 6.375, 10.125 ], "texture": "#stones" },
				"west": { "uv": [ 10.75, 9.5, 10.875, 9.625 ], "texture": "#stones" },
				"east": { "uv": [ 10.875, 9.375, 10.75, 9.5 ], "texture": "#stones" }
			}
		},
		{
			"__comment": "Voxels",
			"from": [ 5, 8.25, 8.5 ],
			"to": [ 11.25, 8.5, 8.75 ],
			"faces": {
				"up": { "uv": [ 3.125, 9.875, 6.25, 9.75 ], "texture": "#stones" },
				"south": { "uv": [ 3.125, 9.5, 6.25, 9.625 ], "texture": "#stones" },
				"west": { "uv": [ 10.75, 9.25, 10.875, 9.375 ], "texture": "#stones" },
				"east": { "uv": [ 10.875, 9.125, 10.75, 9.25 ], "texture": "#stones" }
			}
		},
		{
			"__comment": "Voxels",
			"from": [ 5, 8.5, 8 ],
			"to": [ 11.25, 8.75, 8.25 ],
			"faces": {
				"up": { "uv": [ 3.125, 9.25, 6.25, 9.125 ], "texture": "#stones" },
				"north": { "uv": [ 6.25, 9, 3.125, 9.125 ], "texture": "#stones" },
				"south": { "uv": [ 3.125, 8.875, 6.25, 9 ], "texture": "#stones" },
				"west": { "uv": [ 10.75, 9, 10.875, 9.125 ], "texture": "#stones" },
				"east": { "uv": [ 10.875, 8.875, 10.75, 9 ], "texture": "#stones" }
			}
		},
		{
			"__comment": "Voxels",
			"from": [ 5.25, 7.25, 7.5 ],
			"to": [ 10.75, 7.5, 7.75 ],
			"faces": {
				"down": { "uv": [ 6.5, 13.875, 9.25, 14 ], "texture": "#stones" },
				"north": { "uv": [ 9.25, 14.625, 6.5, 14.75 ], "texture": "#stones" },
				"west": { "uv": [ 10.75, 8.375, 10.875, 8.5 ], "texture": "#stones" },
				"east": { "uv": [ 10.875, 8.25, 10.75, 8.375 ], "texture": "#stones" }
			}
		},
		{
			"__comment": "Voxels",
			"from": [ 5.25, 7.5, 7 ],
			"to": [ 10, 7.75, 7.25 ],
			"faces": {
				"down": { "uv": [ 6.5, 11.125, 8.875, 11.25 ], "texture": "#stones" },
				"north": { "uv": [ 8.875, 10.875, 6.5, 11 ], "texture": "#stones" },
				"west": { "uv": [ 10.75, 8.125, 10.875, 8.25 ], "texture": "#stones" },
				"east": { "uv": [ 10.875, 8, 10.75, 8.125 ], "texture": "#stones" }
			}
		},
		{
			"__comment": "Voxels",
			"from": [ 5.25, 8.5, 6.75 ],
			"to": [ 8.5, 8.75, 7 ],
			"faces": {
				"up": { "uv": [ 9.25, 13.625, 10.875, 13.5 ], "texture": "#stones" },
				"north": { "uv": [ 16, 13.625, 14.375, 13.75 ], "texture": "#stones" },
				"west": { "uv": [ 11.125, 13.125, 11.25, 13.25 ], "texture": "#stones" },
				"east": { "uv": [ 11.375, 13.125, 11.25, 13.25 ], "texture": "#stones" }
			}
		},
		{
			"__comment": "Voxels",
			"from": [ 5.25, 8.5, 8.25 ],
			"to": [ 11.25, 8.75, 8.5 ],
			"faces": {
				"up": { "uv": [ 9.5, 15.75, 12.5, 15.625 ], "texture": "#stones" },
				"south": { "uv": [ 6.5, 15.5, 9.5, 15.625 ], "texture": "#stones" },
				"west": { "uv": [ 11.375, 13.125, 11.5, 13.25 ], "texture": "#stones" },
				"east": { "uv": [ 11.625, 13.125, 11.5, 13.25 ], "texture": "#stones" }
			}
		},
		{
			"__comment": "Voxels",
			"from": [ 5.5, 7, 7.5 ],
			"to": [ 10.25, 7.25, 8.5 ],
			"faces": {
				"down": { "uv": [ 0, 12, 2.375, 12.5 ], "texture": "#stones" },
				"up": { "uv": [ 0, 13, 2.375, 12.5 ], "texture": "#stones" },
				"north": { "uv": [ 8.875, 12.125, 6.5, 12.25 ], "texture": "#stones" },
				"south": { "uv": [ 6.5, 10.375, 8.875, 10.5 ], "texture": "#stones" },
				"west": { "uv": [ 15.5, 14.625, 16, 14.75 ], "texture": "#stones" },
				"east": { "uv": [ 9.25, 9.75, 8.75, 9.875 ], "texture": "#stones" }
			}
		},
		{
			"__comment": "Voxels",
			"from": [ 5.5, 7.25, 7 ],
			"to": [ 9.5, 7.5, 7.5 ],
			"faces": {
				"down": { "uv": [ 3.125, 12.25, 5.125, 12.5 ], "texture": "#stones" },
				"up": { "uv": [ 3.125, 12.25, 5.125, 12 ], "texture": "#stones" },
				"north": { "uv": [ 11.25, 14.375, 9.25, 14.5 ], "texture": "#stones" },
				"west": { "uv": [ 10.375, 10.125, 10.625, 10.25 ], "texture": "#stones" },
				"east": { "uv": [ 10.625, 10.25, 10.375, 10.375 ], "texture": "#stones" }
			}
		},
		{
			"__comment": "Voxels",
			"from": [ 5.5, 7.25, 8.5 ],
			"to": [ 11.5, 7.5, 8.75 ],
			"faces": {
				"down": { "uv": [ 12.5, 15.25, 15.5, 15.375 ], "texture": "#stones" },
				"north": { "uv": [ 9.5, 15, 6.5, 15.125 ], "texture": "#stones" },
				"south": { "uv": [ 9.5, 15.25, 12.5, 15.375 ], "texture": "#stones" },
				"west": { "uv": [ 12.25, 13.125, 12.375, 13.25 ], "texture": "#stones" },
				"east": { "uv": [ 12.5, 13.125, 12.375, 13.25 ], "texture": "#stones" }
			}
		},
		{
			"__comment": "Voxels",
			"from": [ 5.5, 7.5, 6.75 ],
			"to": [ 8.5, 7.75, 7 ],
			"faces": {
				"down": { "uv": [ 1.625, 8.5, 3.125, 8.625 ], "texture": "#stones" },
				"north": { "uv": [ 3.125, 8.25, 1.625, 8.375 ], "texture": "#stones" },
				"west": { "uv": [ 12.5, 13.125, 12.625, 13.25 ], "texture": "#stones" },
				"east": { "uv": [ 13, 13.125, 12.875, 13.25 ], "texture": "#stones" }
			}
		},
		{
			"__comment": "Voxels",
			"from": [ 5.5, 7.5, 8.75 ],
			"to": [ 11.5, 7.75, 9 ],
			"faces": {
				"down": { "uv": [ 9.5, 15.375, 12.5, 15.5 ], "texture": "#stones" },
				"up": { "uv": [ 6.5, 15.5, 9.5, 15.375 ], "texture": "#stones" },
				"south": { "uv": [ 9.5, 15.5, 12.5, 15.625 ], "texture": "#stones" },
				"west": { "uv": [ 13.5, 13.125, 13.625, 13.25 ], "texture": "#stones" },
				"east": { "uv": [ 14.5, 13.125, 14.375, 13.25 ], "texture": "#stones" }
			}
		},
		{
			"__comment": "Voxels",
			"from": [ 5.5, 8, 6.5 ],
			"to": [ 8.25, 8.5, 6.75 ],
			"faces": {
				"down": { "uv": [ 1.75, 10.625, 3.125, 10.75 ], "texture": "#stones" },
				"up": { "uv": [ 9.25, 12.5, 10.625, 12.375 ], "texture": "#stones" },
				"north": { "uv": [ 3.125, 10.75, 1.75, 11 ], "texture": "#stones" },
				"south": { "uv": [ 1.75, 11, 3.125, 11.25 ], "texture": "#stones" },
				"west": { "uv": [ 10.625, 11.375, 10.75, 11.625 ], "texture": "#stones" },
				"east": { "uv": [ 10.75, 11.625, 10.625, 11.875 ], "texture": "#stones" }
			}
		},
		{
			"__comment": "Voxels",
			"from": [ 5.5, 8.25, 8.75 ],
			"to": [ 11, 8.5, 9 ],
			"faces": {
				"up": { "uv": [ 6.5, 13.5, 9.25, 13.375 ], "texture": "#stones" },
				"south": { "uv": [ 12, 14.75, 14.75, 14.875 ], "texture": "#stones" },
				"west": { "uv": [ 14.5, 13.125, 14.625, 13.25 ], "texture": "#stones" },
				"east": { "uv": [ 14.75, 13.125, 14.625, 13.25 ], "texture": "#stones" }
			}
		},
		{
			"__comment": "Voxels",
			"from": [ 5.5, 8.5, 8.5 ],
			"to": [ 11, 8.75, 8.75 ],
			"faces": {
				"up": { "uv": [ 6.5, 14.375, 9.25, 14.25 ], "texture": "#stones" },
				"south": { "uv": [ 6.5, 14.125, 9.25, 14.25 ], "texture": "#stones" },
				"west": { "uv": [ 15, 13.125, 15.125, 13.25 ], "texture": "#stones" },
				"east": { "uv": [ 15.5, 13.125, 15.375, 13.25 ], "texture": "#stones" }
			}
		},
		{
			"__comment": "Voxels",
			"from": [ 5.5, 8.75, 7 ],
			"to": [ 9, 9, 8.25 ],
			"faces": {
				"down": { "uv": [ 0, 10.625, 1.75, 11.25 ], "texture": "#stones" },
				"up": { "uv": [ 0, 10.625, 1.75, 10 ], "texture": "#stones" },
				"north": { "uv": [ 12.75, 13.625, 11, 13.75 ], "texture": "#stones" },
				"south": { "uv": [ 9.25, 13.625, 11, 13.75 ], "texture": "#stones" },
				"west": { "uv": [ 8.625, 9.625, 9.25, 9.75 ], "texture": "#stones" },
				"east": { "uv": [ 9.25, 8.875, 8.625, 9 ], "texture": "#stones" }
			}
		},
		{
			"__comment": "Voxels",
			"from": [ 5.75, 7, 7.25 ],
			"to": [ 9.5, 7.25, 7.5 ],
			"faces": {
				"down": { "uv": [ 13, 14.125, 14.875, 14.25 ], "texture": "#stones" },
				"north": { "uv": [ 13, 13.75, 11.125, 13.875 ], "texture": "#stones" },
				"west": { "uv": [ 15.5, 13.125, 15.625, 13.25 ], "texture": "#stones" },
				"east": { "uv": [ 15.75, 13.125, 15.625, 13.25 ], "texture": "#stones" }
			}
		},
		{
			"__comment": "Voxels",
			"from": [ 5.75, 7, 8.5 ],
			"to": [ 10.75, 7.25, 8.75 ],
			"faces": {
				"down": { "uv": [ 6.5, 12.625, 9, 12.75 ], "texture": "#stones" },
				"north": { "uv": [ 9, 12.375, 6.5, 12.5 ], "texture": "#stones" },
				"south": { "uv": [ 6.5, 12.75, 9, 12.875 ], "texture": "#stones" },
				"west": { "uv": [ 11.125, 13, 11.25, 13.125 ], "texture": "#stones" },
				"east": { "uv": [ 11.375, 13, 11.25, 13.125 ], "texture": "#stones" }
			}
		},
		{
			"__comment": "Voxels",
			"from": [ 5.75, 7.25, 6.75 ],
			"to": [ 8.5, 7.5, 7 ],
			"faces": {
				"down": { "uv": [ 9.25, 12.875, 10.625, 13 ], "texture": "#stones" },
				"north": { "uv": [ 10.625, 12.625, 9.25, 12.75 ], "texture": "#stones" },
				"west": { "uv": [ 11.375, 13, 11.5, 13.125 ], "texture": "#stones" },
				"east": { "uv": [ 11.875, 13, 11.75, 13.125 ], "texture": "#stones" }
			}
		},
		{
			"__comment": "Voxels",
			"from": [ 5.75, 7.25, 8.75 ],
			"to": [ 11.25, 7.5, 9 ],
			"faces": {
				"down": { "uv": [ 6.5, 14.5, 9.25, 14.625 ], "texture": "#stones" },
				"south": { "uv": [ 12.25, 14.875, 15, 15 ], "texture": "#stones" },
				"west": { "uv": [ 12.125, 13, 12.25, 13.125 ], "texture": "#stones" },
				"east": { "uv": [ 13.375, 13, 13.25, 13.125 ], "texture": "#stones" }
			}
		},
		{
			"__comment": "Voxels",
			"from": [ 5.75, 7.75, 9 ],
			"to": [ 10.5, 8.5, 9.25 ],
			"faces": {
				"down": { "uv": [ 6.5, 10.625, 8.875, 10.75 ], "texture": "#stones" },
				"up": { "uv": [ 6.5, 11.375, 8.875, 11.25 ], "texture": "#stones" },
				"north": { "uv": [ 5.5, 14.875, 3.125, 15.25 ], "texture": "#stones" },
				"south": { "uv": [ 3.125, 14.5, 5.5, 14.875 ], "texture": "#stones" },
				"west": { "uv": [ 3, 12.625, 3.125, 13 ], "texture": "#stones" },
				"east": { "uv": [ 3.125, 12.125, 3, 12.5 ], "texture": "#stones" }
			}
		},
		{
			"__comment": "Voxels",
			"from": [ 5.75, 8.5, 8.75 ],
			"to": [ 10.5, 8.75, 9 ],
			"faces": {
				"up": { "uv": [ 6.5, 12.125, 8.875, 12 ], "texture": "#stones" },
				"south": { "uv": [ 6.5, 10.25, 8.875, 10.375 ], "texture": "#stones" },
				"west": { "uv": [ 13.375, 13, 13.5, 13.125 ], "texture": "#stones" },
				"east": { "uv": [ 13.625, 13, 13.5, 13.125 ], "texture": "#stones" }
			}
		},
		{
			"__comment": "Voxels",
			"from": [ 5.75, 8.75, 8.25 ],
			"to": [ 10.75, 9, 8.5 ],
			"faces": {
				"up": { "uv": [ 13.5, 16, 16, 15.875 ], "texture": "#stones" },
				"north": { "uv": [ 16, 15.75, 13.5, 15.875 ], "texture": "#stones" },
				"south": { "uv": [ 6.5, 12.875, 9, 13 ], "texture": "#stones" },
				"west": { "uv": [ 6.375, 10.625, 6.5, 10.75 ], "texture": "#stones" },
				"east": { "uv": [ 6.5, 10.5, 6.375, 10.625 ], "texture": "#stones" }
			}
		},
		{
			"__comment": "Voxels",
			"from": [ 6, 7, 7 ],
			"to": [ 9, 7.25, 7.25 ],
			"faces": {
				"down": { "uv": [ 1.625, 8.125, 3.125, 8.25 ], "texture": "#stones" },
				"north": { "uv": [ 3.125, 8.75, 1.625, 8.875 ], "texture": "#stones" },
				"west": { "uv": [ 6.375, 10.375, 6.5, 10.5 ], "texture": "#stones" },
				"east": { "uv": [ 6.5, 10.25, 6.375, 10.375 ], "texture": "#stones" }
			}
		},
		{
			"__comment": "Voxels",
			"from": [ 6, 7, 8.75 ],
			"to": [ 10.25, 7.25, 9 ],
			"faces": {
				"down": { "uv": [ 6.5, 9.625, 8.625, 9.75 ], "texture": "#stones" },
				"south": { "uv": [ 6.5, 8.25, 8.625, 8.375 ], "texture": "#stones" },
				"west": { "uv": [ 6.375, 10.125, 6.5, 10.25 ], "texture": "#stones" },
				"east": { "uv": [ 6.5, 10, 6.375, 10.125 ], "texture": "#stones" }
			}
		},
		{
			"__comment": "Voxels",
			"from": [ 6, 7.5, 6.5 ],
			"to": [ 7.75, 8, 6.75 ],
			"faces": {
				"down": { "uv": [ 15, 14.875, 15.875, 15 ], "texture": "#stones" },
				"north": { "uv": [ 2.5, 9.25, 1.625, 9.5 ], "texture": "#stones" },
				"south": { "uv": [ 1.625, 9, 2.5, 9.25 ], "texture": "#stones" },
				"west": { "uv": [ 9.125, 8.375, 9.25, 8.625 ], "texture": "#stones" },
				"east": { "uv": [ 10.75, 11.875, 10.625, 12.125 ], "texture": "#stones" }
			}
		},
		{
			"__comment": "Voxels",
			"from": [ 6, 7.5, 9 ],
			"to": [ 10.5, 7.75, 9.25 ],
			"faces": {
				"down": { "uv": [ 6.5, 10, 8.75, 10.125 ], "texture": "#stones" },
				"south": { "uv": [ 6.5, 9.75, 8.75, 9.875 ], "texture": "#stones" },
				"west": { "uv": [ 15.875, 14.875, 16, 15 ], "texture": "#stones" },
				"east": { "uv": [ 9.25, 13.125, 9.125, 13.25 ], "texture": "#stones" }
			}
		},
		{
			"__comment": "Voxels",
			"from": [ 6, 8.75, 6.75 ],
			"to": [ 8.25, 9, 7 ],
			"faces": {
				"up": { "uv": [ 9.25, 10.75, 10.375, 10.625 ], "texture": "#stones" },
				"north": { "uv": [ 10.375, 10.75, 9.25, 10.875 ], "texture": "#stones" },
				"west": { "uv": [ 9.125, 13, 9.25, 13.125 ], "texture": "#stones" },
				"east": { "uv": [ 10.625, 12.125, 10.5, 12.25 ], "texture": "#stones" }
			}
		},
		{
			"__comment": "Voxels",
			"from": [ 6, 8.75, 8.5 ],
			"to": [ 10.25, 9, 8.75 ],
			"faces": {
				"up": { "uv": [ 6.5, 8.25, 8.625, 8.125 ], "texture": "#stones" },
				"south": { "uv": [ 6.5, 8, 8.625, 8.125 ], "texture": "#stones" },
				"west": { "uv": [ 10.5, 9, 10.625, 9.125 ], "texture": "#stones" },
				"east": { "uv": [ 10.625, 11.75, 10.5, 11.875 ], "texture": "#stones" }
			}
		},
		{
			"__comment": "Voxels",
			"from": [ 6.25, 6.75, 7.5 ],
			"to": [ 9.5, 7, 8.75 ],
			"faces": {
				"down": { "uv": [ 0, 8.75, 1.625, 9.375 ], "texture": "#stones" },
				"up": { "uv": [ 0, 10, 1.625, 9.375 ], "texture": "#stones" },
				"north": { "uv": [ 14.375, 13.625, 12.75, 13.75 ], "texture": "#stones" },
				"south": { "uv": [ 14.125, 13.5, 15.75, 13.625 ], "texture": "#stones" },
				"west": { "uv": [ 8.625, 8.625, 9.25, 8.75 ], "texture": "#stones" },
				"east": { "uv": [ 9.25, 9.5, 8.625, 9.625 ], "texture": "#stones" }
			}
		},
		{
			"__comment": "Voxels",
			"from": [ 6.25, 7.25, 6.5 ],
			"to": [ 7.5, 7.5, 6.75 ],
			"faces": {
				"down": { "uv": [ 8.625, 9.25, 9.25, 9.375 ], "texture": "#stones" },
				"north": { "uv": [ 9.25, 9.375, 8.625, 9.5 ], "texture": "#stones" },
				"west": { "uv": [ 10.5, 11.625, 10.625, 11.75 ], "texture": "#stones" },
				"east": { "uv": [ 10.625, 11.5, 10.5, 11.625 ], "texture": "#stones" }
			}
		},
		{
			"__comment": "Voxels",
			"from": [ 6.25, 7.25, 9 ],
			"to": [ 10.25, 7.5, 9.25 ],
			"faces": {
				"down": { "uv": [ 11.25, 14.5, 13.25, 14.625 ], "texture": "#stones" },
				"south": { "uv": [ 9.25, 14.5, 11.25, 14.625 ], "texture": "#stones" },
				"west": { "uv": [ 10.5, 11.375, 10.625, 11.5 ], "texture": "#stones" },
				"east": { "uv": [ 10.625, 11, 10.5, 11.125 ], "texture": "#stones" }
			}
		},
		{
			"__comment": "Voxels",
			"from": [ 6.25, 8.75, 8.75 ],
			"to": [ 10, 9, 9 ],
			"faces": {
				"up": { "uv": [ 9.25, 14, 11.125, 13.875 ], "texture": "#stones" },
				"south": { "uv": [ 11.125, 14.125, 13, 14.25 ], "texture": "#stones" },
				"west": { "uv": [ 10.5, 10.875, 10.625, 11 ], "texture": "#stones" },
				"east": { "uv": [ 10.625, 9.375, 10.5, 9.5 ], "texture": "#stones" }
			}
		},
		{
			"__comment": "Voxels",
			"from": [ 6.5, 6.75, 7.25 ],
			"to": [ 9.25, 7, 7.5 ],
			"faces": {
				"down": { "uv": [ 5.125, 12, 6.5, 12.125 ], "texture": "#stones" },
				"north": { "uv": [ 10.625, 13.125, 9.25, 13.25 ], "texture": "#stones" },
				"west": { "uv": [ 10.5, 9.25, 10.625, 9.375 ], "texture": "#stones" },
				"east": { "uv": [ 10.625, 9.125, 10.5, 9.25 ], "texture": "#stones" }
			}
		},
		{
			"__comment": "Voxels",
			"from": [ 6.5, 7.5, 9.25 ],
			"to": [ 9.75, 8.25, 9.5 ],
			"faces": {
				"down": { "uv": [ 10.875, 13.5, 12.5, 13.625 ], "texture": "#stones" },
				"up": { "uv": [ 12.5, 13.625, 14.125, 13.5 ], "texture": "#stones" },
				"north": { "uv": [ 1.625, 8.375, 0, 8.75 ], "texture": "#stones" },
				"south": { "uv": [ 0, 8, 1.625, 8.375 ], "texture": "#stones" },
				"west": { "uv": [ 3, 11.625, 3.125, 12 ], "texture": "#stones" },
				"east": { "uv": [ 3.125, 11.25, 3, 11.625 ], "texture": "#stones" }
			}
		},
		{
			"__comment": "Voxels",
			"from": [ 6.5, 8.5, 9 ],
			"to": [ 10.25, 8.75, 9.25 ],
			"faces": {
				"up": { "uv": [ 9.25, 14.125, 11.125, 14 ], "texture": "#stones" },
				"south": { "uv": [ 13, 14, 14.875, 14.125 ], "texture": "#stones" },
				"west": { "uv": [ 14.625, 13.25, 14.75, 13.375 ], "texture": "#stones" },
				"east": { "uv": [ 14.875, 13.25, 14.75, 13.375 ], "texture": "#stones" }
			}
		},
		{
			"__comment": "Voxels",
			"from": [ 6.5, 9, 7.25 ],
			"to": [ 8.75, 9.25, 7.75 ],
			"faces": {
				"up": { "uv": [ 1.75, 10.375, 2.875, 10.125 ], "texture": "#stones" },
				"north": { "uv": [ 10.375, 9.875, 9.25, 10 ], "texture": "#stones" },
				"south": { "uv": [ 9.25, 10.125, 10.375, 10.25 ], "texture": "#stones" },
				"west": { "uv": [ 10.375, 10, 10.625, 10.125 ], "texture": "#stones" },
				"east": { "uv": [ 10.625, 10.625, 10.375, 10.75 ], "texture": "#stones" }
			}
		},
		{
			"__comment": "Voxels",
			"from": [ 6.75, 6.75, 8.75 ],
			"to": [ 9.25, 7, 9 ],
			"faces": {
				"down": { "uv": [ 9.25, 11.125, 10.5, 11.25 ], "texture": "#stones" },
				"south": { "uv": [ 9.25, 12, 10.5, 12.125 ], "texture": "#stones" },
				"west": { "uv": [ 14.875, 13.25, 15, 13.375 ], "texture": "#stones" },
				"east": { "uv": [ 15.125, 13.25, 15, 13.375 ], "texture": "#stones" }
			}
		},
		{
			"__comment": "Voxels",
			"from": [ 6.75, 7, 6.75 ],
			"to": [ 8.25, 7.25, 7 ],
			"faces": {
				"down": { "uv": [ 9.25, 9.5, 10, 9.625 ], "texture": "#stones" },
				"north": { "uv": [ 10, 8.625, 9.25, 8.75 ], "texture": "#stones" },
				"west": { "uv": [ 15.25, 13.25, 15.375, 13.375 ], "texture": "#stones" },
				"east": { "uv": [ 15.5, 13.25, 15.375, 13.375 ], "texture": "#stones" }
			}
		},
		{
			"__comment": "Voxels",
			"from": [ 6.75, 7, 9 ],
			"to": [ 9.25, 7.25, 9.25 ],
			"faces": {
				"down": { "uv": [ 9.25, 11, 10.5, 11.125 ], "texture": "#stones" },
				"south": { "uv": [ 9.25, 11.875, 10.5, 12 ], "texture": "#stones" },
				"west": { "uv": [ 10.625, 8, 10.75, 8.125 ], "texture": "#stones" },
				"east": { "uv": [ 10.875, 12.625, 10.75, 12.75 ], "texture": "#stones" }
			}
		},
		{
			"__comment": "Voxels",
			"from": [ 6.75, 9, 7 ],
			"to": [ 8.25, 9.25, 7.25 ],
			"faces": {
				"up": { "uv": [ 9.25, 9.25, 10, 9.125 ], "texture": "#stones" },
				"north": { "uv": [ 10, 8.375, 9.25, 8.5 ], "texture": "#stones" },
				"west": { "uv": [ 10.75, 12, 10.875, 12.125 ], "texture": "#stones" },
				"east": { "uv": [ 10.875, 11.875, 10.75, 12 ], "texture": "#stones" }
			}
		},
		{
			"__comment": "Voxels",
			"from": [ 6.75, 9, 7.75 ],
			"to": [ 9.75, 9.25, 8.25 ],
			"faces": {
				"down": { "uv": [ 1.625, 9.5, 3.125, 9.75 ], "texture": "#stones" },
				"up": { "uv": [ 1.625, 10, 3.125, 9.75 ], "texture": "#stones" },
				"north": { "uv": [ 15.5, 13.375, 14, 13.5 ], "texture": "#stones" },
				"south": { "uv": [ 1.625, 8, 3.125, 8.125 ], "texture": "#stones" },
				"west": { "uv": [ 9, 12.875, 9.25, 13 ], "texture": "#stones" },
				"east": { "uv": [ 6.5, 9.125, 6.25, 9.25 ], "texture": "#stones" }
			}
		},
		{
			"__comment": "Voxels",
			"from": [ 7, 6.5, 7.75 ],
			"to": [ 8, 6.75, 8.5 ],
			"faces": {
				"down": { "uv": [ 6, 14.875, 6.5, 15.25 ], "texture": "#stones" },
				"north": { "uv": [ 16, 15.25, 15.5, 15.375 ], "texture": "#stones" },
				"south": { "uv": [ 15.5, 15.125, 16, 15.25 ], "texture": "#stones" },
				"west": { "uv": [ 13.25, 13.25, 13.625, 13.375 ], "texture": "#stones" },
				"east": { "uv": [ 13.25, 13.25, 12.875, 13.375 ], "texture": "#stones" }
			}
		},
		{
			"__comment": "Voxels",
			"from": [ 7, 6.75, 7 ],
			"to": [ 8.5, 7, 7.25 ],
			"faces": {
				"down": { "uv": [ 9.25, 8.25, 10, 8.375 ], "texture": "#stones" },
				"north": { "uv": [ 10, 8, 9.25, 8.125 ], "texture": "#stones" },
				"west": { "uv": [ 10.75, 8.75, 10.875, 8.875 ], "texture": "#stones" },
				"east": { "uv": [ 10.875, 8.625, 10.75, 8.75 ], "texture": "#stones" }
			}
		},
		{
			"__comment": "Voxels",
			"from": [ 7, 7.25, 9.25 ],
			"to": [ 8.5, 7.5, 9.5 ],
			"faces": {
				"down": { "uv": [ 2.375, 12.5, 3.125, 12.625 ], "texture": "#stones" },
				"south": { "uv": [ 9.25, 9, 10, 9.125 ], "texture": "#stones" },
				"west": { "uv": [ 10.875, 13.125, 11, 13.25 ], "texture": "#stones" },
				"east": { "uv": [ 11.125, 13.125, 11, 13.25 ], "texture": "#stones" }
			}
		},
		{
			"__comment": "Voxels",
			"from": [ 7, 8.25, 9.25 ],
			"to": [ 9.75, 8.5, 9.5 ],
			"faces": {
				"up": { "uv": [ 5.125, 12.375, 6.5, 12.25 ], "texture": "#stones" },
				"south": { "uv": [ 5.125, 12.375, 6.5, 12.5 ], "texture": "#stones" },
				"west": { "uv": [ 11.875, 13.125, 12, 13.25 ], "texture": "#stones" },
				"east": { "uv": [ 12.25, 13.125, 12.125, 13.25 ], "texture": "#stones" }
			}
		},
		{
			"__comment": "Voxels",
			"from": [ 7, 9, 8.25 ],
			"to": [ 9.5, 9.25, 8.5 ],
			"faces": {
				"up": { "uv": [ 9.25, 11.5, 10.5, 11.375 ], "texture": "#stones" },
				"south": { "uv": [ 9.25, 11.75, 10.5, 11.875 ], "texture": "#stones" },
				"west": { "uv": [ 13, 13.125, 13.125, 13.25 ], "texture": "#stones" },
				"east": { "uv": [ 13.5, 13.125, 13.375, 13.25 ], "texture": "#stones" }
			}
		},
		{
			"__comment": "Voxels",
			"from": [ 7.25, 6.5, 7.5 ],
			"to": [ 8, 6.75, 7.75 ],
			"faces": {
				"down": { "uv": [ 8.625, 8, 9, 8.125 ], "texture": "#stones" },
				"north": { "uv": [ 12.5, 13.25, 12.125, 13.375 ], "texture": "#stones" },
				"west": { "uv": [ 14.75, 13.125, 14.875, 13.25 ], "texture": "#stones" },
				"east": { "uv": [ 15, 13.125, 14.875, 13.25 ], "texture": "#stones" }
			}
		},
		{
			"__comment": "Voxels",
			"from": [ 7.25, 8.5, 9.25 ],
			"to": [ 9.5, 8.75, 9.5 ],
			"faces": {
				"up": { "uv": [ 1.75, 10.125, 2.875, 10 ], "texture": "#stones" },
				"south": { "uv": [ 14.875, 13.875, 16, 14 ], "texture": "#stones" },
				"west": { "uv": [ 15.75, 13.125, 15.875, 13.25 ], "texture": "#stones" },
				"east": { "uv": [ 11.125, 13, 11, 13.125 ], "texture": "#stones" }
			}
		},
		{
			"__comment": "Voxels",
			"from": [ 7.25, 8.75, 9 ],
			"to": [ 9.5, 9, 9.25 ],
			"faces": {
				"up": { "uv": [ 9.25, 9.875, 10.375, 9.75 ], "texture": "#stones" },
				"south": { "uv": [ 9.25, 10.25, 10.375, 10.375 ], "texture": "#stones" },
				"west": { "uv": [ 11.875, 13, 12, 13.125 ], "texture": "#stones" },
				"east": { "uv": [ 12.125, 13, 12, 13.125 ], "texture": "#stones" }
			}
		},
		{
			"__comment": "Voxels",
			"from": [ 7.5, 9, 8.5 ],
			"to": [ 9, 9.25, 8.75 ],
			"faces": {
				"up": { "uv": [ 15.25, 15.125, 16, 15 ], "texture": "#stones" },
				"south": { "uv": [ 9.25, 9.375, 10, 9.5 ], "texture": "#stones" },
				"west": { "uv": [ 6.375, 10.875, 6.5, 11 ], "texture": "#stones" },
				"east": { "uv": [ 6.5, 10.75, 6.375, 10.875 ], "texture": "#stones" }
			}
		},
		{
			"__comment": "Voxels",
			"from": [ 7.5, 9.25, 7.5 ],
			"to": [ 8.5, 9.5, 8 ],
			"faces": {
				"down": { "uv": [ 2.5, 9, 3, 9.25 ], "texture": "#stones" },
				"up": { "uv": [ 6, 13, 6.5, 12.75 ], "texture": "#stones" },
				"north": { "uv": [ 16, 15.5, 15.5, 15.625 ], "texture": "#stones" },
				"south": { "uv": [ 15.5, 15.375, 16, 15.5 ], "texture": "#stones" },
				"west": { "uv": [ 10.375, 9.75, 10.625, 9.875 ], "texture": "#stones" },
				"east": { "uv": [ 14.25, 13.25, 14, 13.375 ], "texture": "#stones" }
			}
		},
		{
			"__comment": "Voxels",
			"from": [ 7.75, 7.75, 6.5 ],
			"to": [ 8.25, 8, 6.75 ],
			"faces": {
				"down": { "uv": [ 14.25, 13.25, 14.5, 13.375 ], "texture": "#stones" },
				"north": { "uv": [ 6.5, 9.75, 6.25, 9.875 ], "texture": "#stones" },
				"east": { "uv": [ 10.625, 11.875, 10.5, 12 ], "texture": "#stones" }
			}
		},
		{
			"__comment": "Voxels",
			"from": [ 7.75, 9.25, 8 ],
			"to": [ 8.75, 9.5, 8.25 ],
			"faces": {
				"up": { "uv": [ 8.75, 10.125, 9.25, 10 ], "texture": "#stones" },
				"north": { "uv": [ 16, 13.375, 15.5, 13.5 ], "texture": "#stones" },
				"south": { "uv": [ 8.75, 9.875, 9.25, 10 ], "texture": "#stones" },
				"west": { "uv": [ 10.5, 11.25, 10.625, 11.375 ], "texture": "#stones" },
				"east": { "uv": [ 10.625, 11.125, 10.5, 11.25 ], "texture": "#stones" }
			}
		},
		{
			"__comment": "Voxels",
			"from": [ 8, 6.5, 8 ],
			"to": [ 8.5, 6.75, 8.5 ],
			"faces": {
				"down": { "uv": [ 2.875, 10.375, 3.125, 10.625 ], "texture": "#stones" },
				"north": { "uv": [ 6.5, 9.5, 6.25, 9.625 ], "texture": "#stones" },
				"south": { "uv": [ 6.25, 9.375, 6.5, 9.5 ], "texture": "#stones" },
				"east": { "uv": [ 10.625, 9.875, 10.375, 10 ], "texture": "#stones" }
			}
		},
		{
			"__comment": "Voxels",
			"from": [ 8.5, 9.25, 7.75 ],
			"to": [ 8.75, 9.5, 8 ],
			"faces": {
				"up": { "uv": [ 10.5, 8.875, 10.625, 8.75 ], "texture": "#stones" },
				"north": { "uv": [ 10.625, 8.625, 10.5, 8.75 ], "texture": "#stones" },
				"east": { "uv": [ 14.625, 13.25, 14.5, 13.375 ], "texture": "#stones" }
			}
		},
		{
			"__comment": "Voxels",
			"from": [ 8.75, 9, 7.5 ],
			"to": [ 9.5, 9.25, 7.75 ],
			"faces": {
				"down": { "uv": [ 13.625, 13.25, 14, 13.375 ], "texture": "#stones" },
				"up": { "uv": [ 8.875, 12.25, 9.25, 12.125 ], "texture": "#stones" },
				"north": { "uv": [ 9.25, 10.375, 8.875, 10.5 ], "texture": "#stones" },
				"east": { "uv": [ 12.125, 13.125, 12, 13.25 ], "texture": "#stones" }
			}
		},
		{
			"__comment": "Voxels",
			"from": [ 9, 8.75, 7.25 ],
			"to": [ 10, 9, 8.25 ],
			"faces": {
				"down": { "uv": [ 2.625, 13, 3.125, 13.5 ], "texture": "#stones" },
				"up": { "uv": [ 2.625, 14, 3.125, 13.5 ], "texture": "#stones" },
				"north": { "uv": [ 10.625, 9.625, 10.125, 9.75 ], "texture": "#stones" },
				"east": { "uv": [ 10.5, 9.125, 10, 9.25 ], "texture": "#stones" }
			}
		},
		{
			"__comment": "Voxels",
			"from": [ 9.5, 6.75, 7.75 ],
			"to": [ 10, 7, 8.75 ],
			"faces": {
				"down": { "uv": [ 2.875, 14.5, 3.125, 15 ], "texture": "#stones" },
				"up": { "uv": [ 2.875, 14.5, 3.125, 14 ], "texture": "#stones" },
				"north": { "uv": [ 10.625, 10.5, 10.375, 10.625 ], "texture": "#stones" },
				"south": { "uv": [ 10.375, 10.375, 10.625, 10.5 ], "texture": "#stones" },
				"east": { "uv": [ 10.5, 8.875, 10, 9 ], "texture": "#stones" }
			}
		},
		{
			"__comment": "Voxels",
			"from": [ 9.5, 7.25, 7.25 ],
			"to": [ 10.25, 7.5, 7.5 ],
			"faces": {
				"down": { "uv": [ 8.875, 12, 9.25, 12.125 ], "texture": "#stones" },
				"north": { "uv": [ 9.25, 11.875, 8.875, 12 ], "texture": "#stones" },
				"east": { "uv": [ 10.875, 11.25, 10.75, 11.375 ], "texture": "#stones" }
			}
		},
		{
			"__comment": "Voxels",
			"from": [ 9.75, 8.25, 7.25 ],
			"to": [ 11, 8.5, 8 ],
			"faces": {
				"down": { "uv": [ 2.375, 12.125, 3, 12.5 ], "texture": "#stones" },
				"up": { "uv": [ 2.375, 13, 3, 12.625 ], "texture": "#stones" },
				"north": { "uv": [ 10.625, 9.5, 10, 9.625 ], "texture": "#stones" },
				"east": { "uv": [ 9.25, 10.25, 8.875, 10.375 ], "texture": "#stones" }
			}
		},
		{
			"__comment": "Voxels",
			"from": [ 9.75, 9, 8 ],
			"to": [ 10, 9.25, 8.25 ],
			"faces": {
				"up": { "uv": [ 10.75, 10.375, 10.875, 10.25 ], "texture": "#stones" },
				"north": { "uv": [ 10.875, 10.125, 10.75, 10.25 ], "texture": "#stones" },
				"south": { "uv": [ 10.75, 10, 10.875, 10.125 ], "texture": "#stones" },
				"east": { "uv": [ 10.875, 9.75, 10.75, 9.875 ], "texture": "#stones" }
			}
		},
		{
			"__comment": "Voxels",
			"from": [ 10, 8.75, 7.5 ],
			"to": [ 10.5, 9, 8.25 ],
			"faces": {
				"down": { "uv": [ 6.25, 14.5, 6.5, 14.875 ], "texture": "#stones" },
				"up": { "uv": [ 2.875, 10.375, 3.125, 10 ], "texture": "#stones" },
				"north": { "uv": [ 6.5, 9, 6.25, 9.125 ], "texture": "#stones" },
				"east": { "uv": [ 9.25, 11, 8.875, 11.125 ], "texture": "#stones" }
			}
		},
		{
			"__comment": "Voxels",
			"from": [ 10.25, 7, 7.75 ],
			"to": [ 10.5, 7.25, 8.5 ],
			"faces": {
				"down": { "uv": [ 9, 8, 9.125, 8.375 ], "texture": "#stones" },
				"north": { "uv": [ 13.75, 13, 13.625, 13.125 ], "texture": "#stones" },
				"east": { "uv": [ 9.25, 10.75, 8.875, 10.875 ], "texture": "#stones" }
			}
		},
		{
			"__comment": "Voxels",
			"from": [ 10.25, 7.75, 7.25 ],
			"to": [ 11, 8.25, 8 ],
			"faces": {
				"down": { "uv": [ 5.875, 14.5, 6.25, 14.875 ], "texture": "#stones" },
				"north": { "uv": [ 6.5, 13, 6.125, 13.25 ], "texture": "#stones" },
				"south": { "uv": [ 6.125, 13.25, 6.5, 13.5 ], "texture": "#stones" },
				"east": { "uv": [ 9, 8.125, 8.625, 8.375 ], "texture": "#stones" }
			}
		},
		{
			"__comment": "Voxels",
			"from": [ 10.5, 7, 8 ],
			"to": [ 10.75, 7.25, 8.5 ],
			"faces": {
				"down": { "uv": [ 10.625, 11.125, 10.75, 11.375 ], "texture": "#stones" },
				"north": { "uv": [ 11.75, 13.125, 11.625, 13.25 ], "texture": "#stones" },
				"east": { "uv": [ 6.5, 8.25, 6.25, 8.375 ], "texture": "#stones" }
			}
		},
		{
			"__comment": "Voxels",
			"from": [ 10.5, 8.5, 7.5 ],
			"to": [ 11, 8.75, 7.75 ],
			"faces": {
				"up": { "uv": [ 9, 12.625, 9.25, 12.5 ], "texture": "#stones" },
				"north": { "uv": [ 9.25, 12.375, 9, 12.5 ], "texture": "#stones" },
				"east": { "uv": [ 12.875, 13.125, 12.75, 13.25 ], "texture": "#stones" }
			}
		},
		{
			"__comment": "Voxels",
			"from": [ 10.5, 8.75, 7.75 ],
			"to": [ 10.75, 9, 8.25 ],
			"faces": {
				"down": { "uv": [ 10.625, 10.625, 10.75, 10.875 ], "texture": "#stones" },
				"up": { "uv": [ 10.625, 10.625, 10.75, 10.375 ], "texture": "#stones" },
				"north": { "uv": [ 13.25, 13.125, 13.125, 13.25 ], "texture": "#stones" },
				"east": { "uv": [ 10.625, 10.75, 10.375, 10.875 ], "texture": "#stones" }
			}
		},
		{
			"__comment": "Voxels",
			"from": [ 10.75, 7, 8.25 ],
			"to": [ 11, 7.25, 8.5 ],
			"faces": {
				"down": { "uv": [ 13.625, 13.125, 13.75, 13.25 ], "texture": "#stones" },
				"north": { "uv": [ 14, 13.125, 13.875, 13.25 ], "texture": "#stones" },
				"south": { "uv": [ 14, 13.125, 14.125, 13.25 ], "texture": "#stones" },
				"east": { "uv": [ 14.375, 13.125, 14.25, 13.25 ], "texture": "#stones" }
			}
		},
		{
			"__comment": "Voxels",
			"from": [ 11, 7.25, 8 ],
			"to": [ 11.25, 7.75, 8.5 ],
			"faces": {
				"down": { "uv": [ 10.625, 10.125, 10.75, 10.375 ], "texture": "#stones" },
				"north": { "uv": [ 10.75, 9.625, 10.625, 9.875 ], "texture": "#stones" },
				"south": { "uv": [ 10.625, 9.375, 10.75, 9.625 ], "texture": "#stones" },
				"west": { "uv": [ 6.25, 13.5, 6.5, 13.75 ], "texture": "#stones" },
				"east": { "uv": [ 6.5, 8, 6.25, 8.25 ], "texture": "#stones" }
			}
		},
		{
			"__comment": "Voxels",
			"from": [ 11, 7.5, 7.75 ],
			"to": [ 11.25, 8.5, 8 ],
			"faces": {
				"down": { "uv": [ 15.125, 13.125, 15.25, 13.25 ], "texture": "#stones" },
				"up": { "uv": [ 15.25, 13.25, 15.375, 13.125 ], "texture": "#stones" },
				"north": { "uv": [ 10.125, 8, 10, 8.5 ], "texture": "#stones" },
				"south": { "uv": [ 10.125, 8, 10.25, 8.5 ], "texture": "#stones" },
				"west": { "uv": [ 10.25, 8, 10.375, 8.5 ], "texture": "#stones" },
				"east": { "uv": [ 10.5, 8, 10.375, 8.5 ], "texture": "#stones" }
			}
		},
		{
			"__comment": "Voxels",
			"from": [ 11, 7.75, 7.5 ],
			"to": [ 11.25, 8.5, 7.75 ],
			"faces": {
				"down": { "uv": [ 15.875, 13.125, 16, 13.25 ], "texture": "#stones" },
				"up": { "uv": [ 10.875, 13.125, 11, 13 ], "texture": "#stones" },
				"north": { "uv": [ 10.625, 8.125, 10.5, 8.5 ], "texture": "#stones" },
				"west": { "uv": [ 10.625, 12.5, 10.75, 12.875 ], "texture": "#stones" },
				"east": { "uv": [ 10.75, 12.125, 10.625, 12.5 ], "texture": "#stones" }
			}
		},
		{
			"__comment": "Voxels",
			"from": [ 11.25, 7.25, 8.25 ],
			"to": [ 11.5, 7.75, 8.5 ],
			"faces": {
				"down": { "uv": [ 11.5, 13, 11.625, 13.125 ], "texture": "#stones" },
				"north": { "uv": [ 10.75, 9.125, 10.625, 9.375 ], "texture": "#stones" },
				"south": { "uv": [ 10.625, 8.875, 10.75, 9.125 ], "texture": "#stones" },
				"east": { "uv": [ 10.75, 8.375, 10.625, 8.625 ], "texture": "#stones" }
			}
		},
		{
			"__comment": "Voxels",
			"from": [ 11.25, 7.5, 8 ],
			"to": [ 11.5, 7.75, 8.25 ],
			"faces": {
				"down": { "uv": [ 12.25, 13, 12.375, 13.125 ], "texture": "#stones" },
				"north": { "uv": [ 12.625, 13, 12.5, 13.125 ], "texture": "#stones" },
				"east": { "uv": [ 13, 13, 12.875, 13.125 ], "texture": "#stones" }
			}
		},
		{
			"__comment": "Voxels",
			"from": [ 11.25, 7.75, 7.75 ],
			"to": [ 11.5, 8.25, 8 ],
			"faces": {
				"down": { "uv": [ 13, 13, 13.125, 13.125 ], "texture": "#stones" },
				"up": { "uv": [ 13.125, 13.125, 13.25, 13 ], "texture": "#stones" },
				"north": { "uv": [ 10.75, 8.125, 10.625, 8.375 ], "texture": "#stones" },
				"south": { "uv": [ 10.75, 13, 10.875, 13.25 ], "texture": "#stones" },
				"east": { "uv": [ 3.125, 9.25, 3, 9.5 ], "texture": "#stones" }
			}
		}
	],
	"display": {
		"thirdperson_righthand": {
			"rotation":  [ 0, 91, 0 ]
		},
		"firstperson_righthand": {
			"rotation":  [ 0, 169, 0 ],
			"translation":  [ 0, 0.6956, 0 ]
		},
		"gui": {
			"rotation":  [ 39, -41, 0 ],
			"scale":  [ 2, 2, 2 ]
		},
		"ground": {
			"rotation":  [ -74, 66, 53 ]
		}
	}
}