{
	"__comment": "DDesigned by DevastMc",
	"gui_light": "front",
	"textures": {
		"metal_pickaxe": "blocks/metal_pickaxe"
	},
	"elements": [ 	 
		{
			"__comment": "Voxels",
			"from": [ 6.75, 10.75, 6.25 ],
			"to": [ 8.25, 12, 6.75 ],
			"faces": {
				"down": { "uv": [ 5.5, 11.5, 7, 12 ], "texture": "#metal_pickaxe" },
				"up": { "uv": [ 4, 12, 5.5, 11.5 ], "texture": "#metal_pickaxe" },
				"north": { "uv": [ 10, 14.75, 8.5, 16 ], "texture": "#metal_pickaxe" },
				"south": { "uv": [ 8.5, 13.5, 10, 14.75 ], "texture": "#metal_pickaxe" },
				"west": { "uv": [ 4, 2.25, 4.5, 3.5 ], "texture": "#metal_pickaxe" },
				"east": { "uv": [ 4.5, 3.5, 4, 4.75 ], "texture": "#metal_pickaxe" }
			}
		},
		{
			"__comment": "Voxels",
			"from": [ 6.75, 11, 6 ],
			"to": [ 8.25, 12, 6.25 ],
			"faces": {
				"down": { "uv": [ 7.5, 10.75, 9, 11 ], "texture": "#metal_pickaxe" },
				"up": { "uv": [ 7.5, 11.25, 9, 11 ], "texture": "#metal_pickaxe" },
				"north": { "uv": [ 13.5, 14, 12, 15 ], "texture": "#metal_pickaxe" },
				"west": { "uv": [ 5.25, 8.25, 5.5, 9.25 ], "texture": "#metal_pickaxe" },
				"east": { "uv": [ 5.5, 7.25, 5.25, 8.25 ], "texture": "#metal_pickaxe" }
			}
		},
		{
			"__comment": "Voxels",
			"from": [ 6.75, 11, 6.75 ],
			"to": [ 8.25, 12, 7 ],
			"faces": {
				"down": { "uv": [ 7.5, 11.25, 9, 11.5 ], "texture": "#metal_pickaxe" },
				"up": { "uv": [ 8.5, 13.5, 10, 13.25 ], "texture": "#metal_pickaxe" },
				"south": { "uv": [ 13.5, 14, 15, 15 ], "texture": "#metal_pickaxe" },
				"west": { "uv": [ 5.25, 6.25, 5.5, 7.25 ], "texture": "#metal_pickaxe" },
				"east": { "uv": [ 5.5, 5.25, 5.25, 6.25 ], "texture": "#metal_pickaxe" }
			}
		},
		{
			"__comment": "Voxels",
			"from": [ 6.75, 11.25, 11 ],
			"to": [ 8, 11.75, 11.75 ],
			"faces": {
				"down": { "uv": [ 13.5, 13.25, 14.75, 14 ], "texture": "#metal_pickaxe" },
				"up": { "uv": [ 14.75, 13.25, 16, 12.5 ], "texture": "#metal_pickaxe" },
				"north": { "uv": [ 14.75, 12, 13.5, 12.5 ], "texture": "#metal_pickaxe" },
				"south": { "uv": [ 14.75, 12, 16, 12.5 ], "texture": "#metal_pickaxe" },
				"west": { "uv": [ 6.75, 11, 7.5, 11.5 ], "texture": "#metal_pickaxe" },
				"east": { "uv": [ 4.75, 0.25, 4, 0.75 ], "texture": "#metal_pickaxe" }
			}
		},
		{
			"__comment": "Voxels",
			"from": [ 6.75, 11.5, 10.25 ],
			"to": [ 8, 11.75, 11 ],
			"faces": {
				"down": { "uv": [ 13.5, 12.5, 14.75, 13.25 ], "texture": "#metal_pickaxe" },
				"up": { "uv": [ 12, 14, 13.25, 13.25 ], "texture": "#metal_pickaxe" },
				"north": { "uv": [ 14.25, 10.75, 13, 11 ], "texture": "#metal_pickaxe" },
				"west": { "uv": [ 4, 0, 4.75, 0.25 ], "texture": "#metal_pickaxe" },
				"east": { "uv": [ 7.5, 10.75, 6.75, 11 ], "texture": "#metal_pickaxe" }
			}
		},
		{
			"__comment": "Voxels",
			"from": [ 7, 1.25, 6.25 ],
			"to": [ 8, 10.75, 7 ],
			"faces": {
				"down": { "uv": [ 6.5, 13.25, 7.5, 14 ], "texture": "#metal_pickaxe" },
				"up": { "uv": [ 7.5, 14, 8.5, 13.25 ], "texture": "#metal_pickaxe" },
				"north": { "uv": [ 2, 6.5, 1, 16 ], "texture": "#metal_pickaxe" },
				"south": { "uv": [ 0, 6.5, 1, 16 ], "texture": "#metal_pickaxe" },
				"west": { "uv": [ 2, 6.5, 2.75, 16 ], "texture": "#metal_pickaxe" },
				"east": { "uv": [ 3.5, 6.5, 2.75, 16 ], "texture": "#metal_pickaxe" }
			}
		},
		{
			"__comment": "Voxels",
			"from": [ 7, 1.5, 6 ],
			"to": [ 8, 2.5, 6.25 ],
			"faces": {
				"down": { "uv": [ 4.5, 12, 5.5, 12.25 ], "texture": "#metal_pickaxe" },
				"up": { "uv": [ 5.5, 12.25, 6.5, 12 ], "texture": "#metal_pickaxe" },
				"north": { "uv": [ 6.5, 12.25, 5.5, 13.25 ], "texture": "#metal_pickaxe" },
				"west": { "uv": [ 5.25, 2.25, 5.5, 3.25 ], "texture": "#metal_pickaxe" },
				"east": { "uv": [ 5.5, 1.25, 5.25, 2.25 ], "texture": "#metal_pickaxe" }
			}
		},
		{
			"__comment": "Voxels",
			"from": [ 7, 1.5, 7 ],
			"to": [ 8, 2.25, 7.25 ],
			"faces": {
				"down": { "uv": [ 6.5, 12, 7.5, 12.25 ], "texture": "#metal_pickaxe" },
				"up": { "uv": [ 7.5, 12.25, 8.5, 12 ], "texture": "#metal_pickaxe" },
				"south": { "uv": [ 5.75, 10.75, 6.75, 11.5 ], "texture": "#metal_pickaxe" },
				"west": { "uv": [ 13.25, 13.25, 13.5, 14 ], "texture": "#metal_pickaxe" },
				"east": { "uv": [ 15, 13.25, 14.75, 14 ], "texture": "#metal_pickaxe" }
			}
		},
		{
			"__comment": "Voxels",
			"from": [ 7, 5.25, 6 ],
			"to": [ 8, 6.5, 6.25 ],
			"faces": {
				"down": { "uv": [ 9.5, 12, 10.5, 12.25 ], "texture": "#metal_pickaxe" },
				"up": { "uv": [ 10.5, 12.25, 11.5, 12 ], "texture": "#metal_pickaxe" },
				"north": { "uv": [ 16, 13.75, 15, 15 ], "texture": "#metal_pickaxe" },
				"west": { "uv": [ 4.5, 3.5, 4.75, 4.75 ], "texture": "#metal_pickaxe" },
				"east": { "uv": [ 4.75, 2.25, 4.5, 3.5 ], "texture": "#metal_pickaxe" }
			}
		},
		{
			"__comment": "Voxels",
			"from": [ 7, 7, 6 ],
			"to": [ 8, 11, 6.25 ],
			"faces": {
				"down": { "uv": [ 11.5, 12, 12.5, 12.25 ], "texture": "#metal_pickaxe" },
				"north": { "uv": [ 1, 2.5, 0, 6.5 ], "texture": "#metal_pickaxe" },
				"south": { "uv": [ 1, 2.5, 2, 6.5 ], "texture": "#metal_pickaxe" },
				"west": { "uv": [ 3.5, 3.5, 3.75, 7.5 ], "texture": "#metal_pickaxe" },
				"east": { "uv": [ 4, 3.5, 3.75, 7.5 ], "texture": "#metal_pickaxe" }
			}
		},
		{
			"__comment": "Voxels",
			"from": [ 7, 10.25, 5.75 ],
			"to": [ 8, 12.25, 6 ],
			"faces": {
				"down": { "uv": [ 14.25, 10.75, 15.25, 11 ], "texture": "#metal_pickaxe" },
				"up": { "uv": [ 5.5, 10.75, 6.5, 10.5 ], "texture": "#metal_pickaxe" },
				"north": { "uv": [ 7.5, 14, 6.5, 16 ], "texture": "#metal_pickaxe" },
				"south": { "uv": [ 1, 0.5, 2, 2.5 ], "texture": "#metal_pickaxe" },
				"west": { "uv": [ 4.75, 6.5, 5, 8.5 ], "texture": "#metal_pickaxe" },
				"east": { "uv": [ 5, 4.5, 4.75, 6.5 ], "texture": "#metal_pickaxe" }
			}
		},
		{
			"__comment": "Voxels",
			"from": [ 7, 10.25, 7 ],
			"to": [ 8, 12.25, 7.25 ],
			"faces": {
				"down": { "uv": [ 6.5, 10.5, 7.5, 10.75 ], "texture": "#metal_pickaxe" },
				"up": { "uv": [ 7.5, 10.75, 8.5, 10.5 ], "texture": "#metal_pickaxe" },
				"north": { "uv": [ 1, 0.5, 0, 2.5 ], "texture": "#metal_pickaxe" },
				"south": { "uv": [ 7.5, 14, 8.5, 16 ], "texture": "#metal_pickaxe" },
				"west": { "uv": [ 4.75, 2.5, 5, 4.5 ], "texture": "#metal_pickaxe" },
				"east": { "uv": [ 5, 0.5, 4.75, 2.5 ], "texture": "#metal_pickaxe" }
			}
		},
		{
			"__comment": "Voxels",
			"from": [ 7, 10.75, 6.75 ],
			"to": [ 8.25, 11, 7 ],
			"faces": {
				"down": { "uv": [ 11.75, 11.25, 13, 11.5 ], "texture": "#metal_pickaxe" },
				"south": { "uv": [ 11.75, 10.75, 13, 11 ], "texture": "#metal_pickaxe" },
				"west": { "uv": [ 15.25, 10.75, 15.5, 11 ], "texture": "#metal_pickaxe" },
				"east": { "uv": [ 5.25, 0, 5, 0.25 ], "texture": "#metal_pickaxe" }
			}
		},
		{
			"__comment": "Voxels",
			"from": [ 7, 11, 5.5 ],
			"to": [ 8, 12, 5.75 ],
			"faces": {
				"down": { "uv": [ 9.5, 10.5, 10.5, 10.75 ], "texture": "#metal_pickaxe" },
				"up": { "uv": [ 10.5, 10.75, 11.5, 10.5 ], "texture": "#metal_pickaxe" },
				"north": { "uv": [ 12.5, 12.25, 11.5, 13.25 ], "texture": "#metal_pickaxe" },
				"west": { "uv": [ 5.5, 8.5, 5.75, 9.5 ], "texture": "#metal_pickaxe" },
				"east": { "uv": [ 5.75, 7.5, 5.5, 8.5 ], "texture": "#metal_pickaxe" }
			}
		},
		{
			"__comment": "Voxels",
			"from": [ 7, 11, 7.25 ],
			"to": [ 8, 12, 7.5 ],
			"faces": {
				"down": { "uv": [ 11.5, 10.5, 12.5, 10.75 ], "texture": "#metal_pickaxe" },
				"up": { "uv": [ 12.5, 10.75, 13.5, 10.5 ], "texture": "#metal_pickaxe" },
				"south": { "uv": [ 9.5, 12.25, 10.5, 13.25 ], "texture": "#metal_pickaxe" },
				"west": { "uv": [ 5.5, 6.5, 5.75, 7.5 ], "texture": "#metal_pickaxe" },
				"east": { "uv": [ 5.75, 5.5, 5.5, 6.5 ], "texture": "#metal_pickaxe" }
			}
		},
		{
			"__comment": "Voxels",
			"from": [ 7, 11.25, 10.75 ],
			"to": [ 7.75, 11.5, 11 ],
			"faces": {
				"down": { "uv": [ 11, 10.75, 11.75, 11 ], "texture": "#metal_pickaxe" },
				"north": { "uv": [ 13, 10, 12.25, 10.25 ], "texture": "#metal_pickaxe" },
				"west": { "uv": [ 5.25, 0, 5.5, 0.25 ], "texture": "#metal_pickaxe" },
				"east": { "uv": [ 16, 9.75, 15.75, 10 ], "texture": "#metal_pickaxe" }
			}
		},
		{
			"__comment": "Voxels",
			"from": [ 7, 11.5, 4.5 ],
			"to": [ 8, 11.75, 5.5 ],
			"faces": {
				"down": { "uv": [ 10, 13.25, 11, 14.25 ], "texture": "#metal_pickaxe" },
				"up": { "uv": [ 11, 14.25, 12, 13.25 ], "texture": "#metal_pickaxe" },
				"north": { "uv": [ 14.5, 10.5, 13.5, 10.75 ], "texture": "#metal_pickaxe" },
				"west": { "uv": [ 6.25, 10.25, 7.25, 10.5 ], "texture": "#metal_pickaxe" },
				"east": { "uv": [ 7.25, 10, 6.25, 10.25 ], "texture": "#metal_pickaxe" }
			}
		},
		{
			"__comment": "Voxels",
			"from": [ 7, 11.5, 7.5 ],
			"to": [ 8, 12, 8.5 ],
			"faces": {
				"down": { "uv": [ 15, 15, 16, 16 ], "texture": "#metal_pickaxe" },
				"up": { "uv": [ 4.5, 13.25, 5.5, 12.25 ], "texture": "#metal_pickaxe" },
				"south": { "uv": [ 7, 11.5, 8, 12 ], "texture": "#metal_pickaxe" },
				"west": { "uv": [ 8, 11.5, 9, 12 ], "texture": "#metal_pickaxe" },
				"east": { "uv": [ 10, 11.5, 9, 12 ], "texture": "#metal_pickaxe" }
			}
		},
		{
			"__comment": "Voxels",
			"from": [ 7, 11.5, 8.5 ],
			"to": [ 8, 11.75, 10.25 ],
			"faces": {
				"down": { "uv": [ 11, 14.25, 12, 16 ], "texture": "#metal_pickaxe" },
				"up": { "uv": [ 10, 16, 11, 14.25 ], "texture": "#metal_pickaxe" },
				"west": { "uv": [ 12, 11.75, 13.75, 12 ], "texture": "#metal_pickaxe" },
				"east": { "uv": [ 13.75, 11.5, 12, 11.75 ], "texture": "#metal_pickaxe" }
			}
		},
		{
			"__comment": "Voxels",
			"from": [ 7, 11.75, 5 ],
			"to": [ 8, 12, 5.5 ],
			"faces": {
				"up": { "uv": [ 11, 12, 12, 11.5 ], "texture": "#metal_pickaxe" },
				"north": { "uv": [ 9.25, 10.25, 8.25, 10.5 ], "texture": "#metal_pickaxe" },
				"west": { "uv": [ 7.75, 9.25, 8.25, 9.5 ], "texture": "#metal_pickaxe" },
				"east": { "uv": [ 8.75, 9.25, 8.25, 9.5 ], "texture": "#metal_pickaxe" }
			}
		},
		{
			"__comment": "Voxels",
			"from": [ 7, 11.75, 9.25 ],
			"to": [ 7.75, 12, 10.25 ],
			"faces": {
				"up": { "uv": [ 4, 10.5, 4.75, 9.5 ], "texture": "#metal_pickaxe" },
				"north": { "uv": [ 15.25, 10, 14.5, 10.25 ], "texture": "#metal_pickaxe" },
				"south": { "uv": [ 15.25, 10.25, 16, 10.5 ], "texture": "#metal_pickaxe" },
				"west": { "uv": [ 9.25, 10.25, 10.25, 10.5 ], "texture": "#metal_pickaxe" },
				"east": { "uv": [ 10.25, 10, 9.25, 10.25 ], "texture": "#metal_pickaxe" }
			}
		},
		{
			"__comment": "Voxels",
			"from": [ 7, 12, 6 ],
			"to": [ 8, 12.25, 7 ],
			"faces": {
				"down": { "uv": [ 7.5, 12.25, 8.5, 13.25 ], "texture": "#metal_pickaxe" },
				"up": { "uv": [ 8.5, 13.25, 9.5, 12.25 ], "texture": "#metal_pickaxe" },
				"west": { "uv": [ 11.25, 10.25, 12.25, 10.5 ], "texture": "#metal_pickaxe" },
				"east": { "uv": [ 12.25, 10, 11.25, 10.25 ], "texture": "#metal_pickaxe" }
			}
		},
		{
			"__comment": "Voxels",
			"from": [ 7.25, 1.25, 6 ],
			"to": [ 8, 1.5, 6.25 ],
			"faces": {
				"down": { "uv": [ 15.25, 10, 16, 10.25 ], "texture": "#metal_pickaxe" },
				"north": { "uv": [ 6.75, 9.75, 6, 10 ], "texture": "#metal_pickaxe" },
				"west": { "uv": [ 6.5, 7.75, 6.75, 8 ], "texture": "#metal_pickaxe" },
				"east": { "uv": [ 6.75, 8, 6.5, 8.25 ], "texture": "#metal_pickaxe" }
			}
		},
		{
			"__comment": "Voxels",
			"from": [ 7.25, 1.25, 7 ],
			"to": [ 8, 1.5, 7.25 ],
			"faces": {
				"down": { "uv": [ 7.5, 9.5, 8.25, 9.75 ], "texture": "#metal_pickaxe" },
				"south": { "uv": [ 6, 9.25, 6.75, 9.5 ], "texture": "#metal_pickaxe" },
				"west": { "uv": [ 6, 0.25, 6.25, 0.5 ], "texture": "#metal_pickaxe" },
				"east": { "uv": [ 6.75, 2.75, 6.5, 3 ], "texture": "#metal_pickaxe" }
			}
		},
		{
			"__comment": "Voxels",
			"from": [ 7.25, 1.5, 5.75 ],
			"to": [ 8, 2, 6 ],
			"faces": {
				"down": { "uv": [ 12, 9.75, 12.75, 10 ], "texture": "#metal_pickaxe" },
				"up": { "uv": [ 11.25, 10, 12, 9.75 ], "texture": "#metal_pickaxe" },
				"north": { "uv": [ 11, 11, 10.25, 11.5 ], "texture": "#metal_pickaxe" },
				"west": { "uv": [ 5.75, 2, 6, 2.5 ], "texture": "#metal_pickaxe" },
				"east": { "uv": [ 6, 2.5, 5.75, 3 ], "texture": "#metal_pickaxe" }
			}
		},
		{
			"__comment": "Voxels",
			"from": [ 7.25, 2.25, 7 ],
			"to": [ 8, 5, 7.25 ],
			"faces": {
				"up": { "uv": [ 9, 11, 9.75, 10.75 ], "texture": "#metal_pickaxe" },
				"south": { "uv": [ 5, 13.25, 5.75, 16 ], "texture": "#metal_pickaxe" },
				"west": { "uv": [ 4, 4.75, 4.25, 7.5 ], "texture": "#metal_pickaxe" },
				"east": { "uv": [ 4, 0.75, 3.75, 3.5 ], "texture": "#metal_pickaxe" }
			}
		},
		{
			"__comment": "Voxels",
			"from": [ 7.25, 2.5, 6 ],
			"to": [ 8, 5.25, 6.25 ],
			"faces": {
				"north": { "uv": [ 4.25, 13.25, 3.5, 16 ], "texture": "#metal_pickaxe" },
				"west": { "uv": [ 3.5, 0.75, 3.75, 3.5 ], "texture": "#metal_pickaxe" },
				"east": { "uv": [ 4.5, 4.75, 4.25, 7.5 ], "texture": "#metal_pickaxe" }
			}
		},
		{
			"__comment": "Voxels",
			"from": [ 7.25, 5, 7 ],
			"to": [ 7.75, 10.25, 7.25 ],
			"faces": {
				"south": { "uv": [ 2.75, 1.25, 3.25, 6.5 ], "texture": "#metal_pickaxe" },
				"west": { "uv": [ 2.5, 1.25, 2.75, 6.5 ], "texture": "#metal_pickaxe" },
				"east": { "uv": [ 3.5, 1.25, 3.25, 6.5 ], "texture": "#metal_pickaxe" }
			}
		},
		{
			"__comment": "Voxels",
			"from": [ 7.25, 6.5, 6 ],
			"to": [ 8, 7, 6.25 ],
			"faces": {
				"north": { "uv": [ 16, 11.5, 15.25, 12 ], "texture": "#metal_pickaxe" },
				"west": { "uv": [ 5.75, 1, 6, 1.5 ], "texture": "#metal_pickaxe" },
				"east": { "uv": [ 6, 1.5, 5.75, 2 ], "texture": "#metal_pickaxe" }
			}
		},
		{
			"__comment": "Voxels",
			"from": [ 7.25, 8, 5.75 ],
			"to": [ 7.75, 10.25, 6 ],
			"faces": {
				"down": { "uv": [ 6, 5.5, 6.5, 5.75 ], "texture": "#metal_pickaxe" },
				"north": { "uv": [ 4, 9.75, 3.5, 12 ], "texture": "#metal_pickaxe" },
				"west": { "uv": [ 4.5, 5.25, 4.75, 7.5 ], "texture": "#metal_pickaxe" },
				"east": { "uv": [ 5, 8.5, 4.75, 10.75 ], "texture": "#metal_pickaxe" }
			}
		},
		{
			"__comment": "Voxels",
			"from": [ 7.25, 10.75, 5.5 ],
			"to": [ 7.75, 11, 5.75 ],
			"faces": {
				"down": { "uv": [ 6, 5.25, 6.5, 5.5 ], "texture": "#metal_pickaxe" },
				"north": { "uv": [ 7.75, 9.25, 7.25, 9.5 ], "texture": "#metal_pickaxe" },
				"west": { "uv": [ 6.25, 0.75, 6.5, 1 ], "texture": "#metal_pickaxe" },
				"east": { "uv": [ 6.75, 3.5, 6.5, 3.75 ], "texture": "#metal_pickaxe" }
			}
		},
		{
			"__comment": "Voxels",
			"from": [ 7.25, 10.75, 7.25 ],
			"to": [ 7.75, 11, 7.5 ],
			"faces": {
				"down": { "uv": [ 12.25, 9.25, 12.75, 9.5 ], "texture": "#metal_pickaxe" },
				"south": { "uv": [ 6, 7.5, 6.5, 7.75 ], "texture": "#metal_pickaxe" },
				"west": { "uv": [ 6.5, 0.25, 6.75, 0.5 ], "texture": "#metal_pickaxe" },
				"east": { "uv": [ 7.25, 9, 7, 9.25 ], "texture": "#metal_pickaxe" }
			}
		},
		{
			"__comment": "Voxels",
			"from": [ 7.25, 11.25, 2.25 ],
			"to": [ 8, 11.5, 3 ],
			"faces": {
				"down": { "uv": [ 4, 1.5, 4.75, 2.25 ], "texture": "#metal_pickaxe" },
				"up": { "uv": [ 4, 1.5, 4.75, 0.75 ], "texture": "#metal_pickaxe" },
				"north": { "uv": [ 14.5, 10, 13.75, 10.25 ], "texture": "#metal_pickaxe" },
				"south": { "uv": [ 7.5, 9.75, 8.25, 10 ], "texture": "#metal_pickaxe" },
				"west": { "uv": [ 8.25, 9.75, 9, 10 ], "texture": "#metal_pickaxe" },
				"east": { "uv": [ 9.75, 9.75, 9, 10 ], "texture": "#metal_pickaxe" }
			}
		},
		{
			"__comment": "Voxels",
			"from": [ 7.25, 11.25, 3.5 ],
			"to": [ 8, 11.75, 4.5 ],
			"faces": {
				"down": { "uv": [ 4, 7.5, 4.75, 8.5 ], "texture": "#metal_pickaxe" },
				"up": { "uv": [ 4, 9.5, 4.75, 8.5 ], "texture": "#metal_pickaxe" },
				"north": { "uv": [ 9.75, 11, 9, 11.5 ], "texture": "#metal_pickaxe" },
				"south": { "uv": [ 11, 11, 11.75, 11.5 ], "texture": "#metal_pickaxe" },
				"west": { "uv": [ 1, 0, 2, 0.5 ], "texture": "#metal_pickaxe" },
				"east": { "uv": [ 16, 13.25, 15, 13.75 ], "texture": "#metal_pickaxe" }
			}
		},
		{
			"__comment": "Voxels",
			"from": [ 7.25, 11.25, 4.5 ],
			"to": [ 8, 11.5, 4.75 ],
			"faces": {
				"down": { "uv": [ 14.25, 9.75, 15, 10 ], "texture": "#metal_pickaxe" },
				"south": { "uv": [ 6.75, 9.5, 7.5, 9.75 ], "texture": "#metal_pickaxe" },
				"west": { "uv": [ 15.75, 9.5, 16, 9.75 ], "texture": "#metal_pickaxe" },
				"east": { "uv": [ 16, 9.25, 15.75, 9.5 ], "texture": "#metal_pickaxe" }
			}
		},
		{
			"__comment": "Voxels",
			"from": [ 7.25, 11.25, 5.25 ],
			"to": [ 7.75, 11.5, 5.5 ],
			"faces": {
				"down": { "uv": [ 10.25, 9.25, 10.75, 9.5 ], "texture": "#metal_pickaxe" },
				"north": { "uv": [ 11.75, 9.25, 11.25, 9.5 ], "texture": "#metal_pickaxe" },
				"west": { "uv": [ 6, 2.5, 6.25, 2.75 ], "texture": "#metal_pickaxe" },
				"east": { "uv": [ 6.5, 2.5, 6.25, 2.75 ], "texture": "#metal_pickaxe" }
			}
		},
		{
			"__comment": "Voxels",
			"from": [ 7.25, 11.5, 3.25 ],
			"to": [ 8, 11.75, 3.5 ],
			"faces": {
				"down": { "uv": [ 12, 9.5, 12.75, 9.75 ], "texture": "#metal_pickaxe" },
				"up": { "uv": [ 12.75, 9.75, 13.5, 9.5 ], "texture": "#metal_pickaxe" },
				"north": { "uv": [ 14.25, 9.5, 13.5, 9.75 ], "texture": "#metal_pickaxe" },
				"west": { "uv": [ 6, 2.25, 6.25, 2.5 ], "texture": "#metal_pickaxe" },
				"east": { "uv": [ 6.5, 2.25, 6.25, 2.5 ], "texture": "#metal_pickaxe" }
			}
		},
		{
			"__comment": "Voxels",
			"from": [ 7.25, 11.75, 3.75 ],
			"to": [ 8, 12, 5 ],
			"faces": {
				"down": { "uv": [ 2.75, 0, 3.5, 1.25 ], "texture": "#metal_pickaxe" },
				"up": { "uv": [ 2, 1.25, 2.75, 0 ], "texture": "#metal_pickaxe" },
				"north": { "uv": [ 13.75, 10, 13, 10.25 ], "texture": "#metal_pickaxe" },
				"west": { "uv": [ 14.25, 11, 15.5, 11.25 ], "texture": "#metal_pickaxe" },
				"east": { "uv": [ 13, 11, 11.75, 11.25 ], "texture": "#metal_pickaxe" }
			}
		},
		{
			"__comment": "Voxels",
			"from": [ 7.25, 11.75, 8.5 ],
			"to": [ 7.75, 12, 9.25 ],
			"faces": {
				"up": { "uv": [ 3.5, 0.75, 4, 0 ], "texture": "#metal_pickaxe" },
				"west": { "uv": [ 9, 9.5, 9.75, 9.75 ], "texture": "#metal_pickaxe" },
				"east": { "uv": [ 10.5, 9.5, 9.75, 9.75 ], "texture": "#metal_pickaxe" }
			}
		},
		{
			"__comment": "Voxels",
			"from": [ 7.25, 12, 5.5 ],
			"to": [ 7.75, 12.25, 5.75 ],
			"faces": {
				"up": { "uv": [ 14.25, 9.5, 14.75, 9.25 ], "texture": "#metal_pickaxe" },
				"north": { "uv": [ 15.25, 9.25, 14.75, 9.5 ], "texture": "#metal_pickaxe" },
				"west": { "uv": [ 6, 2, 6.25, 2.25 ], "texture": "#metal_pickaxe" },
				"east": { "uv": [ 6.5, 2, 6.25, 2.25 ], "texture": "#metal_pickaxe" }
			}
		},
		{
			"__comment": "Voxels",
			"from": [ 7.25, 12, 7.25 ],
			"to": [ 7.75, 12.25, 7.5 ],
			"faces": {
				"up": { "uv": [ 6, 8.5, 6.5, 8.25 ], "texture": "#metal_pickaxe" },
				"south": { "uv": [ 6, 7.75, 6.5, 8 ], "texture": "#metal_pickaxe" },
				"west": { "uv": [ 6, 1.75, 6.25, 2 ], "texture": "#metal_pickaxe" },
				"east": { "uv": [ 6.5, 1.75, 6.25, 2 ], "texture": "#metal_pickaxe" }
			}
		},
		{
			"__comment": "Voxels",
			"from": [ 7.5, 1.25, 5.75 ],
			"to": [ 7.75, 1.5, 6 ],
			"faces": {
				"down": { "uv": [ 6, 1.5, 6.25, 1.75 ], "texture": "#metal_pickaxe" },
				"north": { "uv": [ 6.25, 1.25, 6, 1.5 ], "texture": "#metal_pickaxe" },
				"west": { "uv": [ 7.75, 9, 8, 9.25 ], "texture": "#metal_pickaxe" },
				"east": { "uv": [ 6.75, 8.25, 6.5, 8.5 ], "texture": "#metal_pickaxe" }
			}
		},
		{
			"__comment": "Voxels",
			"from": [ 7.5, 2, 5.75 ],
			"to": [ 7.75, 2.5, 6 ],
			"faces": {
				"up": { "uv": [ 6.25, 0.25, 6.5, 0 ], "texture": "#metal_pickaxe" },
				"north": { "uv": [ 6.25, 6.75, 6, 7.25 ], "texture": "#metal_pickaxe" },
				"west": { "uv": [ 6, 6.25, 6.25, 6.75 ], "texture": "#metal_pickaxe" },
				"east": { "uv": [ 6.5, 6.25, 6.25, 6.75 ], "texture": "#metal_pickaxe" }
			}
		},
		{
			"__comment": "Voxels",
			"from": [ 7.5, 7.75, 5.75 ],
			"to": [ 7.75, 8, 6 ],
			"faces": {
				"down": { "uv": [ 6, 0, 6.25, 0.25 ], "texture": "#metal_pickaxe" },
				"north": { "uv": [ 6.75, 4, 6.5, 4.25 ], "texture": "#metal_pickaxe" },
				"west": { "uv": [ 6.25, 1, 6.5, 1.25 ], "texture": "#metal_pickaxe" },
				"east": { "uv": [ 6.25, 1, 6, 1.25 ], "texture": "#metal_pickaxe" }
			}
		},
		{
			"__comment": "Voxels",
			"from": [ 7.5, 11, 1.25 ],
			"to": [ 7.75, 11.25, 2.25 ],
			"faces": {
				"down": { "uv": [ 5.25, 0.25, 5.5, 1.25 ], "texture": "#metal_pickaxe" },
				"up": { "uv": [ 5.25, 4.25, 5.5, 3.25 ], "texture": "#metal_pickaxe" },
				"north": { "uv": [ 7.75, 9, 7.5, 9.25 ], "texture": "#metal_pickaxe" },
				"south": { "uv": [ 8, 9, 8.25, 9.25 ], "texture": "#metal_pickaxe" },
				"west": { "uv": [ 8.5, 12, 9.5, 12.25 ], "texture": "#metal_pickaxe" },
				"east": { "uv": [ 9.5, 10.5, 8.5, 10.75 ], "texture": "#metal_pickaxe" }
			}
		},
		{
			"__comment": "Voxels",
			"from": [ 7.5, 11.25, 1.5 ],
			"to": [ 7.75, 11.5, 2.25 ],
			"faces": {
				"up": { "uv": [ 5.75, 5, 6, 4.25 ], "texture": "#metal_pickaxe" },
				"north": { "uv": [ 6.25, 0.75, 6, 1 ], "texture": "#metal_pickaxe" },
				"west": { "uv": [ 11.25, 9.5, 12, 9.75 ], "texture": "#metal_pickaxe" },
				"east": { "uv": [ 11.25, 9.5, 10.5, 9.75 ], "texture": "#metal_pickaxe" }
			}
		},
		{
			"__comment": "Voxels",
			"from": [ 7.5, 11.25, 3 ],
			"to": [ 7.75, 11.75, 3.25 ],
			"faces": {
				"down": { "uv": [ 6.5, 1, 6.75, 1.25 ], "texture": "#metal_pickaxe" },
				"up": { "uv": [ 6.5, 1, 6.75, 0.75 ], "texture": "#metal_pickaxe" },
				"north": { "uv": [ 6.25, 4.75, 6, 5.25 ], "texture": "#metal_pickaxe" },
				"south": { "uv": [ 6.25, 4.75, 6.5, 5.25 ], "texture": "#metal_pickaxe" },
				"west": { "uv": [ 6, 4.25, 6.25, 4.75 ], "texture": "#metal_pickaxe" },
				"east": { "uv": [ 6.5, 4.25, 6.25, 4.75 ], "texture": "#metal_pickaxe" }
			}
		},
		{
			"__comment": "Voxels",
			"from": [ 7.5, 11.25, 3.25 ],
			"to": [ 8, 11.5, 3.5 ],
			"faces": {
				"down": { "uv": [ 6, 4, 6.5, 4.25 ], "texture": "#metal_pickaxe" },
				"north": { "uv": [ 6.5, 3.5, 6, 3.75 ], "texture": "#metal_pickaxe" },
				"west": { "uv": [ 6.5, 3.75, 6.75, 4 ], "texture": "#metal_pickaxe" },
				"east": { "uv": [ 6.75, 3.25, 6.5, 3.5 ], "texture": "#metal_pickaxe" }
			}
		},
		{
			"__comment": "Voxels",
			"from": [ 7.5, 11.5, 2.5 ],
			"to": [ 7.75, 11.75, 3 ],
			"faces": {
				"up": { "uv": [ 6.25, 3.25, 6.5, 2.75 ], "texture": "#metal_pickaxe" },
				"north": { "uv": [ 6.75, 0.5, 6.5, 0.75 ], "texture": "#metal_pickaxe" },
				"west": { "uv": [ 15.5, 11.25, 16, 11.5 ], "texture": "#metal_pickaxe" },
				"east": { "uv": [ 16, 10.5, 15.5, 10.75 ], "texture": "#metal_pickaxe" }
			}
		},
		{
			"__comment": "Voxels",
			"from": [ 7.75, 5.25, 7 ],
			"to": [ 8, 6.25, 7.25 ],
			"faces": {
				"down": { "uv": [ 8.25, 9, 8.5, 9.25 ], "texture": "#metal_pickaxe" },
				"up": { "uv": [ 9, 9.25, 9.25, 9 ], "texture": "#metal_pickaxe" },
				"south": { "uv": [ 5.5, 4.5, 5.75, 5.5 ], "texture": "#metal_pickaxe" },
				"east": { "uv": [ 5.75, 2.5, 5.5, 3.5 ], "texture": "#metal_pickaxe" }
			}
		},
		{
			"__comment": "Voxels",
			"from": [ 7.75, 8.75, 5.75 ],
			"to": [ 8, 10.25, 6 ],
			"faces": {
				"down": { "uv": [ 6, 0.5, 6.25, 0.75 ], "texture": "#metal_pickaxe" },
				"north": { "uv": [ 5.25, 0.25, 5, 1.75 ], "texture": "#metal_pickaxe" },
				"east": { "uv": [ 5.25, 4.75, 5, 6.25 ], "texture": "#metal_pickaxe" }
			}
		},
		{
			"__comment": "Voxels",
			"from": [ 7.75, 8.75, 7 ],
			"to": [ 8, 10.25, 7.25 ],
			"faces": {
				"down": { "uv": [ 6.5, 9, 6.75, 9.25 ], "texture": "#metal_pickaxe" },
				"south": { "uv": [ 5.25, 9.25, 5.5, 10.75 ], "texture": "#metal_pickaxe" },
				"east": { "uv": [ 5.25, 9.25, 5, 10.75 ], "texture": "#metal_pickaxe" }
			}
		},
		{
			"__comment": "Voxels",
			"from": [ 7.75, 11.25, 2 ],
			"to": [ 8, 11.5, 2.25 ],
			"faces": {
				"down": { "uv": [ 6.5, 7.5, 6.75, 7.75 ], "texture": "#metal_pickaxe" },
				"up": { "uv": [ 6.5, 7.5, 6.75, 7.25 ], "texture": "#metal_pickaxe" },
				"north": { "uv": [ 6.75, 7, 6.5, 7.25 ], "texture": "#metal_pickaxe" },
				"east": { "uv": [ 6.75, 6.25, 6.5, 6.5 ], "texture": "#metal_pickaxe" }
			}
		},
		{
			"__comment": "Voxels",
			"from": [ 7.75, 11.5, 3 ],
			"to": [ 8, 11.75, 3.25 ],
			"faces": {
				"down": { "uv": [ 6.5, 6, 6.75, 6.25 ], "texture": "#metal_pickaxe" },
				"up": { "uv": [ 6.5, 6, 6.75, 5.75 ], "texture": "#metal_pickaxe" },
				"north": { "uv": [ 6.75, 5.5, 6.5, 5.75 ], "texture": "#metal_pickaxe" },
				"east": { "uv": [ 6.75, 4.75, 6.5, 5 ], "texture": "#metal_pickaxe" }
			}
		},
		{
			"__comment": "Voxels",
			"from": [ 8, 1.5, 6.25 ],
			"to": [ 8.25, 2, 6.75 ],
			"faces": {
				"down": { "uv": [ 4.5, 4.75, 4.75, 5.25 ], "texture": "#metal_pickaxe" },
				"up": { "uv": [ 4.75, 0.5, 5, 0 ], "texture": "#metal_pickaxe" },
				"north": { "uv": [ 5.75, 0, 5.5, 0.5 ], "texture": "#metal_pickaxe" },
				"south": { "uv": [ 5.75, 3, 6, 3.5 ], "texture": "#metal_pickaxe" },
				"east": { "uv": [ 6.25, 10, 5.75, 10.5 ], "texture": "#metal_pickaxe" }
			}
		},
		{
			"__comment": "Voxels",
			"from": [ 8, 10.75, 6 ],
			"to": [ 8.25, 11, 6.25 ],
			"faces": {
				"down": { "uv": [ 6.5, 3, 6.75, 3.25 ], "texture": "#metal_pickaxe" },
				"north": { "uv": [ 6.75, 2.5, 6.5, 2.75 ], "texture": "#metal_pickaxe" },
				"east": { "uv": [ 6.75, 1.75, 6.5, 2 ], "texture": "#metal_pickaxe" }
			}
		},
		{
			"__comment": "Voxels",
			"from": [ 8, 11, 5.75 ],
			"to": [ 8.25, 12, 6 ],
			"faces": {
				"down": { "uv": [ 6.5, 1.5, 6.75, 1.75 ], "texture": "#metal_pickaxe" },
				"up": { "uv": [ 6.5, 1.5, 6.75, 1.25 ], "texture": "#metal_pickaxe" },
				"north": { "uv": [ 5.75, 1.5, 5.5, 2.5 ], "texture": "#metal_pickaxe" },
				"east": { "uv": [ 6, 8, 5.75, 9 ], "texture": "#metal_pickaxe" }
			}
		},
		{
			"__comment": "Voxels",
			"from": [ 8, 11, 7 ],
			"to": [ 8.25, 12, 7.25 ],
			"faces": {
				"down": { "uv": [ 6.5, 0, 6.75, 0.25 ], "texture": "#metal_pickaxe" },
				"up": { "uv": [ 6.75, 9.25, 7, 9 ], "texture": "#metal_pickaxe" },
				"south": { "uv": [ 5.75, 6, 6, 7 ], "texture": "#metal_pickaxe" },
				"east": { "uv": [ 5.5, 4.25, 5.25, 5.25 ], "texture": "#metal_pickaxe" }
			}
		},
		{
			"__comment": "Voxels",
			"from": [ 8, 12, 6.25 ],
			"to": [ 8.25, 12.25, 6.75 ],
			"faces": {
				"up": { "uv": [ 5.75, 0.5, 6, 0 ], "texture": "#metal_pickaxe" },
				"north": { "uv": [ 8.75, 9, 8.5, 9.25 ], "texture": "#metal_pickaxe" },
				"south": { "uv": [ 8.75, 9, 9, 9.25 ], "texture": "#metal_pickaxe" },
				"east": { "uv": [ 6.5, 5.75, 6, 6 ], "texture": "#metal_pickaxe" }
			}
		}
	],
	"display": {
		"thirdperson_righthand": {
			"translation":  [ 0, 2.0869, 2.0869 ]
		},
		"firstperson_righthand": {
			"rotation":  [ -6, 6, 0 ],
			"translation":  [ 0, 4.1739, 1.3913 ]
		},
		"gui": {
			"rotation":  [ 79, -90, 124 ],
			"translation":  [ -2.1, 2.0869, 0 ],
			"scale":  [ 1.4, 1.4, 1.4 ]
		},
		"ground": {
			"rotation":  [ 0, 0, 90 ]
		}
	}
}