{
	"__comment": "Designed by DevastMc",
	"gui_light": "front",
	"textures": {
		"metal_hatchet": "blocks/metal_hatchet"
	},
	"elements": [ 	 
		{
			"__comment": "Voxels",
			"from": [ 7.5, 6.75, 5.5 ],
			"to": [ 7.75, 7.5, 6.75 ],
			"faces": {
				"down": { "uv": [ 1.5, 1.5, 2, 4 ], "texture": "#metal_hatchet" },
				"up": { "uv": [ 4, 6.5, 4.5, 4 ], "texture": "#metal_hatchet" },
				"north": { "uv": [ 4.5, 0, 4, 1.5 ], "texture": "#metal_hatchet" },
				"south": { "uv": [ 5, 1.5, 5.5, 3 ], "texture": "#metal_hatchet" },
				"west": { "uv": [ 3.5, 14.5, 6, 16 ], "texture": "#metal_hatchet" },
				"east": { "uv": [ 8.5, 14.5, 6, 16 ], "texture": "#metal_hatchet" }
			}
		},
		{
			"__comment": "Voxels",
			"from": [ 7.5, 7.5, 5.75 ],
			"to": [ 8, 9, 6.75 ],
			"faces": {
				"down": { "uv": [ 12.5, 14, 13.5, 16 ], "texture": "#metal_hatchet" },
				"up": { "uv": [ 13.5, 16, 14.5, 14 ], "texture": "#metal_hatchet" },
				"north": { "uv": [ 3, 7.5, 2, 10.5 ], "texture": "#metal_hatchet" },
				"south": { "uv": [ 2, 10.5, 3, 13.5 ], "texture": "#metal_hatchet" },
				"west": { "uv": [ 0, 13, 2, 16 ], "texture": "#metal_hatchet" },
				"east": { "uv": [ 2, 10, 0, 13 ], "texture": "#metal_hatchet" }
			}
		},
		{
			"__comment": "Voxels",
			"from": [ 7.75, 7, 6 ],
			"to": [ 8, 7.5, 6.75 ],
			"faces": {
				"down": { "uv": [ 5, 0, 5.5, 1.5 ], "texture": "#metal_hatchet" },
				"north": { "uv": [ 11, 11.5, 10.5, 12.5 ], "texture": "#metal_hatchet" },
				"south": { "uv": [ 11, 11.5, 11.5, 12.5 ], "texture": "#metal_hatchet" },
				"east": { "uv": [ 7.5, 12.5, 6, 13.5 ], "texture": "#metal_hatchet" }
			}
		},
		{
			"__comment": "Voxels",
			"from": [ 7.75, 7.25, 5.5 ],
			"to": [ 8, 7.5, 6 ],
			"faces": {
				"down": { "uv": [ 15.5, 10, 16, 11 ], "texture": "#metal_hatchet" },
				"up": { "uv": [ 15, 11, 15.5, 10 ], "texture": "#metal_hatchet" },
				"north": { "uv": [ 6.5, 1, 6, 1.5 ], "texture": "#metal_hatchet" },
				"east": { "uv": [ 15, 11, 14, 11.5 ], "texture": "#metal_hatchet" }
			}
		},
		{
			"__comment": "Voxels",
			"from": [ 7.75, 7.75, 5.5 ],
			"to": [ 8, 8.75, 5.75 ],
			"faces": {
				"down": { "uv": [ 12, 9.5, 12.5, 10 ], "texture": "#metal_hatchet" },
				"up": { "uv": [ 8, 10, 8.5, 9.5 ], "texture": "#metal_hatchet" },
				"north": { "uv": [ 13, 11.5, 12.5, 13.5 ], "texture": "#metal_hatchet" },
				"west": { "uv": [ 12, 11.5, 12.5, 13.5 ], "texture": "#metal_hatchet" },
				"east": { "uv": [ 5.5, 7, 5, 9 ], "texture": "#metal_hatchet" }
			}
		},
		{
			"__comment": "Voxels",
			"from": [ 7.75, 7.75, 7.25 ],
			"to": [ 8.25, 8.75, 7.75 ],
			"faces": {
				"down": { "uv": [ 9.5, 11.5, 10.5, 12.5 ], "texture": "#metal_hatchet" },
				"up": { "uv": [ 5, 14.5, 6, 13.5 ], "texture": "#metal_hatchet" },
				"north": { "uv": [ 4, 7.5, 3, 9.5 ], "texture": "#metal_hatchet" },
				"south": { "uv": [ 3, 5.5, 4, 7.5 ], "texture": "#metal_hatchet" },
				"west": { "uv": [ 3, 3.5, 4, 5.5 ], "texture": "#metal_hatchet" },
				"east": { "uv": [ 12.5, 14, 11.5, 16 ], "texture": "#metal_hatchet" }
			}
		},
		{
			"__comment": "Voxels",
			"from": [ 7.75, 7.75, 7.75 ],
			"to": [ 8.25, 8.5, 8 ],
			"faces": {
				"down": { "uv": [ 10.5, 12.5, 11.5, 13 ], "texture": "#metal_hatchet" },
				"up": { "uv": [ 14.5, 14, 15.5, 13.5 ], "texture": "#metal_hatchet" },
				"south": { "uv": [ 3, 0, 4, 1.5 ], "texture": "#metal_hatchet" },
				"west": { "uv": [ 5.5, 0.5, 6, 2 ], "texture": "#metal_hatchet" },
				"east": { "uv": [ 6, 5, 5.5, 6.5 ], "texture": "#metal_hatchet" }
			}
		},
		{
			"__comment": "Voxels",
			"from": [ 7.75, 8, 6.75 ],
			"to": [ 8.25, 9, 7 ],
			"faces": {
				"down": { "uv": [ 13.5, 13.5, 14.5, 14 ], "texture": "#metal_hatchet" },
				"up": { "uv": [ 13, 11.5, 14, 11 ], "texture": "#metal_hatchet" },
				"north": { "uv": [ 4, 9.5, 3, 11.5 ], "texture": "#metal_hatchet" },
				"south": { "uv": [ 3, 11.5, 4, 13.5 ], "texture": "#metal_hatchet" },
				"west": { "uv": [ 5, 5, 5.5, 7 ], "texture": "#metal_hatchet" },
				"east": { "uv": [ 5.5, 3, 5, 5 ], "texture": "#metal_hatchet" }
			}
		},
		{
			"__comment": "Voxels",
			"from": [ 7.75, 8, 7 ],
			"to": [ 8.25, 8.75, 7.25 ],
			"faces": {
				"down": { "uv": [ 12, 11, 13, 11.5 ], "texture": "#metal_hatchet" },
				"up": { "uv": [ 11, 11.5, 12, 11 ], "texture": "#metal_hatchet" },
				"west": { "uv": [ 5.5, 3.5, 6, 5 ], "texture": "#metal_hatchet" },
				"east": { "uv": [ 6, 2, 5.5, 3.5 ], "texture": "#metal_hatchet" }
			}
		},
		{
			"__comment": "Voxels",
			"from": [ 7.75, 8, 8 ],
			"to": [ 8.5, 8.5, 9.5 ],
			"faces": {
				"down": { "uv": [ 0, 4, 1.5, 7 ], "texture": "#metal_hatchet" },
				"up": { "uv": [ 0, 10, 1.5, 7 ], "texture": "#metal_hatchet" },
				"north": { "uv": [ 5, 13.5, 3.5, 14.5 ], "texture": "#metal_hatchet" },
				"south": { "uv": [ 6, 11.5, 7.5, 12.5 ], "texture": "#metal_hatchet" },
				"west": { "uv": [ 8.5, 14, 11.5, 15 ], "texture": "#metal_hatchet" },
				"east": { "uv": [ 11.5, 15, 8.5, 16 ], "texture": "#metal_hatchet" }
			}
		},
		{
			"__comment": "Voxels",
			"from": [ 7.75, 9, 5.75 ],
			"to": [ 8.25, 9.25, 6.75 ],
			"faces": {
				"down": { "uv": [ 3, 1.5, 4, 3.5 ], "texture": "#metal_hatchet" },
				"up": { "uv": [ 4, 13.5, 5, 11.5 ], "texture": "#metal_hatchet" },
				"north": { "uv": [ 8.5, 11.5, 7.5, 12 ], "texture": "#metal_hatchet" },
				"south": { "uv": [ 5, 11.5, 6, 12 ], "texture": "#metal_hatchet" },
				"west": { "uv": [ 5, 11, 7, 11.5 ], "texture": "#metal_hatchet" },
				"east": { "uv": [ 9, 11, 7, 11.5 ], "texture": "#metal_hatchet" }
			}
		},
		{
			"__comment": "Voxels",
			"from": [ 8, 7.25, 10 ],
			"to": [ 8.25, 8.5, 10.25 ],
			"faces": {
				"down": { "uv": [ 11.5, 9.5, 12, 10 ], "texture": "#metal_hatchet" },
				"up": { "uv": [ 11, 10, 11.5, 9.5 ], "texture": "#metal_hatchet" },
				"north": { "uv": [ 4.5, 1.5, 4, 4 ], "texture": "#metal_hatchet" },
				"south": { "uv": [ 4.5, 9, 5, 11.5 ], "texture": "#metal_hatchet" },
				"west": { "uv": [ 4.5, 6.5, 5, 9 ], "texture": "#metal_hatchet" },
				"east": { "uv": [ 5, 4, 4.5, 6.5 ], "texture": "#metal_hatchet" }
			}
		},
		{
			"__comment": "Voxels",
			"from": [ 8, 7.5, 9.5 ],
			"to": [ 8.25, 8.5, 10 ],
			"faces": {
				"down": { "uv": [ 7.5, 10, 8, 11 ], "texture": "#metal_hatchet" },
				"up": { "uv": [ 7, 11, 7.5, 10 ], "texture": "#metal_hatchet" },
				"north": { "uv": [ 15, 11.5, 14.5, 13.5 ], "texture": "#metal_hatchet" },
				"west": { "uv": [ 2, 5.5, 3, 7.5 ], "texture": "#metal_hatchet" },
				"east": { "uv": [ 15.5, 14, 14.5, 16 ], "texture": "#metal_hatchet" }
			}
		},
		{
			"__comment": "Voxels",
			"from": [ 8, 7.5, 10.25 ],
			"to": [ 8.5, 8.25, 10.5 ],
			"faces": {
				"down": { "uv": [ 12.5, 13.5, 13.5, 14 ], "texture": "#metal_hatchet" },
				"up": { "uv": [ 11.5, 14, 12.5, 13.5 ], "texture": "#metal_hatchet" },
				"north": { "uv": [ 8.5, 12, 7.5, 13.5 ], "texture": "#metal_hatchet" },
				"south": { "uv": [ 2, 0, 3, 1.5 ], "texture": "#metal_hatchet" },
				"west": { "uv": [ 6, 9.5, 6.5, 11 ], "texture": "#metal_hatchet" },
				"east": { "uv": [ 7, 9.5, 6.5, 11 ], "texture": "#metal_hatchet" }
			}
		},
		{
			"__comment": "Voxels",
			"from": [ 8, 7.75, 6 ],
			"to": [ 8.25, 9, 6.75 ],
			"faces": {
				"down": { "uv": [ 5.5, 8, 6, 9.5 ], "texture": "#metal_hatchet" },
				"north": { "uv": [ 4.5, 6.5, 4, 9 ], "texture": "#metal_hatchet" },
				"south": { "uv": [ 4, 9, 4.5, 11.5 ], "texture": "#metal_hatchet" },
				"east": { "uv": [ 1.5, 1.5, 0, 4 ], "texture": "#metal_hatchet" }
			}
		},
		{
			"__comment": "Voxels",
			"from": [ 8, 7.75, 8 ],
			"to": [ 8.25, 8, 9.5 ],
			"faces": {
				"down": { "uv": [ 1.5, 4, 2, 7 ], "texture": "#metal_hatchet" },
				"west": { "uv": [ 8.5, 13, 11.5, 13.5 ], "texture": "#metal_hatchet" },
				"east": { "uv": [ 11.5, 13.5, 8.5, 14 ], "texture": "#metal_hatchet" }
			}
		},
		{
			"__comment": "Voxels",
			"from": [ 8, 8, 5.75 ],
			"to": [ 8.25, 9, 6 ],
			"faces": {
				"down": { "uv": [ 13, 9.5, 13.5, 10 ], "texture": "#metal_hatchet" },
				"north": { "uv": [ 12, 11.5, 11.5, 13.5 ], "texture": "#metal_hatchet" },
				"east": { "uv": [ 5, 0, 4.5, 2 ], "texture": "#metal_hatchet" }
			}
		},
		{
			"__comment": "Voxels",
			"from": [ 8, 8.5, 5.5 ],
			"to": [ 8.25, 8.75, 5.75 ],
			"faces": {
				"down": { "uv": [ 6, 9, 6.5, 9.5 ], "texture": "#metal_hatchet" },
				"up": { "uv": [ 6, 9, 6.5, 8.5 ], "texture": "#metal_hatchet" },
				"north": { "uv": [ 6.5, 7, 6, 7.5 ], "texture": "#metal_hatchet" },
				"east": { "uv": [ 6.5, 2, 6, 2.5 ], "texture": "#metal_hatchet" }
			}
		},
		{
			"__comment": "Voxels",
			"from": [ 8, 8.5, 7.75 ],
			"to": [ 8.25, 8.75, 8 ],
			"faces": {
				"up": { "uv": [ 6, 1, 6.5, 0.5 ], "texture": "#metal_hatchet" },
				"south": { "uv": [ 6.5, 9, 7, 9.5 ], "texture": "#metal_hatchet" },
				"west": { "uv": [ 15.5, 13.5, 16, 14 ], "texture": "#metal_hatchet" },
				"east": { "uv": [ 6, 0, 5.5, 0.5 ], "texture": "#metal_hatchet" }
			}
		},
		{
			"__comment": "Voxels",
			"from": [ 8, 8.5, 8.5 ],
			"to": [ 8.25, 8.75, 9.5 ],
			"faces": {
				"up": { "uv": [ 4.5, 4, 5, 2 ], "texture": "#metal_hatchet" },
				"north": { "uv": [ 7.5, 9.5, 7, 10 ], "texture": "#metal_hatchet" },
				"south": { "uv": [ 7.5, 9.5, 8, 10 ], "texture": "#metal_hatchet" },
				"west": { "uv": [ 9, 11, 11, 11.5 ], "texture": "#metal_hatchet" },
				"east": { "uv": [ 10.5, 12.5, 8.5, 13 ], "texture": "#metal_hatchet" }
			}
		},
		{
			"__comment": "Voxels",
			"from": [ 8, 8.75, 7 ],
			"to": [ 8.25, 9, 7.25 ],
			"faces": {
				"up": { "uv": [ 6, 7, 6.5, 6.5 ], "texture": "#metal_hatchet" },
				"south": { "uv": [ 14, 9.5, 14.5, 10 ], "texture": "#metal_hatchet" },
				"west": { "uv": [ 10, 9.5, 10.5, 10 ], "texture": "#metal_hatchet" },
				"east": { "uv": [ 11, 9.5, 10.5, 10 ], "texture": "#metal_hatchet" }
			}
		},
		{
			"__comment": "Voxels",
			"from": [ 8.25, 7.5, 9.75 ],
			"to": [ 8.5, 8.5, 10.25 ],
			"faces": {
				"down": { "uv": [ 9.5, 10, 10, 11 ], "texture": "#metal_hatchet" },
				"up": { "uv": [ 10, 11, 10.5, 10 ], "texture": "#metal_hatchet" },
				"north": { "uv": [ 13.5, 11.5, 13, 13.5 ], "texture": "#metal_hatchet" },
				"south": { "uv": [ 13.5, 11.5, 14, 13.5 ], "texture": "#metal_hatchet" },
				"west": { "uv": [ 2, 1.5, 3, 3.5 ], "texture": "#metal_hatchet" },
				"east": { "uv": [ 3, 3.5, 2, 5.5 ], "texture": "#metal_hatchet" }
			}
		},
		{
			"__comment": "Voxels",
			"from": [ 8.25, 7.75, 9.25 ],
			"to": [ 8.5, 8, 9.75 ],
			"faces": {
				"down": { "uv": [ 8, 10, 8.5, 11 ], "texture": "#metal_hatchet" },
				"up": { "uv": [ 10.5, 11, 11, 10 ], "texture": "#metal_hatchet" },
				"north": { "uv": [ 15.5, 9.5, 15, 10 ], "texture": "#metal_hatchet" },
				"west": { "uv": [ 11, 10.5, 12, 11 ], "texture": "#metal_hatchet" },
				"east": { "uv": [ 12, 10, 11, 10.5 ], "texture": "#metal_hatchet" }
			}
		},
		{
			"__comment": "Voxels",
			"from": [ 8.25, 8, 9.5 ],
			"to": [ 8.5, 8.5, 9.75 ],
			"faces": {
				"up": { "uv": [ 6, 8, 6.5, 7.5 ], "texture": "#metal_hatchet" },
				"east": { "uv": [ 13.5, 10, 13, 11 ], "texture": "#metal_hatchet" }
			}
		},
		{
			"__comment": "Voxels",
			"from": [ 8.25, 8.25, 10.25 ],
			"to": [ 8.5, 8.5, 10.5 ],
			"faces": {
				"up": { "uv": [ 6, 5, 6.5, 4.5 ], "texture": "#metal_hatchet" },
				"south": { "uv": [ 6, 3.5, 6.5, 4 ], "texture": "#metal_hatchet" },
				"west": { "uv": [ 6, 3, 6.5, 3.5 ], "texture": "#metal_hatchet" },
				"east": { "uv": [ 6.5, 2.5, 6, 3 ], "texture": "#metal_hatchet" }
			}
		},
		{
			"__comment": "Voxels",
			"from": [ 8.25, 8.5, 6.25 ],
			"to": [ 8.5, 9, 6.75 ],
			"faces": {
				"down": { "uv": [ 13.5, 10, 14, 11 ], "texture": "#metal_hatchet" },
				"up": { "uv": [ 14, 11, 14.5, 10 ], "texture": "#metal_hatchet" },
				"north": { "uv": [ 9, 10, 8.5, 11 ], "texture": "#metal_hatchet" },
				"south": { "uv": [ 14.5, 10, 15, 11 ], "texture": "#metal_hatchet" },
				"east": { "uv": [ 9.5, 11.5, 8.5, 12.5 ], "texture": "#metal_hatchet" }
			}
		},
		{
			"__comment": "Voxels",
			"from": [ 8.25, 8.5, 9.25 ],
			"to": [ 8.5, 8.75, 9.5 ],
			"faces": {
				"up": { "uv": [ 7.5, 9.5, 8, 9 ], "texture": "#metal_hatchet" },
				"north": { "uv": [ 8.5, 9, 8, 9.5 ], "texture": "#metal_hatchet" },
				"south": { "uv": [ 8.5, 9, 9, 9.5 ], "texture": "#metal_hatchet" },
				"east": { "uv": [ 10, 9, 9.5, 9.5 ], "texture": "#metal_hatchet" }
			}
		}
	],
	"display": {
		"thirdperson_righthand": {
			"rotation":  [ 90, 0, 0 ],
			"scale":  [ 1.5, 1.5, 1.5 ]
		},
		"firstperson_righthand": {
			"rotation":  [ 90, -2, 0 ],
			"translation":  [ -3.477, 4.8695, 4.1739 ],
			"scale":  [ 1.5, 1.5, 1.5 ]
		},
		"gui": {
			"rotation":  [ 97, 19, 116 ],
			"scale":  [ 2, 2, 2 ]
		},
		"ground": {
			"rotation":  [ 142, 0, 0 ]
		}
	}
}