{
 "parent": "item/generated",
 "textures": {
 "layer0": "minecraft:item/oak_door"
 },
 
 "overrides": [
 {"predicate": {"custom_model_data":1}, "model": "devast/blocks/wood_door"},
 {"predicate": {"custom_model_data":2}, "model": "devast/blocks/metal_door"},
 {"predicate": {"custom_model_data":3}, "model": "devast/blocks/armored_door"},
 {"predicate": {"custom_model_data":4}, "model": "devast/blocks/wood_door_frame"},
 {"predicate": {"custom_model_data":5}, "model": "devast/blocks/double_door_wood_l"},
 {"predicate": {"custom_model_data":6}, "model": "devast/blocks/double_door_wood_r"},
 {"predicate": {"custom_model_data":7}, "model": "devast/blocks/double_door_wood_l_closed"},
 {"predicate": {"custom_model_data":8}, "model": "devast/blocks/double_door_wood_r_closed"},
 {"predicate": {"custom_model_data":9}, "model": "devast/blocks/metal_door_frame"},
 {"predicate": {"custom_model_data":10}, "model": "devast/blocks/wood_door_closed"}
 ]
}