{
	"__comment": "Designed by Retronix with Cubik Studio",
	"textures": {
		"bp2": "blocks/bp2"
	},
	"elements": [ 	 
		{
			"__comment": "Voxels-455B87",
			"from": [ -0.5, 1.125, 0 ],
			"to": [ 0.625, 2, 16 ],
			"faces": {
				"down": { "uv": [ 7, 3.5, 9.08, 5.58 ], "texture": "#bp2" },
				"up": { "uv": [ 8, 4, 9, 5 ], "texture": "#bp2" },
				"north": { "uv": [ 7.5, 4.5, 8.5, 5 ], "texture": "#bp2" },
				"south": { "uv": [ 7.5, 4.5, 8.5, 5.5 ], "texture": "#bp2" },
				"west": { "uv": [ 7.5, 4, 8.5, 5 ], "texture": "#bp2" },
				"east": { "uv": [ 7.5, 3.5, 8.5, 5 ], "texture": "#bp2" }
			}
		},
		{
			"__comment": "Voxels-455B87",
			"from": [ -0.5, 2, 0 ],
			"to": [ 0.5, 2.125, 16 ],
			"faces": {
				"up": { "uv": [ 8, 4, 9, 5 ], "texture": "#bp2" },
				"north": { "uv": [ 7, 3, 9.08, 5.08 ], "texture": "#bp2" },
				"south": { "uv": [ 7, 4, 9.08, 6.08 ], "texture": "#bp2" },
				"west": { "uv": [ 7, 3.5, 9.08, 5.58 ], "texture": "#bp2" },
				"east": { "uv": [ 7.5, 3.5, 9.58, 5.58 ], "texture": "#bp2" }
			}
		},
		{
			"__comment": "Voxels-455B87",
			"from": [ 0, 1, 0 ],
			"to": [ 16, 1.5, 16 ],
			"faces": {
				"down": { "uv": [ 7, 3, 9.08, 5.08 ], "texture": "#bp2" },
				"up": { "uv": [ 7, 3.5, 9.08, 5.58 ], "texture": "#bp2" },
				"north": { "uv": [ 7, 4, 9.08, 6.08 ], "texture": "#bp2" },
				"south": { "uv": [ 7, 3, 9.08, 5.08 ], "texture": "#bp2" },
				"west": { "uv": [ 7, 3, 9.08, 5.08 ], "texture": "#bp2" },
				"east": { "uv": [ 7.5, 3.5, 9.58, 5.58 ], "texture": "#bp2" }
			}
		},
		{
			"__comment": "Voxels-455B87",
			"from": [ 15.375, 1.125, 0 ],
			"to": [ 16.625, 2, 16 ],
			"faces": {
				"down": { "uv": [ 7, 3.5, 9.08, 5.58 ], "texture": "#bp2" },
				"up": { "uv": [ 7.5, 3.5, 9.58, 5.58 ], "texture": "#bp2" },
				"north": { "uv": [ 6.5, 3, 8.58, 5.08 ], "texture": "#bp2" },
				"south": { "uv": [ 6.5, 3.5, 8.58, 5.58 ], "texture": "#bp2" },
				"west": { "uv": [ 7.5, 2.5, 9.58, 4.58 ], "texture": "#bp2" },
				"east": { "uv": [ 7, 3.5, 9.08, 5.58 ], "texture": "#bp2" }
			}
		},
		{
			"__comment": "Voxels-455B87",
			"from": [ 15.5, 2, 0 ],
			"to": [ 16.5, 2.125, 16 ],
			"faces": {
				"up": { "uv": [ 6.5, 3.5, 8.58, 5.58 ], "texture": "#bp2" },
				"north": { "uv": [ 6.5, 3, 8.58, 5.08 ], "texture": "#bp2" },
				"south": { "uv": [ 7, 3.5, 9.08, 5.58 ], "texture": "#bp2" },
				"west": { "uv": [ 7.5, 3.5, 9.58, 5.58 ], "texture": "#bp2" },
				"east": { "uv": [ 7.5, 3.5, 9.58, 5.58 ], "texture": "#bp2" }
			}
		},
		{
			"__comment": "PlaneY13",
			"from": [ 0.5, 1.5, 0 ],
			"to": [ 15.5, 1.501, 16 ],
			"faces": {
				"down": { "uv": [ 0.6, 0, 15.6, 16 ], "texture": "#bp2" },
				"up": { "uv": [ 0.6, 0, 15.6, 16 ], "texture": "#bp2" }
			}
		}
	],
	"display": {
		"thirdperson_righthand": {
			"translation":  [ 0.0006, 3, 0 ],
			"scale":  [ 0.4, 0.4, 0.4 ]
		},
		"firstperson_righthand": {
			"rotation":  [ 50, 180, 0 ],
			"translation":  [ 0, 3.4782, 0 ]
		},
		"gui": {
			"rotation":  [ 70, 25, -31 ],
			"translation":  [ 1.3913, 2.0869, 0 ],
			"scale":  [ 0.6, 0.6, 0.6 ]
		},
		"ground": {
			"translation":  [ 0, 5.5652, 0 ],
			"scale":  [ 0.3, 0.3, 0.3 ]
		}
	}
}