{
 "parent": "item/generated",
 "textures": {
 "layer0": "minecraft:item/bow"
 },
 
 "overrides": [
 {"predicate": {"custom_model_data":1}, "model": "guns/ak"},
 {"predicate": {"custom_model_data":2}, "model": "guns/aim/ak_aim"},
 {"predicate": {"custom_model_data":3}, "model": "guns/custom"},
 {"predicate": {"custom_model_data":4}, "model": "guns/aim/custom_aim"},
 {"predicate": {"custom_model_data":5}, "model": "guns/reload/custom_reload"},
 {"predicate": {"custom_model_data":6}, "model": "guns/compound_bow"},
 {"predicate": {"custom_model_data":7}, "model": "guns/aim/compound_bow_aim"},
 {"predicate": {"custom_model_data":8}, "model": "guns/doublebarrel"},
 {"predicate": {"custom_model_data":9}, "model": "guns/aim/doublebarrel_aim"},
 {"predicate": {"custom_model_data":10}, "model": "guns/reload/doublebarrel_reload"},
 {"predicate": {"custom_model_data":11}, "model": "guns/eoka"},
 {"predicate": {"custom_model_data":12}, "model": "guns/hunting_bow"},
 {"predicate": {"custom_model_data":13}, "model": "guns/aim/hunting_bow_aim"},
 {"predicate": {"custom_model_data":14}, "model": "guns/nailgun"},
 {"predicate": {"custom_model_data":15}, "model": "guns/aim/nailgun_aim"},
 {"predicate": {"custom_model_data":16}, "model": "guns/reload/nailgun_reload"},
 {"predicate": {"custom_model_data":17}, "model": "guns/pumpshotgun"},
 {"predicate": {"custom_model_data":18}, "model": "guns/aim/pumpshotgun_aim"},
 {"predicate": {"custom_model_data":19}, "model": "guns/reload/pumpshotgun_reload"},
 {"predicate": {"custom_model_data":20}, "model": "guns/revolver"},
 {"predicate": {"custom_model_data":21}, "model": "guns/aim/revolver_aim"},
 {"predicate": {"custom_model_data":22}, "model": "guns/reload/revolver_reload"},
 {"predicate": {"custom_model_data":23}, "model": "guns/sar"},
 {"predicate": {"custom_model_data":24}, "model": "guns/aim/sar_aim"},
 {"predicate": {"custom_model_data":25}, "model": "guns/reload/sar_reload"},
 {"predicate": {"custom_model_data":26}, "model": "guns/thompson"},
 {"predicate": {"custom_model_data":27}, "model": "guns/aim/thompson_aim"},
 {"predicate": {"custom_model_data":28}, "model": "guns/reload/thompson_reload"},
 {"predicate": {"custom_model_data":29}, "model": "guns/waterpipe"},
 {"predicate": {"custom_model_data":30}, "model": "guns/aim/waterpipe_aim"},
 {"predicate": {"custom_model_data":31}, "model": "guns/reload/waterpipe_reload"}
 ]
}