{
 "parent": "item/generated",
 "textures": {
 "layer0": "minecraft:item/white_stained_glass"
 },
 
 "overrides": [
 {"predicate": {"custom_model_data":1}, "model": "devast/blocks/wall_preview"},
 {"predicate": {"custom_model_data":2}, "model": "devast/blocks/red_wall_preview"},
 {"predicate": {"custom_model_data":3}, "model": "devast/blocks/foundation_preview"},
 {"predicate": {"custom_model_data":4}, "model": "devast/blocks/red_foundation_preview"},
 {"predicate": {"custom_model_data":5}, "model": "devast/blocks/red_halfwall_preview"},
 {"predicate": {"custom_model_data":6}, "model": "devast/blocks/half_wall_preview"}
 ]
}