{
	"__comment": "Designed by DevastMc",
	"textures": {
		"hazmat": "blocks/hazmat"
	},
	"elements": [ 	 
		{
			"__comment": "Box1",
			"from": [ 0, 8, 0 ],
			"to": [ 16, 9, 16 ],
			"faces": {
				"down": { "uv": [ 0, 16, 16, 0 ], "texture": "#hazmat" },
				"up": { "uv": [ 0, 0, 16, 16 ], "texture": "#hazmat" },
				"north": { "uv": [ 16, 0, 0, 0.01797771 ], "texture": "#hazmat" },
				"south": { "uv": [ 0, 15.98202, 16, 16 ], "texture": "#hazmat" },
				"west": { "uv": [ 0, 0, 0.01797753, 16 ], "texture": "#hazmat", "rotation": 270 },
				"east": { "uv": [ 16, 16, 15.98202, 0 ], "texture": "#hazmat", "rotation": 270 }
			}
		}
	],
	"display": {
		"thirdperson_righthand": {
			"scale":  [ 0.0001, 0.0001, 0.0001 ]
		},
		"firstperson_righthand": {
			"scale":  [ 0.0001, 0.0001, 0.0001 ]
		},
		"gui": {
			"rotation":  [ 95, 0, 0 ]
		}
	}
}